file,line,ein,amount,defect,source,match_key,original_organization,recovered_organization
data/fy16/schedule_c/fy16_schedule_c_awards.csv,20,132645436,293850,org_merged,council_disclosure,ein+amount,"Center for Community Alternatives' Crossroads Program 16-1395992 * $408,978 Center for Employment Opportunities (CEO) 13-3843322 * $440,957 Educational Assistance Corporation (EAC) 23-7175609 * $1,021,340 Fortune Society","Fortune Society, Inc., The"
data/fy16/schedule_c/fy16_schedule_c_awards.csv,25,132813809,150000,org_merged,council_disclosure,ein+amount,"Icahn School of Medicine at Mount Sinai 13-6171197 * $150,000 Kingsbridge Heights Community Center, Inc.","Kingsbridge Heights Community Center, Inc."
data/fy16/schedule_c/fy16_schedule_c_awards.csv,52,510567466,11360,org_merged,council_disclosure,ein+amount,"Choices in Childbirth 20-2015286 * $20,480 Community Health Center of Richmond, Inc.","Community Health Center of Richmond, Inc."
data/fy16/schedule_c/fy16_schedule_c_awards.csv,57,132949483,250000,org_merged,council_disclosure,ein+amount,"Heath Corps, Inc. 26-1269358 * $750,000 New York Road Runners, Inc.","New York Road Runners, Inc."
data/fy16/schedule_c/fy16_schedule_c_awards.csv,77,112382250,29730,org_merged,council_disclosure,ein+amount,"Gowanus Canal Community Development Corporation 11-2498292 * $29,730 Greater Ridgewood Restoration Corporation",Greater Ridgewood Restoration Corporation
data/fy16/schedule_c/fy16_schedule_c_awards.csv,78,510141489,29730,org_merged,council_disclosure,ein+amount,"Harlem Congregations for Community Improvement, Inc. 13-3516262 * $29,730 Housing Conservation Coordinators, Inc.","Housing Conservation Coordinators, Inc."
data/fy16/schedule_c/fy16_schedule_c_awards.csv,80,131628180,29730,org_merged,council_disclosure,ein+amount,"Hudson Guild 13-5562989 * $29,730 Lenox Hill Neighborhood House, Inc.","Lenox Hill Neighborhood House, Inc."
data/fy16/schedule_c/fy16_schedule_c_awards.csv,90,112375583,29730,org_merged,council_disclosure,ein+amount,"Peoples Firehouse, Inc. 11-2470566 * $29,730 Queens Community House, Inc.","Queens Community House, Inc."
data/fy16/schedule_c/fy16_schedule_c_awards.csv,141,132612524,258800,org_prose,council_disclosure,ein+amount,Fund for the City of New York,Center for Court Innovation (Brownsville Community Justice Center)
data/fy16/schedule_c/fy16_schedule_c_awards.csv,266,452201993,84000,org_merged,council_disclosure,ein+amount,"Democracy at Work Institute (DAWI)** 27-5265123 * $155,000 NYC Network of Worker Cooperatives (NYCNOWC)** 46-5245034 * $148,000 Commonwise Education, Inc.**","Commonwise Education, Inc."
data/fy17/schedule_c/fy17_schedule_c_awards.csv,5,131992185,275000,org_merged,council_disclosure,ein+amount,"Staten Island Mental Health Society Inc. Head Start Program 13-5623279 * $325,000 West Side Montessori School",West Side Montessori School
data/fy17/schedule_c/fy17_schedule_c_awards.csv,27,550882599,20000,org_merged,council_disclosure,ein+amount,"Dromm PowerMyLearning, Inc. 13-3935309 * $20,000 Eugene PowerMyLearning, Inc. 13-3935309 * $20,000 Ferreras-Copeland PowerMyLearning, Inc. 13-3935309 * $20,000 Garodnick Older Adults Technology Services (OATS), Inc.","Older Adults Technology Services (OATS), Inc."
data/fy17/schedule_c/fy17_schedule_c_awards.csv,33,550882599,20000,org_merged,council_disclosure,ein+amount,"Lander Npower, Inc. 13-4145441 * $20,000 Levine Older Adults Technology Services (OATS), Inc.","Older Adults Technology Services (OATS), Inc."
data/fy17/schedule_c/fy17_schedule_c_awards.csv,38,132954007,20000,org_merged,council_disclosure,ein+amount,"Rose MOUSE, Inc. 13-3973196 * $20,000 Rosenthal MOUSE, Inc. 13-3973196 * $20,000 Salamanca Just-Us, Inc.","Just-Us, Inc."
data/fy17/schedule_c/fy17_schedule_c_awards.csv,51,132946970,748000,org_merged,council_disclosure,ein+amount,"Kingsbridge Heights Community Center, Inc. 13-2813809 * $150,000 Icahn School of Medicine at Mount Sinai 13-6171197 * $150,000 New York City Alliance Against Sexual Assault 31-1702032 * $150,000 Safe Horizon, Inc.","Safe Horizon, Inc."
data/fy17/schedule_c/fy17_schedule_c_awards.csv,52,132612524,52935,org_merged,council_disclosure,ein+amount,"Community Healthcare Network, Inc. 13-3083068 * $175,000 Fund for the City of New York, Inc.","Fund for the City of New York, Inc."
data/fy17/schedule_c/fy17_schedule_c_awards.csv,54,133286250,175000,org_merged,council_disclosure,ein+amount,"Girls Educational and Mentoring Services, Inc. 13-4150972 * $125,000 Icahn School of Medicine at Mount Sinai 13-6171197 * $75,000 New York Asian Women's Center, Inc.","New York Asian Women's Center, Inc."
data/fy17/schedule_c/fy17_schedule_c_awards.csv,59,134046782,29800,org_merged,council_disclosure,ein+amount,"Chinese Theater Works, Inc. 11-2393789 * $29,800 Classical Theatre of Harlem, Inc., The","Classical Theatre of Harlem, Inc., The"
data/fy17/schedule_c/fy17_schedule_c_awards.csv,64,132632596,123200,org_merged,council_disclosure,ein+amount,"Mindbuilders Creative Arts, Inc. 13-2988157 * $29,800 National Asian American Theatre Company, Inc. 13-3486145 * $14,600 National Black Theatre Workshop, Inc.","National Black Theatre Workshop, Inc."
data/fy17/schedule_c/fy17_schedule_c_awards.csv,70,237448611,115200,org_merged,council_disclosure,ein+amount,"Take Wing and Soar Productions, Inc. 14-1885605 * $14,600 Teatro Circulo, Ltd. 13-3805585 * $29,800 Thalia Spanish Theatre, Inc.","Thalia Spanish Theatre, Inc."
data/fy17/schedule_c/fy17_schedule_c_awards.csv,78,132612524,350000,org_merged,council_disclosure,ein+amount,"Educational Testing Services 21-0634479 * $207,000 El Puente de Williamsburg, Inc. 11-2614265 * $33,000 Fund for the City of New York","Fund for the City of New York, Inc."
data/fy17/schedule_c/fy17_schedule_c_awards.csv,86,136400434,12294500,org_merged,council_disclosure,ein+amount,"Council of School Supervisors and Administrators 11-2024569 * $450,000 Department of Education",Department of Education
data/fy17/schedule_c/fy17_schedule_c_awards.csv,87,237169558,125000,org_merged,council_disclosure,ein+amount,"Council on the Environment, Inc. 13-2765465 * $335,000 Harvest Home Farmer’s Market, Inc. 06-1800512 * $95,000 West Harlem Group Assistance","West Harlem Group Assistance, Inc."
data/fy17/schedule_c/fy17_schedule_c_awards.csv,88,112737223,125000,org_merged,council_disclosure,ein+amount,"Cypress Hills Local Development Corporation 11-2683663 * $125,000 Crenulated Company LTD, The 14-1719016 * $125,000 Northeast Brooklyn Housing Development Corporation",Northeast Brooklyn Housing Development Corporation
data/fy17/schedule_c/fy17_schedule_c_awards.csv,95,135562202,90000,org_merged,council_disclosure,ein+amount,"Centro Altagracia de Fe y Justicia 161765323 * $52,692 Community Health Center of Richmond 510567466 * $52,692 Community Healthcare Network 133083068 * $52,692 Community Service Society of New York",Community Service Society of New York
data/fy17/schedule_c/fy17_schedule_c_awards.csv,106,264417161,49500,org_merged,council_disclosure,ein+amount,"Staten Island University Hospital 11-2868878 * $50,000 Tell Every Amazing Lady About Ovarian Cancer Found. (TEAL)",Tell Every Amazing Lady About Ovarian Cancer Foundation
data/fy17/schedule_c/fy17_schedule_c_awards.csv,107,133092676,300000,org_merged,council_disclosure,ein+amount,"American Lung Association of the City of New York 13-5563004 * $78,000 New York University College of Dentistry 13-5562308 * $268,000 Harlem Hospital Center",Harlem Hospital Center
data/fy17/schedule_c/fy17_schedule_c_awards.csv,109,743177454,20757,org_merged,council_disclosure,ein+amount,"Joseph P. Addabbo Family Health Center 06-1181226 * $29,235 Lower East Side Family Union 23-7412423 * $27,891 Morris Heights Health Center 06-1081232 * $22,320 Mount Sinai Hospital 13-1624096 * $123,541 Queens Comprehensive Perinatal Council 11-2870422 * $35,484 Richmond Medical Center d/b/a Richmond University Medical Center",Richmond Medical Center d/b/a Richmond University Medical Center
data/fy17/schedule_c/fy17_schedule_c_awards.csv,110,132884976,27891,org_merged,council_disclosure,ein+amount,"SCO Family of Services 11-2777066 * $162,203 Urban Health Plan 23-7360305 * $22,320 William F. Ryan Community Health Center","William F. Ryan Community Health Center, Inc."
data/fy17/schedule_c/fy17_schedule_c_awards.csv,119,133234441,37000,org_merged,council_disclosure,ein+amount,"Homeless Services United, Inc. 13-3922640 * $23,000 Project Hospitality, Inc.","Project Hospitality, Inc."
data/fy17/schedule_c/fy17_schedule_c_awards.csv,123,132605599,207500,org_merged,council_disclosure,ein+amount,"Housing Court Answers, Inc. 13-3317188 * $650,000 Brooklyn Legal Services Corporation A",Brooklyn Legal Services Corporation A
data/fy17/schedule_c/fy17_schedule_c_awards.csv,135,133975090,51000,org_merged,council_disclosure,ein+amount,"Association for Neighborhood and Housing Development 13-2775999 * $100,000 Agudath Israel of America Community Services, Inc.","Agudath Israel of America Community Services, Inc."
data/fy17/schedule_c/fy17_schedule_c_awards.csv,139,113580935,61000,org_merged,council_disclosure,ein+amount,"Bridge Street Development Corporation 11-3250772 * $71,000 Catholic Migration Services, Inc. 11-2634818 * $51,000 Catholic Migration Services, Inc. 11-2634818 * $51,000 Chhaya Community Development Corporation",Chhaya Community Development Corporation
data/fy17/schedule_c/fy17_schedule_c_awards.csv,140,112475743,51000,org_merged,council_disclosure,ein+amount,"El Barrio's Operation Fightback , Inc. 13-3248777 * $61,000 Fifth Avenue Committee, Inc.","Fifth Avenue Committee, Inc."
data/fy17/schedule_c/fy17_schedule_c_awards.csv,141,112412584,71000,org_merged,council_disclosure,ein+amount,"Good Old Lower East Side, Inc. 13-2915659 * $51,000 Housing and Family Services of Greater New York, Inc.","Housing and Family Services of Greater New York, Inc."
data/fy17/schedule_c/fy17_schedule_c_awards.csv,143,112665181,51000,org_merged,council_disclosure,ein+amount,"Housing Conservation Coordinators, Inc. 51-0141489 * $61,000 Jewish Community Council of Greater Coney Island, Inc.","Jewish Community Council of Greater Coney Island, Inc."
data/fy17/schedule_c/fy17_schedule_c_awards.csv,147,112229635,61000,org_merged,council_disclosure,ein+amount,"Northfield Community LDC of Staten Island, Inc. 13-2974137 * $61,000 The Parodneck Foundation","Parodneck Foundation for Self-Help Housing and Community Development, Inc., The"
data/fy17/schedule_c/fy17_schedule_c_awards.csv,148,112375583,51000,org_merged,council_disclosure,ein+amount,"Pratt Area Community Council, Inc. 11-2451752 * $61,000 Queens Community House, Inc.","Queens Community House, Inc."
data/fy17/schedule_c/fy17_schedule_c_awards.csv,151,133442022,51000,org_merged,council_disclosure,ein+amount,"St. Nick's Alliance Corporation 51-0192170 * $61,000 Urban Justice Center",Urban Justice Center
data/fy17/schedule_c/fy17_schedule_c_awards.csv,159,112435523,29729,org_merged,council_disclosure,ein+amount,"Bridge Street Development Corporation 11-3250772 * $29,729 Brighton Neighborhood Association, Inc.","Brighton Neighborhood Association, Inc."
data/fy17/schedule_c/fy17_schedule_c_awards.csv,161,132851988,29729,org_merged,council_disclosure,ein+amount,"Clinton Housing Development Company, Inc. 11-2652331 * $29,729 Community League of the Heights, Inc.","Clinton Housing Development Company, Inc."
data/fy17/schedule_c/fy17_schedule_c_awards.csv,162,133248777,29729,org_merged,council_disclosure,ein+amount,"El Barrio’s Operation Fightback, Inc. 13-2564241 * $29,729 Eviction Intervention Services Homelessness Prevention, Inc.","El Barrio's Operation Fightback, Inc."
data/fy17/schedule_c/fy17_schedule_c_awards.csv,164,133516262,29730,org_merged,council_disclosure,ein+amount,"Harlem Congregations for Community Improvement, Inc. 11-2382250 * $29,730 Housing and Family Services of Greater New York, Inc.","Harlem Congregations for Community Improvement, Inc."
data/fy17/schedule_c/fy17_schedule_c_awards.csv,165,135562989,29730,org_merged,council_disclosure,ein+amount,"Housing Conservation Coordinators, Inc. 51-0141489 * $29,730 Housing Court Answers, Inc. 13-3317188 * $29,730 Hudson Guild",Hudson Guild
data/fy17/schedule_c/fy17_schedule_c_awards.csv,169,112555446,29730,org_merged,council_disclosure,ein+amount,"Neighborhood Initiatives Development Corporation (NIDC) 13-3110811 * $29,730 North Brooklyn Development Corporation",North Brooklyn Development Corporation
data/fy17/schedule_c/fy17_schedule_c_awards.csv,170,112375583,29730,org_merged,council_disclosure,ein+amount,"Northfield Community LDC of Staten Island, Inc. 13-2974137 * $29,730 Northwest Bronx Community and Clergy Coalition, Inc. 13-2806160 * $29,730 Peoples Firehouse, Inc. 11-2470566 * $29,730 Queens Community House, Inc.","Queens Community House, Inc."
data/fy17/schedule_c/fy17_schedule_c_awards.csv,172,132735378,29730,org_merged,council_disclosure,ein+amount,"Staten Island Center for Independent Living, Inc. 13-3266398 * $29,730 Strycker's Bay Neighborhood Council, Inc. 13-1943516 * $29,730 United Jewish Council of the East Side, Inc.","United Jewish Council of the East Side, Inc."
data/fy17/schedule_c/fy17_schedule_c_awards.csv,175,112435565,29730,org_merged,council_disclosure,ein+amount,"West Side Federation for Senior Supportive Housing, Inc. 13-2926433 * $29,730 Woodside on the Move, Inc.","Woodside on the Move, Inc."
data/fy17/schedule_c/fy17_schedule_c_awards.csv,180,510188251,70000,org_merged,council_disclosure,ein+amount,"Crenulated Company LTD, The 14-1719016 * $70,000 Flatbush Tenant Coalition",Flatbush Development Corporation
data/fy17/schedule_c/fy17_schedule_c_awards.csv,181,133442022,245000,org_merged,council_disclosure,ein+amount,"Good Old Lower East Side, Inc. 13-2915659 * $70,000 Northwest Bronx Community and Clergy Coalition, Inc. 13-2806160 * $70,000 St. Nick's Alliance Corporation 51-0192170 * $50,000 Urban Homesteading Assistance Board, Inc. 13-2902798 * $65,000 Urban Justice Center",Urban Justice Center
data/fy17/schedule_c/fy17_schedule_c_awards.csv,187,136400434,300000,org_merged,council_disclosure,ein+amount,"Children’s Health Fund, The 13-3468427 * $75,000 Grameen Primacare, Inc. 46-3181224 * $50,000 Health & Hospitals Corporation",City University of New York
data/fy17/schedule_c/fy17_schedule_c_awards.csv,188,132860703,250000,org_merged,council_disclosure,ein+amount,"Institute for Family Health, The 13-3273402 * $100,000 Make the Road New York 11-3344389 * $50,000 Memorial Sloan-Kettering Cancer Center 13-1924236 * $200,000 New York and Presbyterian Hospital, The 13-3957095 * $50,000 New York Lawyers for the Public Interest, Inc.","New York Lawyers for the Public Interest, Inc."
data/fy17/schedule_c/fy17_schedule_c_awards.csv,195,112859151,84000,org_merged,council_disclosure,ein+amount,"Caribbean Women's Health Association, Inc. 13-3323168 * $25,000 Central American Legal Assistance",Central American Legal Assistance
data/fy17/schedule_c/fy17_schedule_c_awards.csv,198,112864728,60000,org_merged,council_disclosure,ein+amount,"Comprehensive Development, Inc. 13-3861648 * $24,000 Council of Jewish Organizations of Flatbush, Inc.","Council of Jewish Organizations of Flatbush, Inc."
data/fy17/schedule_c/fy17_schedule_c_awards.csv,199,112290832,100000,org_merged,council_disclosure,ein+amount,"Emerald Isle Immigration Center 11-2932528 * $178,000 HANAC, Inc.","HANAC, Inc."
data/fy17/schedule_c/fy17_schedule_c_awards.csv,200,132600199,425000,org_merged,council_disclosure,ein+amount,"HIV Law Project, Inc., The 13-3730564 * $38,000 Housing Conservation Coordinators, Inc. 51-0141489 * $38,000 Immigrant Justice Corps. 46-4879076 * $200,000 Legal Services NYC",Legal Services NYC
data/fy17/schedule_c/fy17_schedule_c_awards.csv,202,132972415,38000,org_merged,council_disclosure,ein+amount,"Neighborhood Defender Service, Inc. 06-1296692 * $50,000 New York Legal Assistance Group, Inc. 13-3505428 * $440,000 Northern Manhattan Improvement Corporation",Northern Manhattan Improvement Corporation
data/fy17/schedule_c/fy17_schedule_c_awards.csv,203,132946970,20000,org_merged,council_disclosure,ein+amount,"Polish and Slavic Center, Inc. 11-2285970 * $20,000 Safe Horizon, Inc.","Safe Horizon, Inc."
data/fy17/schedule_c/fy17_schedule_c_awards.csv,214,135562265,2000000,org_merged,council_disclosure,ein+amount,"Center for Family Representation 51-0419496 * $250,000 Legal Aid Society",Legal Aid Society
data/fy17/schedule_c/fy17_schedule_c_awards.csv,219,132622748,305000,org_merged,council_disclosure,ein+amount,"Housing Conservation Coordinators, Inc. 51-0141489 * $305,000 MFY Legal Services, Inc.","MFY Legal Services, Inc."
data/fy17/schedule_c/fy17_schedule_c_awards.csv,224,134131863,32372,org_merged,council_disclosure,ein+amount,"Eden II School for Autistic Children 13-2872916 * $70,031 Grace Foundation of New York",Grace Foundation of New York
data/fy17/schedule_c/fy17_schedule_c_awards.csv,234,112594790,66938,org_merged,council_disclosure,ein+amount,"Ramapo for Children 13-5600422 * $74,187 Reach for the Stars Learning Center 20-3042280 * $30,000 Resources for Children with Special Needs","Resources for Children with Special Needs, Inc."
data/fy17/schedule_c/fy17_schedule_c_awards.csv,236,113070228,45046,org_merged,council_disclosure,ein+amount,"Shield of David 13-1740041 * $88,136 Shorefront YM-YWHA of Brighton-Manhattan Beach","Shorefront YM-YWHA of Brighton-Manhattan Beach, Inc."
data/fy17/schedule_c/fy17_schedule_c_awards.csv,237,263373908,30000,org_merged,council_disclosure,ein+amount,"United Cerebral Palsy of New York City 13-5654532 * $13,078 Yaldeinu School, Inc.","Yaldeinu School, Inc."
data/fy17/schedule_c/fy17_schedule_c_awards.csv,249,133306195,249103,org_merged,council_disclosure,ein+amount,"Epilepsy Institute, The 13-2608325 * $189,103 Greenwich House, Inc. 13-5562204 * $27,103 Hamilton-Madison House 13-5562412 * $38,103 Institute for Community Living","Institute for Community Living, Inc."
data/fy17/schedule_c/fy17_schedule_c_awards.csv,250,135564937,132103,org_merged,council_disclosure,ein+amount,"Inwood Community Services 13-3087407 * $36,103 Jamaica Service Program for Older Adults (JSPOA) 51-0204121 * $204,103 Jewish Board of Family and Children's Services","Jewish Board of Family and Children's Services, Inc."
data/fy17/schedule_c/fy17_schedule_c_awards.csv,258,136202692,86000,org_merged,council_disclosure,ein+amount,"Catholic Charities Neighborhood Services 11-2047151 * $86,000 Chinese-American Planning Council","Chinese American Planning Council, Inc."
data/fy17/schedule_c/fy17_schedule_c_awards.csv,262,131628180,86000,org_merged,council_disclosure,ein+amount,"Lenox Hill Hospital 13-1624070 * $81,000 Lenox Hill Neighborhood House","Lenox Hill Neighborhood House, Inc."
data/fy17/schedule_c/fy17_schedule_c_awards.csv,264,237357997,122000,org_merged,council_disclosure,ein+amount,"Riverdale Mental Health Association 13-1930700 * $118,000 Riverdale Senior Services","Riverdale Senior Services, Inc."
data/fy17/schedule_c/fy17_schedule_c_awards.csv,270,135564937,100000,org_merged,council_disclosure,ein+amount,"Amida Care 13-4154068 * $50,000 Astor Services for Children & Families 14-1397918 * $50,000 Catholic Charities Neighborhood Services 11-2047151 * $50,000 Jewish Board of Family and Children's Services","Jewish Board of Family and Children's Services, Inc."
data/fy17/schedule_c/fy17_schedule_c_awards.csv,277,133149298,47295,org_merged,council_disclosure,ein+amount,"Children's Aid Society, The 13-5562191 * $95,000 Coalition of Behavioral Health Agencies, The 13-2729071 * $85,000 Greenwich House 13-5562204 * $50,000 New Alternatives for Children","New Alternatives for Children, Inc."
data/fy17/schedule_c/fy17_schedule_c_awards.csv,278,133164464,297000,org_merged,council_disclosure,ein+amount,"Riverdale Mental Health Association 13-1930700 * $50,000 Samaritans of New York","Samaritans of New York, Inc."
data/fy17/schedule_c/fy17_schedule_c_awards.csv,282,020694269,50000,org_merged,council_disclosure,ein+amount,"Sakhi for South Asian Women 13-3593806 * $50,000 Connect, Inc.","Connect, Inc."
data/fy17/schedule_c/fy17_schedule_c_awards.csv,283,111633484,120000,org_merged,council_disclosure,ein+amount,"Blue Card, Inc., The 13-1623910 * $20,000 Edith and Carl Marks Jewish Community House of Bensonhurst",Edith and Carl Marks Jewish Community House of Bensonhurst
data/fy17/schedule_c/fy17_schedule_c_awards.csv,288,237172152,80000,org_merged,council_disclosure,ein+amount,"Pesach Tikvah-Hope Development, Inc. 11-2642641 * $120,000 Queens Jewish Community Council, Inc.","Queens Jewish Community Council, Inc."
data/fy17/schedule_c/fy17_schedule_c_awards.csv,289,112986161,120000,org_merged,council_disclosure,ein+amount,"Samuel Field YM & YWHA, Inc. 11-3071518 * $80,000 Selfhelp Community Services, Inc. 13-1624178 * $165,000 Shorefront Jewish Community Council, Inc.","Shorefront Jewish Community Council, Inc."
data/fy17/schedule_c/fy17_schedule_c_awards.csv,294,132738818,247765,org_merged,council_disclosure,ein+amount,"Emerald Isle Immigration Center 11-2932528 * $56,132 Metropolitan New York Coordinating Council on Jewish Poverty, Inc.","Metropolitan New York Coordinating Council on Jewish Poverty, Inc."
data/fy17/schedule_c/fy17_schedule_c_awards.csv,295,112375583,300000,org_merged,council_disclosure,ein+amount,"Services and Advocacy for GLBT Elders (SAGE), Inc. 13-2947657 * $1,200,000 Queens Community House","Queens Community House, Inc."
data/fy17/schedule_c/fy17_schedule_c_awards.csv,306,131628180,95000,org_merged,council_disclosure,ein+amount,"Hamilton Madison, Inc. 13-5562412 * $95,000 Lenox Hill Neighborhood House, Inc.","Lenox Hill Neighborhood House, Inc."
data/fy17/schedule_c/fy17_schedule_c_awards.csv,310,510189327,95000,org_merged,council_disclosure,ein+amount,"Selfhelp Community Services, Inc. 13-1624178 * $95,000 Sunnyside Community Service, Inc.","Sunnyside Community Services, Inc."
data/fy17/schedule_c/fy17_schedule_c_awards.csv,314,113560625,200000,org_merged,council_disclosure,ein+amount,"Third Sector New England** 04-2261109 * $170,000 New Immigrant Community Empowerment",New Immigrant Community Empowerment (NICE)
data/fy17/schedule_c/fy17_schedule_c_awards.csv,316,135562185,50000,org_merged,council_disclosure,ein+amount,"Staten Island Community Job Center 47-2787706 * $50,000 Catholic Charities Community Services, Archdiocese of New York","Catholic Charities Community Services, Archdiocese of New York"
data/fy17/schedule_c/fy17_schedule_c_awards.csv,318,133591350,66450,org_merged,council_disclosure,ein+amount,"ACCION East, Inc. 11-3317234 * $88,855 Brooklyn Kings County Hispanic Chamber Of Commerce, Inc. 20-2381186 * $30,925 Harlem Business Alliance, Inc.","Harlem Business Alliance, Inc."
data/fy17/schedule_c/fy17_schedule_c_awards.csv,327,113306111,106750,org_merged,council_disclosure,ein+amount,"Bedford Stuyvesant Restoration Corporation 11-6083182 * $85,500 Business Outreach Center Network, Inc.","Business Outreach Center Network, Inc."
data/fy17/schedule_c/fy17_schedule_c_awards.csv,328,133591350,64500,org_merged,council_disclosure,ein+amount,"Caribbean American Chamber of Commerce and Industry, Inc. 11-2903423 * $85,500 Harlem Business Alliance, Inc.","Harlem Business Alliance, Inc."
data/fy17/schedule_c/fy17_schedule_c_awards.csv,330,861096987,84500,org_merged,council_disclosure,ein+amount,"SCO Family of Services 11-2777066 * $382,000 Green Worker. Inc. 20-1828936 * $234,000 ICA Group** 04-2628399 * $234,000 Working World, The (TWW)** 20-2264584 * $234,000 Make the Road New York 11-3344389 * $94,000 East River Development Alliance Inc.","East River Development Alliance, Inc."
data/fy17/schedule_c/fy17_schedule_c_awards.csv,331,113306111,84500,org_merged,council_disclosure,ein+amount,"Democracy at Work Institute (DAWI)** 27-5265123 * $155,000 NYC Network of Worker Cooperatives (NYCNOWC)** 46-5245034 * $148,000 Commonwise Education, Inc.** 45-2201993 * $84,000 Business Outreach Center Network, Inc. (BOC-Net)","Business Outreach Center Network, Inc."
data/fy17/schedule_c/fy17_schedule_c_awards.csv,336,132600199,150000,org_merged,council_disclosure,ein+amount,"New York Legal Assistance Group, Inc. 13-3505428 * $200,000 Legal Services NYC",Legal Services NYC
data/fy17/schedule_c/fy17_schedule_c_awards.csv,344,131623989,406000,org_merged,council_disclosure,ein+amount,"Development Outreach, Inc. 13-2997764 * $150,000 East Side House, Inc.","East Side House, Inc."
data/fy17/schedule_c/fy17_schedule_c_awards.csv,345,112799128,84000,org_merged,council_disclosure,ein+amount,"Jewish Institute of Queens 54-2068797 * $210,000 NYC Mission Society 13-5562301 * $263,200 Southeast Bronx Neighborhood Centers, Inc. 13-2675560 * $126,000 Strycker’s Bay Neighborhood Council, Inc. 13-1943516 * $134,400 Young Dancers in Repertory, Inc.","Young Dancers in Repertory, Inc."
data/fy17/schedule_c/fy17_schedule_c_awards.csv,346,043697166,50000,org_merged,council_disclosure,ein+amount,"Armory Foundation, The 13-3680286 * $100,000 Figure Skating in East Harlem, Inc. 13-3945168 * $50,000 Girls for Gender Equity, Inc.","Girls for Gender Equity, Inc."
data/fy17/schedule_c/fy17_schedule_c_awards.csv,347,113427213,100000,org_merged,council_disclosure,ein+amount,"Girls Write Now, Inc. 54-2115054 * $100,000 Groundswell Community Mural Project, Inc.","Groundswell Community Mural Project, Inc."
data/fy17/schedule_c/fy17_schedule_c_awards.csv,352,132972415,328800,org_merged,council_disclosure,ein+amount,"Historic Tappen Park Community Partnership, Inc. 45-5576128 * $328,800 Northern Manhattan Improvement Corporation",Northern Manhattan Improvement Corporation
data/fy18/schedule_c/fy18_appendix_a_aging.csv,3,900802710,6000,org_prose,council_disclosure,ein+amount,".00 Funds will go to G.R.A.N.N.Y program, which provides senior citizens that are or have been raising children with counseling, referrals, social services and social events within the district. Cornegy 57 Old Timers",57 Old Timers
data/fy18/schedule_c/fy18_appendix_a_aging.csv,4,133975090,16625,org_prose,council_disclosure,ein+amount,".00 Funding to support the 57 Old Timers Reunion Block Party providing a day of fun and unity for the Bedford Stuyvesant community. Eugene Agudath Israel of America Community Services, Inc.","Agudath Israel of America Community Services, Inc."
data/fy18/schedule_c/fy18_appendix_a_aging.csv,5,133975090,17500,org_prose,council_disclosure,ein+amount,".00 Funding to support operating expenses associated with educational & recreational programming, social services and legal needs. Greenfield Agudath Israel of America Community Services, Inc.","Agudath Israel of America Community Services, Inc."
data/fy18/schedule_c/fy18_appendix_a_aging.csv,6,133975090,10000,org_prose,council_disclosure,ein+amount,".00 Funds will be used for printing of newsletters, exercise programs, trips, new chairs and tables for seniors. Rodriguez Agudath Israel of America Community Services, Inc.","Agudath Israel of America Community Services, Inc."
data/fy18/schedule_c/fy18_appendix_a_aging.csv,7,112326244,10000,org_prose,council_disclosure,ein+amount,".00 Funding to offset costs of fresh/raw food supplies at Moriah Senior Center. Miller Allen Community Senior Citizens Center, Inc.","Allen Community Senior Citizens Center, Inc."
data/fy18/schedule_c/fy18_appendix_a_aging.csv,8,133101238,5000,org_prose,council_disclosure,ein+amount,".00 Funding to support the purchasing of equipment and software to update/expand computer room, and to support Healthy Eating program Vacca Allerton Avenue Homeowners and Tenants Association",Allerton Avenue Homeowners and Tenants Association
data/fy18/schedule_c/fy18_appendix_a_aging.csv,11,651209580,8000,org_merged,council_disclosure,ein+amount,".00 Funds will support AAFE's senior care center in District 1. Menchaca Asian Community United Society Inc. 264164117 * $10,000.00 To cover costs of case assistance services for older adults, ages 60 and up, in securing government entitlements (ex: public assistance, Section 8, SCRIE, etc.). Constantinides Astoria Performing Arts Center, Inc.","Astoria Performing Arts Center, Inc."
data/fy18/schedule_c/fy18_appendix_a_aging.csv,12,113199040,19000,org_merged,council_disclosure,ein+amount,".00 Funds will be used to support the ""Senior Stars"" Theater Program Page 1 Appendix A: Aging Discretionary Council Member Legal Name of Organization EIN * Amount CM Purpose of Funds Fiscal Conduit FC EIN Cohen Bedford Park Multi-Service Center for Senior Citizens, Inc. 132745303 * $30,000.00 Funding will support recreational, educational, social programming, advocacy and counseling for seniors, as well as support the general operating expenses including rent, utilities, communications, equipment rental, printing supplies and other expenses to Williams Bergen Basin Community Development Corporation d/b/a Millennium Development",Bergen Basin Community Development Corporation d/b/a Millennium Development
data/fy18/schedule_c/fy18_appendix_a_aging.csv,13,113199040,100500,org_prose,council_disclosure,ein+amount,".00 Funds will be used to support Activity Specialists in orchestrating health wellness classes such as yoga, exercise, tai chi, stretch band exercise, dance and computer learning at senior centers with healthy snacks and activity supplies. Maisel Bergen Basin Community Development Corporation d/b/a Millennium Development",Bergen Basin Community Development Corporation d/b/a Millennium Development
data/fy18/schedule_c/fy18_appendix_a_aging.csv,14,113199040,11500,org_prose,council_disclosure,ein+amount,".00 Funding to provide services and support satellite sites throughout southern Brookyn including Active Adult programs, health wellness classes and other activitis for the senior population. Barron Bergen Basin Community Development Corporation d/b/a Millennium Development",Bergen Basin Community Development Corporation d/b/a Millennium Development
data/fy18/schedule_c/fy18_appendix_a_aging.csv,15,113199040,5000,org_prose,council_disclosure,ein+amount,".00 To support senior programming at Abe Stark Senior Center including various health & wellness classes, monthly cultural events and healthy snacks. Levin Bergen Basin Community Development Corporation d/b/a Millennium Development",Bergen Basin Community Development Corporation d/b/a Millennium Development
data/fy18/schedule_c/fy18_appendix_a_aging.csv,16,113199040,15000,org_prose,council_disclosure,ein+amount,".00 To provide health wellness classes, computer classes, and meals for senior citizens at Independence Senior Center. Barron Bergen Basin Community Development Corporation d/b/a Millennium Development",Bergen Basin Community Development Corporation d/b/a Millennium Development
data/fy18/schedule_c/fy18_appendix_a_aging.csv,17,113199040,12000,org_prose,council_disclosure,ein+amount,".00 To provide services to the seniors of Penn Wortman including health & wellness classes, computer learning, healthy snacks, breakfast and lunch. Barron Bergen Basin Community Development Corporation d/b/a Millennium Development",Bergen Basin Community Development Corporation d/b/a Millennium Development
data/fy18/schedule_c/fy18_appendix_a_aging.csv,19,262885471,5000,org_prose,council_disclosure,ein+amount,.00 Funds will be used to support the PEP NORC program for Seniors. Ulrich Blessed Trinity Roman Catholic Church,Blessed Trinity Roman Catholic Church
data/fy18/schedule_c/fy18_appendix_a_aging.csv,21,113475993,10000,org_prose,council_disclosure,ein+amount,.00 Funds will be used for assisting holocaust survivors with basic needs,Boro Park Jewish Community Council
data/fy18/schedule_c/fy18_appendix_a_aging.csv,22,113475993,13500,org_prose,council_disclosure,ein+amount,.00 To support costs associated with advocacy; counseling clients on benefits & entitlements; advising and/or processing apps for government entitlements; ACA navigational services; crisis intervention; immigration services; and Holocaust survivor services. Lander Boro Park Jewish Community Council,Boro Park Jewish Community Council
data/fy18/schedule_c/fy18_appendix_a_aging.csv,23,131739935,15000,org_prose,council_disclosure,ein+amount,".00 Funding to support operating costs of providing social services to the community. Vacca Bronx House, Inc.","Bronx House, Inc."
data/fy18/schedule_c/fy18_appendix_a_aging.csv,24,132744533,10000,org_prose,council_disclosure,ein+amount,".00 To support more specialized senior center activities that promote physical and mental wellness; for IT expenses that will support the resources in the computer room; and other program enhancements Page 2 Appendix A: Aging Discretionary Council Member Legal Name of Organization EIN * Amount CM Purpose of Funds Fiscal Conduit FC EIN Vacca Bronx Jewish Community Council, Inc.","Bronx Jewish Community Council, Inc."
data/fy18/schedule_c/fy18_appendix_a_aging.csv,25,133254484,10000,org_prose,council_disclosure,ein+amount,".00 Funds to provide case assistance, information and transportation services, on-site staffing and transportation program expenses. Gibson BronxWorks, Inc.","BronxWorks, Inc."
data/fy18/schedule_c/fy18_appendix_a_aging.csv,26,133254484,13750,org_prose,council_disclosure,ein+amount,".00 Funds will be used to support social services program for the Naturally Occurring Retirement Community (NORC) at River Park Towers. Cabrera BronxWorks, Inc.","BronxWorks, Inc."
data/fy18/schedule_c/fy18_appendix_a_aging.csv,27,133254484,10000,org_prose,council_disclosure,ein+amount,".00 Funds to enhance center activities including recreational & cultural trips; ESL and Spanish as a Second Language; creative design, creative writing, theater class, art classes and computer classes for seniors in the centers computer lab. Torres BronxWorks, Inc.","BronxWorks, Inc."
data/fy18/schedule_c/fy18_appendix_a_aging.csv,28,133254484,13750,org_prose,council_disclosure,ein+amount,".00 Funds will be used for senior programming and services at the East Concourse Senior Center. Cabrera BronxWorks, Inc.","BronxWorks, Inc."
data/fy18/schedule_c/fy18_appendix_a_aging.csv,30,133254484,5000,org_prose,council_disclosure,ein+amount,".00 To provide funding for the Senior's Homelessness Prevention Project. Mark-Viverito BronxWorks, Inc.","BronxWorks, Inc."
data/fy18/schedule_c/fy18_appendix_a_aging.csv,33,113065859,6000,org_prose,council_disclosure,ein+amount,".00 To support the BC PROS (Personalized Recovery Oriented Services) program. Greenfield Brooklyn Chinese-American Association, Inc.","Brooklyn Chinese-American Association, Inc."
data/fy18/schedule_c/fy18_appendix_a_aging.csv,34,113065859,10000,org_prose,council_disclosure,ein+amount,".00 Funds will be used for educational and recreational activities, as well as to defray cost of facility rental at the Bensonhurst Senior Center. Menchaca Brooklyn Chinese-American Association, Inc.","Brooklyn Chinese-American Association, Inc."
data/fy18/schedule_c/fy18_appendix_a_aging.csv,35,113065859,10000,org_prose,council_disclosure,ein+amount,".00 Funding to support recreational and educational programming and activities, as well as general operating expenses at Sixth Avenue Senior Center. Menchaca Brooklyn Chinese-American Association, Inc.","Brooklyn Chinese-American Association, Inc."
data/fy18/schedule_c/fy18_appendix_a_aging.csv,36,113065859,5000,org_prose,council_disclosure,ein+amount,".00 Funding to support recreational and educational programming and activities, as well as general operating expenses at Sunset Park Senior Center. Lander Brooklyn Chinese-American Association, Inc.","Brooklyn Chinese-American Association, Inc."
data/fy18/schedule_c/fy18_appendix_a_aging.csv,37,262214534,5000,org_prose,council_disclosure,ein+amount,".00 Funding to support recreational and educational activities, milestone events as well as facility rental and insurance costs at the Sunset Park Senior Citizens Center. Levin Brooklyn Community Pride Center, Inc.","Brooklyn Community Pride Center, Inc."
data/fy18/schedule_c/fy18_appendix_a_aging.csv,38,262214534,10000,org_merged,council_disclosure,ein+amount,".00 To provide Eldercare programming and outreach. Cumbo Brooklyn Community Pride Center, Inc. 262214534 * $6,500.00 Funds will help ogranization provide services city-wide for the LGBTQ+ community. Page 3 Appendix A: Aging Discretionary Council Member Legal Name of Organization EIN * Amount CM Purpose of Funds Fiscal Conduit FC EIN Lander Brooklyn Community Pride Center, Inc.","Brooklyn Community Pride Center, Inc."
data/fy18/schedule_c/fy18_appendix_a_aging.csv,39,132720248,6000,org_merged,council_disclosure,ein+amount,".00 Funding to provide operating support for the Brooklyn Pride parade, festival, 5k run, cultural events, entertainment and/other cultural events. Miller Calvary Baptist Church 112480945 * $6,000.00 Funding will provide computer equipment, supplies and other consumables for seniors and youth who utilize the program. Miller Calvary Baptist Church 112480945 * $6,000.00 Funds will be used to take trips to the movies, theatres, tours, museums, places of interest and spend quality time with grandchildren. CD28 Calvary Baptist Church 112480945 * $11,000.00 The funding will go towards the Grandparents support group that strives to provide events and activities for grandparents who are raising grandchildren. Matteo Carmel Richmond Nursing Home",Carmel Richmond Nursing Home
data/fy18/schedule_c/fy18_appendix_a_aging.csv,40,237129499,3500,org_prose,council_disclosure,ein+amount,".00 Funds will be used for the purchase of new guest chairs for nursing home residents rooms. Rosenthal Carter Burden Center for the Aging, Inc., The","Carter Burden Center for the Aging, Inc., The"
data/fy18/schedule_c/fy18_appendix_a_aging.csv,41,237129499,4500,org_prose,council_disclosure,ein+amount,".00 Funding to support the provision of art programmng at senior center in D6. Johnson Carter Burden Center for the Aging, Inc., The","Carter Burden Center for the Aging, Inc., The"
data/fy18/schedule_c/fy18_appendix_a_aging.csv,42,237129499,15000,org_prose,council_disclosure,ein+amount,".00 Funding to support Making Art Work, which empowers and gives the elderly of the community an outlet through art and crafts, stemming isolation and facilitating a meaningful community base by providing arts/crafts classes in a variety of mediums. Kallos Carter Burden Center for the Aging, Inc., The","Carter Burden Center for the Aging, Inc., The"
data/fy18/schedule_c/fy18_appendix_a_aging.csv,43,237129499,5000,org_prose,council_disclosure,ein+amount,".00 To support the lunch program which provides socialization, recreation and education as well as on-site meals, classes, trips and special events. Garodnick Carter Burden Center for the Aging, Inc., The","Carter Burden Center for the Aging, Inc., The"
data/fy18/schedule_c/fy18_appendix_a_aging.csv,44,237129499,15000,org_prose,council_disclosure,ein+amount,".00 Funding will support the Carter Burden Luncheon Club & Senior Program, which provides meals, socialization and other activities for seniors. Mark-Viverito Carter Burden Center for the Aging, Inc., The","Carter Burden Center for the Aging, Inc., The"
data/fy18/schedule_c/fy18_appendix_a_aging.csv,45,237129499,20000,org_prose,council_disclosure,ein+amount,".00 To provide funding for daily programming related to education, wellness, recreation, and free meals. Kallos Carter Burden Center for the Aging, Inc., The","Carter Burden Center for the Aging, Inc., The"
data/fy18/schedule_c/fy18_appendix_a_aging.csv,48,112047151,26250,org_prose,council_disclosure,ein+amount,".00 Funding will be used to support educational, recreational, and health promotion activities and to subsidize increased meals costs, transportation and to provide general support to program operation for the Bayside Senior Center Grodenchik Catholic Charities Neighborhood Services, Inc.","Catholic Charities Neighborhood Services, Inc."
data/fy18/schedule_c/fy18_appendix_a_aging.csv,49,112047151,7500,org_prose,council_disclosure,ein+amount,".00 Funds will be used to support educational/recreational and health promotion activities and to subsidize increased meals cost and transportation and to provide general support to program operation. Maisel Catholic Charities Neighborhood Services, Inc.","Catholic Charities Neighborhood Services, Inc."
data/fy18/schedule_c/fy18_appendix_a_aging.csv,50,112047151,30000,org_prose,council_disclosure,ein+amount,".00 Funds will be used to support educational, recreational and health promotion activities and to subsidize increased kosher meal cost, and to provide supplies, general support to operate the program. Page 4 Appendix A: Aging Discretionary Council Member Legal Name of Organization EIN * Amount CM Purpose of Funds Fiscal Conduit FC EIN Constantinides Catholic Charities Neighborhood Services, Inc.","Catholic Charities Neighborhood Services, Inc."
data/fy18/schedule_c/fy18_appendix_a_aging.csv,51,112047151,10000,org_prose,council_disclosure,ein+amount,".00 Funds will be used to defray operating expenses of the Dellamonica Senior Center. Williams Catholic Charities Neighborhood Services, Inc.","Catholic Charities Neighborhood Services, Inc."
data/fy18/schedule_c/fy18_appendix_a_aging.csv,52,112047151,10000,org_prose,council_disclosure,ein+amount,".00 Funding will be used to support the CCNS Glenwood Senior Center in providing enriched and diverse educational recreational activities, social activities, health promotion activities, nutritious meals, and case assistance. Lancman Catholic Charities Neighborhood Services, Inc.","Catholic Charities Neighborhood Services, Inc."
data/fy18/schedule_c/fy18_appendix_a_aging.csv,53,112047151,6000,org_prose,council_disclosure,ein+amount,".00 Funds will be used to support educational & recreational and health promotion activities, to subsidize the increase cost of utilities meals, and to provide supplies, general support to operate the program at CCNS Hillcrest Senior Center. Ulrich Catholic Charities Neighborhood Services, Inc.","Catholic Charities Neighborhood Services, Inc."
data/fy18/schedule_c/fy18_appendix_a_aging.csv,54,112047151,4500,org_prose,council_disclosure,ein+amount,".00 Funds will support the Senior Center's educational, recreational and health promotion activities, transportation needs by seniors and to provide support for general operations. Levin Catholic Charities Neighborhood Services, Inc.","Catholic Charities Neighborhood Services, Inc."
data/fy18/schedule_c/fy18_appendix_a_aging.csv,55,112047151,6000,org_prose,council_disclosure,ein+amount,".00 To support educational and recreational health promotion activities for seniors. Ulrich Catholic Charities Neighborhood Services, Inc.","Catholic Charities Neighborhood Services, Inc."
data/fy18/schedule_c/fy18_appendix_a_aging.csv,56,112047151,4500,org_prose,council_disclosure,ein+amount,".00 Funds will support the Ozone Park Senior Center's educational, recreational and health promotion activities, transportation needs by seniors and to provide support for general operations. Levin Catholic Charities Neighborhood Services, Inc.","Catholic Charities Neighborhood Services, Inc."
data/fy18/schedule_c/fy18_appendix_a_aging.csv,57,112047151,6000,org_prose,council_disclosure,ein+amount,".00 To support CCNS Pete McGuinness Senior Center, which serves the elderly by providing enriched and diverse educational, recreational social activities, health promotion activities, nutritious meals, transportation and case assistance. Funds will be used Ulrich Catholic Charities Neighborhood Services, Inc.","Catholic Charities Neighborhood Services, Inc."
data/fy18/schedule_c/fy18_appendix_a_aging.csv,58,112047151,4500,org_prose,council_disclosure,ein+amount,".00 Funds will support the Seaside Senior Center's educational, recreational and health promotion activities, transportation needs by seniors and to provide support for general operations. Levin Catholic Charities Neighborhood Services, Inc.","Catholic Charities Neighborhood Services, Inc."
data/fy18/schedule_c/fy18_appendix_a_aging.csv,59,112047151,10000,org_prose,council_disclosure,ein+amount,".00 To support CCNS St. Charles Jubilee Senior Center, which serves the elderly by providing enriched and culturally diverse educational/recreational/social activities, health promotion activities, nutritious meals, and case assistance. Funds will be used to Crowley Catholic Charities Neighborhood Services, Inc.","Catholic Charities Neighborhood Services, Inc."
data/fy18/schedule_c/fy18_appendix_a_aging.csv,60,112047151,31000,org_prose,council_disclosure,ein+amount,".00 Funds will be used to support educational recreational and health promotion activities and to subsidize increased transportation needs of seniors at the Woodhaven facility. Ulrich Catholic Charities Neighborhood Services, Inc.","Catholic Charities Neighborhood Services, Inc."
data/fy18/schedule_c/fy18_appendix_a_aging.csv,62,275377248,5500,org_prose,council_disclosure,ein+amount,".00 Funding for a comprehensive array of programs and services to over senior adults within a stimulating and supportive environment that enhances independence, self-sufficiency, dignity and self-worth. Deutsch Children of World War II from the Former Soviet Union, Inc.","Children of World War II from the Former Soviet Union, Inc."
data/fy18/schedule_c/fy18_appendix_a_aging.csv,64,136202692,30000,org_prose,council_disclosure,ein+amount,".00 Funding to support operating costs including excursions to cultural institution , health lectures, website updating, computer training of seniors, and lectures and meetings discussing world events and social needs. Menchaca Chinese American Planning Council, Inc.","Chinese American Planning Council, Inc."
data/fy18/schedule_c/fy18_appendix_a_aging.csv,68,132881858,3500,org_prose,council_disclosure,ein+amount,".00 The funding will support senior services including congregate lunches, educational and exercise classes and recreational activities and field trips at the Chinatown Senior Citizen Center Levin Circuit Productions, Inc.","Circuit Productions, Inc."
data/fy18/schedule_c/fy18_appendix_a_aging.csv,69,136179568,30000,org_prose,council_disclosure,ein+amount,".00 To support senior programming. Perkins Citizens Care Committee, Inc.","Citizens Care Committee, Inc."
data/fy18/schedule_c/fy18_appendix_a_aging.csv,71,133634381,5000,org_prose,council_disclosure,ein+amount,.00 Funding to support the delivery of meals to homebound elderly in District 7. Garodnick CityMeals on Wheels,CityMeals on Wheels
data/fy18/schedule_c/fy18_appendix_a_aging.csv,73,112388200,7500,org_prose,council_disclosure,ein+amount,".00 To support advocacy, educational and organizing services to the residents of adult homes. Lander Cobble Hill Health Center, Inc.","Cobble Hill Health Center, Inc."
data/fy18/schedule_c/fy18_appendix_a_aging.csv,75,133263537,10000,org_prose,council_disclosure,ein+amount,".00 Funding to support general operating expenses associated with programming/services including client transportation and staff support. Borelli Community Agency for Senior Citizens, Inc.","Community Agency for Senior Citizens, Inc."
data/fy18/schedule_c/fy18_appendix_a_aging.csv,78,113192295,5000,org_prose,council_disclosure,ein+amount,".00 Fund will support the administrative, staffing, and operational costs associated with providing group activities, computer training, and a new air conditioner for the common area for CASC New Lane Neighborhood Senior Center (DFTA 549). Miller Community Bridge Home, Inc.","Community Bridge Home, Inc."
data/fy18/schedule_c/fy18_appendix_a_aging.csv,79,135562202,5000,org_prose,council_disclosure,ein+amount,".00 Funding will cover costs associated with teaching intermediate bridge, providing dance and exercise classes. Matteo Community Service Society of New York",Community Service Society of New York
data/fy18/schedule_c/fy18_appendix_a_aging.csv,80,131977533,10000,org_prose,council_disclosure,ein+amount,.00 Funds will be used to support staff salaries. Gibson Concourse Village Special Adults Senior Center,Concourse Village Special Adults Senior Center
data/fy18/schedule_c/fy18_appendix_a_aging.csv,82,133634076,4000,org_prose,council_disclosure,ein+amount,".00 Funds will support senior programming services including educational and recreational activities, health management, technology, transportation, and case work services. Matteo Corporal Allen F. Kivlehan Korean War Veterans Association, Inc.","Corporal Allen F. Kivlehan Korean War Veterans Association, Inc."
data/fy18/schedule_c/fy18_appendix_a_aging.csv,83,133634076,5000,org_prose,council_disclosure,ein+amount,".00 Funding to support the operating costs associated with meetings and annual events. Borelli Corporal Allen F. Kivlehan Korean War Veterans Association, Inc.","Corporal Allen F. Kivlehan Korean War Veterans Association, Inc."
data/fy18/schedule_c/fy18_appendix_a_aging.csv,84,112864728,2000,org_merged,council_disclosure,ein+amount,".00 Funds will support purchase of materials and supplies for events and office equipment as needed. Rodriguez COTHOA Luncheon Club, Inc. 133608860 * $5,000.00 Funding to support the provision of health/wellness activities for seniors. Torres Council of Belmont Organizatons, Inc.","Council of Jewish Organizations of Flatbush, Inc."
data/fy18/schedule_c/fy18_appendix_a_aging.csv,85,112864728,9000,org_prose,council_disclosure,ein+amount,".00 Funds to provide Holocaust survivors with case management, transportation and friendly visits. Williams Council of Jewish Organizations of Flatbush, Inc.","Council of Jewish Organizations of Flatbush, Inc."
data/fy18/schedule_c/fy18_appendix_a_aging.csv,86,237390996,5000,org_merged,council_disclosure,ein+amount,".00 Funds will be used to support COJO in assisting seniors through support services including benefit enrollment, crisis intervention; emergency assistance, home care, and insurance enrollment with in- house health insurance navigator as needed. Williams Council of Peoples Organization, Inc. 753046891 * $7,000.00 Funding will be used to provide unemployed individuals over the age of 55 who have Medicaid or Medicare with lunch 5 days a week. Lander Council of Peoples Organization, Inc. 753046891 * $3,500.00 Funding to support general operating and programming costs. Chin Council of Senior Centers and Services of NYC, Inc. 132967277 * $5,000.00 To support SCRIE outreach to thousands of seniors in the Council District 1 who are eligible but not yet enrolled in SCRIE. Page 7 Appendix A: Aging Discretionary Council Member Legal Name of Organization EIN * Amount CM Purpose of Funds Fiscal Conduit FC EIN Mealy Crown Heights Jewish Community Council, Inc.","Crown Heights Jewish Community Council, Inc."
data/fy18/schedule_c/fy18_appendix_a_aging.csv,87,237390996,7000,org_prose,council_disclosure,ein+amount,".00 Funds will support the following programs and services: Immigration, Family Crisis Intervention, Employment Assistance, Access to Entitlements, Health Insurance Information, Food Stamps Enrollment, or Housing-Related Services. Cornegy Crown Heights Jewish Community Council, Inc.","Crown Heights Jewish Community Council, Inc."
data/fy18/schedule_c/fy18_appendix_a_aging.csv,88,237390996,30000,org_prose,council_disclosure,ein+amount,".00 Funding to operational expenses fo the food pantry and center, providing services to seniors and the community. Cumbo Crown Heights Jewish Community Council, Inc.","Crown Heights Jewish Community Council, Inc."
data/fy18/schedule_c/fy18_appendix_a_aging.csv,90,264572204,4000,org_prose,council_disclosure,ein+amount,".00 Funding will support operational cost for services, health promotion, recreation, and educational programming Johnson Dances for a Variable Population, Inc.","Dances for a Variable Population, Inc."
data/fy18/schedule_c/fy18_appendix_a_aging.csv,91,264572204,20000,org_prose,council_disclosure,ein+amount,".00 Funding to support MOVEMENT SPEAKS® at Hudson Guild Fulton Senior Center offering fixed- and low-income seniors a free 12-week sequential dance workshop culminating in a public performance of original work. Perkins Dances for a Variable Population, Inc.","Dances for a Variable Population, Inc."
data/fy18/schedule_c/fy18_appendix_a_aging.csv,93,112305581,18000,org_prose,council_disclosure,ein+amount,".00 Funding for operational expenses of providing seniors with a free 20- 36- week sequential dance workshop culminating in a public performance of original work. Eugene Dorchester Senior Citizens Center, Inc.","Dorchester Senior Citizens Center, Inc."
data/fy18/schedule_c/fy18_appendix_a_aging.csv,94,133264005,5000,org_prose,council_disclosure,ein+amount,".00 Funding to support senior programming and services including congregate meals and educational, recreational, cultural, health, and technological activities. Rosenthal DOROT, Inc.","DOROT, Inc."
data/fy18/schedule_c/fy18_appendix_a_aging.csv,95,133264005,2000,org_prose,council_disclosure,ein+amount,".00 Funding will help support Dorot's Homeless Prevention program. Rosenthal DOROT, Inc.","DOROT, Inc."
data/fy18/schedule_c/fy18_appendix_a_aging.csv,96,133264005,5000,org_prose,council_disclosure,ein+amount,".00 Funding will help support outreach to home bound seniors. Garodnick DOROT, Inc.","DOROT, Inc."
data/fy18/schedule_c/fy18_appendix_a_aging.csv,97,133264005,5000,org_prose,council_disclosure,ein+amount,".00 Funding will support DOROT's Homelessness Prevention Program (HPP), which responds to the needs of underserved homeless New York City seniors. Kallos DOROT, Inc.","DOROT, Inc."
data/fy18/schedule_c/fy18_appendix_a_aging.csv,99,861096987,16200,org_prose,council_disclosure,ein+amount,".00 Funding for the Homelessness Prevention Program (HPP). Van Bramer East River Development Alliance, Inc.","East River Development Alliance, Inc."
data/fy18/schedule_c/fy18_appendix_a_aging.csv,100,861096987,15000,org_prose,council_disclosure,ein+amount,".00 To support services for adults age 55 and over including workforce development, tenant advocacy and comprehensive public benefits, financial education and counseling, and free tax preparation assistance. Page 8 Appendix A: Aging Discretionary Council Member Legal Name of Organization EIN * Amount CM Purpose of Funds Fiscal Conduit FC EIN Constantinides East River Development Alliance, Inc.","East River Development Alliance, Inc."
data/fy18/schedule_c/fy18_appendix_a_aging.csv,101,131623989,20000,org_prose,council_disclosure,ein+amount,".00 Funds will be used to provide assistance to local seniors at NYCHA Astoria Houses in the form of workforce development workshops, assistance in navigating public benefits, financial counseling, and free tax preparation assistance. Mark-Viverito East Side House, Inc.","East Side House, Inc."
data/fy18/schedule_c/fy18_appendix_a_aging.csv,102,462147011,10000,org_prose,council_disclosure,ein+amount,".00 Funding to support Patterson Senior Center's and Mitchel Senior Center's enrichment programming and services. Cumbo Ebbets Field Intergenerational, Inc.","Ebbets Field Intergenerational, Inc."
data/fy18/schedule_c/fy18_appendix_a_aging.csv,105,135562210,15000,org_prose,council_disclosure,ein+amount,".00 Funding will be used to support the NNORC program and help defray operating and direct service costs. Mendez Educational Alliance, Inc.","Educational Alliance, Inc., The"
data/fy18/schedule_c/fy18_appendix_a_aging.csv,107,133524533,8000,org_prose,council_disclosure,ein+amount,".00 Funds will support the Weinberg Center for Balanced Living health and wellness programming designed to help neighborhood seniors stay healthy or improve health, and live with increased safety and comfort at home. Matteo Eger Health Care and Rehabilitation Center",Eger Health Care and Rehabilitation Center
data/fy18/schedule_c/fy18_appendix_a_aging.csv,108,133524533,10000,org_prose,council_disclosure,ein+amount,".00 Funding to support the operating expenses of the patient center including education, outreach, supplies and staff support to enhance the senior community. Borelli Eger Health Care and Rehabilitation Center",Eger Health Care and Rehabilitation Center
data/fy18/schedule_c/fy18_appendix_a_aging.csv,111,112932528,7500,org_prose,council_disclosure,ein+amount,".00 To support Lefrak location senior services through physical health, education and recreation, arts and culture, health management, nutrition programs, trainings and staff education seminars, healthy congregate meals and administrative needs. Van Bramer Emerald Isle Immigration Center",Emerald Isle Immigration Center
data/fy18/schedule_c/fy18_appendix_a_aging.csv,113,132666921,10000,org_merged,council_disclosure,ein+amount,".00 To support Encores Home Delivered Meals Program, delivering meals to homebound seniors living on the Westside of midtown Manhattan. Eugene Fenimore Senior Center, Inc. 112772287 * $18,375.00 Funds will be used to provide arts, crafts, educationaland other activities to local seniors, and to supplement staffing, rent, and administrative expenses. Rosenthal Find Aid for the Aged, Inc.","Find Aid for the Aged, Inc."
data/fy18/schedule_c/fy18_appendix_a_aging.csv,114,132666921,10000,org_prose,council_disclosure,ein+amount,".00 Funding will help support Project FIND programs at Hamilton House Page 9 Appendix A: Aging Discretionary Council Member Legal Name of Organization EIN * Amount CM Purpose of Funds Fiscal Conduit FC EIN Johnson Find Aid for the Aged, Inc.","Find Aid for the Aged, Inc."
data/fy18/schedule_c/fy18_appendix_a_aging.csv,115,112300840,15000,org_merged,council_disclosure,ein+amount,".00 To support a healthy aging program, including classes in martial arts, salsa, line dance, Zumba, and Wii fitness. Williams Flatbush Shomrim Safety Patrol, Inc. 203244567 * $7,000.00 Funds will be used to support FSSP in providing assistance programs for the elderly as well as awareness programs regarding anti-terrorism and medical concerns. The funding also supports assistance in case of emergencies such as natural disasters. Deutsch Flatbush Shomrim Safety Patrol, Inc. 203244567 * $15,000.00 Funding to support assistance services for various emergencies associated with seniors. Cornegy Fort Greene Council, Inc.","Fort Greene Council, Inc."
data/fy18/schedule_c/fy18_appendix_a_aging.csv,116,112300840,7500,org_prose,council_disclosure,ein+amount,".00 Funds to support senior programming for Grant Square Neighborhood AND Maria Lawton Senior Center due to system error. Cornegy Fort Greene Council, Inc.","Fort Greene Council, Inc."
data/fy18/schedule_c/fy18_appendix_a_aging.csv,117,112300840,10000,org_prose,council_disclosure,ein+amount,".00 Funding to support senior programming including Health and Wellness, Educational/ Recreational and Technology activities and events at Albany Neighborhood Senior Center. Mealy Fort Greene Council, Inc.","Fort Greene Council, Inc."
data/fy18/schedule_c/fy18_appendix_a_aging.csv,118,112300840,10000,org_prose,council_disclosure,ein+amount,".00 Funds will be used to enhance educational, recreational, cultural, health and wellness activities, as well as supplies for the operation of the program at Christopher Blenman Senior Center. Mealy Fort Greene Council, Inc.","Fort Greene Council, Inc."
data/fy18/schedule_c/fy18_appendix_a_aging.csv,119,112300840,6000,org_prose,council_disclosure,ein+amount,".00 Funding to support operating expenses of educational and recreational events, activities and excursions including transportation for theHugh Gilroy Neighborhood Senior Center. Cornegy Fort Greene Council, Inc.","Fort Greene Council, Inc."
data/fy18/schedule_c/fy18_appendix_a_aging.csv,120,112300840,20000,org_prose,council_disclosure,ein+amount,".00 Funding to support the operating expenses associated with providing jazz concert series. Cumbo Fort Greene Council, Inc.","Fort Greene Council, Inc."
data/fy18/schedule_c/fy18_appendix_a_aging.csv,121,112300840,20000,org_prose,council_disclosure,ein+amount,".00 Funding to support love Jazz music programming for seniors in Brooklyn Williams Fort Greene Council, Inc.","Fort Greene Council, Inc."
data/fy18/schedule_c/fy18_appendix_a_aging.csv,122,112300840,24900,org_prose,council_disclosure,ein+amount,".00 Funds will be used to support educational, recreational, wellness, and technological activities targeted at Brooklyn adults of 60 years of age and older. Cornegy Fort Greene Council, Inc.","Fort Greene Council, Inc."
data/fy18/schedule_c/fy18_appendix_a_aging.csv,125,131893908,10000,org_prose,council_disclosure,ein+amount,".00 Funding to support operational expenses of senior programming, events and activities. Rosenthal Goddard Riverside Community Center",Goddard Riverside Community Center
data/fy18/schedule_c/fy18_appendix_a_aging.csv,126,131893908,10000,org_prose,council_disclosure,ein+amount,.00 Funding to support of senior programming at Lincoln Square Neighborhood Center Rosenthal Goddard Riverside Community Center,Goddard Riverside Community Center
data/fy18/schedule_c/fy18_appendix_a_aging.csv,127,131893908,10000,org_prose,council_disclosure,ein+amount,.00 Funds support the Lincoln Square Neighborhood Center meals program Rosenthal Goddard Riverside Community Center,Goddard Riverside Community Center
data/fy18/schedule_c/fy18_appendix_a_aging.csv,128,131893908,10000,org_prose,council_disclosure,ein+amount,.00 Funding to support programming/services at Goddard Riverside Senior Center. Page 10 Appendix A: Aging Discretionary Council Member Legal Name of Organization EIN * Amount CM Purpose of Funds Fiscal Conduit FC EIN Rosenthal Goddard Riverside Community Center,Goddard Riverside Community Center
data/fy18/schedule_c/fy18_appendix_a_aging.csv,130,135562230,6000,org_prose,council_disclosure,ein+amount,".00 Funding to support expenses related to creating/growing an intergenerational community garden in the vacant lot adjacent to the Manhattanville Community Center, located in the NYCHA Manhattanville housing development Chin Grand Street Settlement, Inc.","Grand Street Settlement, Inc."
data/fy18/schedule_c/fy18_appendix_a_aging.csv,131,135562230,20000,org_prose,council_disclosure,ein+amount,".00 Funds will support programs including education classes (ESL, computer classes), arts classes (Chinese folk dance, calligraphy, macramé, Chinese painting, multi-lingual singing classes), exercise (dance classes, Tai-Chi), and cultural outings Mendez Grand Street Settlement, Inc.","Grand Street Settlement, Inc."
data/fy18/schedule_c/fy18_appendix_a_aging.csv,132,135562204,25000,org_merged,council_disclosure,ein+amount,".00 Funding for activities and services that meet the psychosocial, health and financial needs of community seniors at the Grand Coalition of Seniors (GSC) Senior Center. Vallone Greater Whitestone Taxpayers Community Center, Inc. 112791048 * $10,000.00 Funding will be used to support operating costs of services and programs for senior citizens. Johnson Greenwich House, Inc.","Greenwich House, Inc."
data/fy18/schedule_c/fy18_appendix_a_aging.csv,134,135562204,8000,org_prose,council_disclosure,ein+amount,".00 Funds will support the purchase of nutritious meals, as well as health and wellness classes and cultural programming at the Greenwich House Senior Center at Greenwich House Center on the Square Chin Greenwich House, Inc.","Greenwich House, Inc."
data/fy18/schedule_c/fy18_appendix_a_aging.csv,135,113364328,5000,org_prose,council_disclosure,ein+amount,".00 Funds will support the purchase of nutritious meals, as well as health and wellness classes and cultural programming at the Greenwich House Senior Center at Independence Plaza Menchaca GRIOT Circle, Inc.","GRIOT Circle, Inc."
data/fy18/schedule_c/fy18_appendix_a_aging.csv,136,113364328,8000,org_prose,council_disclosure,ein+amount,".00 To support core program including Buddy 2 Buddy peer caregiver support program; to provide health and wellness activities; and to sustain the ""Still Standing: Aging Gracefully and Positively"" Initiative. Cumbo GRIOT Circle, Inc.","GRIOT Circle, Inc."
data/fy18/schedule_c/fy18_appendix_a_aging.csv,137,135562412,25000,org_merged,council_disclosure,ein+amount,".00 Funding to support the Buddy2Buddy peer support program Williams Haitian Centers Council, Inc. 112648501 * $7,000.00 Funds will support a fitness instructor and program director, as well as necessary resources for a free community fitness program. Chin Hamilton-Madison House, Inc.","Hamilton-Madison House, Inc."
data/fy18/schedule_c/fy18_appendix_a_aging.csv,138,112290832,10000,org_prose,council_disclosure,ein+amount,".00 Funds will support the provision of door-to-door transportation for seniors; senior trips; grocery shopping; social workers; and other senior services in Seaport Civic Center and Battery Park City. Rodriguez HANAC, Inc.","HANAC, Inc."
data/fy18/schedule_c/fy18_appendix_a_aging.csv,139,112290832,20000,org_prose,council_disclosure,ein+amount,".00 Funding to support senior enrichment and wellness programming, activities and events. Vallone HANAC, Inc.","HANAC, Inc."
data/fy18/schedule_c/fy18_appendix_a_aging.csv,142,112290832,6500,org_prose,council_disclosure,ein+amount,".00 Funds will be used to defray operating expenses of George Douris Tower Van Bramer HANAC, Inc.","HANAC, Inc."
data/fy18/schedule_c/fy18_appendix_a_aging.csv,143,112290832,6000,org_prose,council_disclosure,ein+amount,".00 The funding will be used to provide health and wellness, social events, and defray operating costs at Ravenswood Senior Center Constantinides HANAC, Inc.","HANAC, Inc."
data/fy18/schedule_c/fy18_appendix_a_aging.csv,144,131656652,3500,org_prose,council_disclosure,ein+amount,".00 Funds will be used to support the Extended Services Program, which provides free senior casework in District 22. Johnson Hartley House, Inc.","Hartley House, Inc."
data/fy18/schedule_c/fy18_appendix_a_aging.csv,146,134165807,2000,org_prose,council_disclosure,ein+amount,".00 Funding will support free activities to assist seniors in maintaining socialization, physical and mental health and independence. Kallos Health Advocates for Older People, Inc,","Health Advocates for Older People, Inc,"
data/fy18/schedule_c/fy18_appendix_a_aging.csv,150,131562242,8000,org_prose,council_disclosure,ein+amount,.00 To support the free Adaptive Living Program (ALP) for visually impaired seniors. Chin Henry Street Settlement,Henry Street Settlement
data/fy18/schedule_c/fy18_appendix_a_aging.csv,155,113373115,3000,org_prose,council_disclosure,ein+amount,".00 To fund lectures on smoking, abuse of drugs, health, art, music and physical exercise for holocaust survivors. To provide mobile food pantry, and social gatherings. Williams Homecrest Community Services, Inc.","Homecrest Community Services, Inc."
data/fy18/schedule_c/fy18_appendix_a_aging.csv,156,113373115,10000,org_prose,council_disclosure,ein+amount,".00 Funds will be used to support the organization in providing educational and recreational services for seniors and the community such as translation services, case assistance, community workshops, and wellness promotion. Deutsch Homecrest Community Services, Inc.","Homecrest Community Services, Inc."
data/fy18/schedule_c/fy18_appendix_a_aging.csv,157,113373115,3500,org_prose,council_disclosure,ein+amount,".00 Funding to support operational expenses of educational, recreatioanl and social services programming for seniors Homecrest Senior Center. Greenfield Homecrest Community Services, Inc.","Homecrest Community Services, Inc."
data/fy18/schedule_c/fy18_appendix_a_aging.csv,159,133887707,30000,org_prose,council_disclosure,ein+amount,".00 Funding to support recreational activities and programming at the Hope of Israel Senior Citizens center. Reynoso Hosh Yoga, Inc.","Housing Options and Geriatric Association Resources, Inc."
data/fy18/schedule_c/fy18_appendix_a_aging.csv,160,133887707,10000,org_prose,council_disclosure,ein+amount,".00 To support the Senior Case Assistance Program/Golden Age Clubhouse for low income seniors in Councilmatic District 17 Salamanca Housing Options and Geriatric Association Resources, Inc.","Housing Options and Geriatric Association Resources, Inc."
data/fy18/schedule_c/fy18_appendix_a_aging.csv,161,208747291,8000,org_prose,council_disclosure,ein+amount,".00 Funding support outings and trips for senior participants at CD17 senior centers. Dromm India Home, Inc.","India Home, Inc."
data/fy18/schedule_c/fy18_appendix_a_aging.csv,162,208747291,35000,org_prose,council_disclosure,ein+amount,".00 To provide congregate nutrition, support staff salaries, and fund senior program materials. Lancman India Home, Inc.","India Home, Inc."
data/fy18/schedule_c/fy18_appendix_a_aging.csv,163,208747291,10000,org_prose,council_disclosure,ein+amount,".00 Funding will provide halal lunch, exercise, physical therapy, and yoga sessions for seniors to keep them healthy and active. Miller India Home, Inc.","India Home, Inc."
data/fy18/schedule_c/fy18_appendix_a_aging.csv,164,208747291,5000,org_prose,council_disclosure,ein+amount,".00 Funding will support senior programming including culturally appropriate Halal or vegetarian meals, health and wellness activities, educational seminars, recreational activities, and case management CD28 India Home, Inc.","India Home, Inc."
data/fy18/schedule_c/fy18_appendix_a_aging.csv,165,132987263,18000,org_prose,council_disclosure,ein+amount,".00 Funding to provide senior center programs, recreational activities, health and wellness programs, case assistance, and other supportive services. Gibson Institute for the Puerto Rican/Hispanic Elderly, Inc.","Institute for the Puerto Rican/Hispanic Elderly, Inc."
data/fy18/schedule_c/fy18_appendix_a_aging.csv,166,132987263,5000,org_prose,council_disclosure,ein+amount,".00 Funds will be used to cover cost of running recreational activities at the IPRHE Arturo Schomberg Senior Center. Mark-Viverito Institute for the Puerto Rican/Hispanic Elderly, Inc.","Institute for the Puerto Rican/Hispanic Elderly, Inc."
data/fy18/schedule_c/fy18_appendix_a_aging.csv,168,132987263,5000,org_prose,council_disclosure,ein+amount,".00 To provide services to seniors, including educational and recreational activities, cultural events, case assistance, and assistance with entitlements and other benefits at Bronx River Senior Center. Page 13 Appendix A: Aging Discretionary Council Member Legal Name of Organization EIN * Amount CM Purpose of Funds Fiscal Conduit FC EIN Mark-Viverito Institute for the Puerto Rican/Hispanic Elderly, Inc.","Institute for the Puerto Rican/Hispanic Elderly, Inc."
data/fy18/schedule_c/fy18_appendix_a_aging.csv,171,133623808,5000,org_prose,council_disclosure,ein+amount,".00 To provide services to seniors, including educational and recreational activities, cultural events, case assistance, and assistance with entitlements and other benefits at James Monroe Senior Centers Rodriguez Isabella Geriatric Center, Inc.","Isabella Geriatric Center, Inc."
data/fy18/schedule_c/fy18_appendix_a_aging.csv,173,131624148,5000,org_merged,council_disclosure,ein+amount,".00 Funds granted to the Riis Senior Center support a program which served residents aged 60 and above who benefit from meal service, transportation, activities and casework assistance. CD28 Jamaica Service Program for Older Adults, Inc. (JSPOA) 510204121 * $35,000.00 To provide programming and recreational activities for seniors. Funds requested will be used for outreach materials, upgrade equipment (kitchen, freezers, oven) and other program cost. Miller Jamaica Service Program for Older Adults, Inc. (JSPOA)","James Lenox House Association, Inc."
data/fy18/schedule_c/fy18_appendix_a_aging.csv,174,131683279,5000,org_prose,council_disclosure,ein+amount,".00 Funding will support a Registered Nurse geriatrician at James Lenox House two days weekly, to provide a variety of services to monitor the health of residents. Rosenthal JBI International, Inc.","JBI International, Inc."
data/fy18/schedule_c/fy18_appendix_a_aging.csv,175,132620896,5500,org_prose,council_disclosure,ein+amount,.00 Funding will help support free audio books for the visually impaired Deutsch Jewish Association for Services for the Aged (JASA),Jewish Association for Services for the Aged (JASA)
data/fy18/schedule_c/fy18_appendix_a_aging.csv,177,132620896,7000,org_prose,council_disclosure,ein+amount,".00 Funding will be used to enhance volunteer management, recruitment, and engagement conferences. King Jewish Association for Services for the Aged (JASA)",Jewish Association for Services for the Aged (JASA)
data/fy18/schedule_c/fy18_appendix_a_aging.csv,178,132620896,24000,org_prose,council_disclosure,ein+amount,".00 Funding to support senior programming, activities, events; and for general operating expenses at JASA Bartow Senior Center. Richards Jewish Association for Services for the Aged (JASA)",Jewish Association for Services for the Aged (JASA)
data/fy18/schedule_c/fy18_appendix_a_aging.csv,179,132620896,11000,org_prose,council_disclosure,ein+amount,.00 Funds will be used for programmatic support at the JASA Brookdale Village senior center. Page 14 Appendix A: Aging Discretionary Council Member Legal Name of Organization EIN * Amount CM Purpose of Funds Fiscal Conduit FC EIN Reynoso Jewish Association for Services for the Aged (JASA),Jewish Association for Services for the Aged (JASA)
data/fy18/schedule_c/fy18_appendix_a_aging.csv,180,132620896,3500,org_prose,council_disclosure,ein+amount,.00 To support programming for seniors at Bushwick/Hylan NORC SSP. Rosenthal Jewish Association for Services for the Aged (JASA),Jewish Association for Services for the Aged (JASA)
data/fy18/schedule_c/fy18_appendix_a_aging.csv,182,132620896,7000,org_prose,council_disclosure,ein+amount,".00 Funds will be used to offset the cost of educational and recreational activities, and operating expenses including but not limited to monthly group outings and weekly exercise classes, printing and programs supplies at the CIAA NORC. King Jewish Association for Services for the Aged (JASA)",Jewish Association for Services for the Aged (JASA)
data/fy18/schedule_c/fy18_appendix_a_aging.csv,183,132620896,15000,org_prose,council_disclosure,ein+amount,".00 Funding to support the NYC Digital inclusion and Literacy Initiative, enabling Co-op City NORC SSP to continue to operate the computer ""lab"" and offer instruction in the use of internet and other computer services. King Jewish Association for Services for the Aged (JASA)",Jewish Association for Services for the Aged (JASA)
data/fy18/schedule_c/fy18_appendix_a_aging.csv,184,132620896,5000,org_prose,council_disclosure,ein+amount,".00 Funding to support case management, healthcare management, supportive counseling, crisis intervention, transportation, support groups, computer courses health and wellness programs Reynoso Jewish Association for Services for the Aged (JASA)",Jewish Association for Services for the Aged (JASA)
data/fy18/schedule_c/fy18_appendix_a_aging.csv,186,132620896,5000,org_prose,council_disclosure,ein+amount,.00 To provide funding support for the Elder Abuse Training Institute (EATI). Grodenchik Jewish Association for Services for the Aged (JASA),Jewish Association for Services for the Aged (JASA)
data/fy18/schedule_c/fy18_appendix_a_aging.csv,187,132620896,3500,org_prose,council_disclosure,ein+amount,".00 Funding to support senior programming, events and activities including consumable supplies, materials, staff support, transportation and general operating expenses. Rosenthal Jewish Association for Services for the Aged (JASA)",Jewish Association for Services for the Aged (JASA)
data/fy18/schedule_c/fy18_appendix_a_aging.csv,188,132620896,5000,org_prose,council_disclosure,ein+amount,.00 Funding will be used to continue to educate older adults through JASA's Institute for Senior Action (IFSA) Mark-Viverito Jewish Association for Services for the Aged (JASA),Jewish Association for Services for the Aged (JASA)
data/fy18/schedule_c/fy18_appendix_a_aging.csv,189,132620896,12000,org_prose,council_disclosure,ein+amount,.00 To provide funding for JASA's programming and operating expenses and staff support. King Jewish Association for Services for the Aged (JASA),Jewish Association for Services for the Aged (JASA)
data/fy18/schedule_c/fy18_appendix_a_aging.csv,190,132620896,10000,org_prose,council_disclosure,ein+amount,.00 Funding to support nursing hours and program operating expenses at the Co-op City NORC King Jewish Association for Services for the Aged (JASA),Jewish Association for Services for the Aged (JASA)
data/fy18/schedule_c/fy18_appendix_a_aging.csv,191,132620896,3500,org_prose,council_disclosure,ein+amount,".00 Funding to support the JASA Grandparents Program, including program supplies and materials. Rosenthal Jewish Association for Services for the Aged (JASA)",Jewish Association for Services for the Aged (JASA)
data/fy18/schedule_c/fy18_appendix_a_aging.csv,192,132620896,5500,org_prose,council_disclosure,ein+amount,.00 Funding to support programming and activities at JASA St. Martin's NORC. Deutsch Jewish Association for Services for the Aged (JASA),Jewish Association for Services for the Aged (JASA)
data/fy18/schedule_c/fy18_appendix_a_aging.csv,197,132620896,5000,org_prose,council_disclosure,ein+amount,.00 Funding to support general operating expenses of programming and activities at JASA Mechler Hall Senior Center. Page 15 Appendix A: Aging Discretionary Council Member Legal Name of Organization EIN * Amount CM Purpose of Funds Fiscal Conduit FC EIN Johnson Jewish Association for Services for the Aged (JASA),Jewish Association for Services for the Aged (JASA)
data/fy18/schedule_c/fy18_appendix_a_aging.csv,199,132620896,3500,org_prose,council_disclosure,ein+amount,.00 Funding to support expenses related to One Stop case manangement programming in CD9. Rosenthal Jewish Association for Services for the Aged (JASA),Jewish Association for Services for the Aged (JASA)
data/fy18/schedule_c/fy18_appendix_a_aging.csv,200,132620896,10000,org_prose,council_disclosure,ein+amount,.00 Funding to support the Care Management Program. Ulrich Jewish Association for Services for the Aged (JASA),Jewish Association for Services for the Aged (JASA)
data/fy18/schedule_c/fy18_appendix_a_aging.csv,201,132620896,25000,org_prose,council_disclosure,ein+amount,.00 Funds will be used to support programming and services as well as operational expenses of Rockaway Park Senior Center. Richards Jewish Association for Services for the Aged (JASA),Jewish Association for Services for the Aged (JASA)
data/fy18/schedule_c/fy18_appendix_a_aging.csv,203,132620896,5500,org_prose,council_disclosure,ein+amount,".00 Funds will be used to support the cost of classes such as computers, ESL, physical fitness, transportation for trips, programming and general operating expenses at JASA Scheuer House Of Coney Island Deutsch Jewish Association for Services for the Aged (JASA)",Jewish Association for Services for the Aged (JASA)
data/fy18/schedule_c/fy18_appendix_a_aging.csv,206,132620896,5000,org_prose,council_disclosure,ein+amount,".00 Funding to support programming at the JASA Starrett City Senior Center: This includes classes, choral group, exercise, painting, transport for seniors to and from the senior center and general operating expenses. Vacca Jewish Association for Services for the Aged (JASA)",Jewish Association for Services for the Aged (JASA)
data/fy18/schedule_c/fy18_appendix_a_aging.csv,207,132620896,3500,org_prose,council_disclosure,ein+amount,".00 Funding to support the provision of classes including physical fitness, arts and crafts, computers, lectures, cultural arts programming, events, and general operating expenses. Rosenthal Jewish Association for Services for the Aged (JASA)",Jewish Association for Services for the Aged (JASA)
data/fy18/schedule_c/fy18_appendix_a_aging.csv,208,132620896,10000,org_prose,council_disclosure,ein+amount,".00 Funding to support general operating expenses of Sundays at JASA, a college level continuing education program for adults 55+. Vacca Jewish Association for Services for the Aged (JASA)",Jewish Association for Services for the Aged (JASA)
data/fy18/schedule_c/fy18_appendix_a_aging.csv,209,132620896,20000,org_prose,council_disclosure,ein+amount,".00 Funding to support the provision of classes including physical fitness, arts and crafts, computers, lectures, cultural arts programming, events, and general operating expenses. Cohen Jewish Association for Services for the Aged (JASA)",Jewish Association for Services for the Aged (JASA)
data/fy18/schedule_c/fy18_appendix_a_aging.csv,211,132620896,11000,org_prose,council_disclosure,ein+amount,".00 Funds will support group educational/recreational activities and operating expenses associated with weekly health/exercise programs, group outings, printing and program’s supplies and general operating expenses at Warbasse Cares. Reynoso Jewish Association for Services for the Aged (JASA)",Jewish Association for Services for the Aged (JASA)
data/fy18/schedule_c/fy18_appendix_a_aging.csv,212,111681124,22000,org_prose,council_disclosure,ein+amount,".00 To support programming for seniors at Williamsburg Senior Center. Dromm Jewish Center of Jackson Heights, Inc.","Jewish Center of Jackson Heights, Inc."
data/fy18/schedule_c/fy18_appendix_a_aging.csv,214,135562256,5000,org_prose,council_disclosure,ein+amount,".00 Funding to support the Bea Victor Senior Olympics including various events and programming. Borelli Jewish Community Center of Staten Island, Inc.","Jewish Community Center of Staten Island, Inc."
data/fy18/schedule_c/fy18_appendix_a_aging.csv,215,135562256,6000,org_prose,council_disclosure,ein+amount,".00 Funds will be used for the final lunch for the senior olympic events. Matteo Jewish Community Center of Staten Island, Inc.","Jewish Community Center of Staten Island, Inc."
data/fy18/schedule_c/fy18_appendix_a_aging.csv,217,135562256,5000,org_prose,council_disclosure,ein+amount,".00 Funding to provide staff support and community outreach to aid in identifyingand assisting elders in the Stapleton community who are eligible for services/benefits. Matteo Jewish Community Center of Staten Island, Inc.","Jewish Community Center of Staten Island, Inc."
data/fy18/schedule_c/fy18_appendix_a_aging.csv,218,135562256,10000,org_prose,council_disclosure,ein+amount,".00 Funding will support various events of BVSO including golf, darts, pocket pool, bridge, bowling, and miniature golf Borelli Jewish Community Center of Staten Island, Inc.","Jewish Community Center of Staten Island, Inc."
data/fy18/schedule_c/fy18_appendix_a_aging.csv,219,112665181,5000,org_prose,council_disclosure,ein+amount,".00 Funds will support the operation of the South Shore Neighborhood Senior Center, provide nutritious kosher lunch and door-to-door transportation Greenfield Jewish Community Council of Canarsie, Inc.","Jewish Community Council of Greater Coney Island, Inc."
data/fy18/schedule_c/fy18_appendix_a_aging.csv,220,112665181,7500,org_prose,council_disclosure,ein+amount,".00 Funds to support seniors in need services, food pantry and home delivered meals program. Williams Jewish Community Council of Greater Coney Island, Inc.","Jewish Community Council of Greater Coney Island, Inc."
data/fy18/schedule_c/fy18_appendix_a_aging.csv,225,112665181,8000,org_prose,council_disclosure,ein+amount,".00 Funds will be used to support Ocean Parkway Senior Centers Home Delivered Meals program which provides home delivered meals to homebound seniors. Deutsch Jewish Community Council of Greater Coney Island, Inc.","Jewish Community Council of Greater Coney Island, Inc."
data/fy18/schedule_c/fy18_appendix_a_aging.csv,227,112665181,10000,org_prose,council_disclosure,ein+amount,".00 Funds will be used to defray the operating expenses and direct service provision of the Senior Citizen Homecare program. Deutsch Jewish Community Council of Greater Coney Island, Inc.","Jewish Community Council of Greater Coney Island, Inc."
data/fy18/schedule_c/fy18_appendix_a_aging.csv,230,510506762,5000,org_merged,council_disclosure,ein+amount,".00 Funding for the Elder Mentor program in Manhattan nursing home to enhance the hands-on career experience. Johnson Jews for Racial and Economic Justice 133694790 * $8,000.00 To conduct pilot Eldercare Training Program, including workshops that focus on ensuring the dignity of seniors and domestic care workers. Lancman Kew Gardens Hills Community Foundation, Inc.","Kew Gardens Hills Community Foundation, Inc."
data/fy18/schedule_c/fy18_appendix_a_aging.csv,232,133959398,5000,org_merged,council_disclosure,ein+amount,".00 Funding to support the senior program that provides meals, case management, exercise, arts crafts, cultural events, education and nutrition classes at Castle Hill Senior Center. Cabrera Kittay House, Jewish Home Lifecare (D/B/A The New Jewish Home, Kittay Apartments) 132619576 * $35,000.00 Funding to support recreation, transportation and outings for tenants in Bronx JHL facilities, including Kittay House residential elder care facility, as well as the University Avenue Assisted Living Program and two HUD 202 buildings on our Bronx Campus Matteo Korean American Senior Citizens Association of New York, Inc.","Korean American Senior Citizens Association of New York, Inc."
data/fy18/schedule_c/fy18_appendix_a_aging.csv,233,133959398,5000,org_prose,council_disclosure,ein+amount,".00 Funds will be used to support the senior computer literacy porgram. Borelli Korean American Senior Citizens Association of New York, Inc.","Korean American Senior Citizens Association of New York, Inc."
data/fy18/schedule_c/fy18_appendix_a_aging.csv,237,131628180,6000,org_prose,council_disclosure,ein+amount,".00 To support Sunday to Remember art and culture program for seniors. Funds will support artists fees and operational costs. Garodnick Lenox Hill Neighborhood House, Inc.","Lenox Hill Neighborhood House, Inc."
data/fy18/schedule_c/fy18_appendix_a_aging.csv,238,131628180,5000,org_prose,council_disclosure,ein+amount,".00 Funding will support transportation for seniors to programs at the Center. Kallos Lenox Hill Neighborhood House, Inc.","Lenox Hill Neighborhood House, Inc."
data/fy18/schedule_c/fy18_appendix_a_aging.csv,241,131628180,17500,org_prose,council_disclosure,ein+amount,".00 To support the East Side Case Management Consortium, a network of social service providers on the East Side of Manhattan who have a long history of collaboration: Lenox Hill Neighborhood House, The Carter Burden Center for Aging and Search and Care. Garodnick Lenox Hill Neighborhood House, Inc.","Lenox Hill Neighborhood House, Inc."
data/fy18/schedule_c/fy18_appendix_a_aging.csv,242,133740011,12000,org_prose,council_disclosure,ein+amount,".00 Funding will support the Senior Center at Saint Peter's Church, which serves more than 3,000 seniors annually with diverse meal, intellectual, health and social programs Borelli Lifestyles for the Disabled, Inc.","Lifestyles for the Disabled, Inc."
data/fy18/schedule_c/fy18_appendix_a_aging.csv,244,133668207,5000,org_prose,council_disclosure,ein+amount,".00 Funds will support the administrative, staffing and operational costs associated with providing free monthly dinners with entertainment for seniors; dinners are served to seniors by Lifestyles program particpants with varying developmental disabilities. Rosenthal Lincoln House Outreach, Inc.","Lincoln House Outreach, Inc."
data/fy18/schedule_c/fy18_appendix_a_aging.csv,246,133505372,5000,org_prose,council_disclosure,ein+amount,".00 Funds will provide a digital literacy class at senior centers. Garodnick Medicare Rights Center, Inc.","Medicare Rights Center, Inc."
data/fy18/schedule_c/fy18_appendix_a_aging.csv,247,133505372,3500,org_prose,council_disclosure,ein+amount,".00 Funding will support community presentations about the benefits and details of accessing and participating in government programs such as Medicare and SCRIE. Lander Medicare Rights Center, Inc.","Medicare Rights Center, Inc."
data/fy18/schedule_c/fy18_appendix_a_aging.csv,250,133505372,6500,org_prose,council_disclosure,ein+amount,".00 To support Medicare Right's outreach and enrollment assistance efforts, in addition to educating residents on state and federal public benefits. Greenfield Medicare Rights Center, Inc.","Medicare Rights Center, Inc."
data/fy18/schedule_c/fy18_appendix_a_aging.csv,251,133505372,6000,org_prose,council_disclosure,ein+amount,".00 Funding to support Town Hall Enrollment and Outreach Day in the council district, educating hundreds of community residents on state and federal public benefits and answering questions about new state- mandated Medicare and Medicaid plans, etc Grodenchik Medicare Rights Center, Inc.","Medicare Rights Center, Inc."
data/fy18/schedule_c/fy18_appendix_a_aging.csv,255,237429900,17000,org_prose,council_disclosure,ein+amount,".00 Funding for the Cluster Care Project, to deliver home care services to elderly residents of Morningside Gardens who have chronic healthcare needs. Vacca Morris Park Community Association, Inc.","Morris Park Community Association, Inc."
data/fy18/schedule_c/fy18_appendix_a_aging.csv,256,133622107,10000,org_prose,council_disclosure,ein+amount,".00 Funding to support recreational and cultural outings, senior health fitness programs, the production of a parade in the community, and intergenerational Italian classes. Cohen Mosholu-Montefiore Community Center, Inc.","Mosholu-Montefiore Community Center, Inc."
data/fy18/schedule_c/fy18_appendix_a_aging.csv,257,133622107,5000,org_prose,council_disclosure,ein+amount,".00 Funding will support programming and entertainment for seniors. Rodriguez Mosholu-Montefiore Community Center, Inc.","Mosholu-Montefiore Community Center, Inc."
data/fy18/schedule_c/fy18_appendix_a_aging.csv,259,113067201,8000,org_prose,council_disclosure,ein+amount,".00 Funding to support the operating costs of programming/services and events of the senior club. Greenfield Nachas Health and Family Network, Inc.","Nachas Health and Family Network, Inc."
data/fy18/schedule_c/fy18_appendix_a_aging.csv,261,471267077,5000,org_prose,council_disclosure,ein+amount,".00 Funds will be used to support administrative, staffing and operational costs to support the Family to Family program for families and caregivers of senior adults with mental illness. Dromm Neighborhood Housing Services of Queens CDC, Inc.","Neighborhood Housing Services of Queens CDC, Inc."
data/fy18/schedule_c/fy18_appendix_a_aging.csv,263,133077047,15000,org_prose,council_disclosure,ein+amount,".00 Funds will support senior activities and events at Casa Boricua Senior Center Salamanca Neighborhood Self Help by Older Persons Project, Inc.","Neighborhood Self Help by Older Persons Project, Inc."
data/fy18/schedule_c/fy18_appendix_a_aging.csv,264,133077047,15000,org_prose,council_disclosure,ein+amount,".00 Funds will support senior activities and events at Lafayette Estates NORC Supportive Services Program. Torres Neighborhood Self Help by Older Persons Project, Inc.","Neighborhood Self Help by Older Persons Project, Inc."
data/fy18/schedule_c/fy18_appendix_a_aging.csv,265,133077047,15000,org_prose,council_disclosure,ein+amount,".00 To support Neighborhood SHOPP/Guess Senior Center's educational and recreational program for seniors. Salamanca Neighborhood Self Help by Older Persons Project, Inc.","Neighborhood Self Help by Older Persons Project, Inc."
data/fy18/schedule_c/fy18_appendix_a_aging.csv,266,133077047,15000,org_prose,council_disclosure,ein+amount,".00 Funds will support senior activities and events at Douglass Leon Senior Center. King Neighborhood Self Help by Older Persons Project, Inc.","Neighborhood Self Help by Older Persons Project, Inc."
data/fy18/schedule_c/fy18_appendix_a_aging.csv,267,260434061,4000,org_prose,council_disclosure,ein+amount,".00 To support the agency's case assistance, educational and recreational activities to older residents in CD 12. Perkins New Hope for the World Ministries, Inc.","New Hope for the World Ministries, Inc."
data/fy18/schedule_c/fy18_appendix_a_aging.csv,271,132618568,7500,org_prose,council_disclosure,ein+amount,".00 Funds will support free workshops for seniors which includes staff support, space, materials and meals. Garodnick New York Foundation for Senior Citizens, Inc.","New York Foundation for Senior Citizens, Inc."
data/fy18/schedule_c/fy18_appendix_a_aging.csv,272,132618568,10000,org_prose,council_disclosure,ein+amount,".00 Funding will support the operating costs for the Home Sharing / Respite Care program, which provides home care assistance to seniors. Cornegy New York Foundation for Senior Citizens, Inc.","New York Foundation for Senior Citizens, Inc."
data/fy18/schedule_c/fy18_appendix_a_aging.csv,273,132618568,10000,org_prose,council_disclosure,ein+amount,".00 Funding will support the operating costs for the Home Sharing / Respite Care program, which provides home care assistance to seniors. Kallos New York Foundation for Senior Citizens, Inc.","New York Foundation for Senior Citizens, Inc."
data/fy18/schedule_c/fy18_appendix_a_aging.csv,274,132618568,10000,org_prose,council_disclosure,ein+amount,".00 To support the Home Sharing and Respite Care Program for residents in Council District 5. Perkins New York Foundation for Senior Citizens, Inc.","New York Foundation for Senior Citizens, Inc."
data/fy18/schedule_c/fy18_appendix_a_aging.csv,275,132618568,5000,org_prose,council_disclosure,ein+amount,".00 Funding to support the Home Sharing and Respite Care Program in CD09. Rodriguez New York Foundation for Senior Citizens, Inc.","New York Foundation for Senior Citizens, Inc."
data/fy18/schedule_c/fy18_appendix_a_aging.csv,276,550869151,5000,org_prose,council_disclosure,ein+amount,".00 Funding to support enhancement and expansion of Dyckman Senior Center’s health/wellness promotion, social and recreational programs and services. Dromm New York Irish Center, Inc.","New York Irish Center, Inc."
data/fy18/schedule_c/fy18_appendix_a_aging.csv,279,132949483,3000,org_prose,council_disclosure,ein+amount,".00 Funding to support staff and supplies for social adult day care program. Borelli New York Road Runners, Inc.","New York Road Runners, Inc."
data/fy18/schedule_c/fy18_appendix_a_aging.csv,280,112697931,10000,org_prose,council_disclosure,ein+amount,".00 Funs will support materials, equipment, outreach, performance evaluation and volunteer support for senior health programs in the 51st District. Menchaca NIA Community Services Network, Inc.","NIA Community Services Network, Inc."
data/fy18/schedule_c/fy18_appendix_a_aging.csv,284,112574893,9000,org_prose,council_disclosure,ein+amount,".00 Funds to support the production of educational/outreach materials and the organizing of events for seniors. CD28 Northeastern Conference House Housing Development Fund Company, Inc.","Northeastern Conference House Housing Development Fund Company, Inc."
data/fy18/schedule_c/fy18_appendix_a_aging.csv,287,133413349,10000,org_prose,council_disclosure,ein+amount,".00 Funds will be used to support the operating expenses of counseling, other programming/services and events for the widows club. Johnson Penn South Social Services, Inc.","Penn South Social Services, Inc."
data/fy18/schedule_c/fy18_appendix_a_aging.csv,289,112328536,25000,org_prose,council_disclosure,ein+amount,".00 To support operation, maintenance and programming at multi- service senior center facility. Crowley Peter Cardella Senior Citizen Center, Inc.","Peter Cardella Senior Citizen Center, Inc."
data/fy18/schedule_c/fy18_appendix_a_aging.csv,290,112328536,11000,org_prose,council_disclosure,ein+amount,".00 Funds are to support lunch program, entitlement and benefit case assistance, info/referral services, education, recreation, health promotion, and socialization programs at PCSC Reynoso Peter Cardella Senior Citizen Center, Inc.","Peter Cardella Senior Citizen Center, Inc."
data/fy18/schedule_c/fy18_appendix_a_aging.csv,294,112285970,4500,org_prose,council_disclosure,ein+amount,".00 Funds will support the Phipps Neighborhood Senior Program located in West Farms. Levin Polish and Slavic Center, Inc.","Polish and Slavic Center, Inc."
data/fy18/schedule_c/fy18_appendix_a_aging.csv,295,112285970,5200,org_prose,council_disclosure,ein+amount,".00 To support ESSP, which offers information, help and assistance in obtaining benefits such as SSA, SSI, Veterans Benefits, PA, Medicare Part A,B,C,D, and Unemployment benefits. Levin Polish and Slavic Center, Inc.","Polish and Slavic Center, Inc."
data/fy18/schedule_c/fy18_appendix_a_aging.csv,296,133234441,5000,org_prose,council_disclosure,ein+amount,".00 To support educational and recreational activities at the Krakus Senior Center. Vacca Presbyterian Senior Services, Inc.","Project Hospitality, Inc."
data/fy18/schedule_c/fy18_appendix_a_aging.csv,297,112375583,5000,org_prose,council_disclosure,ein+amount,".00 Funds will support mobile food pantry program providing meals to impoverished seniors at several locations in the 51st District. Lancman Queens Community House, Inc.","Queens Community House, Inc."
data/fy18/schedule_c/fy18_appendix_a_aging.csv,298,112375583,15000,org_prose,council_disclosure,ein+amount,".00 The funds received will be used to cover the cost of food/refreshments for the weekly gathering to expand networking opportunities for seniors. Funds will be applied to the purchase of supplies and transportation. Dromm Queens Community House, Inc.","Queens Community House, Inc."
data/fy18/schedule_c/fy18_appendix_a_aging.csv,299,112375583,11000,org_prose,council_disclosure,ein+amount,".00 To support Queens Center for Gay Senior's counseling, benefits review, support groups, and various educational and recreational programs for LGBT older adults. Koslowitz Queens Community House, Inc.","Queens Community House, Inc."
data/fy18/schedule_c/fy18_appendix_a_aging.csv,300,237172152,5000,org_merged,council_disclosure,ein+amount,".00 To support educational/recreational activities to be led by exercise/dance, nutrition and lecture classes/workshops. The funding will also provide health screenings and fall prevention, and technology programs. Vallone Queens Interagency Council on the Aging, Inc. 112744700 * $11,500.00 Funding to support operating expenses of programs which benefit Queens seniors. Page 23 Appendix A: Aging Discretionary Council Member Legal Name of Organization EIN * Amount CM Purpose of Funds Fiscal Conduit FC EIN Koslowitz Queens Interagency Council on the Aging, Inc.","Queens Jewish Community Council, Inc."
data/fy18/schedule_c/fy18_appendix_a_aging.csv,301,237172152,15000,org_prose,council_disclosure,ein+amount,".00 Funds will be used to provide senior services, meals-on-wheels, senior programing and immigration services. Lancman Queens Jewish Community Council, Inc.","Queens Jewish Community Council, Inc."
data/fy18/schedule_c/fy18_appendix_a_aging.csv,302,237172152,5000,org_prose,council_disclosure,ein+amount,".00 Funding to support senior programming including intervention and immigrant services. Vallone Queens Jewish Community Council, Inc.","Queens Jewish Community Council, Inc."
data/fy18/schedule_c/fy18_appendix_a_aging.csv,303,465631277,5000,org_prose,council_disclosure,ein+amount,".00 Funding will be used to continue senior services and to combat hunger through the meals-on-wheels program and food pantry. Dromm Queens World Film Initiative, Inc.","Queens World Film Initiative, Inc."
data/fy18/schedule_c/fy18_appendix_a_aging.csv,305,136213586,35000,org_prose,council_disclosure,ein+amount,.00 Funding to support general operation expenses of programming/services at Middle Village Adult Center. Crowley Rabbi Israel Meyer HaKohen Rabbinical Seminary of America,"Regional Aid for Interim Needs, Inc."
data/fy18/schedule_c/fy18_appendix_a_aging.csv,306,136213586,7000,org_prose,council_disclosure,ein+amount,".00 The funds for the R.A.I.N. Bailey Neighborhood Senior Center will be used for supplies, senior activities, senior trips and utilities. King Regional Aid for Interim Needs, Inc.","Regional Aid for Interim Needs, Inc."
data/fy18/schedule_c/fy18_appendix_a_aging.csv,307,136213586,7000,org_prose,council_disclosure,ein+amount,".00 Funds will be used to support the R.A.I.N. Boston Secor Neighborhood Senior Center. King Regional Aid for Interim Needs, Inc.","Regional Aid for Interim Needs, Inc."
data/fy18/schedule_c/fy18_appendix_a_aging.csv,308,136213586,10000,org_prose,council_disclosure,ein+amount,".00 Funds will be used to support the R.A.I.N. Gunhill Road Neighborhood Senior Center including operating expenses,travel, and other costs. Rodriguez Regional Aid for Interim Needs, Inc.","Regional Aid for Interim Needs, Inc."
data/fy18/schedule_c/fy18_appendix_a_aging.csv,309,136213586,10000,org_prose,council_disclosure,ein+amount,".00 Funding to support operating expenses of the R.A.I.N. Inwood Neighborhood Senior Center and its programming and activities. Torres Regional Aid for Interim Needs, Inc.","Regional Aid for Interim Needs, Inc."
data/fy18/schedule_c/fy18_appendix_a_aging.csv,312,136213586,12500,org_prose,council_disclosure,ein+amount,".00 To support senior activities, case assistance, consultant fees, congregate meals, educational resources and nutritional activities. Page 24 Appendix A: Aging Discretionary Council Member Legal Name of Organization EIN * Amount CM Purpose of Funds Fiscal Conduit FC EIN Cabrera Regional Aid for Interim Needs, Inc.","Regional Aid for Interim Needs, Inc."
data/fy18/schedule_c/fy18_appendix_a_aging.csv,316,112453853,9250,org_prose,council_disclosure,ein+amount,".00 To provide transportation for Community Board 1, 2, and 6 senior citizens to annaul free picnic event Reynoso Ridgewood Bushwick Senior Citizens Council, Inc.","Riseboro Community Partnership, Inc."
data/fy18/schedule_c/fy18_appendix_a_aging.csv,320,112453853,9250,org_prose,council_disclosure,ein+amount,".00 Funding will support programming, special events, and operational support. Reynoso Ridgewood Bushwick Senior Citizens Council, Inc.","Riseboro Community Partnership, Inc."
data/fy18/schedule_c/fy18_appendix_a_aging.csv,322,237357997,40000,org_merged,council_disclosure,ein+amount,".00 Funds to support programming, special events as well as provide operational support at the Saratoga Square Senior Center Crowley Ridgewood Older Adult Center and Services, Inc. 050607283 * $25,000.00 Funds are to support activities, programing, transportation, equipment amd supplies Cohen Riverdale Senior Services, Inc.","Riverdale Senior Services, Inc."
data/fy18/schedule_c/fy18_appendix_a_aging.csv,323,133355074,7500,org_prose,council_disclosure,ein+amount,".00 Funding will help cover operating expenses for services to seniors, including transportation services to and from the senior center. Rodriguez Riverstone Senior Life Services, Inc.","Riverstone Senior Life Services, Inc."
data/fy18/schedule_c/fy18_appendix_a_aging.csv,324,133355074,10000,org_prose,council_disclosure,ein+amount,".00 Funding to cover operating expenses of the Memory Center and Social Adult Day Program in District 10, including partially covering the salary/insurance of qualified and caring group leaders. Perkins Riverstone Senior Life Services, Inc.","Riverstone Senior Life Services, Inc."
data/fy18/schedule_c/fy18_appendix_a_aging.csv,326,113397470,45000,org_prose,council_disclosure,ein+amount,".00 To provide funding support for program expenses at the Memory Center. CD28 Rochdale Village Social Services, Inc.","Rochdale Village Social Services, Inc."
data/fy18/schedule_c/fy18_appendix_a_aging.csv,328,135562351,7500,org_prose,council_disclosure,ein+amount,".00 To provide materials for weekly meetings, activities and annual events, and other programmatic expenses. Gentile Salvation Army, The","Salvation Army, The"
data/fy18/schedule_c/fy18_appendix_a_aging.csv,333,237444790,5000,org_merged,council_disclosure,ein+amount,".00 To support Amigas project, which addresses the unmet needs of low- income, elderly immigrant residents in Sunset Park. Funds will be used for staff, group activities, supplies and travel related to the project. Deutsch Seabreeze Jewish Center 112164803 * $3,000.00 Funds for various needs of seniors, such as home visits, social and educational events for seniors. JCC of Greater Coney Island 112665181 Mark-Viverito Search and Care, Inc.","Search and Care, Inc."
data/fy18/schedule_c/fy18_appendix_a_aging.csv,335,131624178,3500,org_prose,council_disclosure,ein+amount,".00 To provide comprehensive fee-free care management services for vulnerable older men and women living in District 5. Rosenthal Selfhelp Community Services, Inc.","Selfhelp Community Services, Inc."
data/fy18/schedule_c/fy18_appendix_a_aging.csv,336,131624178,5000,org_prose,council_disclosure,ein+amount,".00 Funds support operating expenses associated with providing senior case management in D6. Lander Selfhelp Community Services, Inc.","Selfhelp Community Services, Inc."
data/fy18/schedule_c/fy18_appendix_a_aging.csv,337,131624178,9500,org_prose,council_disclosure,ein+amount,".00 Funding to support case management services for elderly and disabled individuals. Dromm Selfhelp Community Services, Inc.","Selfhelp Community Services, Inc."
data/fy18/schedule_c/fy18_appendix_a_aging.csv,343,131624178,25000,org_prose,council_disclosure,ein+amount,".00 Funding to support programs/services for home bound, socially isolated older adults in the 43rd district including discussion- orientated, live, interactive programs that include recreational, educational and health/well-being topics. Crowley Selfhelp Community Services, Inc.","Selfhelp Community Services, Inc."
data/fy18/schedule_c/fy18_appendix_a_aging.csv,358,112591783,20000,org_prose,council_disclosure,ein+amount,".00 Funding for programming conducted through flagship SAGE Center and the SAGE Center in Harlem Richards Services Now for Adult Persons (SNAP), Inc.","Services Now for Adult Persons (SNAP), Inc."
data/fy18/schedule_c/fy18_appendix_a_aging.csv,359,112591783,5000,org_prose,council_disclosure,ein+amount,".00 Funds will be used to provide programmatic and operating support for SNAP Brookville. Page 27 Appendix A: Aging Discretionary Council Member Legal Name of Organization EIN * Amount CM Purpose of Funds Fiscal Conduit FC EIN Miller Services Now for Adult Persons (SNAP), Inc.","Services Now for Adult Persons (SNAP), Inc."
data/fy18/schedule_c/fy18_appendix_a_aging.csv,360,112591783,62750,org_prose,council_disclosure,ein+amount,".00 Funding will enable the continuation and enhancement of SNAP's broad array of services for seniors at teh Brooville center. Services include Case Management, Meals-On-Wheels, Caregiver Support, Transportation/Escort. Grodenchik Services Now for Adult Persons (SNAP), Inc.","Services Now for Adult Persons (SNAP), Inc."
data/fy18/schedule_c/fy18_appendix_a_aging.csv,362,113632920,5000,org_prose,council_disclosure,ein+amount,".00 Funding will enable the continuation and enhancement of SNAP's broad array of services for seniors at the Winchester Blvd location. Services include Case Management, Caregiver Support, Transportation/Escort. Dromm South Asian Council for Social Services",South Asian Council for Social Services
data/fy18/schedule_c/fy18_appendix_a_aging.csv,365,112730462,11300,org_prose,council_disclosure,ein+amount,".00 To support Senior Wellness programs, and general social services for seniors. Funding will be allocated for staffing support, office technology and materials, and office infrastructure. Levin Spanish Speaking Elderly Council",Spanish Speaking Elderly Council - RAICES
data/fy18/schedule_c/fy18_appendix_a_aging.csv,366,112730462,7000,org_prose,council_disclosure,ein+amount,".00 To provide senior citizens 60 and older with hot lunches, educational and recreational activities, and comprehensive case management services; to support staff salaries. Constantinides Spanish Speaking Elderly Council",Spanish Speaking Elderly Council - RAICES
data/fy18/schedule_c/fy18_appendix_a_aging.csv,368,112730462,10000,org_prose,council_disclosure,ein+amount,".00 The funds will support RAICES services at the Corona Senior Center for hot lunches, educational and recreational activities, case management services and support overall program operation. Menchaca Spanish Speaking Elderly Council",Spanish Speaking Elderly Council - RAICES
data/fy18/schedule_c/fy18_appendix_a_aging.csv,369,743158439,7000,org_prose,council_disclosure,ein+amount,".00 Funding to support operational and programming expenses of senior services including health and wellness programs, such as ESL, tai-chi, yoga, nutrition classes. Barron Spring Creek Senior Partners, Inc.","Spring Creek Senior Partners, Inc."
data/fy18/schedule_c/fy18_appendix_a_aging.csv,371,111635105,9000,org_prose,council_disclosure,ein+amount,".00 Funds will support the Golden Age club, including hosting meetings, special events, senior peer counseling, community updates and information on senior services. Page 28 Appendix A: Aging Discretionary Council Member Legal Name of Organization EIN * Amount CM Purpose of Funds Fiscal Conduit FC EIN Levin St. Francis College",St. Francis College
data/fy18/schedule_c/fy18_appendix_a_aging.csv,373,112463892,16000,org_prose,council_disclosure,ein+amount,".00 Funds will support the Golden Age club, serving seniors in the surrounding areas. Eugene St. Gabriel's Episcopaal Church",St. Gabriel's Episcopal Church
data/fy18/schedule_c/fy18_appendix_a_aging.csv,374,111675278,5000,org_prose,council_disclosure,ein+amount,".00 Funding to support senior programming, including arts/crafts, educational and informational seminars/lecture on health and environmental related topics, recreational activities, exercise classes, as well as providing benefits assistance Dromm St. Joan of Arc",St. Joan of Arc
data/fy18/schedule_c/fy18_appendix_a_aging.csv,376,510192170,7500,org_merged,council_disclosure,ein+amount,".00 Funding to support expenses related to community programming and events including materials, supplies and outreach. Lancman St. Nicholas of Tolentine 111714878 * $5,000.00 Funding to support the operating costs of the senior center including disposable goods, and refreshments. Reynoso St. Nick's Alliance Corporation",St. Nick's Alliance Corporation
data/fy18/schedule_c/fy18_appendix_a_aging.csv,378,133598842,10000,org_prose,council_disclosure,ein+amount,.00 Funding to support the operating costs of programming/services and events of the senior club. Salamanca St. Vincent de Paul Residence,St. Vincent de Paul Residence
data/fy18/schedule_c/fy18_appendix_a_aging.csv,379,111672796,5000,org_prose,council_disclosure,ein+amount,.00 Funding to support All-Inclusive Care for the Elderly programming and services. Ulrich St. Virgilius Golden Age,St. Virgilius Golden Age
data/fy18/schedule_c/fy18_appendix_a_aging.csv,380,132572034,10000,org_prose,council_disclosure,ein+amount,".00 Funds will support the Golden Age club, serving seniors in the surrounding areas, including hosting meetings, special events, senior peer counseling, community updates and information on senior services. Garodnick Stanley M. Isaacs Neighborhood Center, Inc.","Stanley M. Isaacs Neighborhood Center, Inc."
data/fy18/schedule_c/fy18_appendix_a_aging.csv,381,132572034,15000,org_prose,council_disclosure,ein+amount,".00 Funding will support senior services at the Stanley Isaacs Neighborhood Center. Kallos Stanley M. Isaacs Neighborhood Center, Inc.","Stanley M. Isaacs Neighborhood Center, Inc."
data/fy18/schedule_c/fy18_appendix_a_aging.csv,384,133266398,12000,org_prose,council_disclosure,ein+amount,".00 To provide funding for the ""Seniors in Motion"" at the Johnson Houses. Matteo Staten Island Center for Independent Living, Inc.","Staten Island Center for Independent Living, Inc."
data/fy18/schedule_c/fy18_appendix_a_aging.csv,386,462796863,5000,org_prose,council_disclosure,ein+amount,.00 Funding to support the operating costs associated with senior programming. Lancman Stonewall Community Development Corporation,Stonewall Community Development Corporation
data/fy18/schedule_c/fy18_appendix_a_aging.csv,387,462796863,5000,org_prose,council_disclosure,ein+amount,".00 Funding to support programming and services for the LGBTQ senior community with a focus on housing, financial literacy skills and health/wellness education. Dromm Stonewall Community Development Corporation",Stonewall Community Development Corporation
data/fy18/schedule_c/fy18_appendix_a_aging.csv,388,510189327,6500,org_merged,council_disclosure,ein+amount,".00 To fund seminars and workshops, research, and support networks to help LGBTQ seniors build financial literacy skills, plan for financial and health challenges, protect assets, and create an LGBTQ-affirming network of vendors and volunteers. Rosenthal Strycker's Bay Neighborhood Council, Inc. 131943516 * $5,000.00 Funds will support the services and activities related to the Senior breakfast program. Espinal Sumner Houses Tenants Association, Inc. 112733344 * $5,000.00 Funding will support senior programming and meals Cornegy Sumner Houses Tenants Association, Inc. 112733344 * $6,750.00 Funding to support programming and services for seniors including congregate meals; recreational and cultural activities. Dromm Sunnyside Community Services, Inc.","Sunnyside Community Services, Inc."
data/fy18/schedule_c/fy18_appendix_a_aging.csv,395,131624210,3500,org_prose,council_disclosure,ein+amount,".00 Funds will be used for monthly meetings, operating expenses, maintenance of the park, educational program and annual meetings Garodnick VISIONS/Services for the Blind and Visually Impaired",VISIONS/Services for the Blind and Visually Impaired
data/fy18/schedule_c/fy18_appendix_a_aging.csv,396,131624210,5000,org_merged,council_disclosure,ein+amount,".00 Funding will support VISIONS multi-lingual vision education and outreach programs for blind and visually impaired seniors, which includes community outreach, vision rehabilitation, mobility training and social and professional support. Cornegy VISIONS/Services for the Blind and Visually Impaired 131624210 * $6,000.00 Funding is for VISIONS services to provide visual aids to support older adults who are blind or severely visually impaired. Johnson VISIONS/Services for the Blind and Visually Impaired",VISIONS/Services for the Blind and Visually Impaired
data/fy18/schedule_c/fy18_appendix_a_aging.csv,398,237379098,5000,org_prose,council_disclosure,ein+amount,".00 Funds will support the administrative, staffing and operational costs associated with providing the organization's vision loss programs. Garodnick Visiting Neighbors, Inc.","Visiting Neighbors, Inc."
data/fy18/schedule_c/fy18_appendix_a_aging.csv,399,237379098,5000,org_prose,council_disclosure,ein+amount,".00 Funding will support outreach and assistance services to help elderly residents of the East Side remain independent. Chin Visiting Neighbors, Inc.","Visiting Neighbors, Inc."
data/fy18/schedule_c/fy18_appendix_a_aging.csv,401,371469320,3500,org_prose,council_disclosure,ein+amount,".00 Funding to support general operating expenses of the visiting program to relieve isolation and loneliness and prevent depression, escorts to medical appointments, assistance with shopping, health advocacy and case assistance. Garodnick Vocal Ease, Inc.","Vocal Ease, Inc."
data/fy18/schedule_c/fy18_appendix_a_aging.csv,402,371469320,3000,org_merged,council_disclosure,ein+amount,".00 Funding will support the operating costs of Vocal Ease's program, which provides volunteer musical performances for seniors at hospitals, nursing homes and senior centers. Rodriguez Vocal Ease, Inc. 371469320 * $3,500.00 Funding will be used for operating expenses of programing for seniors in D10. Johnson Vocal Ease, Inc.","Vocal Ease, Inc."
data/fy18/schedule_c/fy18_appendix_a_aging.csv,403,371469320,5000,org_prose,council_disclosure,ein+amount,".00 Funds to produce Vocal Eases live, an on-site cabaret-style performances for senior citizens at hospitals, nursing homes, senior centers and senior residences. Kallos Vocal Ease, Inc.","Vocal Ease, Inc."
data/fy18/schedule_c/fy18_appendix_a_aging.csv,412,112435565,10000,org_prose,council_disclosure,ein+amount,".00 The funds will be used to defray usage, insurance and utility costs as we provide a safe and healthy environment for seniors to receive nutritious meals, nutrition education, workshops; and housing and social services. Van Bramer Woodside on the Move, Inc.","Woodside on the Move, Inc."
data/fy18/schedule_c/fy18_appendix_a_aging.csv,413,030381957,10000,org_prose,council_disclosure,ein+amount,".00 To support a technology instructor to teach classes to adults and seniors. Page 32 Appendix A: Aging Discretionary Council Member Legal Name of Organization EIN * Amount CM Purpose of Funds Fiscal Conduit FC EIN Lancman Young Israel Programs, Inc.","Young Israel Programs, Inc."
data/fy18/schedule_c/fy18_appendix_a_aging.csv,418,131624228,11750,org_prose,council_disclosure,ein+amount,".00 Funding will support programming, entertainment and food for seniors. Cornegy Young Men's Christian Association of Greater New York",Young Men's Christian Association of Greater New York
data/fy18/schedule_c/fy18_appendix_a_aging.csv,420,131624228,10000,org_prose,council_disclosure,ein+amount,".00 Funding to support and enhance social, recreational, exercise, and arts & crafts activities at Bronx YMCA Glebe Senior Center. Williams Young Men's Christian Association of Greater New York",Young Men's Christian Association of Greater New York
data/fy18/schedule_c/fy18_schedule_c_awards.csv,5,112300840,587058,org_merged,council_disclosure,ein+amount,"Conselyea St. Block Association, Inc. 11-2347180 * $1,448,669 Fort Greene Council, Inc.","Fort Greene Council, Inc."
data/fy18/schedule_c/fy18_schedule_c_awards.csv,13,132645436,393850,org_merged,council_disclosure,ein+amount,"EAC, Inc. 23-7175609 * $1,146,340 Fortune Society, Inc., The","Fortune Society, Inc., The"
data/fy18/schedule_c/fy18_schedule_c_awards.csv,14,132612524,375000,org_prose,council_disclosure,ein+amount,"Fund for the City of New York, Inc. -Center for Court Innovation","Fund for the City of New York, Inc."
data/fy18/schedule_c/fy18_schedule_c_awards.csv,18,271041447,50000,org_merged,council_disclosure,ein+amount,"National Association on Drug Abuse Problems, Inc. 13-2814327 * $50,000 Network Support Services, Inc.","Network Support Services, Inc."
data/fy18/schedule_c/fy18_schedule_c_awards.csv,23,135596836,625200,org_merged,council_disclosure,ein+amount,"Urban Youth Alliance International, Inc. 13-2969182 * $132,000 Women's Prison Association's and Home",Womens Prison Association and Home
data/fy18/schedule_c/fy18_schedule_c_awards.csv,24,131941627,150000,org_merged,council_disclosure,ein+amount,"Bronx Freedom Fund, Inc. 26-1385792 * $109,000 Vera Institute of Justice, Inc.","Vera Institute of Justice, Inc."
data/fy18/schedule_c/fy18_schedule_c_awards.csv,27,132946970,748000,org_merged,council_disclosure,ein+amount,"Icahn School of Medicine at Mount Sinai 13-6171197 * $150,000 New York City Alliance Against Sexual Assault 31-1702032 * $150,000 Safe Horizon, Inc.","Safe Horizon, Inc."
data/fy18/schedule_c/fy18_schedule_c_awards.csv,28,132612524,52935,org_merged,council_disclosure,ein+amount,"Community Healthcare Network, Inc. 13-3083068 * $175,000 Fund for the City of New York, Inc. -Center for Court Innovation","Fund for the City of New York, Inc."
data/fy18/schedule_c/fy18_schedule_c_awards.csv,30,133286250,175000,org_merged,council_disclosure,ein+amount,"Girls Educational and Mentoring Services 13-4150972 * $125,000 Icahn School of Medicine at Mount Sinai 13-6171197 * $75,000 New York Asian Women's Center, Inc.","New York Asian Women's Center, Inc."
data/fy18/schedule_c/fy18_schedule_c_awards.csv,39,134046782,29800,org_merged,council_disclosure,ein+amount,"Chinese Theater Works, Inc. 11-2393789 * $29,800 Classical Theatre of Harlem, Inc., The","Classical Theatre of Harlem, Inc., The"
data/fy18/schedule_c/fy18_schedule_c_awards.csv,41,133248928,37100,org_merged,council_disclosure,ein+amount,"Fiji Theatre Company, Inc. 13-2874863 * $29,800 Friends of Alice Austen House, Inc.","Friends of Alice Austen House, Inc."
data/fy18/schedule_c/fy18_schedule_c_awards.csv,42,113344389,29800,org_merged,council_disclosure,ein+amount,"LaMicro Theater, Inc. 77-0608611 * $14,600 Make the Road New York",Make the Road New York
data/fy18/schedule_c/fy18_schedule_c_awards.csv,44,136216904,113200,org_merged,council_disclosure,ein+amount,"National Black Theatre Workshop, Inc. 13-2632596 * $123,200 Negro Ensemble Company, Inc.","Negro Ensemble Company, Inc."
data/fy18/schedule_c/fy18_schedule_c_awards.csv,48,133929841,14600,org_merged,council_disclosure,ein+amount,"People's Theatre Project, Inc. 26-4705999 * $29,800 Point Community Development Corporation, The 13-3765140 * $29,800 Rising Circle Theater Collective, Inc. 20-1407519 * $14,600 Second Generation Productions, Inc.","Second Generation Productions, Inc."
data/fy18/schedule_c/fy18_schedule_c_awards.csv,50,133805585,29800,org_merged,council_disclosure,ein+amount,"Society of the Educational Arts, Inc. 11-3210593 * $113,200 Take Wing and Soar Productions, Inc. 14-1885605 * $14,600 Teatro Circulo, Ltd.","Teatro Circulo, Ltd."
data/fy18/schedule_c/fy18_schedule_c_awards.csv,55,134158092,14600,org_merged,council_disclosure,ein+amount,"Yangtze Repertory Theatre of America, Inc. 13-3698610 * $14,600 Calliope Creative Foundation",Calliope Creative Foundation
data/fy18/schedule_c/fy18_schedule_c_awards.csv,86,237169558,125000,org_merged,council_disclosure,ein+amount,"Farmer’s Market, Inc. 06-1800512 * $95,000 West Harlem Group Assistance, Inc.","West Harlem Group Assistance, Inc."
data/fy18/schedule_c/fy18_schedule_c_awards.csv,94,510567466,52692,org_merged,council_disclosure,ein+amount,"Care for the Homeless 13-3666994 * $70,000 Community Health Center of Richmond, Inc.","Community Health Center of Richmond, Inc."
data/fy18/schedule_c/fy18_schedule_c_awards.csv,95,135562202,90000,org_merged,council_disclosure,ein+amount,"Community Healthcare Network, Inc. 13-3083068 * $52,692 Community Service Society of New York",Community Service Society of New York
data/fy18/schedule_c/fy18_schedule_c_awards.csv,114,264417161,49500,org_merged,council_disclosure,ein+amount,"University Hospital 11-2868878 * $50,000 Tell Every Amazing Lady About Ovarian Cancer Foundation",Tell Every Amazing Lady About Ovarian Cancer Foundation
data/fy18/schedule_c/fy18_schedule_c_awards.csv,121,510567466,47443,org_merged,council_disclosure,ein+amount,"Choices in Childbirth 20-2015286 * $72,000 Community Health Center of Richmond, Inc.","Community Health Center of Richmond, Inc."
data/fy18/schedule_c/fy18_schedule_c_awards.csv,122,132655001,25799,org_merged,council_disclosure,ein+amount,"Community Healthcare Network, Inc. 13-3083068 * $84,633 Diaspora Community Services, Inc. 11-3122295 * $29,157 Fort Greene Strategic Neighborhood Action Partnership 11-3343941 * $21,253 Health + Hospitals",Health and Hospitals Corporation
data/fy18/schedule_c/fy18_schedule_c_awards.csv,123,131624096,123541,org_merged,council_disclosure,ein+amount,"Joseph P. Addabbo Family Health Center, Inc., The 06-1181226 * $92,631 Lower East Side Family Union 23-7412423 * $61,701 Mount Sinai Hospital",Mount Sinai Hospital
data/fy18/schedule_c/fy18_schedule_c_awards.csv,126,743177454,56680,org_merged,council_disclosure,ein+amount,"Queens Comprehensive Perinatal Council, Inc. 11-2870422 * $35,484 Richmond University Medical Center",Richmond Medical Center
data/fy18/schedule_c/fy18_schedule_c_awards.csv,130,331007278,13500,org_merged,council_disclosure,ein+amount,"African Services Committee, Inc. 13-3749744 * $40,410 After Hours Project, Inc.","After Hours Project, Inc."
data/fy18/schedule_c/fy18_schedule_c_awards.csv,164,133020589,71000,org_merged,council_disclosure,ein+amount,"Association for Neighborhood and Housing Development 13-2775999 * $100,000 Belmont Arthur Avenue Local Development Corporation",Belmont Arthur Avenue Local Development Corporation
data/fy18/schedule_c/fy18_schedule_c_awards.csv,166,112634818,51000,org_merged,council_disclosure,ein+amount,"Brighton Neighborhood Association, Inc. 11-2435523 * $29,729 Catholic Migration Services, Inc.","Catholic Migration Services, Inc."
data/fy18/schedule_c/fy18_schedule_c_awards.csv,168,113580935,61000,org_merged,council_disclosure,ein+amount,"Central Astoria Local Development Coalition, Inc. 11-2652331 * $29,729 Chhaya Community Development Corporation",Chhaya Community Development Corporation
data/fy18/schedule_c/fy18_schedule_c_awards.csv,172,112475743,51000,org_merged,council_disclosure,ein+amount,"Eviction Intervention Services Homelessness Prevention, Inc. 13-3311582 * $29,729 Fifth Avenue Committee, Inc.","Fifth Avenue Committee, Inc."
data/fy18/schedule_c/fy18_schedule_c_awards.csv,175,112412584,71000,org_merged,council_disclosure,ein+amount,"Greater Ridgewood Restoration Corporation 11-2382250 * $29,730 Housing and Family Services of Greater New York, Inc.","Housing and Family Services of Greater New York, Inc."
data/fy18/schedule_c/fy18_schedule_c_awards.csv,189,133110811,61000,org_merged,council_disclosure,ein+amount,"Neighborhood Housing Services of Jamaica, Inc. 23-7398279 * $71,000 Neighborhood Housing Services of Jamaica, Inc. 23-7398279 * $51,000 Neighborhood Housing Services of Jamaica, Inc. 23-7398279 * $29,730 Neighborhood Initiatives Development Corporation (NIDC)",Neighborhood Initiatives Development Corporation (NIDC)
data/fy18/schedule_c/fy18_schedule_c_awards.csv,204,133442022,51000,org_merged,council_disclosure,ein+amount,"Strycker's Bay Neighborhood Council, Inc. 13-1943516 * $29,730 United Jewish Council of the East Side, Inc. 13-2735378 * $29,730 Urban Justice Center",Urban Justice Center
data/fy18/schedule_c/fy18_schedule_c_awards.csv,209,237169558,61000,org_merged,council_disclosure,ein+amount,"West Bronx Housing and Neighborhood Resource Center, Inc. 13-2941841 * $71,000 West Bronx Housing and Neighborhood Resource Center, Inc. 13-2941841 * $29,730 West Harlem Group Assistance, Inc.","West Harlem Group Assistance, Inc."
data/fy18/schedule_c/fy18_schedule_c_awards.csv,214,132974137,61000,org_merged,council_disclosure,ein+amount,"Harlem Congregations for Community Improvement, Inc. 13-3516262 * $29,730 Northfield Community LDC of Staten Island, Inc.","Northfield Community LDC of Staten Island, Inc."
data/fy18/schedule_c/fy18_schedule_c_awards.csv,217,133385032,71000,org_merged,council_disclosure,ein+amount,"Clinton Housing Development Company, Inc. 13-2851988 * $29,729 Gowanus Canal Community Development Corporation 11-2498292 * $29,729 Mary Mitchell Family and Youth Center, Inc.","Mary Mitchell Family and Youth Center, Inc."
data/fy18/schedule_c/fy18_schedule_c_awards.csv,232,132806160,124300,org_merged,council_disclosure,ein+amount,"Mary Mitchell Family and Youth Center, Inc. 13-3385032 * $124,300 Northwest Bronx Community and Clergy Coalition, Inc.","Northwest Bronx Community and Clergy Coalition, Inc."
data/fy18/schedule_c/fy18_schedule_c_awards.csv,238,113475993,35000,org_merged,council_disclosure,ein+amount,"African Services Committee, Inc. 13-3749744 * $27,000 Association of the Bar of the City of New York Fund, Inc. 13-6003018 * $45,000 Boro Park Jewish Community Council",Boro Park Jewish Community Council
data/fy18/schedule_c/fy18_schedule_c_awards.csv,239,113065859,25000,org_merged,council_disclosure,ein+amount,"Boys & Girls Club Of Metro Queens, Inc. 11-1966067 * $45,000 Brooklyn Chinese-American Association, Inc.","Brooklyn Chinese-American Association, Inc."
data/fy18/schedule_c/fy18_schedule_c_awards.csv,248,510141489,38000,org_merged,council_disclosure,ein+amount,"HIV Law Project, Inc., The 13-3730564 * $38,000 Housing Conservation Coordinators, Inc.","Housing Conservation Coordinators, Inc."
data/fy18/schedule_c/fy18_schedule_c_awards.csv,249,132600199,425000,org_merged,council_disclosure,ein+amount,"Immigrant Justice Corps, Inc. 46-4879076 * $200,000 Immigration Equality 13-3802711 * $10,000 Legal Services NYC",Legal Services NYC
data/fy18/schedule_c/fy18_schedule_c_awards.csv,256,112728233,20000,org_merged,council_disclosure,ein+amount,"SBH Community Service Network, Inc. 23-7406410 * $25,000 Southside Community Mission, Inc. 11-2306447 * $65,000 United Jewish Organizations of Williamsburg, Inc.","United Jewish Organizations of Williamsburg, Inc."
data/fy18/schedule_c/fy18_schedule_c_awards.csv,267,135562256,50000,org_merged,council_disclosure,ein+amount,"Grace Foundation of New York 13-4131863 * $107,372 Heartshare Human Services of New York 11-1633549 * $128,540 Imagine Foundation 20-2336717 * $70,031 Jewish Community Center in Manhattan, Inc., The 13-3490745 * $67,183 Jewish Community Center of Staten Island, Inc.","Jewish Community Center of Staten Island, Inc."
data/fy18/schedule_c/fy18_schedule_c_awards.csv,268,133622107,147132,org_merged,council_disclosure,ein+amount,"Job Path, Inc. 13-4038495 * $87,250 Lifespire, Inc. 13-2526022 * $140,548 Lincoln Center for the Performing Arts, Inc. 13-1847137 * $55,000 Mosholu-Montefiore Community Center, Inc.","Mosholu-Montefiore Community Center, Inc."
data/fy18/schedule_c/fy18_schedule_c_awards.csv,271,135562308,55000,org_merged,council_disclosure,ein+amount,"New York Families for Autistic Children, Inc. 11-3442879 * $219,665 New York University",New York University
data/fy18/schedule_c/fy18_schedule_c_awards.csv,277,112594790,191938,org_merged,council_disclosure,ein+amount,"Reach for the Stars Learning Center 20-3042280 * $55,000 Resources for Children with Special Needs, Inc.","Resources for Children with Special Needs, Inc."
data/fy18/schedule_c/fy18_schedule_c_awards.csv,280,113070228,105046,org_merged,council_disclosure,ein+amount,"Shield of David, Inc. 13-1740041 * $113,136 Shorefront YM-YWHA of Brighton-Manhattan Beach, Inc.","Shorefront YM-YWHA of Brighton-Manhattan Beach, Inc."
data/fy18/schedule_c/fy18_schedule_c_awards.csv,281,136216919,85000,org_merged,council_disclosure,ein+amount,"Sinergia, Inc. 13-3183344 * $75,000 Theatre Development Fund, Inc.","Theatre Development Fund, Inc."
data/fy18/schedule_c/fy18_schedule_c_awards.csv,286,132946970,115385,org_merged,council_disclosure,ein+amount,"Montefiore Medical Center 13-1740114 * $425,077 Safe Horizon, Inc.","Safe Horizon, Inc."
data/fy18/schedule_c/fy18_schedule_c_awards.csv,294,132645436,150000,org_merged,council_disclosure,ein+amount,"Coalition of Behavioral Health Agencies, Inc., The 13-2729071 * $145,000 Fortune Society, Inc., The","Fortune Society, Inc., The"
data/fy18/schedule_c/fy18_schedule_c_awards.csv,306,135562204,27103,org_merged,council_disclosure,ein+amount,"Epilepsy Institute, The 13-2608325 * $189,103 Greenwich House, Inc.","Greenwich House, Inc."
data/fy18/schedule_c/fy18_schedule_c_awards.csv,311,135596746,234103,org_merged,council_disclosure,ein+amount,"Montefiore Medical Center 13-1740114 * $70,429 NYSARC, Inc., Association for Help of Retarded Children","NYSARC, Inc., New York City Chapter"
data/fy18/schedule_c/fy18_schedule_c_awards.csv,315,202508411,273103,org_merged,council_disclosure,ein+amount,"St. Luke's-Roosevelt Hospital Center 13-2997301 * $41,103 Staten Island Mental Health Society, Inc. 13-5623279 * $107,103 Sunset Park Health Council, Inc.","Sunset Park Health Council, Inc."
data/fy18/schedule_c/fy18_schedule_c_awards.csv,360,131632530,35000,org_merged,council_disclosure,ein+amount,"Harlem Mother's Stop Another Violent End (S.A.V.E.) 26-0847222 * $65,000 Union Settlement Association, Inc.","Union Settlement Association, Inc."
data/fy18/schedule_c/fy18_schedule_c_awards.csv,362,112665181,35000,org_merged,council_disclosure,ein+amount,"Not Another Child, Inc. 26-0894097 * $35,000 Jewish Community Council of Greater Coney Island, Inc.","Jewish Community Council of Greater Coney Island, Inc."
data/fy18/schedule_c/fy18_schedule_c_awards.csv,364,132912963,80000,org_merged,council_disclosure,ein+amount,"Street Corner Resources, Inc. 26-0149521 * $40,000 SCAN-New York Volunteer Parent-Aides Association, Inc.","Scan-New York Volunteer Parent-Aides Association, Inc."
data/fy18/schedule_c/fy18_schedule_c_awards.csv,366,451964622,80000,org_merged,council_disclosure,ein+amount,"Urban Youth Alliance International, Inc. 13-2969182 * $160,000 New York Peace Institute, Inc.","New York Peace Institute, Inc."
data/fy18/schedule_c/fy18_schedule_c_awards.csv,369,111729398,40000,org_merged,council_disclosure,ein+amount,"Life Camp, Inc. 20-0814999 * $80,000 Jacob A. Riis Neighborhood Settlement, Inc.","Jacob A. Riis Neighborhood Settlement, Inc."
data/fy18/schedule_c/fy18_schedule_c_awards.csv,370,800612019,40000,org_merged,council_disclosure,ein+amount,"New York Center for Interpersonal Development, Inc. 23-7085239 * $80,000 East Flatbush Village, Inc.","East Flatbush Village, Inc."
data/fy18/schedule_c/fy18_schedule_c_awards.csv,374,061711370,90000,org_merged,council_disclosure,ein+amount,"Central Family Life Center 13-3626127 * $90,000 Gangstas Making Astronomical Community Changes, Inc. 45-3359451 * $90,000 Getting Out and Staying Out, Inc.","Getting Out and Staying Out, Inc."
data/fy18/schedule_c/fy18_schedule_c_awards.csv,381,112932528,56132,org_merged,council_disclosure,ein+amount,"Council of Belmont Organizations, Inc. 13-2755323 * $103,914 Emerald Isle Immigration Center",Emerald Isle Immigration Center
data/fy18/schedule_c/fy18_schedule_c_awards.csv,388,132620896,76000,org_merged,council_disclosure,ein+amount,"Jamaica Service Program for Older Adults, Inc. (JSPOA) NORC 51-0204121 * $45,000 Jewish Association for Services for the Aged (JASA)",Jewish Association for Services for the Aged (JASA)
data/fy18/schedule_c/fy18_schedule_c_awards.csv,440,371443165,51450,org_merged,council_disclosure,ein+amount,"ACCION East, Inc. 11-3317234 * $88,855 Brooklyn Kings County Hispanic Chamber Of Commerce, Inc. 20-2381186 * $30,925 Harlem Business Alliance, Inc. 13-3591350 * $66,450 New Bronx Chamber of Commerce, The","New Bronx Chamber of Commerce, The"
data/fy18/schedule_c/fy18_schedule_c_awards.csv,441,112436149,65925,org_merged,council_disclosure,ein+amount,"New York Women's Chamber of Commerce, Inc. 14-1845651 * $78,940 Queens Economic Development Corporation",Queens Economic Development Corporation
data/fy18/schedule_c/fy18_schedule_c_awards.csv,442,133046424,58600,org_merged,council_disclosure,ein+amount,"Urban Health Plan, Inc. 15-24042810 $88,855 West Brighton Community Local Development Corporation",West Brighton Community Local Development Corporation
data/fy18/schedule_c/fy18_schedule_c_awards.csv,450,136216919,50000,org_merged,council_disclosure,ein+amount,"Jericho Project 13-3213525 * $100,000 Theatre Development Fund, Inc.","Theatre Development Fund, Inc."
data/fy18/schedule_c/fy18_schedule_c_awards.csv,454,133461695,20000,org_merged,council_disclosure,ein+amount,"Bailey House, Inc. 13-3165181 * $20,000 Harlem United Community AIDS Center, Inc.","Harlem United Community AIDS Center, Inc."
data/fy18/schedule_c/fy18_schedule_c_awards.csv,461,131623989,406000,org_merged,council_disclosure,ein+amount,"Boys and Girls Club of Metro Queens, Inc. 11-1966067 * $420,000 Development Outreach, Inc. 13-2997764 * $150,000 East Side House, Inc.","East Side House, Inc."
data/fy18/schedule_c/fy18_schedule_c_awards.csv,464,112799128,84000,org_merged,council_disclosure,ein+amount,"Strycker’s Bay Neighborhood Council, Inc. 13-1943516 * $134,400 Young Dancers in Repertory, Inc.","Young Dancers in Repertory, Inc."
data/fy18/schedule_c/fy18_schedule_c_awards.csv,469,131624096,93000,org_merged,council_disclosure,ein+amount,"Community Healthcare Network, Inc. 13-3083068 * $63,000 Mount Sinai Hospital",Mount Sinai Hospital
data/fy19/schedule_c/fy19_schedule_c_awards.csv,36,133584616,100000,org_merged,council_disclosure,ein+amount,"Haitian Americans United for Progress, Inc. 11-2423857 * $70,000 Indochina Sino-American Senior Citizen Center, Inc.","Indochina Sino-American Senior Citizen Center, Inc."
data/fy19/schedule_c/fy19_schedule_c_awards.csv,100,136171197,200000,org_merged,council_disclosure,ein+amount,"Crime Victims Treatment Center, Inc. 81-5080860 * $200,000 Icahn School of Medicine at Mount Sinai",Icahn School of Medicine at Mount Sinai
data/fy19/schedule_c/fy19_schedule_c_awards.csv,125,237212492,113200,org_merged,council_disclosure,ein+amount,"Instituto Arte Teatral Internacional, Inc. 13-3111859 * $29,800 International Arts Relations, Inc.","International Arts Relations, Inc."
data/fy19/schedule_c/fy19_schedule_c_awards.csv,139,133929841,14600,org_merged,council_disclosure,ein+amount,"Rising Circle Theater Collective, Inc. 20-1407519 * $14,600 Second Generation Productions, Inc.","Second Generation Productions, Inc."
data/fy19/schedule_c/fy19_schedule_c_awards.csv,190,521996380,100000,org_merged,council_disclosure,ein+amount,"History UnErased, Inc. 47-2852025 * $100,000 Lambda Literary Foundation",Lambda Literary Foundation
data/fy19/schedule_c/fy19_schedule_c_awards.csv,198,136400434,20354500,org_merged,council_disclosure,ein+amount,"Council of School Supervisors and Administrators 11-2024569 * $450,000 Department of Education",Department of Education
data/fy19/schedule_c/fy19_schedule_c_awards.csv,240,112837894,180000,org_merged,council_disclosure,ein+amount,"AID for AIDS International, Inc. 13-3954568 * $50,000 AIDS Center of Queens County, Inc.","AIDS Center of Queens County, Inc."
data/fy19/schedule_c/fy19_schedule_c_awards.csv,255,113122295,144000,org_merged,council_disclosure,ein+amount,"Community Research Initiative on AIDS, Inc. 13-3632234 * $228,630 Diaspora Community Services, Inc.","Diaspora Community Services, Inc."
data/fy19/schedule_c/fy19_schedule_c_awards.csv,310,263178076,20000,org_merged,council_disclosure,ein+amount,"Vision Urbana, Inc. 13-3848575 * $14,000 Young Women of Color HIV/AIDS Coalition",Young Women of Color HIV/AIDS Coalition
data/fy19/schedule_c/fy19_schedule_c_awards.csv,319,131624096,123541,org_merged,council_disclosure,ein+amount,"Lower East Side Family Union 23-7412423 * $61,701 Mount Sinai Hospital",Mount Sinai Hospital
data/fy19/schedule_c/fy19_schedule_c_awards.csv,370,471006046,29730,org_merged,council_disclosure,ein+amount,"Brighton Neighborhood Association, Inc. 11-2435523 * $29,729 Bronx Neighborhood Housing Services CDC, Inc., The","Bronx Neighborhood Housing Services CDC, Inc., The"
data/fy19/schedule_c/fy19_schedule_c_awards.csv,409,112451752,61000,org_merged,council_disclosure,ein+amount,"Northwest Bronx Community and Clergy Coalition, Inc. 13-2806160 * $29,730 Pratt Area Community Council, Inc.","Pratt Area Community Council, Inc."
data/fy19/schedule_c/fy19_schedule_c_awards.csv,418,132735378,29730,org_merged,council_disclosure,ein+amount,"Strycker's Bay Neighborhood Council, Inc. 13-1943516 * $29,730 United Jewish Council of the East Side, Inc.","United Jewish Council of the East Side, Inc."
data/fy19/schedule_c/fy19_schedule_c_awards.csv,451,133749744,50000,org_merged,council_disclosure,ein+amount,"Ackerman Institute for the Family 13-1923959 * $65,000 African Services Committee, Inc.","African Services Committee, Inc."
data/fy19/schedule_c/fy19_schedule_c_awards.csv,458,237348989,30000,org_merged,council_disclosure,ein+amount,"Institute for Family Health, The 13-3273402 * $100,000 Korean Community Services of Metropolitan New York, Inc.","Korean Community Services of Metropolitan New York, Inc."
data/fy19/schedule_c/fy19_schedule_c_awards.csv,489,132600199,425000,org_merged,council_disclosure,ein+amount,"Immigration Equality 13-3802711 * $10,000 Legal Services NYC",Legal Services NYC
data/fy19/schedule_c/fy19_schedule_c_awards.csv,559,136216919,85000,org_merged,council_disclosure,ein+amount,"Sinergia, Inc. 13-3183344 * $60,548 Theatre Development Fund, Inc.","Theatre Development Fund, Inc."
data/fy19/schedule_c/fy19_schedule_c_awards.csv,599,743177454,107103,org_merged,council_disclosure,ein+amount,"PSCH, INC. (Kingsboro Psychiatric Center) 11-2542430 * $132,103 Richmond Medical Center",Richmond Medical Center
data/fy19/schedule_c/fy19_schedule_c_awards.csv,628,133724008,250000,org_merged,council_disclosure,ein+amount,"Housing Works, Inc. 13-3584089 * $250,000 St. Ann's Corner of Harm Reduction, Inc.","St. Ann's Corner of Harm Reduction, Inc."
data/fy19/schedule_c/fy19_schedule_c_awards.csv,632,132709368,16000,org_merged,council_disclosure,ein+amount,"East Flatbush Village, Inc. 80-0612019 Meyer Levin High School $18,000 Afro-Latin Jazz Alliance of New York, Inc. 45-3665976 Brownsville Academy $18,000 Central Brooklyn Jazz Consortium, Inc. 11-3549224 Public School 284K $18,000 Brooklyn Music School 11-6000202 Ebbets Field Middle School","Bronx Museum of the Arts, The"
data/fy19/schedule_c/fy19_schedule_c_awards.csv,649,112864728,143000,org_merged,council_disclosure,ein+amount,"Community Service Center of Greater Williamsburg, Inc. 45-5180976 * $25,000 Council of Jewish Organizations of Flatbush, Inc.","Council of Jewish Organizations of Flatbush, Inc."
data/fy19/schedule_c/fy19_schedule_c_awards.csv,680,200351906,100000,org_merged,council_disclosure,ein+amount,"Vision Urbana, Inc. 13-3848575 * $100,000 Young Women's Christian Association of Queens",Young Women's Christian Association of Queens
data/fy19/schedule_c/fy19_schedule_c_awards.csv,699,133591350,73000,org_merged,council_disclosure,ein+amount,"Caribbean American Chamber of Commerce and Industry, Inc. 11-2903423 * $88,500 Harlem Business Alliance, Inc.","Harlem Business Alliance, Inc."
data/fy19/schedule_c/fy19_schedule_c_awards.csv,704,133255591,125000,org_merged,council_disclosure,ein+amount,"Public Housing Communities, Inc. 20-3937275 * $125,000 Northern Manhattan Coalition for Immigrant Rights",Northern Manhattan Coalition for Immigrant Rights
data/fy19/schedule_c/fy19_schedule_c_awards.csv,767,112777066,444700,org_merged,council_disclosure,ein+amount,"ICA Group, Inc., The 04-2628399 * $309,800 NYC NOWC, Inc. 46-5245034 * $252,600 SCO Family of Services",SCO Family of Services
data/fy19/schedule_c/fy19_schedule_c_awards.csv,832,131623989,406000,org_merged,council_disclosure,ein+amount,"Development Outreach, Inc. 13-2997764 * $150,000 East Side House, Inc.","East Side House, Inc."
data/fy19/schedule_c/fy19_schedule_c_awards.csv,834,112799128,84000,org_merged,council_disclosure,ein+amount,"Strycker's Bay Neighborhood Council, Inc. 13-1943516 * $134,400 Young Dancers in Repertory, Inc.","Young Dancers in Repertory, Inc."
data/fy19/schedule_c/fy19_schedule_c_awards.csv,847,133203701,179500,org_merged,council_disclosure,ein+amount,"South Bronx Overall Economic Development Corporation 13-2736022 * $370,100 Youth Action Programs and Homes, Inc.","Youth Action Programs and Homes, Inc."
data/fy20/schedule_c/fy20_schedule_c_awards.csv,1952,132612524,100000,org_prose,council_disclosure,ein+amount,"Fund for the City of New York, Inc.- Brooklyn","Fund for the City of New York, Inc."
data/fy20/schedule_c/fy20_schedule_c_awards.csv,1953,132612524,126000,org_prose,council_disclosure,ein+amount,"Fund for the City of New York, Inc.- Staten Island","Fund for the City of New York, Inc."
data/fy21/schedule_c/fy21_appendix_a_aging.csv,465,112733344,5000,org_prose,council_disclosure,ein+amount,"Funding to support operational expenses associated with cultural events and activities including outreach/promotions, facility/space costs and artists costs for seniors. CD 37 Sumner Houses Tenants Association, Inc.","Sumner Houses Tenants Association, Inc."
data/fy21/schedule_c/fy21_appendix_b_local.csv,258,112547268,22500,org_prose,council_disclosure,ein+amount,"To support BRIC’s free and accessible youth and family programming, located at such Council District 43 schools as P.S. 104K the Fort Hamilton School and at BRIC House. CD 37 BRIC Arts Media Brooklyn, Inc.","BRIC Arts Media Brooklyn, Inc."
data/fy21/schedule_c/fy21_appendix_b_local.csv,536,264698161,5000,org_prose,council_disclosure,ein+amount,"Funds will be used to support Affordable Housing workshops, Know Your Rights & Financial Empowerment for Council District 41 residents. CD 37 Churches United for Fair Housing, Inc.","Churches United for Fair Housing, Inc."
data/fy21/schedule_c/fy21_appendix_b_local.csv,696,132765465,20000,org_prose,council_disclosure,ein+amount,"Funds to support Farmers Market in Council District 45. CD 37 Council on the Environment, Inc.","Council on the Environment, Inc."
data/fy21/schedule_c/fy21_appendix_b_local.csv,1068,311558645,20000,org_prose,council_disclosure,ein+amount,"Funds will be used for family events to perform at Forest Park for Council District 29. CD 37 Forest Park Trust, Inc.","Forest Park Trust, Inc."
data/fy21/schedule_c/fy21_appendix_b_local.csv,1121,132612524,25000,org_prose,council_disclosure,ein+amount,"Rosenthal, Manhattan, Progressive, Women's Fund for the City of New York, Inc.","Fund for the City of New York, Inc."
data/fy21/schedule_c/fy21_appendix_b_local.csv,1123,132612524,100000,org_prose,council_disclosure,ein+amount,"LGBT Fund for the City of New York, Inc.","Fund for the City of New York, Inc."
data/fy21/schedule_c/fy21_appendix_b_local.csv,1135,132612524,25000,org_prose,council_disclosure,ein+amount,"Dromm Fund for the City of New York, Inc.","Fund for the City of New York, Inc."
data/fy21/schedule_c/fy21_appendix_b_local.csv,1265,275438148,5000,org_prose,council_disclosure,ein+amount,"Funds will support Access to Justice for Immigrants Project as well as general legal services for victims of domestic violence and their families. CD 37 Heritage Radio Network, Inc.","Heritage Radio Network, Inc."
data/fy21/schedule_c/fy21_appendix_b_local.csv,1269,113462888,25000,org_prose,council_disclosure,ein+amount,Funding to support operational expenses related to providing immigration services to local residents in Council District 16. Page 89 Appendix B: Local Initiatives Council Member Sponsor Legal Name of Organization,Highland Park Community Development Corporation
data/fy21/schedule_c/fy21_appendix_b_local.csv,1481,114088055,14000,org_prose,council_disclosure,ein+amount,"To provide Food and Nutrition Services to those diagnosed with HIV/AIDS. CD 37 Labor and Industry For Education, Inc.","Labor and Industry For Education, Inc."
data/fy21/schedule_c/fy21_appendix_b_local.csv,2086,204557408,10000,org_prose,council_disclosure,ein+amount,"To support NEW’s training, placement and support of NEW’s network of prospective students, participating students and graduates, which include some 3,000 women, and expand advanced, career-specific trainings to 175 NEW graduates. CD 37 Norte Maar for Collaborative Projects in the Arts",Norte Maar for Collaborative Projects in the Arts
data/fy21/schedule_c/fy21_appendix_b_local.csv,2141,112934620,11000,org_prose,council_disclosure,ein+amount,"To provide funding to support Operation Equivalency's adult literacy courses, high school equivalency testing, and graduate placements. CD 37 Opportunities for a Better Tomorrow, Inc.","Opportunities for a Better Tomorrow, Inc."
data/fy21/schedule_c/fy21_appendix_b_local.csv,2264,141634870,10000,org_prose,council_disclosure,ein+amount,"To support job readiness and workforce training. CD 37 Public Utility Law Project of New York, Inc.","Public Utility Law Project of New York, Inc."
data/fy21/schedule_c/fy21_appendix_b_local.csv,2284,450491693,17000,org_prose,council_disclosure,ein+amount,"To support Public School 177Q-Main Campus's after-school programming, as well as staff training and purchasing of additional supplies and materials for participants. CD 37 Quebradillas Baseball Organization, Inc.","Quebradillas Baseball Organization, Inc."
data/fy21/schedule_c/fy21_appendix_b_local.csv,2672,264417161,10000,org_prose,council_disclosure,ein+amount,Funding will support awareness event in Council District 51. CD 37 Tell Every Amazing Lady About Ovarian Cancer Foundation,Tell Every Amazing Lady About Ovarian Cancer Foundation
data/fy21/schedule_c/fy21_appendix_b_local.csv,2692,270213447,5000,org_prose,council_disclosure,ein+amount,Funding will support TNR Utopia's community cat program. CD 37 Together We Are,Together We Are
data/fy21/schedule_c/fy21_appendix_b_local.csv,2725,112728233,17000,org_prose,council_disclosure,ein+amount,"Funding to support congregate meals and health/wellness activities at the Lillian Wald Senior Center. CD 37 United Jewish Organizations of Williamsburg, Inc.","United Jewish Organizations of Williamsburg, Inc."
data/fy21/schedule_c/fy21_appendix_b_local.csv,2823,251919494,33000,org_prose,council_disclosure,ein+amount,"Funds will be used to support a WITS Cook for Kids program for students in Council District 11. CD 37 Wellness in the Schools, Inc.","Wellness in the Schools, Inc."
data/fy21/schedule_c/fy21_appendix_c_youth.csv,329,132612524,7000,org_prose,council_disclosure,ein+amount,"Fund for the City of New York, Inc. -Council District 45","Fund for the City of New York, Inc."
data/fy21/schedule_c/fy21_appendix_c_youth.csv,330,132612524,5000,org_prose,council_disclosure,ein+amount,"Fund for the City of New York, Inc. -Queens Youth Justice Court Center","Fund for the City of New York, Inc."
data/fy21/schedule_c/fy21_appendix_c_youth.csv,331,132612524,10000,org_prose,council_disclosure,ein+amount,"Fund for the City of New York, Inc. -Scholars of the Zone","Fund for the City of New York, Inc."
data/fy21/schedule_c/fy21_appendix_c_youth.csv,332,132612524,5000,org_prose,council_disclosure,ein+amount,"Fund for the City of New York, Inc. -Staten Island Justice Center","Fund for the City of New York, Inc."
data/fy21/schedule_c/fy21_appendix_c_youth.csv,337,113341395,45000,org_prose,council_disclosure,ein+amount,"Funds will support civics education in schools within CD15. CD 37 George Walker, Jr. Community Coalition, Inc., The","George Walker, Jr. Community Coalition, Inc., The"
data/fy21/schedule_c/fy21_schedule_c_awards.csv,336,510186869,7777,org_prose,council_disclosure,ein+amount,"Funding to support neighborhood activities; including a children's festival, workshops and outdoor events showcasing culture from various ethnic groups. Bronx Delegation Bronx Arts Ensemble, Inc.","Bronx Arts Ensemble, Inc."
data/fy21/schedule_c/fy21_schedule_c_awards.csv,363,136125044,10000,org_prose,council_disclosure,ein+amount,"Funds will support administrative, staffing, and operational costs associated with the Early Childhood Program and vocational training store, Encore. Bronx Delegation Edgewater Park Volunteer Hose Company No. 1, Inc.","Edgewater Park Volunteer Hose Company No. 1, Inc."
data/fy21/schedule_c/fy21_schedule_c_awards.csv,389,131623850,10000,org_prose,council_disclosure,ein+amount,Funding will support KHCC Teen Ctr/Youth Dept. which offers comprehensive support services within a youth development framework to mainstream at-risk youth ages 11-21. Bronx Delegation Kips Bay Boys & Girls Club,Kips Bay Boys & Girls Club
data/fy21/schedule_c/fy21_schedule_c_awards.csv,423,043252955,10000,org_prose,council_disclosure,ein+amount,"The funds will be used for cleanup supplies, educational workshops, as well as community events: Back to School, Halloween, Mid-Autumn Festival, Lunar New Year, Easter, Children's Day, and Mother's Day, focused on family engagement. Bronx Delegation Per Scholas, Inc.","Per Scholas, Inc."
data/fy21/schedule_c/fy21_schedule_c_awards.csv,434,263497932,10000,org_prose,council_disclosure,ein+amount,"Funds will support administrative, staffing, and operational costs associated with the family day care services. Bronx Delegation Southern Boulevard District Management Association, Inc.","Southern Boulevard District Management Association, Inc."
data/fy21/schedule_c/fy21_schedule_c_awards.csv,1582,136162659,100000,org_prose,council_disclosure,ein+amount,The funding will be used to cover the various costs associated with implementing APECs educational programs. Torres American Museum of Natural History,American Museum of Natural History
data/fy21/schedule_c/fy21_schedule_c_awards.csv,1594,474160811,75000,org_prose,council_disclosure,ein+amount,"Funding will allow increased outreach into NYC's diverse communities for a significant expansion of the BBF audience. It will fund a coordinator and related expenses for a public outreach program. Cumbo Brooklyn Center for the Arts, Inc.","Brooklyn Center for the Arts, Inc."
data/fy21/schedule_c/fy21_schedule_c_awards.csv,1596,111630813,25000,org_prose,council_disclosure,ein+amount,"Funding will support capacity-building to accommodate the organization's growing community engagement. Brooklyn Historical Society, The","Brooklyn Historical Society, The"
data/fy21/schedule_c/fy21_schedule_c_awards.csv,1599,131923626,25000,org_prose,council_disclosure,ein+amount,"Funding to support the continuation, expansion and enhancement of programming. Funding will enable providing additional food, fresh produce, healthy initiatives workshops and benefit access services. Powers Carnegie Hall Corporation, The","Carnegie Hall Corporation, The"
data/fy21/schedule_c/fy21_schedule_c_awards.csv,1601,112940331,20000,org_prose,council_disclosure,ein+amount,"Funds will be used for tenant counseling programming, as well as waterfront concerts and events. Deutsch Chai Lifeline, Inc.","Chai Lifeline, Inc."
data/fy21/schedule_c/fy21_schedule_c_awards.csv,1602,132761376,75000,org_prose,council_disclosure,ein+amount,Funds for seriously ill children and their families to include concrete services such as hot meals and other food and medical items as needed by the patients their parents and siblings. Provide transportation to and from medical appointments & hospitals. Children's Museum of Manhattan,Children's Museum of Manhattan
data/fy21/schedule_c/fy21_schedule_c_awards.csv,1606,161636968,100000,org_prose,council_disclosure,ein+amount,"Funding to support the costs associated with obtaining food and supplies for distribution to the needy. Cool Culture, Inc.","Cool Culture, Inc."
data/fy21/schedule_c/fy21_schedule_c_awards.csv,1607,461206478,50000,org_prose,council_disclosure,ein+amount,"Funding would be used to cover the cost of free admission for up to five family members to 90 museums, zoos and botanic gardens; professional development to education professionals; and other programmatic materials to support parents. Corbin Hill Food Project, Inc., The","Corbin Hill Food Project, Inc., The"
data/fy21/schedule_c/fy21_schedule_c_awards.csv,1611,134051235,15000,org_prose,council_disclosure,ein+amount,"For a Community Education Summit to focus on the opioid crisis and related public health issues in Queens. Funds will be used for equipment rental, food, supplies, outreach and information materials, security and maintenance. Irish, Van Bramer Film Fleadh Foundation, Inc.","Film Fleadh Foundation, Inc."
data/fy21/schedule_c/fy21_schedule_c_awards.csv,1614,311734086,100000,org_prose,council_disclosure,ein+amount,"Funding to support Fort Greene Park Summer programming; free community cultural and youth programs, activities and events in Fort Greene Park. Friends of the High Line, Inc.","Friends of the High Line, Inc."
data/fy21/schedule_c/fy21_schedule_c_awards.csv,1617,271848709,50000,org_prose,council_disclosure,ein+amount,"To provide culturally and linguistically competent outreach and services for survivors/victims of domestic violence, child abuse, human trafficking, and sexual assault among NYC Chinese immigrants. Girl Be Heard Institute",Girl Be Heard Institute
data/fy21/schedule_c/fy21_schedule_c_awards.csv,1620,132813350,25000,org_prose,council_disclosure,ein+amount,"Funds will be used to support after school and weekend recreation, social skills, support programs for children and families impacted by Autism Spectrum Disorder. Greenhope Services for Women, Inc.","Greenhope Services for Women, Inc."
data/fy21/schedule_c/fy21_schedule_c_awards.csv,1621,116037766,75000,org_prose,council_disclosure,ein+amount,"Funding to provide staff support for a part time teacher to assist mothers with adult basic education and Testing Assessing Secondary Completion. Brannan Guild for Exceptional Children, Inc.","Guild for Exceptional Children, Inc."
data/fy21/schedule_c/fy21_schedule_c_awards.csv,1631,133964284,125000,org_prose,council_disclosure,ein+amount,"Funds will be used for stipends for youth, and other operational expenses such as rent, utilities, travel, food, supplies and for painting the facilities. Independence Care System, Inc.","Independence Care System, Inc."
data/fy21/schedule_c/fy21_schedule_c_awards.csv,1634,831788832,20000,org_prose,council_disclosure,ein+amount,"Funding will support the workspace program as well as in-school, after-school, Saturday Art center Workshops, and Summer Art programs. Jamel Gaines Creative Outlet, Inc.","Jamel Gaines Creative Outlet, Inc."
data/fy21/schedule_c/fy21_schedule_c_awards.csv,1637,273152656,20000,org_prose,council_disclosure,ein+amount,"Funds will be used to cover the cost associated with museum's educational and cultural programs. Jewish Coalition for Youth Education & Support, Inc.","Jewish Coalition for Youth Education & Support, Inc."
data/fy21/schedule_c/fy21_schedule_c_awards.csv,1643,133047056,50000,org_prose,council_disclosure,ein+amount,"Funds to offset costs of food program by covering cost of rent, utilities and Food pantry bags. Cohen, King Lehman College Center for the Performing Arts, Inc.","Lehman College Center for the Performing Arts, Inc."
data/fy21/schedule_c/fy21_schedule_c_awards.csv,1647,133023183,100000,org_prose,council_disclosure,ein+amount,"Funds will ensure children are ready for school and have the support they need to sustain grade-level reading proficiency in schools throughout the Jamaica area and among seven partner organizations. Loisaida, Inc.","Loisaida, Inc."
data/fy21/schedule_c/fy21_schedule_c_awards.csv,1655,133376265,200000,org_prose,council_disclosure,ein+amount,Funding to support the expansion and revitalization of their Public Exchange Series- a monthly community event that brings together groundbreaking programming to traditionally underrepresented areas of Public Housing in Brooklyn. Jewish Museum of Jewish Heritage,Museum of Jewish Heritage - A Living Memorial to the Holocaust
data/fy21/schedule_c/fy21_schedule_c_awards.csv,1657,133030257,175000,org_prose,council_disclosure,ein+amount,"Funding will be used for teaching underserved students the following skills: interpersonal communication skills, public speaking, conflict resolution, time management, research and project-based action planning needed to engage in a pluralistic society. National Institute for Reproductive Health, Inc.","National Institute for Reproductive Health, Inc."
data/fy21/schedule_c/fy21_schedule_c_awards.csv,1669,132805131,125000,org_prose,council_disclosure,ein+amount,"To provide funding support for vital, tailored services to older adults with acute reentry needs","Playwrights Horizons, Inc."
data/fy21/schedule_c/fy21_schedule_c_awards.csv,1675,770568469,10500,org_prose,council_disclosure,ein+amount,"Funds will support social work, including help with Food Stamps, Health Insurance, and other benefits, a supermarket style Food Pantry, Tax Assistance, Nutritional Work Shops, F.E.A.T (Firsthand Emergency Action Team). Adams Reading Partners",Reading Partners
data/fy21/schedule_c/fy21_schedule_c_awards.csv,1676,132943389,20000,org_prose,council_disclosure,ein+amount,Funds will ensure children are ready for school and have the support they need to sustain grade-level reading proficiency in schools throughout the Jamaica area and among eight partner organizations. Staten Island Richmond Engine Company No. 1,Richmond Engine Company No. 1
data/fy21/schedule_c/fy21_schedule_c_awards.csv,1678,136192346,25000,org_prose,council_disclosure,ein+amount,"Funding will support parenting, education, material support, and specialized referrals for babies and families living in poverty. Roundabout Theatre Company, Inc.","Roundabout Theatre Company, Inc."
data/fy21/schedule_c/fy21_schedule_c_awards.csv,1684,462977659,15000,org_prose,council_disclosure,ein+amount,Funds will support Teatro SEA's dropout prevention and theater for young audiences and immigrant communities programs. Sophie Gerson Healthy Youth,Sophie Gerson Healthy Youth
data/fy21/schedule_c/fy21_schedule_c_awards.csv,1689,112665242,25000,org_prose,council_disclosure,ein+amount,"Funds will be used to support the operational expenses associated with La Cueva/The Cave which is a food bank-designated soup kitchen. St. Ann's Warehouse, Inc.","St. Ann's Warehouse, Inc."
data/fy21/schedule_c/fy21_schedule_c_awards.csv,1693,133706442,75000,org_prose,council_disclosure,ein+amount,"Funding will be used to support enrichment programs, programming, and operating expenses. Matteo Staten Island Economic Development Corporation",Staten Island Economic Development Corporation
data/fy21/schedule_c/fy21_schedule_c_awards.csv,1696,133716944,20000,org_prose,council_disclosure,ein+amount,"Funds will be used to support the purchase of equipment needed to complete general facilities maintenance. Staten Island Recreational Association, Inc.","Staten Island Recreational Association, Inc."
data/fy21/schedule_c/fy21_schedule_c_awards.csv,1700,264417161,36840,org_prose,council_disclosure,ein+amount,Studio in a School New York City will offer the Multilingual Learners Visual Arts Residency Program to 25 Title I schools citywide. Levin Tell Every Amazing Lady About Ovarian Cancer Foundation,Tell Every Amazing Lady About Ovarian Cancer Foundation
data/fy21/schedule_c/fy21_schedule_c_awards.csv,1703,472167056,25000,org_prose,council_disclosure,ein+amount,"Funds will be used to purchase nutrient-dense proteins, fresh fruits and vegetables, milk products, quality baked goods, and other healthy packages products. Funds will also be used for utilities and supplies. Barron, Women's Victory Music and Dance Company, Inc.","Victory Music and Dance Company, Inc."
data/fy22/schedule_c/fy22_appendix_a_aging.csv,32,651209580,8000,org_prose,council_disclosure,ein+amount,"Funding to support cultural and educational lectures and excursions for Holocaust survivors and/or seniors of the community, and other services for the community including food. CD22 Astoria Performing Arts Center, Inc.","Astoria Performing Arts Center, Inc."
data/fy22/schedule_c/fy22_appendix_a_aging.csv,45,131623910,2500,org_prose,council_disclosure,ein+amount,"Funds will support the Golden Age Club including senior peer counseling, community updates and information on senior services. CD48 Blue Card, Inc., The","Blue Card, Inc., The"
data/fy22/schedule_c/fy22_appendix_a_aging.csv,77,112047151,30000,org_prose,council_disclosure,ein+amount,"Funding will be used to support educational/recreational & health promotion activities, transportation services and to provide general support to program operation for the Bayside Senior Center. CD22 Catholic Charities Neighborhood Services, Inc.","Catholic Charities Neighborhood Services, Inc."
data/fy22/schedule_c/fy22_appendix_a_aging.csv,90,112652331,7000,org_prose,council_disclosure,ein+amount,"Funds will be utilized to operate the Senior Centers, including provision of congregate lunch, health management, physical health/exercise activities, arts, technology & nutrition education, and transportation. CD22 Central Astoria Local Development Coalition, Inc.","Central Astoria Local Development Coalition, Inc."
data/fy22/schedule_c/fy22_appendix_a_aging.csv,133,861096987,20000,org_prose,council_disclosure,ein+amount,"To support services for adults over the age of 55 in Council District 21. CD22 East River Development Alliance, Inc.","East River Development Alliance, Inc."
data/fy22/schedule_c/fy22_appendix_a_aging.csv,151,203244567,17000,org_prose,council_disclosure,ein+amount,"Funding to support operational expenses associated with senior programming and activities. CD48 Flatbush Shomrim Safety Patrol, Inc.","Flatbush Shomrim Safety Patrol, Inc."
data/fy22/schedule_c/fy22_appendix_a_aging.csv,186,112290832,22000,org_prose,council_disclosure,ein+amount,"funds will help to support operational costs, activities/programming for seniors at the Angelo Petromelis Senior Center. CD22 HANAC, Inc.","HANAC, Inc."
data/fy22/schedule_c/fy22_appendix_a_aging.csv,188,112290832,6000,org_prose,council_disclosure,ein+amount,"funding will be used to provide health and wellness, social events, and defray operating costs at Ravenswood Senior Center. CD22 HANAC, Inc.","HANAC, Inc."
data/fy22/schedule_c/fy22_appendix_a_aging.csv,210,113373115,5000,org_prose,council_disclosure,ein+amount,"Funding to provide educational and recreational services for seniors, access and translation (Chinese-English) services, case assistance, community workshops, health and wellness promotion. CD48 Homecrest Community Services, Inc.","Homecrest Community Services, Inc."
data/fy22/schedule_c/fy22_appendix_a_aging.csv,241,132620896,6000,org_prose,council_disclosure,ein+amount,"To provide funding for JASA's health-related programming, which addresses chronic diseases, nutrition, and weight management. CD48 Jewish Association for Services for the Aged (JASA)",Jewish Association for Services for the Aged (JASA)
data/fy22/schedule_c/fy22_appendix_a_aging.csv,246,132620896,6000,org_prose,council_disclosure,ein+amount,"Funding to support Roy Reuther Senior Center including general operating costs, teachers/lecturers for classes/workshops and transportation for seniors. CD48 Jewish Association for Services for the Aged (JASA)",Jewish Association for Services for the Aged (JASA)
data/fy22/schedule_c/fy22_appendix_a_aging.csv,247,132620896,6000,org_prose,council_disclosure,ein+amount,"Funding to support health/exercise programs, senior outings, supplies and operating costs at Scheuer House Brighton 6 Tenants Association. CD48 Jewish Association for Services for the Aged (JASA)",Jewish Association for Services for the Aged (JASA)
data/fy22/schedule_c/fy22_appendix_a_aging.csv,248,132620896,5500,org_prose,council_disclosure,ein+amount,"Funding to support various programming, activities and services at Senior Alliance Senior Center. CD48 Jewish Association for Services for the Aged (JASA)",Jewish Association for Services for the Aged (JASA)
data/fy22/schedule_c/fy22_appendix_a_aging.csv,251,132620896,5500,org_prose,council_disclosure,ein+amount,Funding to support operating expense costs for senior programming at Starrett City Senior Center. CD48 Jewish Association for Services for the Aged (JASA),Jewish Association for Services for the Aged (JASA)
data/fy22/schedule_c/fy22_appendix_a_aging.csv,262,112665181,25000,org_prose,council_disclosure,ein+amount,"Funds will be used to support the Haber Senior Center's Healthy Aging services which include health promotion, educational and recreational activities including exercise, music, chorus, knitting, library, and ESL computer classes. CD48 Jewish Community Council of Greater Coney Island, Inc.","Jewish Community Council of Greater Coney Island, Inc."
data/fy22/schedule_c/fy22_appendix_a_aging.csv,263,112665181,5000,org_prose,council_disclosure,ein+amount,"Funding to support the expenses related to Senior Citizen Homecare programming and Services. CD48 Jewish Community Council of Greater Coney Island, Inc.","Jewish Community Council of Greater Coney Island, Inc."
data/fy22/schedule_c/fy22_appendix_a_aging.csv,264,112665181,5000,org_prose,council_disclosure,ein+amount,"Funding to support various programming, activities and services at Jay Harama Senior Center. CD48 Jewish Community Council of Greater Coney Island, Inc.","Jewish Community Council of Greater Coney Island, Inc."
data/fy22/schedule_c/fy22_appendix_a_aging.csv,330,550882599,7500,org_prose,council_disclosure,ein+amount,"requested funds will be used to support core program services. Lander Older Adults Technology Services (OATS), Inc.","Older Adults Technology Services (OATS), Inc."
data/fy22/schedule_c/fy22_appendix_a_aging.csv,357,112375583,15000,org_prose,council_disclosure,ein+amount,"funds received will be used to cover the cost of food/refreshments for the weekly gathering to expand networking opportunities for seniors. Funds will be applied to the purchase of supplies and transportation. Dromm Queens Community House, Inc.","Queens Community House, Inc."
data/fy22/schedule_c/fy22_appendix_a_aging.csv,374,136213586,22000,org_prose,council_disclosure,ein+amount,"funds for the R.A.I.N. Bailey Neighborhood Senior Center will be used for supplies, senior activities, senior trips and utilities. Riley Regional Aid for Interim Needs, Inc.","Regional Aid for Interim Needs, Inc."
data/fy22/schedule_c/fy22_appendix_a_aging.csv,376,136213586,22000,org_prose,council_disclosure,ein+amount,"funds will be used to support the operating expenses of the Senior Center and its programming and activities. Riley Regional Aid for Interim Needs, Inc.","Regional Aid for Interim Needs, Inc."
data/fy22/schedule_c/fy22_appendix_a_aging.csv,380,136213586,10000,org_prose,council_disclosure,ein+amount,"funds will be used to support the operating expenses of the Inwood Senior Center in Council District 10 and its programming and activities. Gjonaj Regional Aid for Interim Needs, Inc.","Regional Aid for Interim Needs, Inc."
data/fy22/schedule_c/fy22_appendix_a_aging.csv,381,136213586,10000,org_prose,council_disclosure,ein+amount,"funds will be used to support the operating expenses of the Senior Center and its programming and activities. Feliz Regional Aid for Interim Needs, Inc.","Regional Aid for Interim Needs, Inc."
data/fy22/schedule_c/fy22_appendix_a_aging.csv,403,208663409,7500,org_prose,council_disclosure,ein+amount,"program will provide seniors over the age of sixty who reside in the greater Clearview, Whitestone, Le Harve, Bay Terrace, and Flushing Communities with dedicated transportation service. Johnson Say Ah!, Inc.","Say Ah!, Inc."
data/fy22/schedule_c/fy22_appendix_a_aging.csv,414,131624178,10000,org_prose,council_disclosure,ein+amount,"To maintain staffing to assist senior clients, to assist with transportation, and to provide case management and assistance. CD22 Selfhelp Community Services, Inc.","Selfhelp Community Services, Inc."
data/fy22/schedule_c/fy22_appendix_a_aging.csv,441,112730462,7000,org_prose,council_disclosure,ein+amount,"To provide senior citizens 60 and older with hot lunches, educational and recreational activities, and comprehensive case management services and staff support. CD22 Spanish Speaking Elderly Council",Spanish Speaking Elderly Council - RAICES
data/fy22/schedule_c/fy22_appendix_a_aging.csv,464,112857501,19000,org_prose,council_disclosure,ein+amount,"requested funds will help support the Bay Ridge on the Move (BROM) transportation program. Koo Taiwan Center, Inc.","Taiwan Center, Inc."
data/fy22/schedule_c/fy22_appendix_b_local.csv,44,133975090,10000,org_prose,council_disclosure,ein+amount,"Funding to support Afro Latin Jazz Academy of Music Residency program at P.S. 120K. CD48 Agudath Israel of America Community Services, Inc.","Agudath Israel of America Community Services, Inc."
data/fy22/schedule_c/fy22_appendix_b_local.csv,52,113220961,14000,org_prose,council_disclosure,ein+amount,"Funds to be used to operate the AIMHigh Empowerment Institute, The Epic Impact Program, College Fair, & the Student Empowerment Symposium. CD22 AKTINA Productions, Inc.","AKTINA Productions, Inc."
data/fy22/schedule_c/fy22_appendix_b_local.csv,57,460802042,125000,org_prose,council_disclosure,ein+amount,"funding will be used to cover the various costs associated with implementing APECs educational programs. Speaker Treyger Alliance for Coney Island, Inc.","Alliance for Coney Island, Inc."
data/fy22/schedule_c/fy22_appendix_b_local.csv,91,113534833,25000,org_prose,council_disclosure,ein+amount,"Funding to support outreach and online presence to promote art events and support artists in Gowanus including the Arts Gowanus ArtWalk on Atlantic Avenue. CD22 Ansob Center for Refugees, Inc.","Ansob Center for Refugees, Inc."
data/fy22/schedule_c/fy22_appendix_b_local.csv,148,651209580,15000,org_prose,council_disclosure,ein+amount,"Funds to be used to provide basic need items to families via ""Wraparound Support"". CD22 Astoria Performing Arts Center, Inc.","Astoria Performing Arts Center, Inc."
data/fy22/schedule_c/fy22_appendix_b_local.csv,149,113220371,20000,org_prose,council_disclosure,ein+amount,Funds will be used to support costs for theater programs in Council District 22. Page 36 Appendix B: Local Initiatives Council Member Sponsor Legal Name of Organization,"Astoria/Queens Share-ing and Care-ing, Inc."
data/fy22/schedule_c/fy22_appendix_b_local.csv,180,582674169,4000,org_prose,council_disclosure,ein+amount,"Funds will be used for community events hosted by the BID throughout the year, general marketing, and business attraction. CD48 Be Proud, Inc.","Be Proud, Inc."
data/fy22/schedule_c/fy22_appendix_b_local.csv,216,562395556,7500,org_prose,council_disclosure,ein+amount,"Funds will support Bigs & Littles programs and operations in Council District 2. CD48 BINA Stroke and Brain Injury Assistance, Inc.","BINA Stroke and Brain Injury Assistance, Inc."
data/fy22/schedule_c/fy22_appendix_b_local.csv,251,133102951,25000,org_prose,council_disclosure,ein+amount,"funds will be used to deliver important after-school programs and services to youth ages 5 to 18 during after-school and summer hours. Speaker Levine, Manhattan Boys and Girls Club of Harlem, Inc.","Boys and Girls Club of Harlem, Inc."
data/fy22/schedule_c/fy22_appendix_b_local.csv,366,455094879,10000,org_prose,council_disclosure,ein+amount,"funds will be used for programmatic support for seniors in Council District 45. Brannan Brooklyn On Fun Association USA, Inc.","Brooklyn On Fun Association USA, Inc."
data/fy22/schedule_c/fy22_appendix_b_local.csv,384,264546315,3000,org_prose,council_disclosure,ein+amount,"funding will be used to support Tzu Chi Medical Foundation provide free vision services in undeserved community. Levin Bushwick Starr, Inc.","Bushwick Starr, Inc."
data/fy22/schedule_c/fy22_appendix_b_local.csv,431,135562185,400000,org_prose,council_disclosure,ein+amount,"funds will be used towards food purchases in Council District 13. Speaker Rodriguez Catholic Charities Community Services, Archdiocese of New York","Catholic Charities Community Services, Archdiocese of New York"
data/fy22/schedule_c/fy22_appendix_b_local.csv,438,112047151,15000,org_prose,council_disclosure,ein+amount,"Funds will support educational, recreational and wellness activities for the seniors and to assist with the general costs of the center's operation. CD22 Catholic Charities Neighborhood Services, Inc.","Catholic Charities Neighborhood Services, Inc."
data/fy22/schedule_c/fy22_appendix_b_local.csv,454,510419496,6500,org_prose,council_disclosure,ein+amount,Funding to support operational costs associated CEO programming/services; including the CREW Works program in Council District 9. CD22 Center for Family Representation,Center for Family Representation
data/fy22/schedule_c/fy22_appendix_b_local.csv,463,112652331,37500,org_prose,council_disclosure,ein+amount,"To support removal defense for detained immigrants and for asylum seekers. CD22 Central Astoria Local Development Coalition, Inc.","Central Astoria Local Development Coalition, Inc."
data/fy22/schedule_c/fy22_appendix_b_local.csv,464,112652331,37000,org_prose,council_disclosure,ein+amount,"Funds will be used to promote the local business thoroughfare and support graffiti removal projects. CD22 Central Astoria Local Development Coalition, Inc.","Central Astoria Local Development Coalition, Inc."
data/fy22/schedule_c/fy22_appendix_b_local.csv,475,113207716,20000,org_prose,council_disclosure,ein+amount,"funds will support the salary of two part time program coordinators and consultant stipends to the Arts, Cultural and Empowerment Program. Vallone Chabad of Northeastern Queens, Inc.","Chabad of Northeastern Queens, Inc."
data/fy22/schedule_c/fy22_appendix_b_local.csv,552,133561657,5000,org_prose,council_disclosure,ein+amount,Funds support SummerStage digital or live shows. CD22 City Parks Foundation,City Parks Foundation
data/fy22/schedule_c/fy22_appendix_b_local.csv,564,133893536,11165,org_prose,council_disclosure,ein+amount,Funds will be used for the program administrative budget of the LGBTQI Student Leadership Program. CD22 City University of New York,City University of New York
data/fy22/schedule_c/fy22_appendix_b_local.csv,570,133893536,7000,org_prose,council_disclosure,ein+amount,To support legal services within Council District 23. CD22 City University of New York,City University of New York
data/fy22/schedule_c/fy22_appendix_b_local.csv,614,475518278,8000,org_prose,council_disclosure,ein+amount,Funds will be used to support Public engagement campaigns by the museum. CD22 Climate Museum,Climate Museum
data/fy22/schedule_c/fy22_appendix_b_local.csv,644,134114145,5000,org_prose,council_disclosure,ein+amount,"This funding will be to support the residency program at Bronx Community High School. CD22 Community-Word Project, Inc.","Community-Word Project, Inc."
data/fy22/schedule_c/fy22_appendix_b_local.csv,684,237390996,16000,org_prose,council_disclosure,ein+amount,"Funding to support the Social Service Center and Food Pantry that provides assistance in the areas of immigration, family crises intervention, employment assistance, food pantry, health insurance information, and other housing-related services. CD48 Crown Heights Jewish Community Council, Inc.","Crown Heights Jewish Community Council, Inc."
data/fy22/schedule_c/fy22_appendix_b_local.csv,691,112644226,5000,org_prose,council_disclosure,ein+amount,"Funds will support legal counseling services to constituents of Council District 28. CD22 Cypreco of America, Inc.","Cypreco of America, Inc."
data/fy22/schedule_c/fy22_appendix_b_local.csv,924,861096987,11000,org_prose,council_disclosure,ein+amount,"Funding to support 1) Job training and placement assistance; 2) One-on-one crisis and short-term counseling, long-term asset building counseling, financial educational, tax preparation, tenant advocacy; 3) College Access; 4) Economic Revitalization. CD22 East River Development Alliance, Inc.","East River Development Alliance, Inc."
data/fy22/schedule_c/fy22_appendix_b_local.csv,1011,203244567,6500,org_prose,council_disclosure,ein+amount,"Funds to support youth, housing, community development events and programming in Council District 45. CD48 Flatbush Shomrim Safety Patrol, Inc.","Flatbush Shomrim Safety Patrol, Inc."
data/fy22/schedule_c/fy22_appendix_b_local.csv,1034,311558645,20000,org_prose,council_disclosure,ein+amount,"funds will be used for Forest Park programming. D. Diaz Forest Park Trust, Inc.","Forest Park Trust, Inc."
data/fy22/schedule_c/fy22_appendix_b_local.csv,1091,132612524,8000,org_prose,council_disclosure,ein+amount,"Harlem Youth Impact Program Support for persons residing from Council District 9. CD22 Fund for the City of New York, Inc.","Fund for the City of New York, Inc."
data/fy22/schedule_c/fy22_appendix_b_local.csv,1196,112290832,11000,org_prose,council_disclosure,ein+amount,"funds will help to support operational costs, activities/programming for seniors at the Angelo Petromelis Senior Center. CD22 HANAC, Inc.","HANAC, Inc."
data/fy22/schedule_c/fy22_appendix_b_local.csv,1198,133568672,5000,org_prose,council_disclosure,ein+amount,"funding will be used to provide health and wellness, social events, and defray operating cost at the Ravenswood Senior Center. Perkins Harlem Educational Activities Fund, Inc.","Harlem Educational Activities Fund, Inc."
data/fy22/schedule_c/fy22_appendix_b_local.csv,1213,800369977,32500,org_prose,council_disclosure,ein+amount,Funds to be used to support volunteer medical first responder program. CD48 Hatzoloh Incorporated,Hatzoloh Incorporated
data/fy22/schedule_c/fy22_appendix_b_local.csv,1226,822227711,8000,org_prose,council_disclosure,ein+amount,"Funds will support the CORE Rehabilitation Services program, which provides services for legally blind individuals who have a goal of employment and who need to develop or improve basic skills that are essential to seeking and maintaining employment. CD22 Hellenic Film Society USA, The","Hellenic Film Society USA, The"
data/fy22/schedule_c/fy22_appendix_b_local.csv,1246,112785443,5000,org_prose,council_disclosure,ein+amount,Funding to support bystander intervention programs and increase data management services. CD48 Holocaust Memorial Committee,Holocaust Memorial Committee
data/fy22/schedule_c/fy22_appendix_b_local.csv,1260,112412584,5000,org_prose,council_disclosure,ein+amount,"Funds to support Hour Children's Community Food Pantry. CD48 Housing and Family Services of Greater New York, Inc.","Housing and Family Services of Greater New York, Inc."
data/fy22/schedule_c/fy22_appendix_b_local.csv,1277,473436880,20000,org_prose,council_disclosure,ein+amount,"Funds will be used to support operating expenses of Howard Beach Lindenwood Civic Association including purchase of supplies for civic meetings, items for neighborhood events, cleanup efforts and other programs. CD48 HSS Screening and Early Detection, Inc.","HSS Screening and Early Detection, Inc."
data/fy22/schedule_c/fy22_appendix_b_local.csv,1280,473436880,5000,org_prose,council_disclosure,ein+amount,"Funds will be used to provide thyroid cancer screenings to 9/11 responders and laborers. CD22 HSS Screening and Early Detection, Inc.","HSS Screening and Early Detection, Inc."
data/fy22/schedule_c/fy22_appendix_b_local.csv,1326,814034271,5000,org_prose,council_disclosure,ein+amount,"funds will be used to support cultural organizations to provide programming focused on the cultural history or traditions of an immigrant community in New York City. Brooks-Powers Jamaica Arts Council, Inc.","Jamaica Arts Council, Inc."
data/fy22/schedule_c/fy22_appendix_b_local.csv,1336,132620896,2500,org_prose,council_disclosure,ein+amount,"funds will be used to cover the cost of fitness classes, art classes, nutrition classes, education classes, program supplies, transportation, trips, and/or operational expenses. Kallos Jewish Association for Services for the Aged (JASA)",Jewish Association for Services for the Aged (JASA)
data/fy22/schedule_c/fy22_appendix_b_local.csv,1355,112665181,3000,org_prose,council_disclosure,ein+amount,"Funds will support the Coney Island Seaside Innovative Senior Centers including Healthy Aging services, which include health promotion, educational and recreational activities, workshops, fitness, computer and ESL Instruction, and a dance program. CD48 Jewish Community Council of Greater Coney Island, Inc.","Jewish Community Council of Greater Coney Island, Inc."
data/fy22/schedule_c/fy22_appendix_b_local.csv,1359,112665181,10000,org_prose,council_disclosure,ein+amount,"Funds will be used to defray the operating expenses and direct service provision of the Senior Citizen Homecare program. CD48 Jewish Community Council of Greater Coney Island, Inc.","Jewish Community Council of Greater Coney Island, Inc."
data/fy22/schedule_c/fy22_appendix_b_local.csv,1360,112665181,6000,org_prose,council_disclosure,ein+amount,"Funding to support senior transportation program which transports seniors of medical and non-medical appointments. CD48 Jewish Community Council of Greater Coney Island, Inc.","Jewish Community Council of Greater Coney Island, Inc."
data/fy22/schedule_c/fy22_appendix_b_local.csv,1397,113068515,7500,org_prose,council_disclosure,ein+amount,"Funds will be used for KAVI's hospital-based violence interruption program. CD48 Kings Bay YM-YWHA, Inc.","Kings Bay YM-YWHA, Inc."
data/fy22/schedule_c/fy22_appendix_b_local.csv,1439,463732667,8000,org_prose,council_disclosure,ein+amount,"To provide funds to support L.O.V.E.'s after-school mentoring program. CD22 Latinas On The Verge of Excellence Love, Inc.","Latinas On The Verge of Excellence Love, Inc."
data/fy22/schedule_c/fy22_appendix_b_local.csv,1465,272188237,3000,org_prose,council_disclosure,ein+amount,funds will be used to produce a free outdoor musical concert in the East River Park Bandshell. Rivera LES Creative People In Action,LES Creative People In Action
data/fy22/schedule_c/fy22_appendix_b_local.csv,1496,132638292,5000,org_prose,council_disclosure,ein+amount,"Funding will be used to cover expenses related to daily operational costs, equipment and repairs. CD22 Little Orchestra Society-Orpheon, Inc., The","Little Orchestra Society-Orpheon, Inc., The"
data/fy22/schedule_c/fy22_appendix_b_local.csv,1562,263851559,9500,org_prose,council_disclosure,ein+amount,funding will be used for the procurement of food and ingredients that are needed to prepare daily hot meals and weekly take-home packages. Lander Masbia of Boro Park,Masbia of Boro Park
data/fy22/schedule_c/fy22_appendix_b_local.csv,1563,271209610,10000,org_prose,council_disclosure,ein+amount,Funding to support expenses associated with the operation and maintenance of the Soup Kitchen and Food Pantry. CD48 Masbia of Flatbush,Masbia of Flatbush
data/fy22/schedule_c/fy22_appendix_b_local.csv,1566,113500705,5000,org_prose,council_disclosure,ein+amount,"funding will be used for the procurement of food and ingredients that are needed to prepare daily hot meals and weekly take-home packages. Holden Maspeth Chamber of Commerce, Inc.","Maspeth Chamber of Commerce, Inc."
data/fy22/schedule_c/fy22_appendix_b_local.csv,1614,133192793,3500,org_prose,council_disclosure,ein+amount,"Funds will be used to support the ""Broadway in Your School"" program. CD22 Midtown Management Group, Inc.","Midtown Management Group, Inc."
data/fy22/schedule_c/fy22_appendix_b_local.csv,1619,850592518,5000,org_prose,council_disclosure,ein+amount,"funds will be used to cover Project Sweep supplemental sanitation staff as well as the purchase of equipment, uniforms, supplies, and PPE. Rivera Migrant Kitchen Incorporated, The","Migrant Kitchen Incorporated, The"
data/fy22/schedule_c/fy22_appendix_b_local.csv,1641,133622107,2500,org_prose,council_disclosure,ein+amount,"funds will be used in MPC's catchment area commercial corridors to support the activities of the Northwest Merchant Association and the Uptown Bronx Business Alliance. Levine Mosholu-Montefiore Community Center, Inc.","Mosholu-Montefiore Community Center, Inc."
data/fy22/schedule_c/fy22_appendix_b_local.csv,1657,133376265,3000,org_prose,council_disclosure,ein+amount,To support culture and arts programming. CD48 Museum of Jewish Heritage,Museum of Jewish Heritage - A Living Memorial to the Holocaust
data/fy22/schedule_c/fy22_appendix_b_local.csv,1675,680646329,3500,org_prose,council_disclosure,ein+amount,"funds will be used to support programming and immigration services at MWIRD's offices for Council District 16. Louis My Time, Inc.","My Time, Inc."
data/fy22/schedule_c/fy22_appendix_b_local.csv,1681,113067201,10000,org_prose,council_disclosure,ein+amount,"To support neighborhood-level initiatives that promote economic development, job creation and retention, and community investment. CD48 Nachas Health and Family Network, Inc.","Nachas Health and Family Network, Inc."
data/fy22/schedule_c/fy22_appendix_b_local.csv,1700,471169779,10000,org_prose,council_disclosure,ein+amount,"Funding to support expenses of programming including counseling staff as well as workshop supplies, outreach, postage and materials. CD48 Neighborhood Housing Services of Brooklyn CDC, Inc.","Neighborhood Housing Services of Brooklyn CDC, Inc."
data/fy22/schedule_c/fy22_appendix_b_local.csv,1702,471169779,100000,org_prose,council_disclosure,ein+amount,"program funds will be used to support the work of Neighborhood Housing Services of Brooklyn CDC, Inc. (NHS Brooklyn) to provide direct services to homeowners and tenants. Speaker Ampry-Samuel, D. Diaz Neighborhood Housing Services of Brooklyn CDC, Inc.","Neighborhood Housing Services of Brooklyn CDC, Inc."
data/fy22/schedule_c/fy22_appendix_b_local.csv,1748,131693134,10000,org_prose,council_disclosure,ein+amount,"funds requested are for Senior Group Tours (SGT). These are guided, docent-led tours of the Garden's grounds for members of senior centers, NORC centers or senior groups in Council District 18. Gibson New York Botanical Garden",New York Botanical Garden
data/fy22/schedule_c/fy22_appendix_b_local.csv,2004,141761209,5000,org_prose,council_disclosure,ein+amount,"funding will be used to provide services to tenants including counseling with housing problems, education, and leadership training for tenant leaders and assistance to tenant associations. Kallos New York State Tenants and Neighbors Information Service, Inc.","New York State Tenants and Neighbors Information Service, Inc."
data/fy22/schedule_c/fy22_appendix_b_local.csv,2012,262647383,7000,org_prose,council_disclosure,ein+amount,"To support the provision of social services, youth programs, food pantry, job placement, and educational seminars for the community. CD48 New York United Jewish Association, Inc.","New York United Jewish Association, Inc."
data/fy22/schedule_c/fy22_appendix_b_local.csv,2049,116078704,15000,org_prose,council_disclosure,ein+amount,"Funds will be used to operate a youth softball league and to cover related costs such as equipment and facilities. CD48 Ohel Children's Home and Family Services, Inc.","Ohel Children's Home and Family Services, Inc."
data/fy22/schedule_c/fy22_appendix_b_local.csv,2053,471688610,9000,org_prose,council_disclosure,ein+amount,"To provide services to people with mental illness including education, housing, case management, crisis intervention, counseling, and training for independent living. CD22 Old Astoria Neighborhood Association, Inc.","Old Astoria Neighborhood Association, Inc."
data/fy22/schedule_c/fy22_appendix_b_local.csv,2061,133128315,10000,org_prose,council_disclosure,ein+amount,"funds will be used to support On Your Mark's art program and Exceptional Creations. Borelli On Your Mark, Inc.","On Your Mark, Inc."
data/fy22/schedule_c/fy22_appendix_b_local.csv,2090,850869897,5000,org_prose,council_disclosure,ein+amount,Funds will support Lower East Side Ecology Center's programs and operations. CD48 Pakistani American Skilled Women Organization,Pakistani American Skilled Women Organization
data/fy22/schedule_c/fy22_appendix_b_local.csv,2093,474022872,6000,org_prose,council_disclosure,ein+amount,"Funds will be used to support Domestic Violence assistance to immigrant women, food distributions to vulnerable communities and youth development. CD48 Pakistani American Youth Organization, Inc.","Pakistani American Youth Organization, Inc."
data/fy22/schedule_c/fy22_appendix_b_local.csv,2111,043252955,5000,org_prose,council_disclosure,ein+amount,"Funds will be used for the cost of running IT Workforce Training program for Council District 16 participants which is an intensive full-time IT training that prepares under/unemployed individuals for successful careers as IT professionals. Ampry-Samuel Per Scholas, Inc.","Per Scholas, Inc."
data/fy22/schedule_c/fy22_appendix_b_local.csv,2167,133234441,5000,org_prose,council_disclosure,ein+amount,"funds are being used to pay the salary of food donation coordinator for our soup kitchen, food pantries, and feeding programs that we partner with at shelters and religious organizations. Rose Project Hospitality, Inc.","Project Hospitality, Inc."
data/fy22/schedule_c/fy22_appendix_b_local.csv,2207,112482974,3500,org_prose,council_disclosure,ein+amount,"Funding to help supplement and enhance a variety of services to children and adults with autism, the families and caregivers; as well as staff training, purchasing of additional supplies and materials, and repairs at existing schools and facilities. CD22 QSAC, Inc.","QSAC, Inc."
data/fy22/schedule_c/fy22_appendix_b_local.csv,2263,237172152,3500,org_prose,council_disclosure,ein+amount,"Funds will support social services, which include combating food insecurity, connecting individuals with medical needs, and assisting with immigrant services. Page 133 Appendix B: Local Initiatives Council Member Sponsor Legal Name of Organization","Queens Jewish Community Council, Inc."
data/fy22/schedule_c/fy22_appendix_b_local.csv,2287,273335956,5000,org_prose,council_disclosure,ein+amount,"Funds will be used for operating expenses related to educational, cultural, and social programming, open to the public at large. CD48 RAJE-USA, Inc.","RAJE-USA, Inc."
data/fy22/schedule_c/fy22_appendix_b_local.csv,2299,136213586,10000,org_prose,council_disclosure,ein+amount,"funds will be used to support the senior communication and transportation program. Dinowitz Regional Aid for Interim Needs, Inc.","Regional Aid for Interim Needs, Inc."
data/fy22/schedule_c/fy22_appendix_b_local.csv,2312,131988190,5000,org_prose,council_disclosure,ein+amount,"Funds will support interactive educational workshops for students, parents and teachers including the topic of College Readiness. CD22 Research Foundation of the City University of New York",Research Foundation of the City University of New York
data/fy22/schedule_c/fy22_appendix_b_local.csv,2355,133946716,5000,org_prose,council_disclosure,ein+amount,"Funding to support programming that promotes learning through art, design and technology. CD48 Russian American Foundation, Inc.","Russian American Foundation, Inc."
data/fy22/schedule_c/fy22_appendix_b_local.csv,2363,133164464,7500,org_prose,council_disclosure,ein+amount,"Funds support site visits, workshops, professional development training, resource guides, outreach to schools, CBO’s, community centers, places of worship. CD48 Samaritans of New York, Inc.","Samaritans of New York, Inc."
data/fy22/schedule_c/fy22_appendix_b_local.csv,2384,237406410,5000,org_prose,council_disclosure,ein+amount,"Funds will support girls empowerment and leadership programming in Council District 16. CD48 SBH Community Service Network, Inc.","SBH Community Service Network, Inc."
data/fy22/schedule_c/fy22_appendix_b_local.csv,2386,132912963,10000,org_prose,council_disclosure,ein+amount,"purpose of funds is to support healthy behaviors in Council District 45. Perkins SCAN-Harbor, Inc.","SCAN-Harbor, Inc."
data/fy22/schedule_c/fy22_appendix_b_local.csv,2391,812335452,5000,org_prose,council_disclosure,ein+amount,"funds will be used to support the adult education program. Levine Science and Arts Engagement New York, Inc.","Science and Arts Engagement New York, Inc."
data/fy22/schedule_c/fy22_appendix_b_local.csv,2407,710899005,7500,org_prose,council_disclosure,ein+amount,Funds will be used to defray operating and program costs associated with the Senior Adult program. CD48 September 11 Family Group,September 11 Family Group
data/fy22/schedule_c/fy22_appendix_b_local.csv,2419,111735956,6000,org_prose,council_disclosure,ein+amount,Funding for general operating costs of the Word Up Community Bookshop. CD48 Shaare Zion Congregation,Shaare Zion Congregation
data/fy22/schedule_c/fy22_appendix_b_local.csv,2429,113503085,13000,org_prose,council_disclosure,ein+amount,Funding to enrich Early Childhood Education (ECE) services in Council District 36’s Cooper Park ECE Center. CD48 Shema Kolainu,Shema Kolainu - Hear Our Voices
data/fy22/schedule_c/fy22_appendix_b_local.csv,2433,113070228,7500,org_prose,council_disclosure,ein+amount,"Funding will be used to defray operating expenses, and to cover the expense of radio and new radios for new numbers, as well as replace damaged equipment for existing members CD48 Shorefront YM-YWHA of Brighton-Manhattan Beach, Inc.","Shorefront YM-YWHA of Brighton-Manhattan Beach, Inc."
data/fy22/schedule_c/fy22_appendix_b_local.csv,2474,112730462,3000,org_prose,council_disclosure,ein+amount,Funding to support the completion and analysis of a survey of industrial businesses in and around Gowanus to improved workforce opportunities for low & moderate income residents. CD22 Spanish Speaking Elderly Council,Spanish Speaking Elderly Council - RAICES
data/fy22/schedule_c/fy22_appendix_b_local.csv,2476,260794276,7500,org_prose,council_disclosure,ein+amount,"Funds will support Repertorio's programs and operations. CD48 Sparks PPD, Inc.","Sparks PPD, Inc."
data/fy22/schedule_c/fy22_appendix_b_local.csv,2510,133706442,25000,org_prose,council_disclosure,ein+amount,"funds will be used for recreational activities, education & art supplies, transportation, health promotion programs, and literature for the senior center. Matteo Staten Island Economic Development Corporation",Staten Island Economic Development Corporation
data/fy22/schedule_c/fy22_appendix_b_local.csv,2562,264417161,5000,org_prose,council_disclosure,ein+amount,Funding will support awareness event in Council District 51. CD48 Tell Every Amazing Lady About Ovarian Cancer Foundation,Tell Every Amazing Lady About Ovarian Cancer Foundation
data/fy22/schedule_c/fy22_appendix_b_local.csv,2608,135623717,10500,org_prose,council_disclosure,ein+amount,Funds will support anti-violence program and health and nutrition. CD48 Union of Orthodox Jewish Congregations of America,Union of Orthodox Jewish Congregations of America
data/fy22/schedule_c/fy22_appendix_b_local.csv,2650,132969182,35500,org_prose,council_disclosure,ein+amount,"funding will be to support the youth program at Bronx Connect. Cabrera Urban Youth Alliance International, Inc.","Urban Youth Alliance International, Inc."
data/fy22/schedule_c/fy22_appendix_b_local.csv,2654,201020908,5000,org_prose,council_disclosure,ein+amount,"Funding to support the fundamentals of glass bead making, jewelry design, and other relevant employment skills to low-income women and open studios. CD48 Vaad Refuah, Inc.","Vaad Refuah, Inc."
data/fy22/schedule_c/fy22_appendix_b_local.csv,2727,832933336,5000,org_prose,council_disclosure,ein+amount,"To provide specialized services for homeless women, children and youth in Queens. CD22 White Lotus Collective LTD., The","White Lotus Collective LTD., The"
data/fy22/schedule_c/fy22_appendix_b_local.csv,2738,131740011,5000,org_prose,council_disclosure,ein+amount,To support The Discovery Guide program. CD22 Wildlife Conservation Society,Wildlife Conservation Society
data/fy22/schedule_c/fy22_appendix_b_local.csv,2748,020539734,5000,org_prose,council_disclosure,ein+amount,funds will be used to provide comprehensive health and wellness access services to the Muslim immigrant communities in NYC and Eastern Queens. Gennaro Women for Afghan Women,Women for Afghan Women
data/fy22/schedule_c/fy22_appendix_b_local.csv,2755,112889774,21000,org_prose,council_disclosure,ein+amount,To provide funding support for the Job Training and Placement Initiative. CD48 Women's League Community Residences,Women's League Community Residences
data/fy22/schedule_c/fy22_appendix_b_local.csv,2775,464240124,8000,org_prose,council_disclosure,ein+amount,"Funds will be used to provide remedial education and recreational activities for children after school. CD48 YL Hearts, Inc.","YL Hearts, Inc."
data/fy22/schedule_c/fy22_appendix_b_local.csv,2791,111630919,150000,org_prose,council_disclosure,ein+amount,"funds will be used to assist low income clients, and general operating costs including volunteer expenses associated with programming. Speaker Ampry-Samuel, Louis, Women's YWCA of Brooklyn, Inc., The","YWCA of Brooklyn, Inc., The"
data/fy22/schedule_c/fy22_appendix_c_youth.csv,34,470984801,21000,org_prose,council_disclosure,ein+amount,"Funds will support supplies, equipment, and other needs to provide baseball and sports program to the community. CD48 Amudim Community Resources, Inc.","Amudim Community Resources, Inc."
data/fy22/schedule_c/fy22_appendix_c_youth.csv,47,651209580,15000,org_prose,council_disclosure,ein+amount,"Funding to support the Asian American Student Advocacy Project (ASAP). CD22 Astoria Performing Arts Center, Inc.","Astoria Performing Arts Center, Inc."
data/fy22/schedule_c/fy22_appendix_c_youth.csv,185,135562191,10000,org_prose,council_disclosure,ein+amount,"requested funds will directly support school-based events hosted by the Student Health Ambassadors. An example of past events include a health carnival, advocacy day, and a student led campaign on the dangers of substance use and abuse. Perkins Children's Aid Society, The","Children's Aid Society, The"
data/fy22/schedule_c/fy22_appendix_c_youth.csv,231,753046891,2500,org_prose,council_disclosure,ein+amount,"Funding to provide anti-violence, anti-bias, anti-bullying prevention, and conflict resolution programming for youth in Council District 47. CD48 Council of Peoples Organization, Inc.","Council of Peoples Organization, Inc."
data/fy22/schedule_c/fy22_appendix_c_youth.csv,263,112523053,15000,org_prose,council_disclosure,ein+amount,"funds will support Community Art Center programming in Council District 16, including supplies, outreach and awareness and general expenses. Vallone Dwarf-Giraffe Athletic League of Whitestone, Inc.","Dwarf-Giraffe Athletic League of Whitestone, Inc."
data/fy22/schedule_c/fy22_appendix_c_youth.csv,265,112503506,5000,org_prose,council_disclosure,ein+amount,"Funding to support operational expenses associated with softball and baseball leagues. CD48 Dynamic Youth Community, Inc.","Dynamic Youth Community, Inc."
data/fy22/schedule_c/fy22_appendix_c_youth.csv,271,861096987,6500,org_prose,council_disclosure,ein+amount,"Funding to support operating expense costs for community youth football programming in Council District 42. CD22 East River Development Alliance, Inc.","East River Development Alliance, Inc."
data/fy22/schedule_c/fy22_appendix_c_youth.csv,272,861096987,17000,org_prose,council_disclosure,ein+amount,"Funding will be used to support job training, financial counseling, and college access programs. CD22 East River Development Alliance, Inc.","East River Development Alliance, Inc."
data/fy22/schedule_c/fy22_appendix_c_youth.csv,306,203244567,5000,org_prose,council_disclosure,ein+amount,"To support youth programming including boys and girls recreational sports clinics and leagues. CD48 Flatbush Shomrim Safety Patrol, Inc.","Flatbush Shomrim Safety Patrol, Inc."
data/fy22/schedule_c/fy22_appendix_c_youth.csv,321,132612524,10000,org_prose,council_disclosure,ein+amount,"Funding to support costs associated with Annual Far Rockaway Youth Summit, the leadership development program and the Youth Committee. CD22 Fund for the City of New York, Inc.","Fund for the City of New York, Inc."
data/fy22/schedule_c/fy22_appendix_c_youth.csv,380,112290832,23000,org_prose,council_disclosure,ein+amount,"Funds will be used to partially cover costs of piano and violin lessons for low-income students in Lower Manhattan. CD22 HANAC, Inc.","HANAC, Inc."
data/fy22/schedule_c/fy22_appendix_c_youth.csv,382,112290832,9000,org_prose,council_disclosure,ein+amount,"To support the beacon program at PS19Q. CD22 HANAC, Inc.","HANAC, Inc."
data/fy22/schedule_c/fy22_appendix_c_youth.csv,387,112630071,11500,org_prose,council_disclosure,ein+amount,To support youth afterschool programming. Page 179 Appendix C: Youth Discretionary Council Member Legal Name of Organization,"HASC Center, Inc."
data/fy22/schedule_c/fy22_appendix_c_youth.csv,401,133104537,3500,org_prose,council_disclosure,ein+amount,"funds support the provision of comprehensive mental health services for LGBTQ youth in Council District 23. These services include individual and group counselling sessions and referrals. Johnson Hetrick-Martin Institute, Inc.","Hetrick-Martin Institute, Inc."
data/fy22/schedule_c/fy22_appendix_c_youth.csv,426,260774611,20000,org_prose,council_disclosure,ein+amount,"Funds will be used for a mentoring program for teenagers and to provide suppers. CD48 Imeinu, Inc. dba Rachel's Place","Imeinu, Inc. dba Rachel's Place"
data/fy22/schedule_c/fy22_appendix_c_youth.csv,441,133798344,9000,org_prose,council_disclosure,ein+amount,Funds will be used for cost associated with the educational and cultural programs. CD48 Jewish Children's Museum,Jewish Children's Museum
data/fy22/schedule_c/fy22_appendix_c_youth.csv,481,260595266,10000,org_prose,council_disclosure,ein+amount,"Funding to support youth sports programming, introduction of 5-12 years of age to the sport of Volleyball. CD48 Lenny's Lighthouse, Inc.","Lenny's Lighthouse, Inc."
data/fy22/schedule_c/fy22_appendix_c_youth.csv,507,550870419,4000,org_prose,council_disclosure,ein+amount,Funds will be used for MIM Foundation S.H.E. Young Women's Leadership programming. CD48 Mekimi,Mekimi
data/fy22/schedule_c/fy22_appendix_c_youth.csv,600,133959056,7000,org_prose,council_disclosure,ein+amount,funds will be used to support Sophie Gerson Foundation tennis program at Public School/Middle School 126M. Cornegy New York Restoration Project,New York Restoration Project
data/fy22/schedule_c/fy22_appendix_c_youth.csv,604,132949483,3500,org_prose,council_disclosure,ein+amount,"funds will support running and fitness programs for people of all ages and abilities, especially youth. Levine New York Road Runners, Inc.","New York Road Runners, Inc."
data/fy22/schedule_c/fy22_appendix_c_youth.csv,610,262647383,5000,org_prose,council_disclosure,ein+amount,"Funds will support the ""Girls Enrichment Program,"" which provides training and recreation in gymnastics, swimming, dance and arts and crafts; funds will also support the ""Back to School Street Fair"". CD48 New York United Jewish Association, Inc.","New York United Jewish Association, Inc."
data/fy22/schedule_c/fy22_appendix_c_youth.csv,623,814526739,8500,org_prose,council_disclosure,ein+amount,"Funding to support the college program in Council District 21. CD22 NYC Kids RISE, Inc.","NYC Kids RISE, Inc."
data/fy22/schedule_c/fy22_appendix_c_youth.csv,627,237379940,5000,org_prose,council_disclosure,ein+amount,funding will be used to support the recruitment and training of local high school and college students to work with children with developmental disabilities. Kallos One Hundred Black Men,One Hundred Black Men
data/fy22/schedule_c/fy22_appendix_c_youth.csv,634,474022872,21500,org_prose,council_disclosure,ein+amount,"Funds support the Public School 75M Afterschool program. CD48 Pakistani American Youth Organization, Inc.","Pakistani American Youth Organization, Inc."
data/fy22/schedule_c/fy22_appendix_c_youth.csv,795,135623717,10000,org_prose,council_disclosure,ein+amount,Funds will be used to support youth programming in Council District 34. CD48 Union of Orthodox Jewish Congregations of America,Union of Orthodox Jewish Congregations of America
data/fy22/schedule_c/fy22_appendix_c_youth.csv,798,371469112,10000,org_prose,council_disclosure,ein+amount,funds will support the mentoring program and operating costs. Yeger United Chinese Association of Brooklyn,United Chinese Association of Brooklyn
data/fy22/schedule_c/fy22_appendix_c_youth.csv,814,116014770,19500,org_prose,council_disclosure,ein+amount,"Funding will be used to support out of school activities for children at the Variety Boys and Girls club. CD22 Variety Boys and Girls Club of Queens, Inc.","Variety Boys and Girls Club of Queens, Inc."
data/fy22/schedule_c/fy22_appendix_c_youth.csv,837,112435565,5000,org_prose,council_disclosure,ein+amount,"Funds will be used to support youth programming at the New York Community Center. CD22 Woodside on the Move, Inc.","Woodside on the Move, Inc."
data/fy22/schedule_c/fy22_appendix_c_youth.csv,840,112949074,5000,org_prose,council_disclosure,ein+amount,"funds will be used to expand services within Woodycrest Center for Human Dev.(WCHD) Out-of-School Time (OST )Program located at P.S.126. Ulrich Works Little League, Inc.","Works Little League, Inc."
data/fy22/schedule_c/fy22_appendix_c_youth.csv,847,131997754,5000,org_prose,council_disclosure,ein+amount,"Funds will support the United Youth Aviators Summer Camp. CD22 Young Audiences New York, Inc.","Young Audiences New York, Inc."
data/fy22/schedule_c/fy22_schedule_c_awards.csv,372,133378456,10000,org_prose,council_disclosure,ein+amount,"Funds will be utilized in support of the Department's emergency response operations including fire suppression, emergency medical response, rescue and recovery, emergency sheltering and public safety education. Bronx Delegation Educational Video Center, Inc.","Educational Video Center, Inc."
data/fy22/schedule_c/fy22_schedule_c_awards.csv,391,463299217,5778,org_prose,council_disclosure,ein+amount,"Funds will be used to cover the cost associated with the Clergy Clinician Community Collaboration (or 4C), a collaboration between ICL, faith-based leaders (FBLs) and the NYC Department of Health and Mental Hygiene (DOHMH). Bronx Delegation I'RAISE Girls & Boys International Corporation",I'RAISE Girls & Boys International Corporation
data/fy22/schedule_c/fy22_schedule_c_awards.csv,396,131623850,10000,org_prose,council_disclosure,ein+amount,Funding will support KHCC Teen Ctr / Youth Dept. which offers comprehensive support services within a youth development framework to mainstream at-risk youth ages 11-21. Bronx Delegation Kips Bay Boys & Girls Club,Kips Bay Boys & Girls Club
data/fy22/schedule_c/fy22_schedule_c_awards.csv,401,237429900,27777,org_prose,council_disclosure,ein+amount,"Funds will be used to support Met Council’s SenioRepair program, provide free handy people services and home repairs, enabling low-income older adults to continue living in their homes safely and independently. Bronx Delegation Morris Park Community Association, Inc.","Morris Park Community Association, Inc."
data/fy22/schedule_c/fy22_schedule_c_awards.csv,446,412278265,12500,org_prose,council_disclosure,ein+amount,"leaders. The allocation will support the Teacher's Center. LGBT UnLocal, Inc.","UnLocal, Inc."
data/fy22/schedule_c/fy22_schedule_c_awards.csv,521,132612524,500000,org_prose,council_disclosure,ein+amount,"Fund for the City of New York, Inc. CCI General Operating Fund","Fund for the City of New York, Inc."
data/fy22/schedule_c/fy22_schedule_c_awards.csv,989,132612524,85000,org_prose,council_disclosure,ein+amount,"Fund for the City of New York, Inc.- Brooklyn","Fund for the City of New York, Inc."
data/fy22/schedule_c/fy22_schedule_c_awards.csv,990,132612524,107100,org_prose,council_disclosure,ein+amount,"Fund for the City of New York, Inc.- Staten Island","Fund for the City of New York, Inc."
data/fy22/schedule_c/fy22_schedule_c_awards.csv,1155,300104507,40000,org_prose,council_disclosure,ein+amount,"Funding to support staff and to provide health education, peer coaching, assist with appointments, meals, and routine communication with medical staff to ensure that patients living with HIV, Hep C, diabetes and other illnesses receive the best care. Ali Forney Center",Ali Forney Center
data/fy22/schedule_c/fy22_schedule_c_awards.csv,1157,136162659,100000,org_prose,council_disclosure,ein+amount,funding will be used to cover the various costs associated with implementing APECs educational programs. American Museum of Natural History,American Museum of Natural History
data/fy22/schedule_c/fy22_schedule_c_awards.csv,1165,132685755,50000,org_prose,council_disclosure,ein+amount,"To provide free after-school classical music instruction to K- 12 grade students from Upper Manhattan. The funds will support the growth of the departments. Ballet Hispanico of New York, Inc.","Ballet Hispanico of New York, Inc."
data/fy22/schedule_c/fy22_schedule_c_awards.csv,1166,342056362,100000,org_prose,council_disclosure,ein+amount,"Funding to support performances in schools by dancers of BHdos, Ballet Hispánico's second company of eight pre-professional dancers. Rodriguez Bameso USA",Bameso USA
data/fy22/schedule_c/fy22_schedule_c_awards.csv,1173,510186869,25000,org_prose,council_disclosure,ein+amount,"Funding will support BRIC Arts Media free cultural programming in Brooklyn including BRIC House, BRIC lab, BRIC Celebrate Brooklyn, and other free programming provided to the public by BRIC. Dinowitz Bronx Arts Ensemble, Inc.","Bronx Arts Ensemble, Inc."
data/fy22/schedule_c/fy22_schedule_c_awards.csv,1178,112417338,100000,org_prose,council_disclosure,ein+amount,Funding will allow increased outreach into NYC's diverse communities for a significant expansion of the BBF audience. It will fund a coordinator and related expenses for a public outreach program. Brooklyn Botanic Garden Corporation,Brooklyn Botanic Garden Corporation
data/fy22/schedule_c/fy22_schedule_c_awards.csv,1179,474160811,75000,org_prose,council_disclosure,ein+amount,"To provide funding support for the youth environmental-education programs, including the 30th anniversary of Project Green Reach, which is an acclaimed supplemental- science program for teachers and kids in grades K–8 at Title I schools across Brooklyn. Cumbo Brooklyn Center for the Arts, Inc.","Brooklyn Center for the Arts, Inc."
data/fy22/schedule_c/fy22_schedule_c_awards.csv,1181,111631820,100000,org_prose,council_disclosure,ein+amount,Funding will support capacity-building to accommodate the organization's growing community engagement. Brooklyn Kindergarten Society,Brooklyn Kindergarten Society
data/fy22/schedule_c/fy22_schedule_c_awards.csv,1183,113129249,20000,org_prose,council_disclosure,ein+amount,"To support the Preserving Affordable Housing Program, including legal representation, advice/services, and legal education to vulnerable populations. Funds will be used to support staff, salary, and program-related expenses. Levin Brooklyn Youth Chorus Academy, Inc.","Brooklyn Youth Chorus Academy, Inc."
data/fy22/schedule_c/fy22_schedule_c_awards.csv,1189,131923626,25000,org_prose,council_disclosure,ein+amount,"Funds provide patient-centered health care, human services and shelter to homeless individuals and families. Also, to engage an Outreach Specialist to work from 17 federally qualified health clinic locations in the Bronx to provide outreach to homeless. Powers Carnegie Hall Corporation, The","Carnegie Hall Corporation, The"
data/fy22/schedule_c/fy22_schedule_c_awards.csv,1190,131623994,100000,org_prose,council_disclosure,ein+amount,"Funding will support more than 180 teens from over 140 NYC zip codes with creative opportunities at Carnegie Hall and will give participants the chance to share their music across all five boroughs through the programs of the Future Music Project. Salamanca Casita Maria, Inc.","Casita Maria, Inc."
data/fy22/schedule_c/fy22_schedule_c_awards.csv,1197,110559220,25000,org_prose,council_disclosure,ein+amount,"Funding will be used to provide mentorship opportunities to at-risk youth and unemployed fathers. Ulrich Chamber of Commerce Borough of Queens, Inc.","Chamber of Commerce Borough of Queens, Inc."
data/fy22/schedule_c/fy22_schedule_c_awards.csv,1200,132761376,100000,org_prose,council_disclosure,ein+amount,"Funding will support public homebuying workshops, assist will foreclosure prevention, mortgage counseling, housing resource fairs, tenant couseling and eviction prevention. Children's Museum of Manhattan",Children's Museum of Manhattan
data/fy22/schedule_c/fy22_schedule_c_awards.csv,1205,134046782,10000,org_prose,council_disclosure,ein+amount,"To provide funding support to better understand the problem and impact of gun violence in NYC over the 10-year study between 2011-2020. Classical Theatre of Harlem, Inc., The","Classical Theatre of Harlem, Inc., The"
data/fy22/schedule_c/fy22_schedule_c_awards.csv,1209,452201993,700000,org_prose,council_disclosure,ein+amount,"Cleanup Corps initiative supports the creation of jobs by providing training and employment opportunities to New Yorkers for cleanup and beautification services across the City. Commonwise Education, Inc.","Commonwise Education, Inc."
data/fy22/schedule_c/fy22_schedule_c_awards.csv,1214,237406899,30000,org_prose,council_disclosure,ein+amount,"Access Health NYC supports community-based organizations (CBOs) to provide culturally and linguistically appropriate education, outreach and assistance to all New Yorkers about how to access health care and coverage. LGBT Congregation Beit Simchat Torah",Congregation Beit Simchat Torah
data/fy22/schedule_c/fy22_schedule_c_awards.csv,1226,132872916,25000,org_prose,council_disclosure,ein+amount,"Cleanup Corps initiative supports the creation of jobs by providing training and employment opportunities to New Yorkers for cleanup and beautification services across the City. Eden II School for Autistic Children, Inc.","Eden II School for Autistic Children, Inc."
data/fy22/schedule_c/fy22_schedule_c_awards.csv,1228,133613210,25000,org_prose,council_disclosure,ein+amount,"Funds to support formerly incarcerated youth, young adults aging out of foster care and groups homes preparing them for adulthood by grooming them for success. Riley Education Through Music, Inc.","Education Through Music, Inc."
data/fy22/schedule_c/fy22_schedule_c_awards.csv,1233,112652182,50000,org_prose,council_disclosure,ein+amount,"Fund will be used for: 1) Craic fest; 2) kids Fleadh which is an annual festival of story- telling, kids short film, and Irish step dancing; 3) LGBT film festival, held every May at the Irish Arts Center; 4) Rockaway Music Oyster Fest. Koo Flushing Council on Culture and the Arts, Inc.","Flushing Council on Culture and the Arts, Inc."
data/fy22/schedule_c/fy22_schedule_c_awards.csv,1236,010611469,20000,org_prose,council_disclosure,ein+amount,"Funding to support Fort Greene Park Summer programming; free community cultural and youth programs, activities and events in Fort Greene Park. Eugene, Staten Island Friends of Firefighters, Inc.","Friends of Firefighters, Inc."
data/fy22/schedule_c/fy22_schedule_c_awards.csv,1242,132813350,25000,org_prose,council_disclosure,ein+amount,"Funds will be used to support after school and weekend recreation, social skills, support programs for children and families impacted by Autism Spectrum Disorder. Manhattan Greenhope Services for Women, Inc.","Greenhope Services for Women, Inc."
data/fy22/schedule_c/fy22_schedule_c_awards.csv,1243,116037766,80000,org_prose,council_disclosure,ein+amount,"Funding to provide staff support for a part time teacher to assist mothers with adult basic education and Testing Assessing Secondary Completion. Brannan Guild for Exceptional Children, Inc.","Guild for Exceptional Children, Inc."
data/fy22/schedule_c/fy22_schedule_c_awards.csv,1244,112648501,25000,org_prose,council_disclosure,ein+amount,"Funding to support the music instructor, an assistant instructor, and to purchase assorted rhythm instruments; musical supplies; performance clothing; song booklets for participants; and transportation to and from performance sites. Louis Haitian Centers Council, Inc.","Haitian Centers Council, Inc."
data/fy22/schedule_c/fy22_schedule_c_awards.csv,1248,134197609,100000,org_prose,council_disclosure,ein+amount,"Funding for providing comprehensive skilled lactation services to a vulnerable community in the Bronx and beyond. The WIC Program staffing is comprised of Nutritionists, Dietitians, Support Staff, and a Breastfeeding Coordinato Lactation Consultant. Healthcare Industry Grant Corporation",Healthcare Industry Grant Corporation
data/fy22/schedule_c/fy22_schedule_c_awards.csv,1257,133598671,75000,org_prose,council_disclosure,ein+amount,"Funding to support increased participation in SNAP, other nutrition assistance benefits and to assist low-income households citywide who remain eligible to retain benefits. Additionally, to provide technical assistance to food pantries and soup kitchens. Hunter College Foundation, Inc.","Hunter College Foundation, Inc."
data/fy22/schedule_c/fy22_schedule_c_awards.csv,1260,133964284,125000,org_prose,council_disclosure,ein+amount,"Funding to support a theater production for children of people with substance use issues at no less than five Council District 51 schools. Rosenthal Independence Care System, Inc.","Independence Care System, Inc."
data/fy22/schedule_c/fy22_schedule_c_awards.csv,1261,830909234,50000,org_prose,council_disclosure,ein+amount,"Funding to support the Women's Health Access program; increasing accessible/disability competent care to women with physical disabilities. Cumbo Institute for Community Equity and Sharing, Inc.","Institute for Community Equity and Sharing, Inc."
data/fy22/schedule_c/fy22_schedule_c_awards.csv,1264,112478709,50000,org_prose,council_disclosure,ein+amount,"To support the Women as the Face of AIDS Summit; focused on issues of women infected with and affected by HIV/AIDS. Funds will help secure a space for the summit, provide food, provide for development, printing and photocopying of materials. Miller Jamaica Center for Arts and Learning, Inc.","Jamaica Center for Arts and Learning, Inc."
data/fy22/schedule_c/fy22_schedule_c_awards.csv,1265,831788832,100000,org_prose,council_disclosure,ein+amount,"Funding will support the workspace program as well as in-school, after-school, Saturday Art center Workshops, Summer Art programs, and Jazz Festivals. BLAC, Brooklyn, Cumbo Jamel Gaines Creative Outlet, Inc.","Jamel Gaines Creative Outlet, Inc."
data/fy22/schedule_c/fy22_schedule_c_awards.csv,1267,061722131,25000,org_prose,council_disclosure,ein+amount,"Funding will support all services, including Medicare and government benefits enrollment, access to physical and mental health care, immigration legal counsel, and translation services to Japanese-speaking New Yorkers. Rodrigiez Jazz Drama Program, The","Jazz Drama Program, The"
data/fy22/schedule_c/fy22_schedule_c_awards.csv,1270,273152656,20000,org_prose,council_disclosure,ein+amount,"Funds will be used to cover the cost associated with museum's educational and cultural programs. Jewish Coalition for Youth Education & Support, Inc.","Jewish Coalition for Youth Education & Support, Inc."
data/fy22/schedule_c/fy22_schedule_c_awards.csv,1276,204393724,20000,org_prose,council_disclosure,ein+amount,"Funding to support the provision of mental health services for the Korean immigrant community. Levin La Nueva Esperanza, Inc.","La Nueva Esperanza, Inc."
data/fy22/schedule_c/fy22_schedule_c_awards.csv,1284,133023183,100000,org_prose,council_disclosure,ein+amount,"Funding to support the operational costs associated with providing Public Art Projects; Arts presentation and cultural engagement events. BLAC Loisaida, Inc.","Loisaida, Inc."
data/fy22/schedule_c/fy22_schedule_c_awards.csv,1288,201923521,100000,org_prose,council_disclosure,ein+amount,"To support the Deportation Defense Project, which will provide critical outreach and legal services in the face of heightened anti-immigrant threat. MRNY immigration organizers will sign up community members for a localized committee of Allies. Lander Masbia",Masbia
data/fy22/schedule_c/fy22_schedule_c_awards.csv,1293,113526774,75000,org_prose,council_disclosure,ein+amount,"To provide funding to support on-demand and ongoing comprehensive mental health services to patients ages 11 through 23. Cumbo Museum of Contemporary African Diasporian Arts, Inc.","Museum of Contemporary African Diasporian Arts, Inc."
data/fy22/schedule_c/fy22_schedule_c_awards.csv,1303,133286250,50000,org_prose,council_disclosure,ein+amount,"Cleanup Corps initiative supports the creation of jobs by providing training and employment opportunities to New Yorkers for cleanup and beautification services across the City. New York Asian Women's Center, Inc.","New York Asian Women's Center, Inc."
data/fy22/schedule_c/fy22_schedule_c_awards.csv,1305,861171749,10000,org_prose,council_disclosure,ein+amount,"Funds will be used for school based nutrition online programs by adding more students and teachers to this program, and improving the health and well-being of students in the Bronx. New York Chinese Opera Society, Inc.","New York Chinese Opera Society, Inc."
data/fy22/schedule_c/fy22_schedule_c_awards.csv,1312,113271472,75000,org_prose,council_disclosure,ein+amount,"Funding to support and expand the Alliance for School Integration and Desegregation (ASID), support for IntegrateNYC4Me's four student-led research and advocacy and support the National Coalition on School Diversity. Cumbo Noel Pointer Foundation, Inc.","Noel Pointer Foundation, Inc."
data/fy22/schedule_c/fy22_schedule_c_awards.csv,1315,131656679,100000,org_prose,council_disclosure,ein+amount,"Cleanup Corps initiative supports the creation of jobs by providing training and employment opportunities to New Yorkers for cleanup and beautification services across the City. Manhattan Northside Center for Child Development, Inc.","Northside Center for Child Development, Inc."
data/fy22/schedule_c/fy22_schedule_c_awards.csv,1317,841622031,50000,org_prose,council_disclosure,ein+amount,"To support the Club Alternatives Program, which was created to provide a network of support and specialized services to young women who are vulnerable to or victims of domestic violence and human trafficking. Brooks-Powers Ocean Bay Community Development Corporation",Ocean Bay Community Development Corporation
data/fy22/schedule_c/fy22_schedule_c_awards.csv,1321,680602829,25000,org_prose,council_disclosure,ein+amount,"Funds will be used for the operating cost to support the recruitment and training of local high school and college students to work with children with developmental disabilities. Ulrich One Stop Richmond Hill Community Center, Inc.","One Stop Richmond Hill Community Center, Inc."
data/fy22/schedule_c/fy22_schedule_c_awards.csv,1323,133413349,30000,org_prose,council_disclosure,ein+amount,"To provide funding support for vital, tailored services to older adults with acute reentry needs","Penn South Social Services, Inc."
data/fy22/schedule_c/fy22_schedule_c_awards.csv,1329,260897746,50000,org_prose,council_disclosure,ein+amount,"Funding to support assisting constituents seeking primary care, identify district service gaps and provide information regarding primary care access in CM districts. Project Hope Charities, Inc.","Project Hope Charities, Inc."
data/fy22/schedule_c/fy22_schedule_c_awards.csv,1331,111635083,50000,org_prose,council_disclosure,ein+amount,"Funds will support the Culinary Arts Training program. This program offers 6-months of classroom and internship training to veterans and formerly homeless adults. Students learn basic cooking theory and food preparation in the teaching kitchens. Koo Queens Botanical Garden Society, Inc.","Queens Botanical Garden Society, Inc."
data/fy22/schedule_c/fy22_schedule_c_awards.csv,1332,113146598,20000,org_prose,council_disclosure,ein+amount,"To support Queens Botanical Garden Society's Environmental Education Workshops, general programming, and operational costs. Dromm Queens Lesbian and Gay Pride Committee, Inc.","Queens Lesbian and Gay Pride Committee, Inc."
data/fy22/schedule_c/fy22_schedule_c_awards.csv,1340,136192346,25000,org_prose,council_disclosure,ein+amount,"Funding will support parenting, education, material support, and specialized referrals for babies and families living in poverty. Roundabout Theatre Company, Inc.","Roundabout Theatre Company, Inc."
data/fy22/schedule_c/fy22_schedule_c_awards.csv,1342,131655276,30000,org_prose,council_disclosure,ein+amount,"To increase outreach to young men of color by launching a microsite that will serve as one of SafeChat’s landing pages. This microsite will provide educational materials related to trauma, how to recover from traumatic events and access to the platform. Saint Thomas Church in the City and County of New York",Saint Thomas Church in the City and County of New York
data/fy22/schedule_c/fy22_schedule_c_awards.csv,1344,201209795,125000,org_prose,council_disclosure,ein+amount,"funds will be used to support hands-on, project-based, collaborative programs for hundreds of students at NYCHA facilities citywide. They would deliver 30 STEAM programs at 15 sites, reaching as many as 750 students over the course of one year. BLAC Sauti Yetu Center for African Women, Inc.","Sauti Yetu Center for African Women, Inc."
data/fy22/schedule_c/fy22_schedule_c_awards.csv,1349,113210593,25000,org_prose,council_disclosure,ein+amount,"Funds will support artist stipends, installations, speaker fees, program-specific teaching artists, and program coordinators. Rivera Society of the Educational Arts, Inc.","Society of the Educational Arts, Inc."
data/fy22/schedule_c/fy22_schedule_c_awards.csv,1350,462977659,30000,org_prose,council_disclosure,ein+amount,Funds will support Teatro SEA's dropout prevention and theater for young audiences and immigrant communities programs. Sophie Gerson Healthy Youth,Sophie Gerson Healthy Youth
data/fy22/schedule_c/fy22_schedule_c_awards.csv,1354,113174514,50000,org_prose,council_disclosure,ein+amount,"To support the Preserving Affordable Housing Program, including legal representation, advice/services, and legal education to vulnerable populations. Funds will be used to support staff, salary, and program-related expenses. St. John's Bread and Life Program, Inc.","St. John's Bread and Life Program, Inc."
data/fy22/schedule_c/fy22_schedule_c_awards.csv,1358,133706442,75000,org_prose,council_disclosure,ein+amount,Cleanup Corps initiative supports the creation of jobs by providing training and employment opportunities to New Yorkers for cleanup and beautification services across the City. Matteo Staten Island Economic Development Corporation,Staten Island Economic Development Corporation
data/fy22/schedule_c/fy22_schedule_c_awards.csv,1365,131624202,250000,org_prose,council_disclosure,ein+amount,"Studio in a School New York City will offer the Multilingual Learners Visual Arts Residency Program to 25 Title I schools citywide. Levine Teachers College, Columbia University","Teachers College, Columbia University"
data/fy22/schedule_c/fy22_schedule_c_awards.csv,1366,042261109,737000,org_prose,council_disclosure,ein+amount,"Food Ed Coalition continues to support the most vulnerable communities in New York City by providing meals, delivering groceries, conducting outreach about available food assistance, and offering virtual food education sessions. Third Sector New England",Third Sector New England
data/fy22/schedule_c/fy22_schedule_c_awards.csv,1367,237376074,50000,org_prose,council_disclosure,ein+amount,"Cleanup Corps initiative supports the creation of jobs by providing training and employment opportunities to New Yorkers for cleanup and beautification services across the City. Dromm Transitional Services for New York (TSINY), Inc.","Transitional Services for New York (TSINY), Inc."
data/fy22/schedule_c/fy22_schedule_c_awards.csv,1373,412278265,25000,org_prose,council_disclosure,ein+amount,"leaders. The allocation will support the Teacher's Center. LGBT UnLocal, Inc.","UnLocal, Inc."
data/fy22/schedule_c/fy22_schedule_c_awards.csv,1384,320155774,45000,org_prose,council_disclosure,ein+amount,"Funding to support senior programming including classes and seminars emphasizing mental, physical and artistic well-being of the senior community. Wild Bird Fund, Inc.","Wild Bird Fund, Inc."
data/fy22/schedule_c/fy22_schedule_c_awards.csv,1393,131624225,50000,org_prose,council_disclosure,ein+amount,Cleanup Corps initiative supports the creation of jobs by providing training and employment opportunities to New Yorkers for cleanup and beautification services across the City. Jewish Yeshiva University,Yeshiva University
data/fy22/schedule_c/fy22_schedule_c_awards.csv,1446,132612524,100000,org_prose,council_disclosure,ein+amount,"Fund for the City of New York, Inc. (Center for Court Innovation)","Fund for the City of New York, Inc."
data/fy23/schedule_c/fy23_appendix_a_aging.csv,42,113250772,32500,org_prose,council_disclosure,ein+amount,Funding to support Braata singing programming in senior centers in Council District 31. Ossé Bridge Street Development Corporation,Bridge Street Development Corporation
data/fy23/schedule_c/fy23_appendix_a_aging.csv,71,112047151,30000,org_prose,council_disclosure,ein+amount,"Funding will be used to support educational/recreational & health promotion activities, transportation services and to provide general support to program operation for the Bayside Senior Center in Council District 19. Cabán Catholic Charities Neighborhood Services, Inc.","Catholic Charities Neighborhood Services, Inc."
data/fy23/schedule_c/fy23_appendix_a_aging.csv,87,112652331,7000,org_prose,council_disclosure,ein+amount,"Funds will be used to provide services for Council District 18 Seniors at PEP Center, including but not limited to activities, trips, monthly birthday celebrations, holiday events. Cabán Central Astoria Local Development Coalition, Inc.","Central Astoria Local Development Coalition, Inc."
data/fy23/schedule_c/fy23_appendix_a_aging.csv,91,136202692,45000,org_prose,council_disclosure,ein+amount,"Funding to provide culturally responsive outreach, services and recreationally activities to seniors in the 46th Council District. Avilés Chinese American Planning Council, Inc.","Chinese American Planning Council, Inc."
data/fy23/schedule_c/fy23_appendix_a_aging.csv,111,237390996,10000,org_prose,council_disclosure,ein+amount,"Funding will support Rights & Information for Senior Empowerment programming and services. Ossé Crown Heights Jewish Community Council, Inc.","Crown Heights Jewish Community Council, Inc."
data/fy23/schedule_c/fy23_appendix_a_aging.csv,125,472288307,10000,org_prose,council_disclosure,ein+amount,"Funds will be used for aging programming and services in the 44th Council District. Ossé Digital Girl, Inc.","Digital Girl, Inc."
data/fy23/schedule_c/fy23_appendix_a_aging.csv,130,861096987,20000,org_prose,council_disclosure,ein+amount,Funding to support programming to alleviate isolation of vulnerable older adults in Council District 7. Page 7 Appendix A: Aging Discretionary Council Member Legal Name of Organization,"East River Development Alliance, Inc."
data/fy23/schedule_c/fy23_appendix_a_aging.csv,146,112300840,5000,org_prose,council_disclosure,ein+amount,"Funding to support assistance services for various emergencies associated with seniors. Ossé Fort Greene Council, Inc.","Fort Greene Council, Inc."
data/fy23/schedule_c/fy23_appendix_a_aging.csv,149,112300840,5000,org_prose,council_disclosure,ein+amount,Funds will be used to support Senior Programming for seniors at Clarendon Road Church . Page 8 Appendix A: Aging Discretionary Council Member Legal Name of Organization,"Fort Greene Council, Inc."
data/fy23/schedule_c/fy23_appendix_a_aging.csv,152,112300840,5000,org_prose,council_disclosure,ein+amount,"Funds will be used to enhance virtual and in-person senior programming; Health and Wellness, Educational, and Recreational activities, office supplies, Educational trips to Museums, NYC trips. Ossé Fort Greene Council, Inc.","Fort Greene Council, Inc."
data/fy23/schedule_c/fy23_appendix_a_aging.csv,156,112300840,5000,org_prose,council_disclosure,ein+amount,"Funds will be used to enhance virtual and in-person programming; Health and Wellness, Educational, and Recreational activities. Older adults Educational trips, including one Spirit of NY educational trip. Ossé Fort Greene Council, Inc.","Fort Greene Council, Inc."
data/fy23/schedule_c/fy23_appendix_a_aging.csv,175,112290832,22000,org_prose,council_disclosure,ein+amount,"The funds will help to support operational costs, activities/programming for seniors at the Angelo Petromelis Senior Center in Council District 19. Cabán HANAC, Inc.","HANAC, Inc."
data/fy23/schedule_c/fy23_appendix_a_aging.csv,178,112290832,7000,org_prose,council_disclosure,ein+amount,"To support Senior Programming at St. Spyridon. Cabán HANAC, Inc.","HANAC, Inc."
data/fy23/schedule_c/fy23_appendix_a_aging.csv,184,237237927,5000,org_prose,council_disclosure,ein+amount,"Funding to support programming and activities for seniors. Avilés Heights and Hills, Inc.","Heights and Hills, Inc."
data/fy23/schedule_c/fy23_appendix_a_aging.csv,220,132620896,10000,org_prose,council_disclosure,ein+amount,"Funding to support programming/activities to promote successful aging in place. Specific program to be funded included educational healing art activities such as ""Indoor Gardening"" and ""Art and Painting"". Gutiérrez Jewish Association for Services for the Aged (JASA)",Jewish Association for Services for the Aged (JASA)
data/fy23/schedule_c/fy23_appendix_a_aging.csv,247,112665181,5000,org_prose,council_disclosure,ein+amount,"Funds will provide for an Outreach Coordinator at Stapleton Older Adult Center. Ossé Jewish Community Council of Greater Coney Island, Inc.","Jewish Community Council of Greater Coney Island, Inc."
data/fy23/schedule_c/fy23_appendix_a_aging.csv,255,112665181,5000,org_prose,council_disclosure,ein+amount,"Funds will be used to support education and wellness programs for seniors. Avilés Jewish Community Council of Greater Coney Island, Inc.","Jewish Community Council of Greater Coney Island, Inc."
data/fy23/schedule_c/fy23_appendix_a_aging.csv,265,204393724,5000,org_prose,council_disclosure,ein+amount,"Funds will support expenses for social adult day care in Council District 19. Gutiérrez La Nueva Esperanza, Inc.","La Nueva Esperanza, Inc."
data/fy23/schedule_c/fy23_appendix_a_aging.csv,334,112328536,10000,org_prose,council_disclosure,ein+amount,"To provide funding to support digital literacy and technology training for seniors in Council District 8. Gutiérrez Peter Cardella Senior Citizen Center, Inc.","Peter Cardella Senior Citizen Center, Inc."
data/fy23/schedule_c/fy23_appendix_a_aging.csv,372,112453853,9250,org_prose,council_disclosure,ein+amount,"This funding will support district based senior services. Gutiérrez Riseboro Community Partnership, Inc.","Riseboro Community Partnership, Inc."
data/fy23/schedule_c/fy23_appendix_a_aging.csv,375,112453853,9250,org_prose,council_disclosure,ein+amount,"Funds will be used to enhance educational and health promotion services, to organize trips and special events for seniors, and to cover general operational support for the programs at RB Senior Center at Hope Gardens. Gutiérrez Riseboro Community Partnership, Inc.","Riseboro Community Partnership, Inc."
data/fy23/schedule_c/fy23_appendix_a_aging.csv,397,131624178,11000,org_prose,council_disclosure,ein+amount,"To maintain staffing to assist senior clients, to assist with transportation, and to provide case management and assistance. Cabán Selfhelp Community Services, Inc.","Selfhelp Community Services, Inc."
data/fy23/schedule_c/fy23_appendix_a_aging.csv,416,112730462,8000,org_prose,council_disclosure,ein+amount,"To support Senior Wellness programs, and general social services for seniors. Funding will be allocated for staffing support, office technology and materials, and office infrastructure. Cabán Spanish Speaking Elderly Council",Spanish Speaking Elderly Council - RAICES
data/fy23/schedule_c/fy23_appendix_a_aging.csv,420,112730462,25000,org_prose,council_disclosure,ein+amount,"To provide senior citizens hot lunches, educational and recreational activities, services, and support at Times Plaza Neighborhood Senior Center in Council District 33. Avilés Spanish Speaking Elderly Council",Spanish Speaking Elderly Council - RAICES
data/fy23/schedule_c/fy23_appendix_a_aging.csv,429,510192170,7500,org_prose,council_disclosure,ein+amount,"Funds will support congregate meals daily, arts/craft, health management, and other supportive senior services. Gutiérrez St. Nick's Alliance Corporation",St. Nick's Alliance Corporation
data/fy23/schedule_c/fy23_appendix_a_aging.csv,430,510192170,5000,org_prose,council_disclosure,ein+amount,"To support Leadership, recreational, and educational activities for seniors in East Williamsburg. Gutiérrez St. Nick's Alliance Corporation",St. Nick's Alliance Corporation
data/fy23/schedule_c/fy23_appendix_a_aging.csv,461,131624210,5000,org_prose,council_disclosure,ein+amount,"Funding will support VISIONS multi-lingual vision education and outreach programs for blind and visually impaired seniors, which includes community outreach, vision rehabilitation, mobility training and social and professional support. Cabán VISIONS/Services for the Blind and Visually Impaired",VISIONS/Services for the Blind and Visually Impaired
data/fy23/schedule_c/fy23_appendix_a_aging.csv,486,131624228,10000,org_prose,council_disclosure,ein+amount,"Funding to support New Beginnings Center: offering older adults opportunities to socialize, and get involved in a new community. Ossé Young Men's Christian Association of Greater New York",Young Men's Christian Association of Greater New York
data/fy23/schedule_c/fy23_appendix_b_local.csv,14,452568264,5000,org_prose,council_disclosure,ein+amount,"Funding to support costs associated with New Play Development programming and activities. Ossé 500 Men Making a Difference, Inc.","500 Men Making a Difference, Inc."
data/fy23/schedule_c/fy23_appendix_b_local.csv,35,453665976,5000,org_prose,council_disclosure,ein+amount,"Funds will support the Reel Sisters of the Diaspora Film Festival & Lecture Series in Council District 45. Gutiérrez Afro-Latin Jazz Alliance of New York, Inc.","Afro-Latin Jazz Alliance of New York, Inc."
data/fy23/schedule_c/fy23_appendix_b_local.csv,44,113220961,10000,org_prose,council_disclosure,ein+amount,Funds to be used to operate the AIMHigh Empowerment Institute and all related programming. Page 29 Appendix B: Local Initiatives Council Member Sponsor Legal Name of Organization,"AKTINA Productions, Inc."
data/fy23/schedule_c/fy23_appendix_b_local.csv,45,475488301,20000,org_prose,council_disclosure,ein+amount,"Funds will be used to support television programming promoting Greek culture in NYC. Avilés Alex House Project, Inc., The","Alex House Project, Inc., The"
data/fy23/schedule_c/fy23_appendix_b_local.csv,102,113534833,25000,org_prose,council_disclosure,ein+amount,"To support the Gowanus Open Studios program. Cabán Ansob Center for Refugees, Inc.","Ansob Center for Refugees, Inc."
data/fy23/schedule_c/fy23_appendix_b_local.csv,112,113604756,25000,org_prose,council_disclosure,ein+amount,"Funding to support AAANY Youth Program and Arab American Bazaar. Avilés Arab American Association of New York, Inc.","Arab American Association of New York, Inc."
data/fy23/schedule_c/fy23_appendix_b_local.csv,118,113167245,6000,org_prose,council_disclosure,ein+amount,"Funding will support operating expenses, including staff support, educational materials/supplies, and events/activities for Council District 40. Cabán Arab-American Family Support Center, Inc., The","Arab-American Family Support Center, Inc., The"
data/fy23/schedule_c/fy23_appendix_b_local.csv,137,352381871,10000,org_prose,council_disclosure,ein+amount,Funding to support operational costs associated with Doing Right Under Guidance and Supervision (D.R.U.G.S.) program. Ossé Asase Yaa Cultural Arts Foundation,Asase Yaa Cultural Arts Foundation
data/fy23/schedule_c/fy23_appendix_b_local.csv,167,133846431,10000,org_prose,council_disclosure,ein+amount,"Funding to support Clean up services of business sectors in Council District 30. Ossé Association of Community Employment Programs for the Homeless, Inc.","Association of Community Employment Programs for the Homeless, Inc."
data/fy23/schedule_c/fy23_appendix_b_local.csv,169,133846431,8500,org_prose,council_disclosure,ein+amount,"To support local cleanup initiatives within Council District 5. Cabán Association of Community Employment Programs for the Homeless, Inc.","Association of Community Employment Programs for the Homeless, Inc."
data/fy23/schedule_c/fy23_appendix_b_local.csv,181,113220371,20000,org_prose,council_disclosure,ein+amount,"To support community outreach and education in Council District 25 as well as various education and supportive services for those diagnosed with cancer, including breast, colon and ovarian cancers. Cabán Astoria/Queens Share-ing and Care-ing, Inc.","Astoria/Queens Share-ing and Care-ing, Inc."
data/fy23/schedule_c/fy23_appendix_b_local.csv,220,112412205,20000,org_prose,council_disclosure,ein+amount,"Funds will support costs associated with the Bed Stuy Alive annual event. Ossé Bedford Stuyvesant Family Health Center, Inc.","Bedford Stuyvesant Family Health Center, Inc."
data/fy23/schedule_c/fy23_appendix_b_local.csv,222,116083182,15000,org_prose,council_disclosure,ein+amount,Funding for sanitation services in the District and maintenance of the Big Belly Trash Cans. Ossé Bedford Stuyvesant Restoration Corporation,Bedford Stuyvesant Restoration Corporation
data/fy23/schedule_c/fy23_appendix_b_local.csv,224,112957898,15000,org_prose,council_disclosure,ein+amount,"Funding to support BSRC's community development programs in underserved neighborhoods of Central Brooklyn, including but not limited to workplace readiness, financial literacy, and homeownership/foreclosure prevention workshops. Ossé Bedford Stuyvesant Volunteer Ambulance Corps",Bedford Stuyvesant Volunteer Ambulance Corps
data/fy23/schedule_c/fy23_appendix_b_local.csv,244,112336154,15000,org_prose,council_disclosure,ein+amount,"Funds will be used to support the big reuse site on Roosevelt Island. Ossé Billie Holiday Theatre, Inc.","Billie Holiday Theatre, Inc."
data/fy23/schedule_c/fy23_appendix_b_local.csv,258,473925112,4000,org_prose,council_disclosure,ein+amount,"To provide funding support for the continuation and expansion of the programming for people on the autism spectrum. Gutiérrez BK ROT, Inc.","BK ROT, Inc."
data/fy23/schedule_c/fy23_appendix_b_local.csv,259,473925112,7500,org_prose,council_disclosure,ein+amount,"To support BK ROT’s ongoing programming, including food scrap hauling, expanding partner gardens, increase infrastructure for organics processing, and hosting workshops & waste advocacy. Gutiérrez BK ROT, Inc.","BK ROT, Inc."
data/fy23/schedule_c/fy23_appendix_b_local.csv,260,821420342,5000,org_prose,council_disclosure,ein+amount,"To support BK ROT’s ongoing programming, including food scrap hauling, expanding partner gardens, increase infrastructure for organics processing, and hosting workshops & waste advocacy. Ossé BKBNK, Inc.","BKBNK, Inc."
data/fy23/schedule_c/fy23_appendix_b_local.csv,265,112608983,10000,org_prose,council_disclosure,ein+amount,"Funding will support general operating expenses as well as free community events including access to mobile stages. Ossé Black Veterans for Social Justice, Inc.","Black Veterans for Social Justice, Inc."
data/fy23/schedule_c/fy23_appendix_b_local.csv,304,113250772,30000,org_prose,council_disclosure,ein+amount,Funds will be used to support multicultural events and programs in the 45th Council District. Ossé Bridge Street Development Corporation,Bridge Street Development Corporation
data/fy23/schedule_c/fy23_appendix_b_local.csv,352,112145956,12500,org_prose,council_disclosure,ein+amount,"Funding to support operating expenses including communication between gardens (website development, printed material), outreach/promotion of gardens and maintenance of gardens. Page 43 Appendix B: Local Initiatives Council Member Sponsor Legal Name of Organization","Brooklyn Alliance, Inc."
data/fy23/schedule_c/fy23_appendix_b_local.csv,369,112495664,7250,org_prose,council_disclosure,ein+amount,Funds will be used to support Health Initiatives in Council District 45. Ossé Brooklyn Children's Museum Corporation,Brooklyn Children's Museum Corporation
data/fy23/schedule_c/fy23_appendix_b_local.csv,384,262214534,5000,org_prose,council_disclosure,ein+amount,"Funding to support operating expenses for Community Board 9. Ossé Brooklyn Community Pride Center, Inc.","Brooklyn Community Pride Center, Inc."
data/fy23/schedule_c/fy23_appendix_b_local.csv,386,262214534,3500,org_prose,council_disclosure,ein+amount,"Funds will be used to support health and wellness programs. Gutiérrez Brooklyn Community Pride Center, Inc.","Brooklyn Community Pride Center, Inc."
data/fy23/schedule_c/fy23_appendix_b_local.csv,393,132605599,10000,org_prose,council_disclosure,ein+amount,To support the Preserving Affordable Housing program. Ossé Brooklyn Legal Services Corporation A,Brooklyn Legal Services Corporation A
data/fy23/schedule_c/fy23_appendix_b_local.csv,407,611441052,5000,org_prose,council_disclosure,ein+amount,Funding to support music and movement classes at Public School 129Q (25Q129) in Council District 19. Ossé Brooklyn Queens Land Trust,Brooklyn Queens Land Trust
data/fy23/schedule_c/fy23_appendix_b_local.csv,408,611441052,10000,org_prose,council_disclosure,ein+amount,Funding for community gardens support in Council District 36. Gutiérrez Brooklyn Queens Land Trust,Brooklyn Queens Land Trust
data/fy23/schedule_c/fy23_appendix_b_local.csv,422,201518304,12000,org_prose,council_disclosure,ein+amount,"Funds will be used to provide skills acquisition and job advancement in general construction and specialty trades, including Carpentry, Electrical, Plumbing, and HVAC. Gutiérrez Bushwick Housing Independence Project",Bushwick Housing Independence Project
data/fy23/schedule_c/fy23_appendix_b_local.csv,430,112480339,10000,org_prose,council_disclosure,ein+amount,"Funds will provide a variety of parenting items, move-out kits for families and other common household items. Ossé CAMBA, Inc.","CAMBA, Inc."
data/fy23/schedule_c/fy23_appendix_b_local.csv,471,112047151,15000,org_prose,council_disclosure,ein+amount,"Funds will be used to support education, recreation, health promotion activities, case assistance, and transportation for seniors and to provide supplies. Cabán Catholic Charities Neighborhood Services, Inc.","Catholic Charities Neighborhood Services, Inc."
data/fy23/schedule_c/fy23_appendix_b_local.csv,488,851058164,41000,org_prose,council_disclosure,ein+amount,"Funding is to support CEO's Crew Works program within Council District 1. Avilés Center for Family Life in Sunset Park, Inc.","Center for Family Life in Sunset Park, Inc."
data/fy23/schedule_c/fy23_appendix_b_local.csv,489,510419496,6500,org_prose,council_disclosure,ein+amount,"Funds will support arts programming in CFLSP’s afterschool, neighborhood center, and summer camp programs at elementary, middle school, and high school sites in Sunset Park. Funds will be used for staff expenses. Cabán Center for Family Representation",Center for Family Representation
data/fy23/schedule_c/fy23_appendix_b_local.csv,493,112652331,37000,org_prose,council_disclosure,ein+amount,"To support removal defense for detained immigrants and for asylum seekers in Council District 33. Cabán Central Astoria Local Development Coalition, Inc.","Central Astoria Local Development Coalition, Inc."
data/fy23/schedule_c/fy23_appendix_b_local.csv,494,112652331,36500,org_prose,council_disclosure,ein+amount,"Funds will be used to promote the local business thoroughfare. Cabán Central Astoria Local Development Coalition, Inc.","Central Astoria Local Development Coalition, Inc."
data/fy23/schedule_c/fy23_appendix_b_local.csv,500,832963670,3000,org_prose,council_disclosure,ein+amount,"Funds will be used to support Wellness Webinars and Gift Packages for Holidays. Cabán Central Queens Jewish Community Circle, Inc.","Central Queens Jewish Community Circle, Inc."
data/fy23/schedule_c/fy23_appendix_b_local.csv,549,136202692,20000,org_prose,council_disclosure,ein+amount,"Funding will be used to enhance the multilingual social services program aimed at reducing poverty and providing support and access to services for immigrants and limited English proficiency community members in City Council District 5. Avilés Chinese American Planning Council, Inc.","Chinese American Planning Council, Inc."
data/fy23/schedule_c/fy23_appendix_b_local.csv,560,264698161,10000,org_prose,council_disclosure,ein+amount,"Funds to support increased hunger relief services due to COVID-19. Gutiérrez Churches United for Fair Housing, Inc.","Churches United for Fair Housing, Inc."
data/fy23/schedule_c/fy23_appendix_b_local.csv,561,264698161,15000,org_prose,council_disclosure,ein+amount,"To support local youth sports programming, services and activities. Ossé Churches United for Fair Housing, Inc.","Churches United for Fair Housing, Inc."
data/fy23/schedule_c/fy23_appendix_b_local.csv,565,510171818,3500,org_prose,council_disclosure,ein+amount,"Funding to support general operational expenses and skills-building workshops, technical support in the form of project planning assistance and an equipment share library. Gutiérrez Citizens Committee for New York City, Inc.","Citizens Committee for New York City, Inc."
data/fy23/schedule_c/fy23_appendix_b_local.csv,573,452149344,10000,org_prose,council_disclosure,ein+amount,"To support City College Center for the Arts programming. Avilés City Growers, Inc.","City Growers, Inc."
data/fy23/schedule_c/fy23_appendix_b_local.csv,581,133561657,5000,org_prose,council_disclosure,ein+amount,To support CPF free programming in public parks in New York City. Cabán City Parks Foundation,City Parks Foundation
data/fy23/schedule_c/fy23_appendix_b_local.csv,590,133893536,9000,org_prose,council_disclosure,ein+amount,Funds will support job placement for the IDD community. Cabán City University of New York,City University of New York
data/fy23/schedule_c/fy23_appendix_b_local.csv,595,133893536,7000,org_prose,council_disclosure,ein+amount,Funds will be used to support CLRN’s network of legal services delivering advice and assistance and Know Your Rights presentations at the Council Member's office. Cabán City University of New York,City University of New York
data/fy23/schedule_c/fy23_appendix_b_local.csv,613,133893536,30000,org_prose,council_disclosure,ein+amount,"To fund the Senior Loyalty program for the QPAC, which funds theatre trips and musical programs to be presented at local senior centers, including the North Flushing Senior Group and Latimer Gardens Senior Center, and to support virtual programming. Ossé City University of New York",City University of New York
data/fy23/schedule_c/fy23_appendix_b_local.csv,625,475518278,8000,org_prose,council_disclosure,ein+amount,Funds will be used to support the Clemente's A Textile Memory program for seniors. Cabán Climate Museum,Climate Museum
data/fy23/schedule_c/fy23_appendix_b_local.csv,639,112622003,15000,org_prose,council_disclosure,ein+amount,"Funds will support community engagement and education programming and services. Gutiérrez Committee for Hispanic Children and Families, Inc., The","Committee for Hispanic Children and Families, Inc., The"
data/fy23/schedule_c/fy23_appendix_b_local.csv,666,134114145,5000,org_prose,council_disclosure,ein+amount,"Funds will be used to support arts education at PS/MS 279 through a school based arts residency. Cabán Community-Word Project, Inc.","Community-Word Project, Inc."
data/fy23/schedule_c/fy23_appendix_b_local.csv,667,134114145,5000,org_prose,council_disclosure,ein+amount,"Funds will be used to defray the operating expenses for programs at Public School 17Q, Intermediate School 126Q, and Public School 234Q. Gutiérrez Community-Word Project, Inc.","Community-Word Project, Inc."
data/fy23/schedule_c/fy23_appendix_b_local.csv,678,852348659,10000,org_prose,council_disclosure,ein+amount,"To provide services include case management, crisis intervention, referrals, counseling, empowerment workshops, legal advocacy and referrals; with programming/services taking place within CD 9. Cabán Connected Chef Foundation, Inc.","Connected Chef Foundation, Inc."
data/fy23/schedule_c/fy23_appendix_b_local.csv,680,161636968,5000,org_prose,council_disclosure,ein+amount,"The funding engages cultural programs and institutions to provide arts enrichment to the community in Council District 19. Ossé Cool Culture, Inc.","Cool Culture, Inc."
data/fy23/schedule_c/fy23_appendix_b_local.csv,696,132765465,7500,org_prose,council_disclosure,ein+amount,"Funding to support operating expenses of GrowNYC program including Greenmarket and Youthmarket farm stands. Ossé Council on the Environment, Inc.","Council on the Environment, Inc."
data/fy23/schedule_c/fy23_appendix_b_local.csv,709,200006693,20000,org_prose,council_disclosure,ein+amount,"Funds will support Immigration, Family Crisis Intervention, Employment Assistance, Access to Entitlements, Health Insurance Information, Food Stamps Enrollment, Crime Victims Services. Ossé Crown Heights North Association, Inc.","Crown Heights North Association, Inc."
data/fy23/schedule_c/fy23_appendix_b_local.csv,721,112644226,5000,org_prose,council_disclosure,ein+amount,"To support economic empowerment of women in Council District 9 through mentorship, technical assistance, workshops & training with activities taking place within Council District 9. Cabán Cypreco of America, Inc.","Cypreco of America, Inc."
data/fy23/schedule_c/fy23_appendix_b_local.csv,958,861096987,11000,org_prose,council_disclosure,ein+amount,"Funding to support 1) Job training and placement assistance; 2) One-on-one crisis and short-term counseling, long-term asset building counseling, financial educational, tax preparation, tenant advocacy; 3) College Access; 4) Economic Revitalization. Cabán East River Development Alliance, Inc.","East River Development Alliance, Inc."
data/fy23/schedule_c/fy23_appendix_b_local.csv,985,814482839,9750,org_prose,council_disclosure,ein+amount,"Funding to support Anti- Violence Programming, Workforce Development and or STEAM Robotics programming. Ossé Elite Learners, Inc.","Elite Learners, Inc."
data/fy23/schedule_c/fy23_appendix_b_local.csv,1001,432115174,10000,org_prose,council_disclosure,ein+amount,"To help support the pediatric hospital support program in Council District 10. Ossé Entertainers for Education Alliance, Inc.","Entertainers for Education Alliance, Inc."
data/fy23/schedule_c/fy23_appendix_b_local.csv,1031,112507910,5000,org_prose,council_disclosure,ein+amount,"Funds will support Brooklyn Columbus Day Parade. Cabán Federation of Italian American Organizations of Brooklyn, Ltd.","Federation of Italian American Organizations of Brooklyn, Ltd."
data/fy23/schedule_c/fy23_appendix_b_local.csv,1123,132612524,20000,org_prose,council_disclosure,ein+amount,"Gutierrez Fund for the City of New York, Inc.","Fund for the City of New York, Inc."
data/fy23/schedule_c/fy23_appendix_b_local.csv,1165,133366846,5000,org_prose,council_disclosure,ein+amount,"Funds support Law Project Housing Clinics. Ossé God's Love We Deliver, Inc.","God's Love We Deliver, Inc."
data/fy23/schedule_c/fy23_appendix_b_local.csv,1178,112739527,10000,org_prose,council_disclosure,ein+amount,"Funding to support Garden of the Ville Youth Urban Farm in Council District 7. Gutiérrez Grand Street District Management Association, Inc.","Grand Street District Management Association, Inc."
data/fy23/schedule_c/fy23_appendix_b_local.csv,1182,112409274,9000,org_prose,council_disclosure,ein+amount,"Funds will support monthly Senior Forums and programming at The Bronx Museum of The Arts and throughout Council District 16. Gutiérrez Greater Ridgewood Historical Society, Inc.","Greater Ridgewood Historical Society, Inc."
data/fy23/schedule_c/fy23_appendix_b_local.csv,1184,112382250,5000,org_prose,council_disclosure,ein+amount,"To support graffiti removal, neighborhood-level initiatives that promote economic development, job creation and retention, and community investment. Gutiérrez Greater Ridgewood Restoration Corporation",Greater Ridgewood Restoration Corporation
data/fy23/schedule_c/fy23_appendix_b_local.csv,1185,112382250,10000,org_prose,council_disclosure,ein+amount,Funds will be used to support Graffiti removal in Council District 34. Gutiérrez Greater Ridgewood Restoration Corporation,Greater Ridgewood Restoration Corporation
data/fy23/schedule_c/fy23_appendix_b_local.csv,1188,132903183,10000,org_prose,council_disclosure,ein+amount,"Funding will be used to support Greek language radio programming and defray operating costs. Ossé Green Guerillas, Inc.","Green Guerillas, Inc."
data/fy23/schedule_c/fy23_appendix_b_local.csv,1222,112290832,11000,org_prose,council_disclosure,ein+amount,"The funds will help to support operational costs, activities/programming for seniors at the Angelo Petromelis Senior Center. Cabán HANAC, Inc.","HANAC, Inc."
data/fy23/schedule_c/fy23_appendix_b_local.csv,1254,200774906,5000,org_prose,council_disclosure,ein+amount,"Funds will support the LES Hispanic Festival. Gutiérrez Hester Street Collaborative, Inc.","Hester Street Collaborative, Inc."
data/fy23/schedule_c/fy23_appendix_b_local.csv,1305,473436880,5000,org_prose,council_disclosure,ein+amount,"Funds to cover costs of mobile screenings for cancer and other diseases. Cabán HSS Screening and Early Detection, Inc.","HSS Screening and Early Detection, Inc."
data/fy23/schedule_c/fy23_appendix_b_local.csv,1320,474523884,3000,org_prose,council_disclosure,ein+amount,"Funding to support senior programs in Council District 23. Cabán IndieSpace, Inc.","IndieSpace, Inc."
data/fy23/schedule_c/fy23_appendix_b_local.csv,1323,133306195,5000,org_prose,council_disclosure,ein+amount,"Funding to support citizenship class and citizenship application assistance. Gutiérrez Institute for Community Living, Inc.","Institute for Community Living, Inc."
data/fy23/schedule_c/fy23_appendix_b_local.csv,1327,205052686,10000,org_prose,council_disclosure,ein+amount,"Funds will be used to train approximately 20 female Latinx Children and youth in filmmaking and film production. Gutiérrez International Studio & Curatorial Program, Inc.","International Studio & Curatorial Program, Inc."
data/fy23/schedule_c/fy23_appendix_b_local.csv,1332,463299217,5000,org_prose,council_disclosure,ein+amount,To provide administrative support for the Plaza project on 204th Street and Post Avenue. Ossé I'RAISE Girls & Boys International Corporation,I'RAISE Girls & Boys International Corporation
data/fy23/schedule_c/fy23_appendix_b_local.csv,1413,852810883,20000,org_prose,council_disclosure,ein+amount,"Funds will support alternative to detention services, including social services and youth development programming. Avilés Justice Innovation, Inc.","Justice Innovation, Inc."
data/fy23/schedule_c/fy23_appendix_b_local.csv,1460,204393724,10000,org_prose,council_disclosure,ein+amount,"To support the expansion of their ongoing community program La MaMa Kids. Gutiérrez La Nueva Esperanza, Inc.","La Nueva Esperanza, Inc."
data/fy23/schedule_c/fy23_appendix_b_local.csv,1463,463732667,8000,org_prose,council_disclosure,ein+amount,"Funding to support research and community-led zoning project. Cabán Latinas On The Verge of Excellence Love, Inc.","Latinas On The Verge of Excellence Love, Inc."
data/fy23/schedule_c/fy23_appendix_b_local.csv,1526,132638292,5000,org_prose,council_disclosure,ein+amount,"Funds will be used to support the musical connections program at PS54X. Cabán Little Orchestra Society-Orpheon, Inc., The","Little Orchestra Society-Orpheon, Inc., The"
data/fy23/schedule_c/fy23_appendix_b_local.csv,1549,113344389,20000,org_prose,council_disclosure,ein+amount,Funds will be used to provide Services for the residents of Council District 25. Gutiérrez Make the Road New York,Make the Road New York
data/fy23/schedule_c/fy23_appendix_b_local.csv,1553,472123500,7500,org_prose,council_disclosure,ein+amount,"Funds will support youth programming in Council District 37, including the Youth Power Project and the Student Success Center at Bushwick Campus Community School. Gutiérrez Make: STEAM, Inc.","Make: STEAM, Inc."
data/fy23/schedule_c/fy23_appendix_b_local.csv,1599,133580918,5000,org_prose,council_disclosure,ein+amount,"To support Tenant Help Hotline, downtown Walk-in Clinic and Tenants Rights Training series for Council District 5. Ossé Met Council Research and Educational Fund, Inc.","Met Council Research and Educational Fund, Inc."
data/fy23/schedule_c/fy23_appendix_b_local.csv,1641,113561651,70000,org_prose,council_disclosure,ein+amount,"Funding to support programming including activities, events, workshops, direct services and advocacy events. Avilés Mixteca Organization, Inc.","Mixteca Organization, Inc."
data/fy23/schedule_c/fy23_appendix_b_local.csv,1686,205292405,8000,org_prose,council_disclosure,ein+amount,"Funds will be used to support the Pollenating Garden Education Center. Avilés NARS Foundation, Inc.","NARS Foundation, Inc."
data/fy23/schedule_c/fy23_appendix_b_local.csv,1715,113470943,5000,org_prose,council_disclosure,ein+amount,"Funds will support eviction prevention, tenant legal advocacy, landlord tenant moderation, and after school programs for high school students. Gutiérrez Neighbors Allied for Good Growth, Inc.","Neighbors Allied for Good Growth, Inc."
data/fy23/schedule_c/fy23_appendix_b_local.csv,1717,113059958,31000,org_prose,council_disclosure,ein+amount,"To support NAG's public outreach campaigns with staff and supplies. Avilés Neighbors Helping Neighbors, Inc.","Neighbors Helping Neighbors, Inc."
data/fy23/schedule_c/fy23_appendix_b_local.csv,1747,133444193,5000,org_prose,council_disclosure,ein+amount,"Funds will provide support to cancer patients and their families by assisting those coping with side effects of cancer treatment and by providing services. Ossé New York Cares, Inc.","New York Cares, Inc."
data/fy23/schedule_c/fy23_appendix_b_local.csv,1940,132860703,5000,org_prose,council_disclosure,ein+amount,"Funding for general operating support of the environmental justice program. Gutiérrez New York Lawyers for the Public Interest, Inc.","New York Lawyers for the Public Interest, Inc."
data/fy23/schedule_c/fy23_appendix_b_local.csv,1953,133505428,10000,org_prose,council_disclosure,ein+amount,"Funds will provide Legal Service for Low-Income New Yorkers. Avilés New York Legal Assistance Group, Inc.","New York Legal Assistance Group, Inc."
data/fy23/schedule_c/fy23_appendix_b_local.csv,1959,133959056,5000,org_prose,council_disclosure,ein+amount,Funds will be used to provide free tickets for families and seniors to attend The New York Pops’ concert at Forest Hills Stadium. Ossé New York Restoration Project,New York Restoration Project
data/fy23/schedule_c/fy23_appendix_b_local.csv,1970,200670312,5000,org_prose,council_disclosure,ein+amount,"Funds will be used to provide outreach and host community events to educate tenants on their rights and available services. Gutiérrez New York Sun Works, Inc.","New York Sun Works, Inc."
data/fy23/schedule_c/fy23_appendix_b_local.csv,1975,135562308,5000,org_prose,council_disclosure,ein+amount,"Funding will support a nurse led initiative designed to provide culturally congruent support for Black childbearing families, centering the voices of Black patients, and empowering them to make informed decisions for their care. Gutiérrez New York University",New York University
data/fy23/schedule_c/fy23_appendix_b_local.csv,1987,113271472,3000,org_prose,council_disclosure,ein+amount,"Funding will help support cultural programs for residents in the 49th Council District. Ossé Noel Pointer Foundation, Inc.","Noel Pointer Foundation, Inc."
data/fy23/schedule_c/fy23_appendix_b_local.csv,1994,112737223,2500,org_prose,council_disclosure,ein+amount,"Funds will be used for general operating expenses, as well as physical education programs, meal programs, and computer literacy programs. Page 118 Appendix B: Local Initiatives Council Member Sponsor Legal Name of Organization",Northeast Brooklyn Housing Development Corporation
data/fy23/schedule_c/fy23_appendix_b_local.csv,2016,471688610,9000,org_prose,council_disclosure,ein+amount,"Funding to support a variety of district based senior services. Cabán Old Astoria Neighborhood Association, Inc.","Old Astoria Neighborhood Association, Inc."
data/fy23/schedule_c/fy23_appendix_b_local.csv,2028,010849087,5000,org_prose,council_disclosure,ein+amount,"Funds will support the QUESTion Project to empower high school students from Belmont Preparatory High School. Gutiérrez Open Space Alliance for North Brooklyn, Inc.","Open Space Alliance for North Brooklyn, Inc."
data/fy23/schedule_c/fy23_appendix_b_local.csv,2054,831900689,10000,org_prose,council_disclosure,ein+amount,Funds will be used to support the Community Cleanup Program in Council District 43. Avilés Parent Child Relationship Association,Parent Child Relationship Association
data/fy23/schedule_c/fy23_appendix_b_local.csv,2055,831900689,20000,org_prose,council_disclosure,ein+amount,Funding to support Street Cleanup Events. Avilés Parent Child Relationship Association,Parent Child Relationship Association
data/fy23/schedule_c/fy23_appendix_b_local.csv,2058,135596751,2500,org_prose,council_disclosure,ein+amount,"Funding to support the Parents As Arts Partners program (PAAP) at public schools. Ossé Partnership with Children, Inc.","Partnership with Children, Inc."
data/fy23/schedule_c/fy23_appendix_b_local.csv,2071,112307925,10000,org_prose,council_disclosure,ein+amount,"Funds will be used to support Senior Programs at the Sotomayor Cornerstone Community Center. Ossé Phoenix Houses Of Long Island, Inc.","Phoenix Houses Of Long Island, Inc."
data/fy23/schedule_c/fy23_appendix_b_local.csv,2100,200176184,15000,org_prose,council_disclosure,ein+amount,"Funding to support businesses in Council District 49 including clean-up services, beautification, promotions/outreach and flags/banners installation. Avilés PortSide NewYork, Inc.","PortSide NewYork, Inc."
data/fy23/schedule_c/fy23_appendix_b_local.csv,2108,112451752,10000,org_prose,council_disclosure,ein+amount,"Funds will be used to support rapid response online legal clinics, connections to benefits and operational expenses. Ossé Pratt Area Community Council, Inc.","Pratt Area Community Council, Inc."
data/fy23/schedule_c/fy23_appendix_b_local.csv,2151,112482974,5000,org_prose,council_disclosure,ein+amount,"Funding will help supplement and enhance a variety of services to children and adults with autism, families and caregivers; as well as staff training, purchasing additional supplies and materials, and repairs at existing schools and facilities. Cabán QSAC, Inc.","QSAC, Inc."
data/fy23/schedule_c/fy23_appendix_b_local.csv,2157,450491693,5000,org_prose,council_disclosure,ein+amount,"Funds will support recreational activities and case management services for senior participants of CD28. Gutiérrez Quebradillas Baseball Organization, Inc.","Quebradillas Baseball Organization, Inc."
data/fy23/schedule_c/fy23_appendix_b_local.csv,2234,113572515,8500,org_prose,council_disclosure,ein+amount,"Funds will provide Family day, Senior Day, chat + chew, civic education and voter registration program in and with housing unit and the broader Harlem community. Gutiérrez Reaching Across the World Ministries, Inc.","Reaching Across the World Ministries, Inc."
data/fy23/schedule_c/fy23_appendix_b_local.csv,2237,203904662,45000,org_prose,council_disclosure,ein+amount,"Funds will support Pre-Apprenticeship Construction Training Program to train low- income individuals interested in a career in the construction trades. Avilés Red Hook Initiative, Inc.","Red Hook Initiative, Inc."
data/fy23/schedule_c/fy23_appendix_b_local.csv,2240,112734261,10000,org_prose,council_disclosure,ein+amount,"Funding to support cultural programming and activities for seniors in CD29 at Reform Temple of Forest Hills. Avilés Regina Opera Company, Inc.","Regina Opera Company, Inc."
data/fy23/schedule_c/fy23_appendix_b_local.csv,2264,116039895,3500,org_prose,council_disclosure,ein+amount,"Funding to host in-district conversations and outreach activities around local transit issues and community needs in Council District 33. Gutiérrez Ridgewood Property Owners & Civic Association, Inc.","Ridgewood Property Owners & Civic Association, Inc."
data/fy23/schedule_c/fy23_appendix_b_local.csv,2309,133164464,5000,org_prose,council_disclosure,ein+amount,"Funds to support suicide awareness & prevention workshops, professional development training, resource guides, outreach to schools, CBO’s, community centers and places of worship. Ossé Samaritans of New York, Inc.","Samaritans of New York, Inc."
data/fy23/schedule_c/fy23_appendix_b_local.csv,2337,112777066,7500,org_prose,council_disclosure,ein+amount,Funds will support the Council District 28 Individual Residence Program and its horticultural program through the purchase of new gardening supplies. Gutiérrez SCO Family of Services,SCO Family of Services
data/fy23/schedule_c/fy23_appendix_b_local.csv,2397,473134260,7500,org_prose,council_disclosure,ein+amount,"To support the continuation and costs of SGHY Programming in Council District 1. Ossé Soul Summit Music, Inc.","Soul Summit Music, Inc."
data/fy23/schedule_c/fy23_appendix_b_local.csv,2419,112730462,3000,org_prose,council_disclosure,ein+amount,Funds will support Industrial Business Services programing and workforce development in and around the Gowanus Industrial Business Zone (IBZ). Cabán Spanish Speaking Elderly Council,Spanish Speaking Elderly Council - RAICES
data/fy23/schedule_c/fy23_appendix_b_local.csv,2429,113174514,2500,org_prose,council_disclosure,ein+amount,"Funds will be used to support the year-long menu of free activities that are designed to address the interests and needs of senior citizens. Ossé St. John's Bread and Life Program, Inc.","St. John's Bread and Life Program, Inc."
data/fy23/schedule_c/fy23_appendix_b_local.csv,2431,510192170,7500,org_prose,council_disclosure,ein+amount,"Funding will support community-based therapy program, PARTNERS CLINIC. Ossé St. Nick's Alliance Corporation",St. Nick's Alliance Corporation
data/fy23/schedule_c/fy23_appendix_b_local.csv,2434,510192170,33000,org_prose,council_disclosure,ein+amount,"To support anti-harassment and anti-illegal eviction work, including outreach and housing counseling, financial training, improving housing conditions and increasing understanding of access to weatherization, HEAP and other resources. Gutiérrez St. Nick's Alliance Corporation",St. Nick's Alliance Corporation
data/fy23/schedule_c/fy23_appendix_b_local.csv,2486,133697027,10000,org_prose,council_disclosure,ein+amount,Funding to support the Passport To Taiwan Festival. Avilés Target Margin Theater,Target Margin Theater
data/fy23/schedule_c/fy23_appendix_b_local.csv,2499,042261109,10000,org_prose,council_disclosure,ein+amount,Funding for activities in Council District 41. Gutiérrez Third Sector New England,Third Sector New England
data/fy23/schedule_c/fy23_appendix_b_local.csv,2500,042261109,5000,org_prose,council_disclosure,ein+amount,"To support the Deliverista Hub will house a training center that will offer trainings in financial literacy, digital literacy, English classes, workforce development, and industry specific trainings, including health and safety for deliverers. Cabán Third Sector New England",Third Sector New England
data/fy23/schedule_c/fy23_appendix_b_local.csv,2513,510186015,5000,org_prose,council_disclosure,ein+amount,"Funding to help support FSS’s community-based, multilingual direct services to traffic crash victims and their families. Gutiérrez Transportation Alternatives, Inc.","Transportation Alternatives, Inc."
data/fy23/schedule_c/fy23_appendix_b_local.csv,2522,133171439,20000,org_prose,council_disclosure,ein+amount,Funds will support Trevor Project's programs and operations. Gutiérrez Trinity Human Services Corporation,Trinity Human Services Corporation
data/fy23/schedule_c/fy23_appendix_b_local.csv,2536,861150496,5000,org_prose,council_disclosure,ein+amount,"To support EH Community activities (Holiday Tree, PSA5, NTO). Gutiérrez UnionDocs, Inc.","UnionDocs, Inc."
data/fy23/schedule_c/fy23_appendix_b_local.csv,2545,112728233,7500,org_prose,council_disclosure,ein+amount,"Funds will support UJC's programs and operations at Lillian Wald. Ossé United Jewish Organizations of Williamsburg, Inc.","United Jewish Organizations of Williamsburg, Inc."
data/fy23/schedule_c/fy23_appendix_b_local.csv,2572,116014770,18000,org_prose,council_disclosure,ein+amount,"Funding will be used to support activities for children including homework help, performing arts instruction, and physical education. Cabán Variety Boys and Girls Club of Queens, Inc.","Variety Boys and Girls Club of Queens, Inc."
data/fy23/schedule_c/fy23_appendix_b_local.csv,2626,113569896,10000,org_prose,council_disclosure,ein+amount,"To support Community Waterfront education and Recreational Programming in Council District 33. Avilés Waterfront Museum, The","Waterfront Museum, The"
data/fy23/schedule_c/fy23_appendix_b_local.csv,2662,131740011,5000,org_prose,council_disclosure,ein+amount,To provide free science education enrichment and high quality professional experience in science education for students in Council District 11. Cabán Wildlife Conservation Society,Wildlife Conservation Society
data/fy23/schedule_c/fy23_appendix_c_youth.csv,21,112247307,5000,org_prose,council_disclosure,ein+amount,"Funds will support the operations of the Jill Chaifetz Education Helpline. Avilés Advocates for Children of New York, Inc.","Advocates for Children of New York, Inc."
data/fy23/schedule_c/fy23_appendix_c_youth.csv,30,300104507,10000,org_prose,council_disclosure,ein+amount,"Funds will support AFC's LGTBQ Homeless Youth Services in Council District 37, including critical food, shelter and clothing, expanded mental health services, and job training and skills development. Cabán Ali Forney Center",Ali Forney Center
data/fy23/schedule_c/fy23_appendix_c_youth.csv,43,352381871,10000,org_prose,council_disclosure,ein+amount,"To support programming of the College prep for Middle and High School Students. Also to support programming for City Track, Little Feet and Tiny feet. Page 155 Appendix C: Youth Discretionary Ossé Asase Yaa Cultural Arts Foundation",Asase Yaa Cultural Arts Foundation
data/fy23/schedule_c/fy23_appendix_c_youth.csv,73,272918478,25000,org_prose,council_disclosure,ein+amount,"To support activities of the Billion Oyster Project School Network in Council District 33. Avilés Billion Oyster Project, Inc.","Billion Oyster Project, Inc."
data/fy23/schedule_c/fy23_appendix_c_youth.csv,103,113250772,27250,org_prose,council_disclosure,ein+amount,To provide athletic and educational programming for children in Council District 12. Ossé Bridge Street Development Corporation,Bridge Street Development Corporation
data/fy23/schedule_c/fy23_appendix_c_youth.csv,124,770611633,5000,org_prose,council_disclosure,ein+amount,"To support the curriculum development and staffing for the Sensory Gym. Page 159 Appendix C: Youth Discretionary Ossé Brooklyn Pitbulls Youth Football, Inc.","Brooklyn Pitbulls Youth Football, Inc."
data/fy23/schedule_c/fy23_appendix_c_youth.csv,128,844402745,5000,org_prose,council_disclosure,ein+amount,"To support the Choral Music Education and Performance program and the operating expenses of the Financial Aid Initiative in Council District 33. Ossé Brooklyn Youth Enrichment, Inc.","Brooklyn Youth Enrichment, Inc."
data/fy23/schedule_c/fy23_appendix_c_youth.csv,164,136119036,10000,org_prose,council_disclosure,ein+amount,"Funds will be used to provide chess programming to schools and youth in Council District 46. Funds will also support School Program, Tournament Program, College Bound Program, and Teacher Training Institute. Ossé Chess-in-the-Schools, Inc.","Chess-in-the-Schools, Inc."
data/fy23/schedule_c/fy23_appendix_c_youth.csv,201,264698161,5000,org_prose,council_disclosure,ein+amount,"To provide funding for the variety of different programming at Church Street School for Music and Art. Page 163 Appendix C: Youth Discretionary Gutiérrez Churches United for Fair Housing, Inc.","Churches United for Fair Housing, Inc."
data/fy23/schedule_c/fy23_appendix_c_youth.csv,205,452149344,10000,org_prose,council_disclosure,ein+amount,"To provide funding to support Citizen Schools' Catalyst program, which fosters project- based STEM education in classrooms. Avilés City Growers, Inc.","City Growers, Inc."
data/fy23/schedule_c/fy23_appendix_c_youth.csv,211,133546023,5000,org_prose,council_disclosure,ein+amount,Funds will be used to create programs for youth and families in Council District 47. Gutiérrez Coalition for Hispanic Family Services,Coalition for Hispanic Family Services
data/fy23/schedule_c/fy23_appendix_c_youth.csv,218,133530299,5000,org_prose,council_disclosure,ein+amount,"Funding will support homework assistance, performing arts, STEM, Project based learning and summer field trips. Gutiérrez Comunilife, Inc.","Comunilife, Inc."
data/fy23/schedule_c/fy23_appendix_c_youth.csv,245,472288307,10000,org_prose,council_disclosure,ein+amount,"Funds to be used to support assistance services for children and families including purchasing materials and supplies. Ossé Digital Girl, Inc.","Digital Girl, Inc."
data/fy23/schedule_c/fy23_appendix_c_youth.csv,250,300475160,10000,org_prose,council_disclosure,ein+amount,"Funds will support Ditmas Park Youth Group programs in Council District 45, as well as operational costs, staffing, refreshments and rent. Ossé DIVAS for Social Justice, Inc.","DIVAS for Social Justice, Inc."
data/fy23/schedule_c/fy23_appendix_c_youth.csv,269,861096987,6500,org_prose,council_disclosure,ein+amount,"Funding to support operating expense costs for community youth football programming. Cabán East River Development Alliance, Inc.","East River Development Alliance, Inc."
data/fy23/schedule_c/fy23_appendix_c_youth.csv,270,861096987,17000,org_prose,council_disclosure,ein+amount,"Funding will be used to support job training, financial counseling, and college access programs. Cabán East River Development Alliance, Inc.","East River Development Alliance, Inc."
data/fy23/schedule_c/fy23_appendix_c_youth.csv,283,112614265,15000,org_prose,council_disclosure,ein+amount,"Funding will support the 14th Street Y's Daddy & Me program, a free swim course that serves families in the Educational Alliance Head Start program, as well as other programs at the 14th Street Y. Gutiérrez El Puente de Williamsburg, Inc.","El Puente de Williamsburg, Inc."
data/fy23/schedule_c/fy23_appendix_c_youth.csv,285,112614265,30000,org_prose,council_disclosure,ein+amount,"Funds will provide general support for El Puente's Bushwick Leadership Center. Gutiérrez El Puente de Williamsburg, Inc.","El Puente de Williamsburg, Inc."
data/fy23/schedule_c/fy23_appendix_c_youth.csv,288,814482839,10250,org_prose,council_disclosure,ein+amount,"Funding will be utilized to cover the costs of supplies, equipment, and administrative expenses associated with the Elite Academy Scholarship Fund. Ossé Elite Learners, Inc.","Elite Learners, Inc."
data/fy23/schedule_c/fy23_appendix_c_youth.csv,290,272246317,5000,org_prose,council_disclosure,ein+amount,"Funding will provide support to the Youth Change Agent Framework programming and community organizing efforts. Gutiérrez Empowering Youth Towards Excellence, Inc.","Empowering Youth Towards Excellence, Inc."
data/fy23/schedule_c/fy23_appendix_c_youth.csv,298,462910749,5000,org_prose,council_disclosure,ein+amount,"Funding to support Figure Skating in Harlem programming in Council District 7. Gutiérrez Filomeno Family Awards Foundation, Inc.","Filomeno Family Awards Foundation, Inc."
data/fy23/schedule_c/fy23_appendix_c_youth.csv,321,132612524,16500,org_prose,council_disclosure,ein+amount,"Funds will be used to support the establishment of a Community Youth Market Stand and the services thereafter. Cabán Fund for the City of New York, Inc.","Fund for the City of New York, Inc."
data/fy23/schedule_c/fy23_appendix_c_youth.csv,323,270947943,10000,org_prose,council_disclosure,ein+amount,Funds will be used for working in collaboration with Under Our Umbrella and others to bring much needed community programming to Council District 9. Avilés Genspace NYC,Genspace NYC
data/fy23/schedule_c/fy23_appendix_c_youth.csv,340,043697166,5000,org_prose,council_disclosure,ein+amount,"To provide services for the Young Women's Initiative programs, specifically Girls for Gender Equity's Young Women's Advisory Council which includes training in civic engagement, leadership and advocacy for girls and young women in NYC. Ossé Girls for Gender Equity, Inc.","Girls for Gender Equity, Inc."
data/fy23/schedule_c/fy23_appendix_c_youth.csv,356,135562230,5000,org_prose,council_disclosure,ein+amount,"To provide funding to supplement services offered to run-away, homeless, and disconnected youth at The McLaughlin East Harlem Residence. Gutiérrez Grand Street Settlement, Inc.","Grand Street Settlement, Inc."
data/fy23/schedule_c/fy23_appendix_c_youth.csv,359,135562230,5000,org_prose,council_disclosure,ein+amount,"To support programming at the Best Buy Teen Tech Center, which provides cutting- edge tech, resources and training. Ossé Grand Street Settlement, Inc.","Grand Street Settlement, Inc."
data/fy23/schedule_c/fy23_appendix_c_youth.csv,366,112518141,9000,org_prose,council_disclosure,ein+amount,"Funds to be used for historical programs, school programs, tours, presentations, crafts, festivals and lectures. Gutiérrez Greater Ridgewood Youth Council, Inc., The","Greater Ridgewood Youth Council, Inc., The"
data/fy23/schedule_c/fy23_appendix_c_youth.csv,381,112290832,23000,org_prose,council_disclosure,ein+amount,"To support a youth development program specifically oriented towards Asian American young people. Cabán HANAC, Inc.","HANAC, Inc."
data/fy23/schedule_c/fy23_appendix_c_youth.csv,382,112290832,9000,org_prose,council_disclosure,ein+amount,"Funds will be used to provide support for homework help, tutoring, and translations for local students. Cabán HANAC, Inc.","HANAC, Inc."
data/fy23/schedule_c/fy23_appendix_c_youth.csv,422,113027538,7500,org_prose,council_disclosure,ein+amount,"Funds will support general operational expenses including staff support, providing services within the Rites of Passage Program. Ossé Ifetayo Cultural Arts Academy, Inc.","Ifetayo Cultural Arts Academy, Inc."
data/fy23/schedule_c/fy23_appendix_c_youth.csv,462,273170420,5000,org_prose,council_disclosure,ein+amount,Funding to provide free community building and recreational activities for youth in Council District 46. Ossé Kings County Tennis League,Kings County Tennis League
data/fy23/schedule_c/fy23_appendix_c_youth.csv,598,814526739,8500,org_prose,council_disclosure,ein+amount,"Funding to support the college and wealth building program in Council District 21. Cabán NYC Kids RISE, Inc.","NYC Kids RISE, Inc."
data/fy23/schedule_c/fy23_appendix_c_youth.csv,611,135596751,2500,org_prose,council_disclosure,ein+amount,"Funding to support operational expenses associated with Little League Baseball, including but not limited to league uniforms, baseball equipment, trophies, field maintenance equipment and the rental cost for the use the gymnasium and baseball field. Ossé Partnership with Children, Inc.","Partnership with Children, Inc."
data/fy23/schedule_c/fy23_appendix_c_youth.csv,640,450491693,7500,org_prose,council_disclosure,ein+amount,"Funds to be used for support services and programming for children and adults with autism. Gutiérrez Quebradillas Baseball Organization, Inc.","Quebradillas Baseball Organization, Inc."
data/fy23/schedule_c/fy23_appendix_c_youth.csv,654,266658925,5000,org_prose,council_disclosure,ein+amount,"Funds will support afterschool recreational and educational programming. Avilés Red Hook Art Project, Inc.","Red Hook Art Project, Inc."
data/fy23/schedule_c/fy23_appendix_c_youth.csv,703,134195889,5000,org_prose,council_disclosure,ein+amount,"Funds will support Third Street Music School's programs and operations at Campos Plaza. Page 187 Appendix C: Youth Discretionary Ossé Songs of Solomon: An Inspirational Ensemble, Inc.","Songs of Solomon:  An Inspirational Ensemble, Inc."
data/fy23/schedule_c/fy23_appendix_c_youth.csv,711,133943630,3500,org_prose,council_disclosure,ein+amount,"Funds will support the SAYA Afterschool program at PS/MS124Q. Cabán South Asian Youth Action, Inc.","South Asian Youth Action, Inc."
data/fy23/schedule_c/fy23_appendix_c_youth.csv,716,510192170,10000,org_prose,council_disclosure,ein+amount,"Funding to support youth football and cheerleading teams, including equipment, league and referee fees, travel, insurance and training materials. Gutiérrez St. Nick's Alliance Corporation",St. Nick's Alliance Corporation
data/fy23/schedule_c/fy23_appendix_c_youth.csv,729,264694946,10000,org_prose,council_disclosure,ein+amount,"To support the Teen Action Club and the Tween Action Clubs for Council District 33 residents. Avilés Street Soccer USA, Inc.","Street Soccer USA, Inc."
data/fy23/schedule_c/fy23_appendix_c_youth.csv,733,454683418,25000,org_prose,council_disclosure,ein+amount,"To support the Cornerstone Community Center at Woodside Houses, pre-kindergarten program, and after-school program for students. Avilés Sunset Spark, Inc.","Sunset Spark, Inc."
data/fy23/schedule_c/fy23_appendix_c_youth.csv,736,371526132,7500,org_prose,council_disclosure,ein+amount,"Funding to support free swimming instruction and water safety programming in-person in Council District 23 and online. Ossé Swim Strong Foundation, Inc.","Swim Strong Foundation, Inc."
data/fy23/schedule_c/fy23_appendix_c_youth.csv,748,300708882,8500,org_prose,council_disclosure,ein+amount,"Funds will support Truck's Roundball Classic's summer basketball league. Gutiérrez Ujima Community Working Together, Inc.","Ujima Community Working Together, Inc."
data/fy23/schedule_c/fy23_appendix_c_youth.csv,770,116014770,31000,org_prose,council_disclosure,ein+amount,"Funds will support football programming for the Youth. Cabán Variety Boys and Girls Club of Queens, Inc.","Variety Boys and Girls Club of Queens, Inc."
data/fy23/schedule_c/fy23_appendix_c_youth.csv,796,112435565,5000,org_prose,council_disclosure,ein+amount,"Funds will be used to support youth programming at the New York Community Center. Cabán Woodside on the Move, Inc.","Woodside on the Move, Inc."
data/fy23/schedule_c/fy23_appendix_c_youth.csv,809,832005292,7500,org_prose,council_disclosure,ein+amount,"To provide remedial education and recreational activities for children with proper supervision in Council District 33. Ossé Young Airmans Association, The","Young Airmans Association, The"
data/fy23/schedule_c/fy23_appendix_c_youth.csv,817,131624228,5000,org_prose,council_disclosure,ein+amount,Funds will be used to support After School Folk Arts Program at Public School 191 (03M191). Ossé Young Men's Christian Association of Greater New York,Young Men's Christian Association of Greater New York
data/fy23/schedule_c/fy23_schedule_c_awards.csv,374,136125044,7777,org_prose,council_disclosure,ein+amount,"Funds will be used to support stewardship for children & adults; and recreational/cultural events in Idlewild Park Preserve. Bronx Delegation Edgewater Park Volunteer Hose Company No. 1, Inc.","Edgewater Park Volunteer Hose Company No. 1, Inc."
data/fy23/schedule_c/fy23_schedule_c_awards.csv,375,133378456,10000,org_prose,council_disclosure,ein+amount,"To fund emergency response operations, public safety awareness initiatives, and will be utilized for partial offsetting of the operational costs. Bronx Delegation Educational Video Center, Inc.","Educational Video Center, Inc."
data/fy23/schedule_c/fy23_schedule_c_awards.csv,382,474062257,10000,org_prose,council_disclosure,ein+amount,"Funds will be used for existing education programs and expansion to an additional 10 schools and/or classrooms. Bronx Delegation Girl Vow, Inc.","Girl Vow, Inc."
data/fy23/schedule_c/fy23_schedule_c_awards.csv,408,133444193,6000,org_prose,council_disclosure,ein+amount,"Funds will support Senior Group Tours and tickets for exhibits and shows for residents of Council District 18. Bronx Delegation New York Cares, Inc.","New York Cares, Inc."
data/fy23/schedule_c/fy23_schedule_c_awards.csv,440,131740122,10000,org_prose,council_disclosure,ein+amount,Funds will support operations necessary for filming and production services for businesses in South Shore BID. Bronx Delegation St. Barnabas Hospital,St. Barnabas Hospital
data/fy23/schedule_c/fy23_schedule_c_awards.csv,1380,300104507,25000,org_prose,council_disclosure,ein+amount,"Funding to support staff and to provide health education, peer coaching, assist with appointments, meals, and routine communication with medical staff to ensure that patients living with HIV, Hep C, diabetes and other illnesses receive the best care. LGBT Ali Forney Center",Ali Forney Center
data/fy23/schedule_c/fy23_schedule_c_awards.csv,1381,112600290,50000,org_prose,council_disclosure,ein+amount,"Funding to support Ali Forney Center’s Emergency Housing Program Transitional Housing Program and Drop-In Center for Homeless LGBTQ Youth. Brooks-Powers, Queens, Williams Allen A.M.E. Housing Corp",Allen A.M.E. Housing Corp
data/fy23/schedule_c/fy23_schedule_c_awards.csv,1384,136162659,90229,org_prose,council_disclosure,ein+amount,The funding will be used to cover the various costs associated with implementing APECs educational programs. American Museum of Natural History,American Museum of Natural History
data/fy23/schedule_c/fy23_schedule_c_awards.csv,1385,136162659,100000,org_prose,council_disclosure,ein+amount,The funding will be used to cover the various costs associated with implementing APECs educational programs. American Museum of Natural History,American Museum of Natural History
data/fy23/schedule_c/fy23_schedule_c_awards.csv,1406,111966067,25000,org_prose,council_disclosure,ein+amount,"The funds will be used to deliver important after-school programs and services to youth ages 5 to 18 during after-school and summer hours. Boys & Girls Club of Metro Queens, Inc.","Boys & Girls Club of Metro Queens, Inc."
data/fy23/schedule_c/fy23_schedule_c_awards.csv,1408,510186869,30000,org_prose,council_disclosure,ein+amount,"Funding will support BRIC Arts Media free cultural programming in Brooklyn including BRIC House, BRIC lab, BRIC Celebrate Brooklyn, and other free programming provided to the public by BRIC. Bronx Arts Ensemble, Inc.","Bronx Arts Ensemble, Inc."
data/fy23/schedule_c/fy23_schedule_c_awards.csv,1410,753001587,75000,org_prose,council_disclosure,ein+amount,"Funding to support capacity development, additional Doula support services and outreach to increase the number of women and families served in hopes of reducing the numbers of maternal & infant mortality in the Bronx. Bronx River Alliance, Inc.","Bronx River Alliance, Inc."
data/fy23/schedule_c/fy23_schedule_c_awards.csv,1414,474160811,75000,org_prose,council_disclosure,ein+amount,"To provide funding support for the youth environmental-education programs, including the 30th anniversary of Project Green Reach, which is an acclaimed supplemental- science program for teachers and kids in grades K–8 at Title I schools across Brooklyn. Brooklyn Center for the Arts, Inc.","Brooklyn Center for the Arts, Inc."
data/fy23/schedule_c/fy23_schedule_c_awards.csv,1420,113129249,20000,org_prose,council_disclosure,ein+amount,"Funds will ensure children are ready for school and have the support they need to sustain grade-level reading proficiency in schools throughout the Jamaica, East New York, and East Harlem areas and among seven partner organizations. Brooklyn Youth Chorus Academy, Inc.","Brooklyn Youth Chorus Academy, Inc."
data/fy23/schedule_c/fy23_schedule_c_awards.csv,1427,131923626,25000,org_prose,council_disclosure,ein+amount,"Funds provide patient-centered health care, human services and shelter to homeless individuals and families. Also, to engage an Outreach Specialist to work from 17 federally qualified health clinic locations in the Bronx to provide outreach to homeless. Powers Carnegie Hall Corporation, The","Carnegie Hall Corporation, The"
data/fy23/schedule_c/fy23_schedule_c_awards.csv,1432,135645885,50000,org_prose,council_disclosure,ein+amount,"Funding to empower women, youth and LGBTQ communities to prevent, respond to, and heal from violence. Through multiple-session courses and one-time workshops, providing participants with practical strategies and skills to increase safety & confidence. Center for New York City Law at New York Law School",Center for New York City Law at New York Law School
data/fy23/schedule_c/fy23_schedule_c_awards.csv,1464,831205784,50000,org_prose,council_disclosure,ein+amount,"Funding will support connecting local entrepreneurs of color to anchor institutions through interviews, community events, studies, organizing a buyer's council and outreach. Won Community Capacity Development",Community Capacity Development
data/fy23/schedule_c/fy23_schedule_c_awards.csv,1470,461206478,50000,org_prose,council_disclosure,ein+amount,"Funding to support the costs associated with obtaining food and supplies for distribution to the needy. Corbin Hill Food Project, Inc., The","Corbin Hill Food Project, Inc., The"
data/fy23/schedule_c/fy23_schedule_c_awards.csv,1478,133412540,250000,org_prose,council_disclosure,ein+amount,"To support programs that increase coordinated delivery of health and human services for LGBT people and families. Gennaro Doe Fund, Inc., The","Doe Fund, Inc., The"
data/fy23/schedule_c/fy23_schedule_c_awards.csv,1480,822613408,10000,org_prose,council_disclosure,ein+amount,"Funding to support programmatic services provided to LGBTQA+ young adults including counseling, group discussions, academic and career support. LGBT Drag Queen Story Hour NYC, Ltd.","Drag Queen Story Hour NYC, Ltd."
data/fy23/schedule_c/fy23_schedule_c_awards.csv,1484,133613210,50000,org_prose,council_disclosure,ein+amount,"To provide funding support for the Marks JCH of Bensonhurst ""Good Neighbors"" Neighborhood Naturally Occurring Retirement Community (NNORC) Program. Education Through Music, Inc.","Education Through Music, Inc."
data/fy23/schedule_c/fy23_schedule_c_awards.csv,1486,814482839,25000,org_prose,council_disclosure,ein+amount,"To provide funding support for education reform, equity, green/open spaces; retrofitting for energy efficiency; and mapping arts resources. Funds will support staffing, space rental, training materials, and facilitation of community events. Elite Learners, Inc.","Elite Learners, Inc."
data/fy23/schedule_c/fy23_schedule_c_awards.csv,1489,132865551,10000,org_prose,council_disclosure,ein+amount,"To support innovative programming tailored to adults and youth affected by the justice system, and to advocate for a just society in which all can achieve social, economic, and spiritual well-being. Hanks Fellowship Baptist Church",Fellowship Baptist Church
data/fy23/schedule_c/fy23_schedule_c_awards.csv,1490,134051235,80000,org_prose,council_disclosure,ein+amount,"Funds will support youth in the community and trauma-informed community ""meet- ups"" for adolescents in the community called Hip Hop Overtures. Irish Film Fleadh Foundation, Inc.","Film Fleadh Foundation, Inc."
data/fy23/schedule_c/fy23_schedule_c_awards.csv,1491,113586786,60000,org_prose,council_disclosure,ein+amount,"Fund will be used for: 1) Craic fest; 2) kids Fleadh which is an annual festival of story- telling, kids short film, and Irish step dancing; 3) LGBT film festival, held every May at the Irish Arts Center; 4) Rockaway Music Oyster Fest. Vernikov First Chernomorets USA, Inc.","First Chernomorets USA, Inc."
data/fy23/schedule_c/fy23_schedule_c_awards.csv,1496,010611469,30000,org_prose,council_disclosure,ein+amount,"To provide funding support for a Job Training program for Formerly Incarcerated Persons (FIPs). Friends of Firefighters, Inc.","Friends of Firefighters, Inc."
data/fy23/schedule_c/fy23_schedule_c_awards.csv,1511,113364328,25000,org_prose,council_disclosure,ein+amount,"Funding to provide staff support for a part time teacher to assist mothers with adult basic education and Testing Assessing Secondary Completion. Hudson GRIOT Circle, Inc.","GRIOT Circle, Inc."
data/fy23/schedule_c/fy23_schedule_c_awards.csv,1513,112648501,30000,org_prose,council_disclosure,ein+amount,"Funding to support the music instructor, an assistant instructor, and to purchase assorted rhythm instruments; musical supplies; performance clothing; song booklets for participants; and transportation to and from performance sites. Haitian Centers Council, Inc.","Haitian Centers Council, Inc."
data/fy23/schedule_c/fy23_schedule_c_awards.csv,1516,800369977,100000,org_prose,council_disclosure,ein+amount,"To support in-demand free training for providers of HIV prevention and drug user services throughout NYC. Brooklyn, Gennaro, Jewish Hatzoloh Incorporated",Hatzoloh Incorporated
data/fy23/schedule_c/fy23_schedule_c_awards.csv,1518,134197609,100000,org_prose,council_disclosure,ein+amount,"Funding for providing comprehensive skilled lactation services to a vulnerable community in the Bronx and beyond. The WIC Program staffing is comprised of Nutritionists, Dietitians, Support Staff, and a Breastfeeding Coordinator Lactation Consultant. Healthcare Industry Grant Corporation",Healthcare Industry Grant Corporation
data/fy23/schedule_c/fy23_schedule_c_awards.csv,1533,263332972,50000,org_prose,council_disclosure,ein+amount,"To provide funding support for general operating support for key program areas in Education, Horticulture, and Therapeutic Horticulture. Bottcher Hot Bread Kitchen, Ltd.","Hot Bread Kitchen, Ltd."
data/fy23/schedule_c/fy23_schedule_c_awards.csv,1537,113027538,80000,org_prose,council_disclosure,ein+amount,"Funding to support increased participation in SNAP, other nutrition assistance benefits and to assist low-income households citywide who remain eligible to retain benefits. Additionally, to provide technical assistance to food pantries and soup kitchens. Ifetayo Cultural Arts Academy, Inc.","Ifetayo Cultural Arts Academy, Inc."
data/fy23/schedule_c/fy23_schedule_c_awards.csv,1538,421727647,30000,org_prose,council_disclosure,ein+amount,"Funding to support Ifetayo's arts, social justice, youth ensemble, and other intellectual and emotional development programs. IlluminArt Productions",IlluminArt Productions
data/fy23/schedule_c/fy23_schedule_c_awards.csv,1540,830909234,75000,org_prose,council_disclosure,ein+amount,"To provide hot vegetarian and halal congregate meals, as well as exercise, physical therapy, and yoga sessions primarily in English, Hindi and Bengali to immigrant seniors in Queens. Institute for Community Equity and Sharing, Inc.","Institute for Community Equity and Sharing, Inc."
data/fy23/schedule_c/fy23_schedule_c_awards.csv,1544,112478709,100000,org_prose,council_disclosure,ein+amount,"To support the Women as the Face of AIDS Summit; focused on issues of women infected with and affected by HIV/AIDS. Funds will help secure a space for the summit, printing and photocopying of materials. Williams Jamaica Center for Arts and Learning, Inc.","Jamaica Center for Arts and Learning, Inc."
data/fy23/schedule_c/fy23_schedule_c_awards.csv,1545,831788832,75000,org_prose,council_disclosure,ein+amount,"Funds will be used to support Downtown Jamaica Jazz Festival, Thursday Night Jazz concerts the Queens International Children's Festival, Riddim Section (music of the Diaspora, Film Festival, Fanike! African Dance and arts programming. Jamel Gaines Creative Outlet, Inc.","Jamel Gaines Creative Outlet, Inc."
data/fy23/schedule_c/fy23_schedule_c_awards.csv,1564,204393724,50000,org_prose,council_disclosure,ein+amount,"Funding to support the provision of mental health services for the Korean immigrant community. La Nueva Esperanza, Inc.","La Nueva Esperanza, Inc."
data/fy23/schedule_c/fy23_schedule_c_awards.csv,1574,824710754,600000,org_prose,council_disclosure,ein+amount,"To provide funding support for English Classes and Child Development Workshops for Low-Income, Immigrant Parents. Little Haiti BK, Inc.","Little Haiti BK, Inc."
data/fy23/schedule_c/fy23_schedule_c_awards.csv,1580,201923521,100000,org_prose,council_disclosure,ein+amount,"To provide funding to support community education workshops, referrals, and case management for immigrant families. Masbia",Masbia
data/fy23/schedule_c/fy23_schedule_c_awards.csv,1582,132738818,375000,org_prose,council_disclosure,ein+amount,"The funding will provide for food, rent, utilities and insurance to operate the soup- kitchen year-round. Bronx Metropolitan New York Coordinating Council on Jewish Poverty, Inc.","Metropolitan New York Coordinating Council on Jewish Poverty, Inc."
data/fy23/schedule_c/fy23_schedule_c_awards.csv,1591,133376265,200000,org_prose,council_disclosure,ein+amount,Funding to support the expansion and revitalization of their Public Exchange Series- a monthly community event that brings together groundbreaking programming to traditionally underrepresented areas of Public Housing in Brooklyn. Jewish Museum of Jewish Heritage,Museum of Jewish Heritage - A Living Memorial to the Holocaust
data/fy23/schedule_c/fy23_schedule_c_awards.csv,1595,133077692,25000,org_prose,council_disclosure,ein+amount,"Funding will be used for teaching underserved students the following skills: interpersonal communication skills, public speaking, conflict resolution, time management, research and project-based action planning needed to engage in a pluralistic society. National Alliance for the Mentally Ill of New York City, Inc.","National Alliance for the Mentally Ill of New York City, Inc."
data/fy23/schedule_c/fy23_schedule_c_awards.csv,1609,272464042,75000,org_prose,council_disclosure,ein+amount,"Funds will be used for school based nutrition online programs by adding more students and teachers to this program, and improving the health and well-being of students in the Bronx. New York Cancer Center, Inc.","New York Cancer Center, Inc."
data/fy23/schedule_c/fy23_schedule_c_awards.csv,1610,861171749,15000,org_prose,council_disclosure,ein+amount,"Funding to support medical case management and navigation services for the Gravesend community. New York Chinese Opera Society, Inc.","New York Chinese Opera Society, Inc."
data/fy23/schedule_c/fy23_schedule_c_awards.csv,1613,133049626,50000,org_prose,council_disclosure,ein+amount,"Funding to support outreach to LGBTQ community members who may be engaged in the sex trades. New York City Parents of Lesbians and Gay Men, Inc.","New York City Parents of Lesbians and Gay Men, Inc."
data/fy23/schedule_c/fy23_schedule_c_awards.csv,1618,131887440,50000,org_prose,council_disclosure,ein+amount,"Funds will ensure children are ready for school and have the support they need to sustain grade-level reading proficiency in schools throughout the Jamaica, East New York, and East Harlem areas and among seven partner organizations. New York Public Library, Astor, Lenox, and Tilden Foundations, The","New York Public Library, Astor, Lenox, and Tilden Foundations, The"
data/fy23/schedule_c/fy23_schedule_c_awards.csv,1622,133904537,50000,org_prose,council_disclosure,ein+amount,"Funding to support and expand the Alliance for School Integration and Desegregation (ASID), support for IntegrateNYC4Me's four student-led research and advocacy and support the National Coalition on School Diversity. New Yorkers For Children",New Yorkers For Children
data/fy23/schedule_c/fy23_schedule_c_awards.csv,1623,113271472,100000,org_prose,council_disclosure,ein+amount,"To provide funding support for serving youth through the Fostering Empowerment Program. Noel Pointer Foundation, Inc.","Noel Pointer Foundation, Inc."
data/fy23/schedule_c/fy23_schedule_c_awards.csv,1627,841622031,100000,org_prose,council_disclosure,ein+amount,"To support the Club Alternatives Program, which was created to provide a network of support and specialized services to young women who are vulnerable to or victims of domestic violence and human trafficking. Brooks-Powers Ocean Bay Community Development Corporation",Ocean Bay Community Development Corporation
data/fy23/schedule_c/fy23_schedule_c_awards.csv,1628,465288351,20000,org_prose,council_disclosure,ein+amount,"The use of discretionary funding will enable OBCDC to lay the groundwork for an expanded senior program specifically responsive to the interests, culture and needs of public housing residents. Oceanic Hook and Ladder Co. No. 1, Inc.","Oceanic Hook and Ladder Co. No. 1, Inc."
data/fy23/schedule_c/fy23_schedule_c_awards.csv,1638,132707665,100000,org_prose,council_disclosure,ein+amount,"Funds will ensure children are ready for school and have the support they need to sustain grade-level reading proficiency in schools throughout the Jamaica, East New York, and East Harlem areas and among seven partner organizations. Phipps Neighborhoods, Inc.","Phipps Neighborhoods, Inc."
data/fy23/schedule_c/fy23_schedule_c_awards.csv,1640,132805131,125000,org_prose,council_disclosure,ein+amount,"To support the delivery of reproductive and sexual healthcare education programs to students. Playwrights Horizons, Inc.","Playwrights Horizons, Inc."
data/fy23/schedule_c/fy23_schedule_c_awards.csv,1644,133711803,75000,org_prose,council_disclosure,ein+amount,Funds will cover administrative and programmatic cost in relation to running the various programs and events at the pride center. Primary Care Development Corporation,Primary Care Development Corporation
data/fy23/schedule_c/fy23_schedule_c_awards.csv,1645,260897746,100000,org_prose,council_disclosure,ein+amount,"Funding to support assisting constituents seeking primary care, identify district service gaps and provide information regarding primary care access in CM districts. Project Hope Charities, Inc.","Project Hope Charities, Inc."
data/fy23/schedule_c/fy23_schedule_c_awards.csv,1657,134091062,22500,org_prose,council_disclosure,ein+amount,"Funds will support social work, including help with Food Stamps, Health Insurance, and other benefits, a supermarket style Food Pantry, Tax Assistance, Nutritional Work Shops, F.E.A.T (Firsthand Emergency Action Team). Read Alliance, Inc.","Read Alliance, Inc."
data/fy23/schedule_c/fy23_schedule_c_awards.csv,1658,770568469,22500,org_prose,council_disclosure,ein+amount,"Funds will ensure children are ready for school and have the support they need to sustain grade-level reading proficiency in schools throughout the Jamaica, East New York, and East Harlem areas and among seven partner organizations. Reading Partners",Reading Partners
data/fy23/schedule_c/fy23_schedule_c_awards.csv,1665,134177814,50000,org_prose,council_disclosure,ein+amount,"The funding will be applied to Rock and Soul Forever Foundation / Teachrock.org's general operating budget and used to complete the Rock, Rap, and Reading Comprehension project. Salamanca Rocking the Boat, Inc.","Rocking the Boat, Inc."
data/fy23/schedule_c/fy23_schedule_c_awards.csv,1667,136192346,50000,org_prose,council_disclosure,ein+amount,"Funding will support parenting, education, material support, and specialized referrals for babies and families living in poverty. Roundabout Theatre Company, Inc.","Roundabout Theatre Company, Inc."
data/fy23/schedule_c/fy23_schedule_c_awards.csv,1669,131655276,30000,org_prose,council_disclosure,ein+amount,"To increase outreach to young men of color by launching a microsite that will serve as one of SafeChat’s landing pages. This microsite will provide educational materials related to trauma, how to recover from traumatic events and access to the platform. Saint Thomas Church in the City and County of New York",Saint Thomas Church in the City and County of New York
data/fy23/schedule_c/fy23_schedule_c_awards.csv,1671,112635374,50000,org_prose,council_disclosure,ein+amount,"The funds will be used to support hands-on, project-based, collaborative programs for hundreds of students at NYCHA facilities citywide. Samaritan Daytop Village, Inc.","Samaritan Daytop Village, Inc."
data/fy23/schedule_c/fy23_schedule_c_awards.csv,1675,113207504,25000,org_prose,council_disclosure,ein+amount,"Selfhelp Clearview Senior Center will use the funding to provide transportation to medical appointments for seniors living in Council District 19. Shalom Task Force, Inc.","Shalom Task Force, Inc."
data/fy23/schedule_c/fy23_schedule_c_awards.csv,1676,133131914,50000,org_prose,council_disclosure,ein+amount,"The requested funds will be utilized for used to fund STF’s direct services to victims of domestic violence. STF offers direct services to victims through the STF Domestic Violence Hotline and Sarah’s Voice, a free legal program for victims. SHARE: Self-Help for Women with Breast or Ovarian Cancer, Inc.","SHARE: Self-Help for Women with Breast or Ovarian Cancer, Inc."
data/fy23/schedule_c/fy23_schedule_c_awards.csv,1677,112719958,50000,org_prose,council_disclosure,ein+amount,"Funding to provide bi-lingual outreach, support and education programs for women with breast and ovarian cancer in medically underserved communities in the Bronx. Jewish, Restler Shmira Volunteer Patrol Corporation",Shmira Volunteer Patrol Corporation
data/fy23/schedule_c/fy23_schedule_c_awards.csv,1684,462977659,35000,org_prose,council_disclosure,ein+amount,Funds will support Teatro SEA's dropout prevention and theater for young audiences and immigrant communities programs. Sophie Gerson Healthy Youth,Sophie Gerson Healthy Youth
data/fy23/schedule_c/fy23_schedule_c_awards.csv,1690,453719806,22500,org_prose,council_disclosure,ein+amount,"Funding will help support three distinct projects during the FY 23 season: Voces Latinx, Pedro Parámo, and Malas mañas. Springboard Collaborative",Springboard Collaborative
data/fy23/schedule_c/fy23_schedule_c_awards.csv,1693,113489855,75000,org_prose,council_disclosure,ein+amount,"Funds will be utilized to transport local seniors to/from the Swinging Sixties Senior Center for meals, health appointments, to nearby parks, to Covid 19 vaccination sites including testing sites, and to nearby cultural centers within a 2 mile radius. Irish St. Patricks Day Parade, Inc.","St. Patricks Day Parade, Inc."
data/fy23/schedule_c/fy23_schedule_c_awards.csv,1696,133706442,200000,org_prose,council_disclosure,ein+amount,"Funding will be used to support enrichment programs, programming, and operating expenses. Borelli Staten Island Economic Development Corporation",Staten Island Economic Development Corporation
data/fy23/schedule_c/fy23_schedule_c_awards.csv,1697,200269367,50000,org_prose,council_disclosure,ein+amount,"Funds will be used for programming and operational support for SIEDC to service businesses throughout Staten Island. Staten Island Heart Society, The","Staten Island Heart Society, The"
data/fy23/schedule_c/fy23_schedule_c_awards.csv,1701,274554330,50000,org_prose,council_disclosure,ein+amount,"Funding will be used to provide for and supplement operations for zoological park and programs for children's exhibits, as well as educational programs for children and adults. Powers STPCV Tenants Association Foundation, Inc.","STPCV Tenants Association Foundation, Inc."
data/fy23/schedule_c/fy23_schedule_c_awards.csv,1702,133255679,100000,org_prose,council_disclosure,ein+amount,"Funding will support tenant education programs and support organizational costs, and administrative support. Ayala STRIVE International, Inc.","STRIVE International, Inc."
data/fy23/schedule_c/fy23_schedule_c_awards.csv,1705,202508411,6000,org_prose,council_disclosure,ein+amount,"Studio in a School New York City will offer the Multilingual Learners Visual Arts Residency Program to 25 Title I schools citywide. Sunset Park Health Council, Inc.","Sunset Park Health Council, Inc."
data/fy23/schedule_c/fy23_schedule_c_awards.csv,1707,131624202,250000,org_prose,council_disclosure,ein+amount,"For an environmentally based educational program for schools and organizations. The funds will be used to pay for free to low cost programming. Also, to cover costs associated with free to subsidized swim classes. Abreu Teachers College, Columbia University","Teachers College, Columbia University"
data/fy23/schedule_c/fy23_schedule_c_awards.csv,1708,264417161,50000,org_prose,council_disclosure,ein+amount,"Funding to support The Food Ed Coalition; providing meals, delivering groceries, conducting outreach about available food assistance, and offering virtual food education sessions. Tell Every Amazing Lady About Ovarian Cancer Foundation",Tell Every Amazing Lady About Ovarian Cancer Foundation
data/fy23/schedule_c/fy23_schedule_c_awards.csv,1710,112534753,75000,org_prose,council_disclosure,ein+amount,"To support workforce development programming and critical services for app delivery workers through the first Queens Deliverista Hub. Thomas White Jr. Foundation, Inc.","Thomas White Jr. Foundation, Inc."
data/fy23/schedule_c/fy23_schedule_c_awards.csv,1716,132921483,50000,org_prose,council_disclosure,ein+amount,"Funds will be devoted to scale up and to support the ongoing operation of the pantry (e.g., transport, storage, packaging, distribution, and delivery. Carr, Staten Island United Activities Unlimited, Inc.","United Activities Unlimited, Inc."
data/fy23/schedule_c/fy23_schedule_c_awards.csv,1719,113483921,50000,org_prose,council_disclosure,ein+amount,leaders. The allocation will support the Teacher's Center. United Sikhs,United Sikhs
data/fy23/schedule_c/fy23_schedule_c_awards.csv,1721,412278265,25000,org_prose,council_disclosure,ein+amount,"To provide funding support for S.T.E.A.M, understanding the importance for students to interact with and see scientists (and their Hip Hop idols) from their shared background and introduce complex science concepts. UnLocal, Inc.","UnLocal, Inc."
data/fy23/schedule_c/fy23_schedule_c_awards.csv,1724,472167056,25000,org_prose,council_disclosure,ein+amount,"Funding to support BronxConnect Court-Involved Youth Mental Health Initiative; providing youth involved in the justice system with psychosocial assessments, internships, referrals for services, leadership development and anger management. Victory Music and Dance Company, Inc.","Victory Music and Dance Company, Inc."
data/fy23/schedule_c/fy23_schedule_c_awards.csv,1730,237169558,25000,org_prose,council_disclosure,ein+amount,For two programs at Wave Hill: Sunset Wednesdays Music Performance; and collaboration with the SCI Network NYC to provide high-quality internships to NYC youth historically excluded from STEM careers,"West Harlem Group Assistance, Inc."
data/fy23/schedule_c/fy23_schedule_c_awards.csv,1731,237176396,500000,org_prose,council_disclosure,ein+amount,"Funding to support the Access to Health Food and Nutritional Education activities, including operational costs. Joseph, Louis, Mealy West Indian American Day Carnival Association, Inc.","West Indian American Day Carnival Association, Inc."
data/fy23/schedule_c/fy23_schedule_c_awards.csv,1733,320155774,45000,org_prose,council_disclosure,ein+amount,"Funding to support senior programming including classes and seminars emphasizing mental, physical and artistic well-being of the senior community. Wild Bird Fund, Inc.","Wild Bird Fund, Inc."
data/fy24/schedule_c/fy24_appendix_a_aging.csv,35,113199040,7000,org_prose,council_disclosure,ein+amount,will support a NORC program at the Philip Howard Houses. It will allow the seniors of the building to come down and have a place to socialize and attend health/wellness classes. Appendix A: Aging Discretionary Page 3 Council Member Legal Name of Organization,Bergen Basin Community Development Corporation d/b/a Millennium Development
data/fy24/schedule_c/fy24_appendix_b_local.csv,2132,112734261,10000,org_prose,council_disclosure,ein+amount,"funding will be used to address the social challenges faced by youth as a result of COVID-19. Aviles Regina Opera Company, Inc.","Regina Opera Company, Inc."
data/fy24/schedule_c/fy24_schedule_c_awards.csv,3055,132612524,25000,org_prose,council_disclosure,ein+amount,"Powers Fund for the City of New York, Inc.","Fund for the City of New York, Inc."
data/fy24/schedule_c/fy24_schedule_c_awards.csv,4732,851299761,10000,org_prose,council_disclosure,ein+amount,"Funding to support staff and to provide health education, peer coaching, assist with appointments, meals, and routine communication with medical staff to ensure that patients living with HIV, Hep C, diabetes and other illnesses receive the best care. Brannan Alfadila Community Services, Inc.","Alfadila Community Services, Inc."
data/fy24/schedule_c/fy24_schedule_c_awards.csv,4737,132768583,15000,org_prose,council_disclosure,ein+amount,"The funding will be used to cover the various costs associated with implementing APECs educational programs. Alliance of Resident Theatres/New York, Inc.","Alliance of Resident Theatres/New York, Inc."
data/fy24/schedule_c/fy24_schedule_c_awards.csv,4781,474160811,75000,org_prose,council_disclosure,ein+amount,"Funds to be used for the establishment of a Science CIG internship partnership across multiple CIGs. Brooklyn Center for the Arts, Inc.","Brooklyn Center for the Arts, Inc."
data/fy24/schedule_c/fy24_schedule_c_awards.csv,4783,111631820,100000,org_prose,council_disclosure,ein+amount,"To provide funding support for preserving housing and jobs, facilitating access to benefits, legal support and addressing education and employment issues that keep families together and strengthen communities. Brooklyn Kindergarten Society",Brooklyn Kindergarten Society
data/fy24/schedule_c/fy24_schedule_c_awards.csv,4794,133662917,10000,org_prose,council_disclosure,ein+amount,"Funds provide patient-centered health care, human services and shelter to homeless individuals and families. Also, to engage an Outreach Specialist to work from 17 federally qualified health clinic locations in the Bronx to provide outreach to homeless. Careers through Culinary Arts Program",Careers through Culinary Arts Program
data/fy24/schedule_c/fy24_schedule_c_awards.csv,4802,112634818,75000,org_prose,council_disclosure,ein+amount,"The funding provided will include events such as the Back to school event in which they distribute free school supplies to the children in the community. Catholic Migration Services, Inc.","Catholic Migration Services, Inc."
data/fy24/schedule_c/fy24_schedule_c_awards.csv,4849,461206478,50000,org_prose,council_disclosure,ein+amount,"Funding would be used to cover the cost of free admission for up to five family members to 90 museums, zoos and botanic gardens; professional development to education professionals; and other programmatic materials to support parents. Corbin Hill Food Project, Inc., The","Corbin Hill Food Project, Inc., The"
data/fy24/schedule_c/fy24_schedule_c_awards.csv,4850,112880221,50000,org_merged,council_disclosure,ein+amount,"The funds requested will subsidize the delivery of farm shares to $12 per share for low income individuals in Bronx, Brooklyn, and Manhattan, significantly lowering the cost to make them affordable for the intended beneficiaries. Council For Unity, Inc.","Council For Unity, Inc."
data/fy24/schedule_c/fy24_schedule_c_awards.csv,4879,112932528,125000,org_prose,council_disclosure,ein+amount,"For a Community Education Summit to focus on the opioid crisis and related public health issues in Queens. Funds will be used for equipment rental, supplies, outreach and information materials, security and maintenance. Irish Emerald Isle Immigration Center",Emerald Isle Immigration Center
data/fy24/schedule_c/fy24_schedule_c_awards.csv,4882,142009368,25000,org_prose,council_disclosure,ein+amount,"Funds will be used to support mental wellness of our students, Series of Workshops, Peer mentorship, STEM tutoring, Specialized High School and College Entrance Exam Prep Courses, Pre-college, college, and career preparational programming. Empowerment Zone, Inc.","Empowerment Zone, Inc."
data/fy24/schedule_c/fy24_schedule_c_awards.csv,4885,311731465,35000,org_prose,council_disclosure,ein+amount,"Funds will support the I WILL GRADUATE NYC youth empowerment program to educate and inspire youth of NYC educational excellence in STEM. Exodus Transitional Community, Inc.","Exodus Transitional Community, Inc."
data/fy24/schedule_c/fy24_schedule_c_awards.csv,4887,135562220,200000,org_prose,council_disclosure,ein+amount,"Funds will be used to assist clients with the filing of applications for entitlements such as Medicare, Medicaid, Food Stamps, Public Assistance, Section 8, & HEAP. Clients will be pre-screened and services will be provided as they are deemed eligible. Federation of Protestant Welfare Agencies, Inc.","Federation of Protestant Welfare Agencies, Inc."
data/fy24/schedule_c/fy24_schedule_c_awards.csv,4889,113586786,75000,org_prose,council_disclosure,ein+amount,"Fund will be used for: 1) Craic fest; 2) kids Fleadh which is an annual festival of story- telling, kids short film, and Irish step dancing; 3) LGBT film festival, held every May at the Irish Arts Center; 4) Rockaway Music Oyster Fest. First Chernomorets USA, Inc.","First Chernomorets USA, Inc."
data/fy24/schedule_c/fy24_schedule_c_awards.csv,4890,824466710,150000,org_prose,council_disclosure,ein+amount,"Funding would be used for an after-school youth soccer program, serving students from age 4 through 17. Flatbush Cats, Inc.","Flatbush Cats, Inc."
data/fy24/schedule_c/fy24_schedule_c_awards.csv,4891,823212305,50000,org_prose,council_disclosure,ein+amount,"To fund veterinary care service provider (with two full-time NYS licensed veterinarians on staff) who are equipped to provide spay, neuter, vaccine, and wellness services to both rescuers/TNR volunteers and low-income pet owners. Flatbush Community Fund, Inc.","Flatbush Community Fund, Inc."
data/fy24/schedule_c/fy24_schedule_c_awards.csv,4894,133805049,30000,org_prose,council_disclosure,ein+amount,"To support operational costs and educational arts programming at the Flushing Town Hall. Fordham Bedford Community Services, Inc.","Fordham Bedford Community Services, Inc."
data/fy24/schedule_c/fy24_schedule_c_awards.csv,4901,010611469,30000,org_prose,council_disclosure,ein+amount,"Funds to be used for specialist education development and teaching staff, community outreach, and implementation. Friends of Firefighters, Inc.","Friends of Firefighters, Inc."
data/fy24/schedule_c/fy24_schedule_c_awards.csv,4906,132612524,50000,org_prose,council_disclosure,ein+amount,"LGBT Fund for the City of New York, Inc.","Fund for the City of New York, Inc."
data/fy24/schedule_c/fy24_schedule_c_awards.csv,4909,853070939,50000,org_prose,council_disclosure,ein+amount,To provide funding support for GENDA/TGNCNB Training for Local NYC Communities and Health Care Providers. Riley Game Over Hicks Family Foundation,Game Over Hicks Family Foundation
data/fy24/schedule_c/fy24_schedule_c_awards.csv,4913,270131315,15000,org_prose,council_disclosure,ein+amount,"Funds will be used for operating expenses of the Girl Vow Youth Ambassadors program, as well as for program expansion and special events. Girls on the Run NYC",Girls on the Run NYC
data/fy24/schedule_c/fy24_schedule_c_awards.csv,4918,131641068,250000,org_prose,council_disclosure,ein+amount,"To provide funding support for high school graduates who plan to attend CUNY schools, to stay in college and overcome barriers they may experience. Goodwill Industries of Greater New York and Northern New Jersey, Inc.","Goodwill Industries of Greater New York and Northern New Jersey, Inc."
data/fy24/schedule_c/fy24_schedule_c_awards.csv,4929,112290832,25000,org_prose,council_disclosure,ein+amount,"The funds will be utilized to provide educational, recreational, and health promotion classes to Asian-American and Chinese-speaking older adults who are physically frail and cognitively impaired seniors. Paladino HANAC, Inc.","HANAC, Inc."
data/fy24/schedule_c/fy24_schedule_c_awards.csv,4930,943204958,20000,org_prose,council_disclosure,ein+amount,"The funds will support operational costs, purchase kitchen AC unit, activities/programming for seniors at the Angelo Petromelis Senior Center in Council District 19. Harm Reduction Coalition",Harm Reduction Coalition
data/fy24/schedule_c/fy24_schedule_c_awards.csv,4931,131656652,60000,org_prose,council_disclosure,ein+amount,"To support in-demand free training for providers of HIV prevention and drug user services throughout NYC. Bottcher Hartley House, Inc.","Hartley House, Inc."
data/fy24/schedule_c/fy24_schedule_c_awards.csv,4936,134197609,100000,org_prose,council_disclosure,ein+amount,"Funding for providing comprehensive skilled lactation services to a vulnerable community in the Bronx and beyond. The WIC Program staffing is comprised of Nutritionists, Dietitians, Support Staff, and a Breastfeeding Coordinator Lactation Consultant. Healthcare Industry Grant Corporation",Healthcare Industry Grant Corporation
data/fy24/schedule_c/fy24_schedule_c_awards.csv,4948,263332972,50000,org_prose,council_disclosure,ein+amount,"To provide funding support for general operating support for key program areas in Education, Horticulture, and Therapeutic Horticulture. Hot Bread Kitchen, Ltd.","Hot Bread Kitchen, Ltd."
data/fy24/schedule_c/fy24_schedule_c_awards.csv,4954,272848254,7500,org_prose,council_disclosure,ein+amount,"Funding to support Ifetayo's arts, social justice, youth ensemble, and other intellectual and emotional development programs. Indo-Caribbean Alliance, Inc.","Indo-Caribbean Alliance, Inc."
data/fy24/schedule_c/fy24_schedule_c_awards.csv,4966,273152656,35000,org_prose,council_disclosure,ein+amount,"Funds will be used to cover the cost associated with museum's educational and cultural programs. Jewish Coalition for Youth Education & Support, Inc.","Jewish Coalition for Youth Education & Support, Inc."
data/fy24/schedule_c/fy24_schedule_c_awards.csv,4971,131624033,75000,org_prose,council_disclosure,ein+amount,"Funding for a full-time LMSW or LCSW at Urban Neighborhood Services, of the Jewish Community Council of Greater Coney Island, to address trauma and mental health needs in the Coney Island community. Jewish Home Lifecare Manhattan",Jewish Home Lifecare Manhattan
data/fy24/schedule_c/fy24_schedule_c_awards.csv,4972,542068797,200000,org_prose,council_disclosure,ein+amount,This funding will support the elder mentor program. The program provides students the intergenerational benefits of their interaction with elder residents. Jewish Institute of Queens,Jewish Institute of Queens
data/fy24/schedule_c/fy24_schedule_c_awards.csv,4983,133214627,20000,org_prose,council_disclosure,ein+amount,"Funds to offset costs of food program by covering cost of rent, utilities and Food pantry bags. Legal Outreach, Inc.","Legal Outreach, Inc."
data/fy24/schedule_c/fy24_schedule_c_awards.csv,5003,136400434,466000,org_prose,council_disclosure,ein+amount,"The funding will provide for food, rent, utilities and insurance to operate the soup- kitchen year-round. Mayor's Office of Contract Services",Mayor's Office of Contract Services
data/fy24/schedule_c/fy24_schedule_c_awards.csv,5004,111635089,5000,org_prose,council_disclosure,ein+amount,"To provide counseling, intensive case and legal assistance, and help enrolling in public benefits to thousands of seniors, people with disabilities, and their caregivers who are confused by or unable to pay the costs associated with health insurance. MercyFirst",MercyFirst
data/fy24/schedule_c/fy24_schedule_c_awards.csv,5009,133877808,25000,org_prose,council_disclosure,ein+amount,To support programs that focus on maternal health outcomes at the high-needs communities in Brooklyn. Mosholu-Jerome East Gun Hill Road District Management Association,Mosholu-Jerome East Gun Hill Road District Management Association
data/fy24/schedule_c/fy24_schedule_c_awards.csv,5011,842635028,50000,org_prose,council_disclosure,ein+amount,"Funds will support a school based stem, cultural and performing arts enrichment programming for youth in Brooklyn DOE schools. Joseph Museum Hue, Inc.","Museum Hue, Inc."
data/fy24/schedule_c/fy24_schedule_c_awards.csv,5013,133376265,150000,org_prose,council_disclosure,ein+amount,Funding to support the expansion and revitalization of their Public Exchange Series- a monthly community event that brings together groundbreaking programming to traditionally underrepresented areas of Public Housing in Brooklyn. Museum of Jewish Heritage,Museum of Jewish Heritage - A Living Memorial to the Holocaust
data/fy24/schedule_c/fy24_schedule_c_awards.csv,5017,112501517,10000,org_prose,council_disclosure,ein+amount,"Funding will ensure mental health training and support for young New Yorkers with mental illness in schools along with their families, their teachers, administrators, educators, and school counselors. National Sorority PHI DLTA KPPA BTA OMCRN CHPT BG SSTR ED ACTN SRV CTR",National Sorority PHI DLTA KPPA BTA OMCRN CHPT BG SSTR ED ACTN SRV CTR
data/fy24/schedule_c/fy24_schedule_c_awards.csv,5035,611632107,70000,org_prose,council_disclosure,ein+amount,"Funds will be used for school based nutrition online programs by adding more students and teachers to this program, and improving the health and well-being of students in the Bronx. New York City AIDS Memorial, Inc.","New York City AIDS Memorial, Inc."
data/fy24/schedule_c/fy24_schedule_c_awards.csv,5037,133149200,100000,org_prose,council_disclosure,ein+amount,This funding is requested to support the development of a West Side Work Coalition (WSWC),"New York City Gay and Lesbian Anti-Violence Project, Inc."
data/fy24/schedule_c/fy24_schedule_c_awards.csv,5044,550869151,145000,org_prose,council_disclosure,ein+amount,"Funding will be used to support the K-12 Education Programs at the New York Historical Society. Irish, Won New York Irish Center, Inc.","New York Irish Center, Inc."
data/fy24/schedule_c/fy24_schedule_c_awards.csv,5059,814526739,10000,org_prose,council_disclosure,ein+amount,"Funding will provide STEM education programs and youth robotics leagues for young people in New York City. Funding would support staffing, materials and services necessary to host programs. NYC Kids RISE, Inc.","NYC Kids RISE, Inc."
data/fy24/schedule_c/fy24_schedule_c_awards.csv,5060,473115737,25000,org_prose,council_disclosure,ein+amount,"Funding to support a universal community-driven wealth building platform that provides a way for families, schools, and entire communities to work together to build assets & expectations of success for every public school child, starting in kindergarten. NYC Together, Inc.","NYC Together, Inc."
data/fy24/schedule_c/fy24_schedule_c_awards.csv,5062,465288351,20000,org_prose,council_disclosure,ein+amount,"The use of discretionary funding will enable OBCDC to lay the groundwork for an expanded senior program specifically responsive to the interests, culture and needs of public housing residents. Oceanic Hook and Ladder Co. No. 1, Inc.","Oceanic Hook and Ladder Co. No. 1, Inc."
data/fy24/schedule_c/fy24_schedule_c_awards.csv,5073,133700587,30000,org_prose,council_disclosure,ein+amount,Funds will be used to support technical training and career development services to New Yorkers in the field of information technology. Powers Peter Stuyvesant Little League,Peter Stuyvesant Little League
data/fy24/schedule_c/fy24_schedule_c_awards.csv,5076,132805131,125000,org_prose,council_disclosure,ein+amount,"Funds support Project Street Beat to provide vulnerable street population with HIV/STI testing and treatment. Playwrights Horizons, Inc.","Playwrights Horizons, Inc."
data/fy24/schedule_c/fy24_schedule_c_awards.csv,5081,260897746,100000,org_prose,council_disclosure,ein+amount,"To provide funding support for The Guardianship Project providing comprehensive case management services to low-income, frail, incapacitated and/or elderly clients who wish to remain in the community and/or return home from skilled nursing facilities. Project Hope Charities, Inc.","Project Hope Charities, Inc."
data/fy24/schedule_c/fy24_schedule_c_awards.csv,5083,113306247,40000,org_prose,council_disclosure,ein+amount,"The funds are being used to pay the salary of food donation coordinator for our soup kitchen, food pantries, and feeding programs that we partner with at shelters and religious organizations. Project Lend a Hand, Inc.","Project Lend a Hand, Inc."
data/fy24/schedule_c/fy24_schedule_c_awards.csv,5085,853729497,15000,org_prose,council_disclosure,ein+amount,"Funds will support the Culinary Arts Training program. This program offers 6-months of classroom and internship training to veterans and formerly homeless adults. Students learn basic cooking theory and food preparation in the teaching kitchens. Projects II Projects, Inc.","Projects II Projects, Inc."
data/fy24/schedule_c/fy24_schedule_c_awards.csv,5097,134091062,22500,org_prose,council_disclosure,ein+amount,"Funds will support social work, including help with Food Stamps, Health Insurance, and other benefits, a supermarket style Food Pantry, Tax Assistance, Nutritional Work Shops, F.E.A.T (Firsthand Emergency Action Team). Read Alliance, Inc.","Read Alliance, Inc."
data/fy24/schedule_c/fy24_schedule_c_awards.csv,5098,770568469,22500,org_prose,council_disclosure,ein+amount,"Funds will ensure children are ready for school and have the support they need to sustain grade-level reading proficiency in schools throughout the Jamaica, East New York, and East Harlem areas and among seven partner organizations. Reading Partners",Reading Partners
data/fy24/schedule_c/fy24_schedule_c_awards.csv,5100,472048750,250000,org_prose,council_disclosure,ein+amount,"The funds will be used to support the operating expenses of R.A.I.N. Mechler Hall Older Adult Center (OAC) and it's programming and activities. Renaissance Technical Institute, Inc.","Renaissance Technical Institute, Inc."
data/fy24/schedule_c/fy24_schedule_c_awards.csv,5105,133062776,200000,org_prose,council_disclosure,ein+amount,"Funding is to support Richmond Medical Center's sexual assault forensic examiner (SAFE) program. Riverbay Fund, Inc.","Riverbay Fund, Inc."
data/fy24/schedule_c/fy24_schedule_c_awards.csv,5110,112575794,75000,org_prose,council_disclosure,ein+amount,"The funding will be applied to Rock and Soul Forever Foundation / Teachrock.org's general operating budget and used to complete the Rock, Rap, and Reading Comprehension project. Rockaway Development and Revitalization Corporation",Rockaway Development and Revitalization Corporation
data/fy24/schedule_c/fy24_schedule_c_awards.csv,5116,112635374,50000,org_prose,council_disclosure,ein+amount,"The funds will be used to support hands-on, project-based, collaborative programs for hundreds of students at NYCHA facilities citywide. Samaritan Daytop Village, Inc.","Samaritan Daytop Village, Inc."
data/fy24/schedule_c/fy24_schedule_c_awards.csv,5126,133131914,50000,org_prose,council_disclosure,ein+amount,"The requested funds will be utilized for used to fund STF’s direct services to victims of domestic violence. STF offers direct services to victims through the STF Domestic Violence Hotline and Sarah’s Voice, a free legal program for victims. SHARE: Self-Help for Women with Breast or Ovarian Cancer, Inc.","SHARE: Self-Help for Women with Breast or Ovarian Cancer, Inc."
data/fy24/schedule_c/fy24_schedule_c_awards.csv,5143,111635105,75000,org_prose,council_disclosure,ein+amount,"Funds will ensure children are ready for school and have the support they need to sustain grade-level reading proficiency in schools throughout the Jamaica, East New York, and East Harlem areas and among seven partner organizations. St. Francis College",St. Francis College
data/fy24/schedule_c/fy24_schedule_c_awards.csv,5144,113174514,75000,org_prose,council_disclosure,ein+amount,"Funds will be used to support the year-long menu of free activities that are designed to address the interests and needs of senior citizens. St. John's Bread and Life Program, Inc.","St. John's Bread and Life Program, Inc."
data/fy24/schedule_c/fy24_schedule_c_awards.csv,5148,200269367,50000,org_prose,council_disclosure,ein+amount,"Funding will be used to support enrichment programs, programming, and operating expenses. Staten Island Heart Society, The","Staten Island Heart Society, The"
data/fy24/schedule_c/fy24_schedule_c_awards.csv,5151,133753011,10000,org_prose,council_disclosure,ein+amount,"Funds to be used for the establishment of a Science CIG internship partnership across multiple CIGs. StoryCorps, Inc.","StoryCorps, Inc."
data/fy24/schedule_c/fy24_schedule_c_awards.csv,5155,510189327,25000,org_prose,council_disclosure,ein+amount,"Studio in a School New York City will offer the Multilingual Learners Visual Arts Residency Program to 25 Title I schools citywide. Queens, Won Sunnyside Community Services, Inc.","Sunnyside Community Services, Inc."
data/fy24/schedule_c/fy24_schedule_c_awards.csv,5164,132676570,50000,org_prose,council_disclosure,ein+amount,To support workforce development programming and critical services for app delivery workers through the Queens Deliverista Hub. Touro College,Touro College
data/fy24/schedule_c/fy24_schedule_c_awards.csv,5170,113483921,75000,org_prose,council_disclosure,ein+amount,leaders. The allocation will support the Teacher's Center. United Sikhs,United Sikhs
data/fy24/schedule_c/fy24_schedule_c_awards.csv,5173,412278265,25000,org_prose,council_disclosure,ein+amount,"To support basic literacy, English as a second language and High School Equivalency classes, civics education classes for adults who cannot read, write or speak English, in addition to funding support services such as counseling and case management. UnLocal, Inc.","UnLocal, Inc."
data/fy24/schedule_c/fy24_schedule_c_awards.csv,5178,133843182,50000,org_prose,council_disclosure,ein+amount,"Funding to support BronxConnect Court-Involved Youth Mental Health Initiative; providing youth involved in the justice system with psychosocial assessments, internships, referrals for services, leadership development and anger management. Dinowitz Van Cortlandt Park Alliance, Inc.","Van Cortlandt Park Alliance, Inc."
data/fy24/schedule_c/fy24_schedule_c_awards.csv,5180,461481615,10000,org_prose,council_disclosure,ein+amount,"Funding will be used to support after-school activities for children including homework help, performing arts instruction, and physical education. Veterans-in-Command, Inc.","Veterans-in-Command, Inc."
data/fy24/schedule_c/fy24_schedule_c_awards.csv,5192,874529240,25000,org_prose,council_disclosure,ein+amount,"Funds to be used for the establishment of a Science CIG internship partnership across multiple CIGs. We Care to Care, Inc.","We Care to Care, Inc."
data/fy24/schedule_c/fy24_schedule_c_awards.csv,5193,251919494,15000,org_prose,council_disclosure,ein+amount,"To provide outreach, counseling, lectures, and training to bring hope and healing to families suffering from abuse, anxiety, depression, family relationship problems, and school problems thereby making positive change in their life. Wellness in the Schools, Inc.","Wellness in the Schools, Inc."
data/fy25/schedule_c/fy25_appendix_b_local.csv,1116,132612524,100000,org_prose,council_disclosure,ein+amount,"Queens Fund for the City of New York, Inc.","Fund for the City of New York, Inc."
data/fy25/schedule_c/fy25_appendix_b_local.csv,1118,132612524,125000,org_prose,council_disclosure,ein+amount,"Bottcher Fund for the City of New York, Inc.","Fund for the City of New York, Inc."
data/fy25/schedule_c/fy25_appendix_b_local.csv,1621,471169779,5000,org_prose,council_disclosure,ein+amount,"CDC, Inc. (NHS Brooklyn) to provide direct services to homeowners and tenants Banks Neighborhood Housing Services of Brooklyn CDC, Inc.","Neighborhood Housing Services of Brooklyn CDC, Inc."
data/fy25/schedule_c/fy25_schedule_c_awards.csv,3224,133320984,10000,org_prose,council_disclosure,ein+amount,"The funding will pay for e-waste events in Council District 23. Ariola Outstanding Renewal Enterprises, Inc.","Outstanding Renewal Enterprises, Inc."
data/fy25/schedule_c/fy25_schedule_c_awards.csv,3228,112436149,20000,org_prose,council_disclosure,ein+amount,The funding will pay for graffiti removal services in Council District 23. NYC Cleanup funds cleaning Council district. Ariola Queens Economic Development Corporation,Queens Economic Development Corporation
data/fy25/schedule_c/fy25_schedule_c_awards.csv,4930,881042164,25000,org_prose,council_disclosure,ein+amount,"Funding to support staff and to provide health education, peer coaching, assist with appointments, meals, and routine communication with medical staff to ensure that patients living with HIV, Hep C, diabetes and other illnesses receive the best care. Carr Albanian-American Association of Ulqin, Inc.","Albanian-American Association of Ulqin, Inc."
data/fy25/schedule_c/fy25_schedule_c_awards.csv,4936,460802042,125000,org_prose,council_disclosure,ein+amount,"The funding will be used to cover the various costs associated with implementing APECs educational programs. Brannan Alliance for Coney Island, Inc.","Alliance for Coney Island, Inc."
data/fy25/schedule_c/fy25_schedule_c_awards.csv,4937,132768583,15000,org_prose,council_disclosure,ein+amount,"Funds will support programming including neighborhood cleanups, beautification, merchant organizing, and free events. Alliance of Resident Theatres/New York, Inc.","Alliance of Resident Theatres/New York, Inc."
data/fy25/schedule_c/fy25_schedule_c_awards.csv,4975,510165173,15000,org_prose,council_disclosure,ein+amount,"Funding will support concerts held during the 2024 season as well as command performances at senior centers across Queens, Brooklyn and the Bronx. Funds will also be used for programming, staffing and capacity building. Brannan BRAVO Volunteer Ambulance Service, Inc.","BRAVO Volunteer Ambulance Service, Inc."
data/fy25/schedule_c/fy25_schedule_c_awards.csv,4979,130951470,7500,org_prose,council_disclosure,ein+amount,"Funding will support the expansion of BHC's early childhood programs by providing access to high quality early childhood programs and services for more low income children beginning at age 3 and their families. Schulman Broadway League, Inc., The","Broadway League, Inc., The"
data/fy25/schedule_c/fy25_schedule_c_awards.csv,4995,111631820,100000,org_prose,council_disclosure,ein+amount,"Funds will used to provide hot, halal meals and nutritious groceries to community members. Brooklyn Kindergarten Society",Brooklyn Kindergarten Society
data/fy25/schedule_c/fy25_schedule_c_awards.csv,5007,270699754,75000,org_prose,council_disclosure,ein+amount,"Funding will help cover the costs for staffing, equipment, student incentives and overhead costs associated with AV production. Capitol District Management Association, Inc.","Capitol District Management Association, Inc."
data/fy25/schedule_c/fy25_schedule_c_awards.csv,5015,920829346,75000,org_prose,council_disclosure,ein+amount,"Funding will support Casita Maria's after-school summer programming for Elementary and Middle School students. Farias Castle Hill District Management Association, Inc.","Castle Hill District Management Association, Inc."
data/fy25/schedule_c/fy25_schedule_c_awards.csv,5023,135645885,50000,org_prose,council_disclosure,ein+amount,"Funding will support the HFG program, which provides child-welfare involved families in Manhattan and Queens with efficient, one-stop assistance to address issues that are collateral to their family court case, but could undermine the family's stability. Center for New York City Law at New York Law School",Center for New York City Law at New York Law School
data/fy25/schedule_c/fy25_schedule_c_awards.csv,5072,161636968,100000,org_prose,council_disclosure,ein+amount,"Funds to be used to support the largest pro se asylum legal clinic for LGBTQ+ and HIV+ asylum seekers. Cool Culture, Inc.","Cool Culture, Inc."
data/fy25/schedule_c/fy25_schedule_c_awards.csv,5073,461206478,50000,org_prose,council_disclosure,ein+amount,"Funding would be used to cover the cost of free admission for up to five family members to 90 museums, zoos and botanic gardens; professional development to education professionals; and other programmatic materials to support parents. Corbin Hill Food Project, Inc., The","Corbin Hill Food Project, Inc., The"
data/fy25/schedule_c/fy25_schedule_c_awards.csv,5074,112880221,50000,org_merged,council_disclosure,ein+amount,"The funds requested will subsidize the delivery of farm shares to $12 per share for low income individuals in Bronx, Brooklyn, and Manhattan, significantly lowering the cost to make them affordable for the intended beneficiaries. Council For Unity, Inc.","Council For Unity, Inc."
data/fy25/schedule_c/fy25_schedule_c_awards.csv,5097,371496791,800000,org_prose,council_disclosure,ein+amount,Funding will support expanded services and staffing at the Center for Court Innovation to help launch Community Justice Center. District Council 37 Non-Profit Educational Corporation,District Council 37 Non-Profit Educational Corporation
data/fy25/schedule_c/fy25_schedule_c_awards.csv,5113,112932528,150000,org_prose,council_disclosure,ein+amount,"For a Community Education Summit to focus on the opioid crisis and related public health issues in Queens. Funds will be used for equipment rental, supplies, outreach and information materials, security and maintenance. Irish, Marmorato Emerald Isle Immigration Center",Emerald Isle Immigration Center
data/fy25/schedule_c/fy25_schedule_c_awards.csv,5125,842117580,15000,org_prose,council_disclosure,ein+amount,"Funding will support the Gowanus Oversight Taskforce, a unique community-driven body implementing a rezoning oversight process to foster equitable and accountable development in Gowanus. Ariola Fight For Firefighters Foundation, Inc.","Fight For Firefighters Foundation, Inc."
data/fy25/schedule_c/fy25_schedule_c_awards.csv,5127,113586786,75000,org_prose,council_disclosure,ein+amount,"To provide funding support for Craic Fest, Kids Fleadh, LGBT fest, and Rockaway Irish Fest. First Chernomorets USA, Inc.","First Chernomorets USA, Inc."
data/fy25/schedule_c/fy25_schedule_c_awards.csv,5128,824466710,150000,org_prose,council_disclosure,ein+amount,"Funding would be used for an after-school youth soccer program, serving students from age 4 through 17. Flatbush Cats, Inc.","Flatbush Cats, Inc."
data/fy25/schedule_c/fy25_schedule_c_awards.csv,5129,823212305,50000,org_prose,council_disclosure,ein+amount,"To fund veterinary care service provider (with two full-time NYS licensed veterinarians on staff) who are equipped to provide spay, neuter, vaccine, and wellness services to both rescuers/TNR volunteers and low-income pet owners. Flatbush Community Fund, Inc.","Flatbush Community Fund, Inc."
data/fy25/schedule_c/fy25_schedule_c_awards.csv,5141,200763333,10000,org_prose,council_disclosure,ein+amount,"Funds will be used for counseling and programming services for current and retired members of the FDNY. Friends of Kaiser Park, Inc.","Friends of Kaiser Park, Inc."
data/fy25/schedule_c/fy25_schedule_c_awards.csv,5155,270131315,15000,org_prose,council_disclosure,ein+amount,"Funding to support programming for young women, including leadership development programs. Girls on the Run NYC",Girls on the Run NYC
data/fy25/schedule_c/fy25_schedule_c_awards.csv,5172,112290832,25000,org_prose,council_disclosure,ein+amount,"The funds will be utilized to provide educational, recreational, and health promotion classes to Asian-American and Chinese-speaking older adults who are physically frail and cognitively impaired seniors. Paladino HANAC, Inc.","HANAC, Inc."
data/fy25/schedule_c/fy25_schedule_c_awards.csv,5173,136271908,50000,org_prose,council_disclosure,ein+amount,"To provide funding support for health and wellness such as fall prevention and healthy eating, physical activities such as yoga and tai chi, and arts & crafts; to individuals 60 years and older. Salaam Harlem Commonwealth Council, Inc.","Harlem Commonwealth Council, Inc."
data/fy25/schedule_c/fy25_schedule_c_awards.csv,5175,131656652,60000,org_prose,council_disclosure,ein+amount,"To support in-demand free training for providers of HIV prevention and drug user services throughout NYC. Hartley House, Inc.","Hartley House, Inc."
data/fy25/schedule_c/fy25_schedule_c_awards.csv,5182,134197609,100000,org_prose,council_disclosure,ein+amount,"Funding for providing comprehensive skilled lactation services to a vulnerable community in the Bronx and beyond. The WIC Program staffing is comprised of Nutritionists, Dietitians, Support Staff, and a Breastfeeding Coordinator Lactation Consultant. Healthcare Industry Grant Corporation",Healthcare Industry Grant Corporation
data/fy25/schedule_c/fy25_schedule_c_awards.csv,5194,263332972,50000,org_prose,council_disclosure,ein+amount,"To provide funding support for general operating support for key program areas in Education, Horticulture, and Therapeutic Horticulture. To also fund tree pruning and tree care for community boards in Brooklyn. Hot Bread Kitchen, Ltd.","Hot Bread Kitchen, Ltd."
data/fy25/schedule_c/fy25_schedule_c_awards.csv,5212,273152656,35000,org_prose,council_disclosure,ein+amount,"Funds will be used to cover the cost associated with museum's educational and cultural programs. Jewish Coalition for Youth Education & Support, Inc.","Jewish Coalition for Youth Education & Support, Inc."
data/fy25/schedule_c/fy25_schedule_c_awards.csv,5225,133205023,100000,org_prose,council_disclosure,ein+amount,"To provide comprehensive mental health support services for youth and young adults of color who have been impacted by violence, trauma, and other challenges. Ayala La Casa de la Herencia Cultural Puertorriquena, Inc.","La Casa de la Herencia Cultural Puertorriquena, Inc."
data/fy25/schedule_c/fy25_schedule_c_awards.csv,5227,832249413,25000,org_prose,council_disclosure,ein+amount,"Funds to offset costs of food program by covering cost of rent, utilities and Food pantry bags. Williams Ladies of Hope Ministries, Inc.","Ladies of Hope Ministries, Inc."
data/fy25/schedule_c/fy25_schedule_c_awards.csv,5250,136400434,726500,org_prose,council_disclosure,ein+amount,"The funding will provide for food, rent, utilities and insurance to operate the soup- kitchen year-round. Mayor's Office of Contract Services",Mayor's Office of Contract Services
data/fy25/schedule_c/fy25_schedule_c_awards.csv,5251,111635089,5000,org_prose,council_disclosure,ein+amount,"To provide counseling, intensive case and legal assistance, and help enrolling in public benefits to thousands of seniors, people with disabilities, and their caregivers who are confused by or unable to pay the costs associated with health insurance. MercyFirst",MercyFirst
data/fy25/schedule_c/fy25_schedule_c_awards.csv,5262,133137461,25000,org_prose,council_disclosure,ein+amount,"To provide funding support for community support programs. Programs include the food pantry, after-school, ESL classes, and computer literacy programs. Salaam Museum for African Art",Museum for African Art
data/fy25/schedule_c/fy25_schedule_c_awards.csv,5265,133376265,150000,org_prose,council_disclosure,ein+amount,Funding to support the expansion and revitalization of their Public Exchange Series- a monthly community event that brings together groundbreaking programming to traditionally underrepresented areas of Public Housing in Brooklyn. Jewish Museum of Jewish Heritage,Museum of Jewish Heritage - A Living Memorial to the Holocaust
data/fy25/schedule_c/fy25_schedule_c_awards.csv,5269,133480246,25000,org_prose,council_disclosure,ein+amount,"Funding will be used for teaching underserved students the following skills: interpersonal communication skills, public speaking, conflict resolution, time management, research and project-based action planning needed to engage in a pluralistic society. Williams NAF",NAF
data/fy25/schedule_c/fy25_schedule_c_awards.csv,5270,133077692,75000,org_prose,council_disclosure,ein+amount,"To support career and post secondary opportunities in Council District 27 and assist with project managing the qSTEAM initiative with a focus on STEAM pathways and a concentration in aviation. National Alliance on Mental Illness of New York City, Inc.","National Alliance on Mental Illness of New York City, Inc."
data/fy25/schedule_c/fy25_schedule_c_awards.csv,5272,112501517,10000,org_prose,council_disclosure,ein+amount,Funds will be used to make theater art accessible to all and help youth build professional skills in theater arts. National Sorority PHI DLTA KPPA BTA OMCRN CHPT BG SSTR ED ACTN SRV CTR,National Sorority PHI DLTA KPPA BTA OMCRN CHPT BG SSTR ED ACTN SRV CTR
data/fy25/schedule_c/fy25_schedule_c_awards.csv,5292,611632107,70000,org_prose,council_disclosure,ein+amount,"Funds to be used for the establishment of a Science CIG internship partnership across multiple CIGs. New York City AIDS Memorial, Inc.","New York City AIDS Memorial, Inc."
data/fy25/schedule_c/fy25_schedule_c_awards.csv,5302,550869151,145000,org_prose,council_disclosure,ein+amount,"To provide funding support programmatic immigration policy and migrant outreach services. Irish, Won New York Irish Center, Inc.","New York Irish Center, Inc."
data/fy25/schedule_c/fy25_schedule_c_awards.csv,5305,202905531,40000,org_prose,council_disclosure,ein+amount,"Funds will ensure children are ready for school and have the support they need to sustain grade-level reading proficiency in schools throughout the Jamaica, East New York, and East Harlem areas and among seven partner organizations. New York Stem Cell Foundation, Inc.","New York Stem Cell Foundation, Inc."
data/fy25/schedule_c/fy25_schedule_c_awards.csv,5317,841622031,50000,org_prose,council_disclosure,ein+amount,"Funding will provide STEM education programs and youth robotics leagues for young people in New York City. Funding would support staffing, materials and services necessary to host programs. Brooks-Powers Ocean Bay Community Development Corporation",Ocean Bay Community Development Corporation
data/fy25/schedule_c/fy25_schedule_c_awards.csv,5335,260897746,100000,org_prose,council_disclosure,ein+amount,"To provide funding support for The Guardianship Project providing comprehensive case management services to low-income, frail, incapacitated and/or elderly clients who wish to remain in the community and/or return home from skilled nursing facilities. Project Hope Charities, Inc.","Project Hope Charities, Inc."
data/fy25/schedule_c/fy25_schedule_c_awards.csv,5337,113306247,40000,org_prose,council_disclosure,ein+amount,"The funds are being used to pay the salary of food donation coordinator for our soup kitchen, food pantries, and feeding programs that we partner with at shelters and religious organizations. Project Lend a Hand, Inc.","Project Lend a Hand, Inc."
data/fy25/schedule_c/fy25_schedule_c_awards.csv,5354,133653369,300000,org_prose,council_disclosure,ein+amount,"Funds will ensure children are ready for school and have the support they need to sustain grade-level reading proficiency in schools throughout the Jamaica, East New York, and East Harlem areas and among seven partner organizations. Regional Alliance for Small Contractors",Regional Alliance for Small Contractors
data/fy25/schedule_c/fy25_schedule_c_awards.csv,5356,133603303,25000,org_prose,council_disclosure,ein+amount,"Funding support to NYCHA residents or HS students at risk for free vocational trades training in the fields of carpentry, electrical, HVAC, plumbing, IT, para optometric, HHA, CNA, security, OSHA 40, scaffolding, flagger, culinary class, CDL & many more. Resource Center for Community Development, Inc.","Resource Center for Community Development, Inc."
data/fy25/schedule_c/fy25_schedule_c_awards.csv,5361,843709393,25000,org_prose,council_disclosure,ein+amount,"Funding is to support Richmond Medical Center's sexual assault forensic examiner (SAFE) program. Riders Alliance, Inc.","Riders Alliance, Inc."
data/fy25/schedule_c/fy25_schedule_c_awards.csv,5367,112575794,75000,org_prose,council_disclosure,ein+amount,"The funding will be applied to Rock and Soul Forever Foundation / Teachrock.org's general operating budget and used to complete the Rock, Rap, and Reading Comprehension project. Brooks-Powers Rockaway Development and Revitalization Corporation",Rockaway Development and Revitalization Corporation
data/fy25/schedule_c/fy25_schedule_c_awards.csv,5374,112635374,50000,org_prose,council_disclosure,ein+amount,"The funds will be used to support hands-on, project-based, collaborative programs for hundreds of students at NYCHA facilities citywide. Samaritan Daytop Village, Inc.","Samaritan Daytop Village, Inc."
data/fy25/schedule_c/fy25_schedule_c_awards.csv,5388,133131914,50000,org_prose,council_disclosure,ein+amount,"The requested funds will be utilized for used to fund STF’s direct services to victims of domestic violence. STF offers direct services to victims through the STF Domestic Violence Hotline and Sarah’s Voice, a free legal program for victims. SHARE: Self-Help for Women with Breast or Ovarian Cancer, Inc.","SHARE: Self-Help for Women with Breast or Ovarian Cancer, Inc."
data/fy25/schedule_c/fy25_schedule_c_awards.csv,5390,810713547,55000,org_prose,council_disclosure,ein+amount,"Funds to support case management services for seniors and families in Council District 48. Brooks-Powers Showing Hearts Foundation, Inc., The","Showing Hearts Foundation, Inc., The"
data/fy25/schedule_c/fy25_schedule_c_awards.csv,5391,873201072,10000,org_prose,council_disclosure,ein+amount,"To provide funding support for 7 weeks of training for youth and young adults to explore their passions and entrepreneurial ideas. SIMHA Organization, Inc.","SIMHA Organization, Inc."
data/fy25/schedule_c/fy25_schedule_c_awards.csv,5407,113174514,75000,org_prose,council_disclosure,ein+amount,"Funds will be used to support the year-long menu of free activities that are designed to address the interests and needs of senior citizens. St. John's Bread and Life Program, Inc.","St. John's Bread and Life Program, Inc."
data/fy25/schedule_c/fy25_schedule_c_awards.csv,5414,200269367,50000,org_prose,council_disclosure,ein+amount,"Funding will be used to support enrichment programs, programming, and operating expenses. Staten Island Heart Society, The","Staten Island Heart Society, The"
data/fy25/schedule_c/fy25_schedule_c_awards.csv,5420,133753011,10000,org_prose,council_disclosure,ein+amount,"Funds to be used for the establishment of a Science CIG internship partnership across multiple CIGs. StoryCorps, Inc.","StoryCorps, Inc."
data/fy25/schedule_c/fy25_schedule_c_awards.csv,5424,510189327,25000,org_prose,council_disclosure,ein+amount,"Studio in a School New York City will offer the Multilingual Learners Visual Arts Residency Program to 25 Title I schools citywide. Queens, Won Sunnyside Community Services, Inc.","Sunnyside Community Services, Inc."
data/fy25/schedule_c/fy25_schedule_c_awards.csv,5431,453591508,80000,org_prose,council_disclosure,ein+amount,"For an environmentally based educational program for schools and organizations. The funds will be used to pay for free to low cost programming. Also, to cover costs associated with free to subsidized swim classes. Brooks-Powers Teens for Food Justice, Inc.","Teens for Food Justice, Inc."
data/fy25/schedule_c/fy25_schedule_c_awards.csv,5435,132676570,50000,org_prose,council_disclosure,ein+amount,"To provide funding support for thousands of app delivery workers with information, education and resources on street safety, safe e-bike battery charging, workplace rights, wage theft and more. Touro College",Touro College
data/fy25/schedule_c/fy25_schedule_c_awards.csv,5441,113483921,75000,org_prose,council_disclosure,ein+amount,leaders. The allocation will support the Teacher's Center. United Sikhs,United Sikhs
data/fy25/schedule_c/fy25_schedule_c_awards.csv,5444,412278265,25000,org_prose,council_disclosure,ein+amount,"To support basic literacy, English as a second language and High School Equivalency classes, civics education classes for adults who cannot read, write or speak English, in addition to funding support services such as counseling and case management. UnLocal, Inc.","UnLocal, Inc."
data/fy25/schedule_c/fy25_schedule_c_awards.csv,5452,461481615,10000,org_prose,council_disclosure,ein+amount,"To provide funding for staff support and project supplies including gloves, tools, plants, signage, lumber, and hardware. Veterans-in-Command, Inc.","Veterans-in-Command, Inc."
data/fy25/schedule_c/fy25_schedule_c_awards.csv,5464,874529240,25000,org_prose,council_disclosure,ein+amount,"Funds to be used for the establishment of a Science CIG internship partnership across multiple CIGs. Brooks-Powers We Care to Care, Inc.","We Care to Care, Inc."
data/fy25/schedule_c/fy25_schedule_c_awards.csv,5465,251919494,15000,org_prose,council_disclosure,ein+amount,"To provide outreach, counseling, lectures, and training to bring hope and healing to families suffering from abuse, anxiety, depression, family relationship problems, and school problems thereby making positive change in their life. Powers Wellness in the Schools, Inc.","Wellness in the Schools, Inc."
data/fy25/schedule_c/fy25_schedule_c_awards.csv,5466,112872641,5000,org_prose,council_disclosure,ein+amount,"Funding will support the Chefs in the Schools program, which develops scratch cooked, plant forward and culturally inclusive recipes for all NYC school children and to train NYC school cooks on the preparation of these recipes. Wesley Parrott Youth Programs, Inc.","Wesley Parrott Youth Programs, Inc."
data/fy26/schedule_c/fy26_appendix_b_local.csv,1090,132612524,100000,org_prose,council_disclosure,ein+amount,"Caban Fund for the City of New York, Inc.","Fund for the City of New York, Inc."
data/fy26/schedule_c/fy26_appendix_b_local.csv,1095,132612524,125000,org_prose,council_disclosure,ein+amount,"Bottcher Fund for the City of New York, Inc.","Fund for the City of New York, Inc."
data/fy26/schedule_c/fy26_schedule_c_awards.csv,5023,112600290,60000,org_prose,council_disclosure,ein+amount,"Funding to support staff and to provide health education, peer coaching, assist with appointments, meals, and routine communication with medical staff to ensure that patients living with HIV, Hep C, diabetes and other illnesses receive the best care. Allen A.M.E. Housing Corp",Allen A.M.E. Housing Corp
data/fy26/schedule_c/fy26_schedule_c_awards.csv,5035,133120824,50000,org_prose,council_disclosure,ein+amount,"Funding will be used to support the Breast Cancer Outreach, education and Navigation Program, bringing medically under-served NYC women into screening each year. Aperture Foundation, Inc.","Aperture Foundation, Inc."
data/fy26/schedule_c/fy26_schedule_c_awards.csv,5054,461784806,30000,org_prose,council_disclosure,ein+amount,"Funding will be used to improve the criminal justice system, child welfare and housing systems in regards to survivors of domestic violence. Also to support the analysis of domestic violence policy, failure of policy and education/outreach. Brannan Bay Ridge Cares",Bay Ridge Cares
data/fy26/schedule_c/fy26_schedule_c_awards.csv,5072,111966067,25000,org_prose,council_disclosure,ein+amount,"The funds will be used to deliver important after-school programs and services to youth ages 5 to 18 during after-school and summer hours. Boys & Girls Club of Metro Queens, Inc.","Boys & Girls Club of Metro Queens, Inc."
data/fy26/schedule_c/fy26_schedule_c_awards.csv,5078,130951470,150000,org_prose,council_disclosure,ein+amount,"Funding will support the expansion of BHC's early childhood programs by providing access to high quality early childhood programs and services for more low income children beginning at age 3 and their families. Broadway League, Inc., The","Broadway League, Inc., The"
data/fy26/schedule_c/fy26_schedule_c_awards.csv,5100,111631820,100000,org_prose,council_disclosure,ein+amount,"To provide funding support for preserving housing and jobs, facilitating access to benefits, legal support and addressing education and employment issues that keep families together and strengthen communities. Brooklyn Kindergarten Society",Brooklyn Kindergarten Society
data/fy26/schedule_c/fy26_schedule_c_awards.csv,5113,270699754,75000,org_prose,council_disclosure,ein+amount,"Funding to support emergency food initiatives and mobile pantry services in City Council District 12. Capitol District Management Association, Inc.","Capitol District Management Association, Inc."
data/fy26/schedule_c/fy26_schedule_c_awards.csv,5132,135645885,50000,org_prose,council_disclosure,ein+amount,"Funding will support the HFG program, which provides child-welfare involved families in Manhattan and Queens with efficient, one-stop assistance to address issues that are collateral to their family court case, but could undermine the family's stability. Center for New York City Law at New York Law School",Center for New York City Law at New York Law School
data/fy26/schedule_c/fy26_schedule_c_awards.csv,5133,112940331,50000,org_prose,council_disclosure,ein+amount,"Funding would help prepare, inform and educate New Yorkers about the 2030 Census and the NYCC redistricting processes, and assure that the new districts will be fairer, equitable and representative of New York City’s diverse communities. Felder Chai Lifeline, Inc.","Chai Lifeline, Inc."
data/fy26/schedule_c/fy26_schedule_c_awards.csv,5144,264698161,200000,org_prose,council_disclosure,ein+amount,"This funding will be utilized to greatly expand employment and vocational training staff as well as reach to unhoused clients, including parents of children; to hire additional employment specialists who will support Manhattan and Harlem shelters and increase overall employment metrics and job retention; and expand employment workshop capacity for shelter residents, covering certifications, and wardrobe and job interview etiquette preparation. Churches United for Fair Housing, Inc.","Churches United for Fair Housing, Inc."
data/fy26/schedule_c/fy26_schedule_c_awards.csv,5170,475518278,100000,org_prose,council_disclosure,ein+amount,"Funds will be used for CTH present Shakespeare’s Macbeth a free, unticketed, outdoor production. Funds will also support community outreach and audience engagement. Climate Museum",Climate Museum
data/fy26/schedule_c/fy26_schedule_c_awards.csv,5183,831205784,50000,org_prose,council_disclosure,ein+amount,"To support the Preserving Affordable Housing Program, including legal representation, advice/services, and legal education to vulnerable populations. Funds will be used to support staff, and program-related expenses. Community Capacity Development",Community Capacity Development
data/fy26/schedule_c/fy26_schedule_c_awards.csv,5184,831205784,125000,org_prose,council_disclosure,ein+amount,Funds will support the expansion of the Community Liaison Department which is deployed to all 5 Boroughs sponsoring events and supporting local Anti Gun Violence initiatives and community outreach initiatives. Community Capacity Development,Community Capacity Development
data/fy26/schedule_c/fy26_schedule_c_awards.csv,5203,461206478,50000,org_prose,council_disclosure,ein+amount,"Funding would be used to cover the cost of free admission for up to five family members to 90 museums, zoos and botanic gardens; professional development to education professionals; and other programmatic materials to support parents. Corbin Hill Food Project, Inc., The","Corbin Hill Food Project, Inc., The"
data/fy26/schedule_c/fy26_schedule_c_awards.csv,5204,112880221,75000,org_merged,council_disclosure,ein+amount,"The funds requested will subsidize the delivery of farm shares to $12 per share for low income individuals in Bronx, Brooklyn, and Manhattan, significantly lowering the cost to make them affordable for the intended beneficiaries. Council For Unity, Inc.","Council For Unity, Inc."
data/fy26/schedule_c/fy26_schedule_c_awards.csv,5246,112932528,200000,org_prose,council_disclosure,ein+amount,"For a Community Education Summit to focus on the opioid crisis and related public health issues in Queens. Funds will be used for equipment rental, supplies, outreach and information materials, security and maintenance. Irish Emerald Isle Immigration Center",Emerald Isle Immigration Center
data/fy26/schedule_c/fy26_schedule_c_awards.csv,5256,842117580,15000,org_prose,council_disclosure,ein+amount,"Funding will support the Gowanus Oversight Taskforce, a unique community-driven body implementing a rezoning oversight process to foster equitable and accountable development in Gowanus. Ariola Fight For Firefighters Foundation, Inc.","Fight For Firefighters Foundation, Inc."
data/fy26/schedule_c/fy26_schedule_c_awards.csv,5258,113586786,75000,org_prose,council_disclosure,ein+amount,"To provide funding support for Craic Fest, Kids Fleadh, LGBT fest, and Rockaway Irish Fest. First Chernomorets USA, Inc.","First Chernomorets USA, Inc."
data/fy26/schedule_c/fy26_schedule_c_awards.csv,5259,824466710,150000,org_prose,council_disclosure,ein+amount,"Funding would be used for an after-school youth soccer program, serving students from age 4 through 17. Flatbush Cats, Inc.","Flatbush Cats, Inc."
data/fy26/schedule_c/fy26_schedule_c_awards.csv,5270,611745367,20000,org_prose,council_disclosure,ein+amount,"To provide funding support for the Heart’s Desire Fund and Emergency Fund, which provides maternal and child health services. Friends of Pool, Inc.","Friends of Pool, Inc."
data/fy26/schedule_c/fy26_schedule_c_awards.csv,5275,132612524,50000,org_prose,council_disclosure,ein+amount,"Women's Fund for the City of New York, Inc.","Fund for the City of New York, Inc."
data/fy26/schedule_c/fy26_schedule_c_awards.csv,5278,853070939,100000,org_prose,council_disclosure,ein+amount,"To provide funding to support virtual community that provides older adults with LGBTQ- welcoming resources, housing and benefits assistance, education, programming and interactive community engagement. Riley Game Over Hicks Family Foundation",Game Over Hicks Family Foundation
data/fy26/schedule_c/fy26_schedule_c_awards.csv,5283,270131315,15000,org_prose,council_disclosure,ein+amount,"Funding to support programming for young women, including leadership development programs. Girls on the Run NYC",Girls on the Run NYC
data/fy26/schedule_c/fy26_schedule_c_awards.csv,5297,131656652,60000,org_prose,council_disclosure,ein+amount,"To support in-demand free training for providers of HIV prevention and drug user services throughout NYC. Hartley House, Inc.","Hartley House, Inc."
data/fy26/schedule_c/fy26_schedule_c_awards.csv,5300,134197609,100000,org_prose,council_disclosure,ein+amount,"Funding for providing comprehensive skilled lactation services to a vulnerable community in the Bronx and beyond. The WIC Program staffing is comprised of Nutritionists, Dietitians, Support Staff, and a Breastfeeding Coordinator Lactation Consultant. Healthcare Industry Grant Corporation",Healthcare Industry Grant Corporation
data/fy26/schedule_c/fy26_schedule_c_awards.csv,5320,812004987,50000,org_prose,council_disclosure,ein+amount,"Funding to support programs in literacy, homelessness prevention, food assistance, immigrant support, and mental health. Independent Drivers Guild, Inc.","Independent Drivers Guild, Inc."
data/fy26/schedule_c/fy26_schedule_c_awards.csv,5327,383767350,25000,org_prose,council_disclosure,ein+amount,"Funding will support all services, including Medicare and government benefits enrollment, access to physical and mental health care, immigration legal counsel, and translation services to Japanese-speaking New Yorkers. Jeffrey Deskovic Foundation for Justice, The","Jeffrey Deskovic Foundation for Justice, The"
data/fy26/schedule_c/fy26_schedule_c_awards.csv,5332,273152656,35000,org_prose,council_disclosure,ein+amount,"Funds will be used to cover the cost associated with museum's educational and cultural programs. Jewish Coalition for Youth Education & Support, Inc.","Jewish Coalition for Youth Education & Support, Inc."
data/fy26/schedule_c/fy26_schedule_c_awards.csv,5351,273170420,20000,org_prose,council_disclosure,ein+amount,"Funds to provide comprehensive case management, mental health counseling and supportive services for Older Adults and Holocaust survivors. Kings County Tennis League",Kings County Tennis League
data/fy26/schedule_c/fy26_schedule_c_awards.csv,5355,832249413,25000,org_prose,council_disclosure,ein+amount,"Funds to offset costs of food program by covering cost of rent, utilities and Food pantry bags. Ladies of Hope Ministries, Inc.","Ladies of Hope Ministries, Inc."
data/fy26/schedule_c/fy26_schedule_c_awards.csv,5356,133214627,20000,org_prose,council_disclosure,ein+amount,"To provide funding support for job skills training and career development for justice impacted individuals. Legal Outreach, Inc.","Legal Outreach, Inc."
data/fy26/schedule_c/fy26_schedule_c_awards.csv,5377,874373793,100000,org_prose,council_disclosure,ein+amount,"Funds will support violence prevention/intervention, youth services and other family- related services in Council District 46. Joseph Mangrove Community Wealth, Inc.","Mangrove Community Wealth, Inc."
data/fy26/schedule_c/fy26_schedule_c_awards.csv,5381,111635089,5000,org_prose,council_disclosure,ein+amount,"The funding will provide for food, rent, utilities and insurance to operate the soup- kitchen year-round. MercyFirst",MercyFirst
data/fy26/schedule_c/fy26_schedule_c_awards.csv,5393,134082027,100000,org_prose,council_disclosure,ein+amount,"Funds will be used to support neighborhood development and commercial revitalization activities in the corridor such as beautification, placemaking, community events and small business support. Mt. Sinai Center for Community Enrichment, Inc.","Mt. Sinai Center for Community Enrichment, Inc."
data/fy26/schedule_c/fy26_schedule_c_awards.csv,5396,842635028,50000,org_prose,council_disclosure,ein+amount,"To provide funding support for community support programs. Programs include the food pantry, after-school, ESL classes, and computer literacy programs. Museum Hue, Inc.","Museum Hue, Inc."
data/fy26/schedule_c/fy26_schedule_c_awards.csv,5398,133376265,150000,org_prose,council_disclosure,ein+amount,Funding to support the expansion and revitalization of their Public Exchange Series- a monthly community event that brings together groundbreaking programming to traditionally underrepresented areas of Public Housing in Brooklyn. Jewish Museum of Jewish Heritage,Museum of Jewish Heritage - A Living Memorial to the Holocaust
data/fy26/schedule_c/fy26_schedule_c_awards.csv,5406,112501517,10000,org_prose,council_disclosure,ein+amount,"Funding will support the Comprehensive Employment Services program (CES) which provides low-income New Yorkers who are in the early stages of recovery from substance use disorders (SUD) with job readiness, placement, and employment retention support. National Sorority PHI DLTA KPPA BTA OMCRN CHPT BG SSTR ED ACTN SRV CTR",National Sorority PHI DLTA KPPA BTA OMCRN CHPT BG SSTR ED ACTN SRV CTR
data/fy26/schedule_c/fy26_schedule_c_awards.csv,5415,201959562,30000,org_prose,council_disclosure,ein+amount,"To provide aftercare services, including medical support and case management, through NAC's Partners in Parenting (PIP) and Post Legal Adoption Network (PLAN) programs. New Beginnings Outreach, Inc.","New Beginnings Outreach, Inc."
data/fy26/schedule_c/fy26_schedule_c_awards.csv,5426,133444193,75000,org_prose,council_disclosure,ein+amount,"Funding to support medical case management and navigation services for the Gravesend community. New York Cares, Inc.","New York Cares, Inc."
data/fy26/schedule_c/fy26_schedule_c_awards.csv,5446,141761209,50000,org_prose,council_disclosure,ein+amount,"Funding to support weekend and school-age programming for children of student parents. New York State Tenants and Neighbors Information Service, Inc.","New York State Tenants and Neighbors Information Service, Inc."
data/fy26/schedule_c/fy26_schedule_c_awards.csv,5464,465288351,20000,org_prose,council_disclosure,ein+amount,"The use of discretionary funding will enable OBCDC to lay the groundwork for an expanded senior program specifically responsive to the interests, culture and needs of public housing residents. Oceanic Hook and Ladder Co. No. 1, Inc.","Oceanic Hook and Ladder Co. No. 1, Inc."
data/fy26/schedule_c/fy26_schedule_c_awards.csv,5469,680602829,125000,org_prose,council_disclosure,ein+amount,"Funds will support On Your Mark's service for individuals with developmental disabilities and support their need for retaining their staff for recruitment and operational expenses. One Stop Richmond Hill Community Center, Inc.","One Stop Richmond Hill Community Center, Inc."
data/fy26/schedule_c/fy26_schedule_c_awards.csv,5487,132805131,125000,org_prose,council_disclosure,ein+amount,"Funds support Project Street Beat to provide vulnerable street population with HIV/STI testing and treatment. Playwrights Horizons, Inc.","Playwrights Horizons, Inc."
data/fy26/schedule_c/fy26_schedule_c_awards.csv,5499,473168850,20000,org_prose,council_disclosure,ein+amount,"Funding to support public school-based Project HEART, virutal anti-hate teacher training, student module, webinars, related programming for Holocaust survivors, developing virtual programs to fight current anti-Semitism. Brannan Propel Network, Inc.","Propel Network, Inc."
data/fy26/schedule_c/fy26_schedule_c_awards.csv,5516,852034730,10000,org_prose,council_disclosure,ein+amount,"Funds will support social services, which include combating food insecurity, connecting individuals with medical needs, and assisting with immigrant services. Queensboro Dance Festival, Inc.","Queensboro Dance Festival, Inc."
data/fy26/schedule_c/fy26_schedule_c_awards.csv,5521,770568469,24000,org_prose,council_disclosure,ein+amount,"Funds will ensure children are ready for school and have the support they need to sustain grade-level reading proficiency in schools throughout the Jamaica, East New York, and East Harlem areas and among seven partner organizations. Reading Partners",Reading Partners
data/fy26/schedule_c/fy26_schedule_c_awards.csv,5529,843709393,25000,org_prose,council_disclosure,ein+amount,"Funding is to support Richmond Medical Center's sexual assault forensic examiner (SAFE) program. Riders Alliance, Inc.","Riders Alliance, Inc."
data/fy26/schedule_c/fy26_schedule_c_awards.csv,5533,133062776,200000,org_prose,council_disclosure,ein+amount,"To provide funding support for the Food Pantry and Benefits Access Program that serves over 25,000 families. Riley Riverbay Fund, Inc.","Riverbay Fund, Inc."
data/fy26/schedule_c/fy26_schedule_c_awards.csv,5535,205397606,125000,org_prose,council_disclosure,ein+amount,"Funding to support programming, services and activities at Rochdale Village Senior Center. Rock and Soul Forever Foundation, Inc.","Rock and Soul Forever Foundation, Inc."
data/fy26/schedule_c/fy26_schedule_c_awards.csv,5536,112575794,75000,org_prose,council_disclosure,ein+amount,"The funding will be applied to Rock and Soul Forever Foundation / Teachrock.org's general operating budget and used to complete the Rock, Rap, and Reading Comprehension project. Rockaway Development and Revitalization Corporation",Rockaway Development and Revitalization Corporation
data/fy26/schedule_c/fy26_schedule_c_awards.csv,5545,112635374,50000,org_prose,council_disclosure,ein+amount,"The funds will be used to support hands-on, project-based, collaborative programs for hundreds of students at NYCHA facilities citywide. Samaritan Daytop Village, Inc.","Samaritan Daytop Village, Inc."
data/fy26/schedule_c/fy26_schedule_c_awards.csv,5561,133131914,50000,org_prose,council_disclosure,ein+amount,"The requested funds will be utilized for used to fund STF’s direct services to victims of domestic violence. STF offers direct services to victims through the STF Domestic Violence Hotline and Sarah’s Voice, a free legal program for victims. SHARE: Self-Help for Women with Breast or Ovarian Cancer, Inc.","SHARE: Self-Help for Women with Breast or Ovarian Cancer, Inc."
data/fy26/schedule_c/fy26_schedule_c_awards.csv,5566,462536409,10000,org_prose,council_disclosure,ein+amount,"Funding will support community programming in local skateparks, fostering holistic health through physical and mental well-being, mentorship, and career readiness, while also providing advocacy and mental health support for long-term personal growth. Irish Sober St. Patrick's Day Foundation, Inc.","Sober St. Patrick's Day Foundation, Inc."
data/fy26/schedule_c/fy26_schedule_c_awards.csv,5576,453719806,24000,org_prose,council_disclosure,ein+amount,"To support a one week development workshop and public presentation of the musical ""The Crossing"". Also for additional performances of contemporary plays and support the limited run of an original piece in collaboration with Water People Theatre Project. Springboard Collaborative",Springboard Collaborative
data/fy26/schedule_c/fy26_schedule_c_awards.csv,5579,133036954,35000,org_prose,council_disclosure,ein+amount,"Funds will be used to support the year-long menu of free activities that are designed to address the interests and needs of senior citizens. St. Francis Friends of the Poor, Inc.","St. Francis Friends of the Poor, Inc."
data/fy26/schedule_c/fy26_schedule_c_awards.csv,5595,136162802,25000,org_prose,council_disclosure,ein+amount,"Funding to support for a public history gallery at the Staten Island Museum focused on highlighting immigrant and under-represented communities. Carr Staten Island Little League, Inc.","Staten Island Little League, Inc."
data/fy26/schedule_c/fy26_schedule_c_awards.csv,5602,132590805,50000,org_prose,council_disclosure,ein+amount,"Studio in a School New York City will offer the Multilingual Learners Visual Arts Residency Program to 25 Title I schools citywide. Salaam Studio Museum in Harlem, The","Studio Museum in Harlem, The"
data/fy26/schedule_c/fy26_schedule_c_awards.csv,5610,883992897,100000,org_prose,council_disclosure,ein+amount,"For an environmentally based educational program for schools and organizations. The funds will be used to pay for free to low cost programming. Also, to cover costs associated with free to subsidized swim classes. Banks Tailor Made For A King, Inc.","Tailor Made For A King, Inc."
data/fy26/schedule_c/fy26_schedule_c_awards.csv,5615,112534753,140000,org_prose,council_disclosure,ein+amount,"To provide funding support for thousands of app delivery workers with information, education and resources on street safety, safe e-bike battery charging, workplace rights, wage theft and more. Thomas White Jr. Foundation, Inc.","Thomas White Jr. Foundation, Inc."
data/fy26/schedule_c/fy26_schedule_c_awards.csv,5628,112728233,600000,org_prose,council_disclosure,ein+amount,"leaders. The allocation will support the Teacher's Center. Restler United Jewish Organizations of Williamsburg, Inc.","United Jewish Organizations of Williamsburg, Inc."
data/fy26/schedule_c/fy26_schedule_c_awards.csv,5629,112358277,500000,org_prose,council_disclosure,ein+amount,"Funding to assist low-income individuals and families to apply for and obtain public benefits and other social services related programming. Aviles United Senior Citizens Center of Sunset Park, Inc.","United Senior Citizens Center of Sunset Park, Inc."
data/fy26/schedule_c/fy26_schedule_c_awards.csv,5661,251919494,15000,org_prose,council_disclosure,ein+amount,"Funds will be used to support Welcome to Chinatown's succession planning and new business incubation initiatives, as well as broader efforts to sustain Chinatown’s economic and cultural resilience. Powers Wellness in the Schools, Inc.","Wellness in the Schools, Inc."
data/fy26/schedule_c/fy26_schedule_c_awards.csv,5662,112872641,5000,org_prose,council_disclosure,ein+amount,"Funding will support the Chefs in the Schools program, which develops scratch cooked, plant forward and culturally inclusive recipes for all NYC school children and to train NYC school cooks on the preparation of these recipes. Wesley Parrott Youth Programs, Inc.","Wesley Parrott Youth Programs, Inc."
data/fy27/schedule_c/fy27_appendix_b_local.csv,1060,132612524,50000,org_prose,council_disclosure,ein+amount,"Stevens Fund for the City of New York, Inc.","Fund for the City of New York, Inc."
data/fy27/schedule_c/fy27_appendix_c_youth.csv,330,132612524,6000,org_prose,council_disclosure,ein+amount,"F. Lamb (22K206) in Council District 48. Maloney Fund for the City of New York, Inc.","Fund for the City of New York, Inc."
data/fy27/schedule_c/fy27_schedule_c_awards.csv,306,921532576,17777,org_prose,council_disclosure,ein+amount,"Funding will be used for projects that strengthen the Bay Ridge community by volunteer engagement, meal programs, community events, and relief services for neighbors in need. Bronx Delegation BeingEgypt Cares, Inc.","BeingEgypt Cares, Inc."
data/fy27/schedule_c/fy27_schedule_c_awards.csv,437,933219755,5000,org_prose,council_disclosure,ein+amount,"Fund to support educators, entrepreneurial skills, and access to wrap-around services for teens and young adults. Bronx Delegation Tawfeeq Organization",Tawfeeq Organization
data/fy27/schedule_c/fy27_schedule_c_awards.csv,5389,132768583,15000,org_prose,council_disclosure,ein+amount,"Funds will support small business support, public events, cultural programming, and community beautification in Council District 47. Alliance of Resident Theatres/New York, Inc.","Alliance of Resident Theatres/New York, Inc."
data/fy27/schedule_c/fy27_schedule_c_awards.csv,5390,132838450,5000,org_prose,council_disclosure,ein+amount,"Funding to support programming expenses with an emphasis on space, training and education, strategic support and building connections amongst New York's theater community. American Composers Orchestra",American Composers Orchestra
data/fy27/schedule_c/fy27_schedule_c_awards.csv,5423,833510353,10000,org_prose,council_disclosure,ein+amount,"To provide general support for the operation of the Diabetes self-management program. Bell Voices, Inc.","Bell Voices, Inc."
data/fy27/schedule_c/fy27_schedule_c_awards.csv,5428,271580786,50000,org_prose,council_disclosure,ein+amount,"Funds will be used to support restoring oyster species to the harbor and the STEM curriculum based on that work. Black Institute, Inc.","Black Institute, Inc."
data/fy27/schedule_c/fy27_schedule_c_awards.csv,5432,464340594,15000,org_prose,council_disclosure,ein+amount,"Funding will support the Braata Singers, dedicated to celebrating and preserving Caribbean folk music through performances across NYC. Braven, Inc.","Braven, Inc."
data/fy27/schedule_c/fy27_schedule_c_awards.csv,5435,130951470,150000,org_prose,council_disclosure,ein+amount,"Funding to support Bridge Street Development's Tenant and Homeowner resources programming. Broadway League, Inc., The","Broadway League, Inc., The"
data/fy27/schedule_c/fy27_schedule_c_awards.csv,5453,111631820,150000,org_prose,council_disclosure,ein+amount,"To provide funding support for preserving housing and jobs, facilitating access to benefits, legal support and addressing education and employment issues that keep families together and strengthen communities. Brooklyn Kindergarten Society",Brooklyn Kindergarten Society
data/fy27/schedule_c/fy27_schedule_c_awards.csv,5464,136013037,20000,org_prose,council_disclosure,ein+amount,Funding to support emergency food initiatives and mobile pantry services in City Council District 12. Salaam Canaan Baptist Church,Canaan Baptist Church
data/fy27/schedule_c/fy27_schedule_c_awards.csv,5479,814802422,60000,org_prose,council_disclosure,ein+amount,"Funding will support management, coordination, and delivery of programs including the Green Design Lab, Green Workforce Training Program, Here Comes Solar, and Stuyvesant Cove Park. Center at West Park, The","Center at West Park, The"
data/fy27/schedule_c/fy27_schedule_c_awards.csv,5484,135645885,60000,org_prose,council_disclosure,ein+amount,To provide funding support to host a professional development day for NYC middle- and high-school teachers to support high-quality education on Jewish history and related topics in NYC schools. Center for New York City Law at New York Law School,Center for New York City Law at New York Law School
data/fy27/schedule_c/fy27_schedule_c_awards.csv,5485,112940331,55000,org_prose,council_disclosure,ein+amount,"Funding would help prepare, inform and educate New Yorkers about the 2030 Census and the NYCC redistricting processes, and assure that the new districts will be fairer, equitable and representative of New York City’s diverse communities. Chai Lifeline, Inc.","Chai Lifeline, Inc."
data/fy27/schedule_c/fy27_schedule_c_awards.csv,5495,131739945,20000,org_prose,council_disclosure,ein+amount,"This funding will be utilized to support the afterschool and summer educational programs serving youth at CRF's 13 family shelters citywide. Children's Village, Inc.","Children's Village, Inc."
data/fy27/schedule_c/fy27_schedule_c_awards.csv,5525,475518278,100000,org_prose,council_disclosure,ein+amount,"Funds will be used for CTH present Shakespeare’s Macbeth a free, unticketed, outdoor production. Funds will also support community outreach and audience engagement. Climate Museum",Climate Museum
data/fy27/schedule_c/fy27_schedule_c_awards.csv,5526,133072967,35000,org_prose,council_disclosure,ein+amount,"The Climate Museum is requesting funding for a free 2-part workshop for teens on climate science, justice, and art at the Brooklyn Public Library and an installation and arts-focused program at the Nest Climate Campus during NYC Climate Week. Coalition for the Homeless, Inc.","Coalition for the Homeless, Inc."
data/fy27/schedule_c/fy27_schedule_c_awards.csv,5544,150532082,250000,org_prose,council_disclosure,ein+amount,"Funding would be used to cover the cost of free admission for up to five family members to 90 museums, zoos and botanic gardens; professional development to education professionals; and other programmatic materials to support parents. Cornell University",Cornell University
data/fy27/schedule_c/fy27_schedule_c_awards.csv,5549,133172387,15000,org_prose,council_disclosure,ein+amount,"To support food access programs that promote & accept SNAP/EBT at Greenmarkets and other food access programs (Youthmarket and Fresh Food Box), as well as a school gardens initiative, farmer outreach efforts, and environmental/nutrition education efforts. Court Appointed Special Advocates, Inc.","Court Appointed Special Advocates, Inc."
data/fy27/schedule_c/fy27_schedule_c_awards.csv,5585,690210637,30000,org_prose,council_disclosure,ein+amount,"To support RYSE extended day programming at all five New York City schools, including after-school programs and academic remediation programs. Mealy Eagle Academy II",Eagle Academy II
data/fy27/schedule_c/fy27_schedule_c_awards.csv,5602,112932528,200000,org_prose,council_disclosure,ein+amount,"For a Community Education Summit to focus on the opioid crisis and related public health issues in Queens. Funds will be used for equipment rental, supplies, outreach and information materials, security and maintenance. Irish Emerald Isle Immigration Center",Emerald Isle Immigration Center
data/fy27/schedule_c/fy27_schedule_c_awards.csv,5616,823212305,55000,org_prose,council_disclosure,ein+amount,"To provide funding support for Craic Fest, Kids Fleadh, LGBT fest, and Rockaway Irish Fest. Flatbush Community Fund, Inc.","Flatbush Community Fund, Inc."
data/fy27/schedule_c/fy27_schedule_c_awards.csv,5623,131624009,25000,org_prose,council_disclosure,ein+amount,"To provide funding support for a Job Training program for Formerly Incarcerated Persons (FIPs). Fountain House, Inc.","Fountain House, Inc."
data/fy27/schedule_c/fy27_schedule_c_awards.csv,5624,611745367,20000,org_prose,council_disclosure,ein+amount,"To provide funding support for programming to serve New Yorkers living with serious mental illness. Friends of Pool, Inc.","Friends of Pool, Inc."
data/fy27/schedule_c/fy27_schedule_c_awards.csv,5632,881711640,55000,org_prose,council_disclosure,ein+amount,"To provide culturally and linguistically competent outreach and services for survivors/victims of domestic violence, child abuse, human trafficking, and sexual assault among NYC Chinese immigrants. Riley Generation Acceleration, Inc.","Generation Acceleration, Inc."
data/fy27/schedule_c/fy27_schedule_c_awards.csv,5639,311777082,175000,org_prose,council_disclosure,ein+amount,"Funding will be used for community organizing, and counseling activities, address issues including direct housing needs such as eviction prevention and housing security; environment and public health needs; education including job and leadership training. J. Sanchez; Riley Good Plus Foundation, Inc.","Good Plus Foundation, Inc."
data/fy27/schedule_c/fy27_schedule_c_awards.csv,5646,463562371,25000,org_prose,council_disclosure,ein+amount,"Funds will be used to support tenant and landlord counseling programs targeting seniors and rent burdened individuals and families. Green Beetz, Inc.","Green Beetz, Inc."
data/fy27/schedule_c/fy27_schedule_c_awards.csv,5650,112290832,25000,org_prose,council_disclosure,ein+amount,"The funds will be utilized to provide educational, recreational, and health promotion classes to Asian-American and Chinese-speaking older adults who are physically frail and cognitively impaired seniors. HANAC, Inc.","HANAC, Inc."
data/fy27/schedule_c/fy27_schedule_c_awards.csv,5654,131739971,50000,org_prose,council_disclosure,ein+amount,"This program offers essential educational enrichment and childcare, particularly for caregivers with work schedules that extend beyond a 3:30 PM dismissal. Additionally, it promotes community education on the needs of individuals with autism and effective ways to support them. Hebrew Home for the Aged at Riverdale, The","Hebrew Home for the Aged at Riverdale, The"
data/fy27/schedule_c/fy27_schedule_c_awards.csv,5674,112575788,60000,org_prose,council_disclosure,ein+amount,"Funding to support Ifetayo's arts, social justice, youth ensemble, and other intellectual and emotional development programs. IGUD Harabonim of America, Inc.","IGUD Harabonim of America, Inc."
data/fy27/schedule_c/fy27_schedule_c_awards.csv,5677,030547067,20000,org_prose,council_disclosure,ein+amount,"Funding will ensure STEPS teams retain trained peer staff and strengthen their skills, preserving the program’s effectiveness in supporting recovery while freeing capacity in higher-intensity mental health services. Internationals Network for Public Schools, Inc.","Internationals Network for Public Schools, Inc."
data/fy27/schedule_c/fy27_schedule_c_awards.csv,5680,133888641,25000,org_prose,council_disclosure,ein+amount,"Funds will support the family literacy program at Jacob A. Riis Neighborhood Settlement. Jazz at Lincoln Center, Inc.","Jazz at Lincoln Center, Inc."
data/fy27/schedule_c/fy27_schedule_c_awards.csv,5696,131624033,255000,org_prose,council_disclosure,ein+amount,"Funding to support programming and services, such as Medicare assistance, case management for seniors, and emotional support programming through the arts. Also, providing emotional support programming & services for youth following the October 7 attacks. Abreu Jewish Home Lifecare Manhattan",Jewish Home Lifecare Manhattan
data/fy27/schedule_c/fy27_schedule_c_awards.csv,5730,133625426,900000,org_prose,council_disclosure,ein+amount,Funding will support arts-in-education programs for public school students throughout New York City. Manhattan Community Access Corporation,Manhattan Community Access Corporation
data/fy27/schedule_c/fy27_schedule_c_awards.csv,5734,136400434,401000,org_prose,council_disclosure,ein+amount,"The funding will provide for food, rent, utilities and insurance to operate the soup- kitchen year-round. Mayor's Office of Contract Services",Mayor's Office of Contract Services
data/fy27/schedule_c/fy27_schedule_c_awards.csv,5747,113526774,75000,org_prose,council_disclosure,ein+amount,"These funds will be used to sustain a multi-generational support system that addresses immediate crises and long-term stability through the Nourish Emergency Food Assistance Program (NEFAP) and Community Kitchen. Museum of Contemporary African Diasporian Arts, Inc.","Museum of Contemporary African Diasporian Arts, Inc."
data/fy27/schedule_c/fy27_schedule_c_awards.csv,5748,133376265,250000,org_prose,council_disclosure,ein+amount,Funding to support MOCADA's programs and operations for culture and arts work highlighting the African Disapora. Museum of Jewish Heritage,Museum of Jewish Heritage - A Living Memorial to the Holocaust
data/fy27/schedule_c/fy27_schedule_c_awards.csv,5749,133376265,1000000,org_prose,council_disclosure,ein+amount,"To support Holocaust education services for NYC Public School Student, including online classroom lessons, in-person tours with free bussing to the museum as needed, and professional development for teachers. Museum of Jewish Heritage",Museum of Jewish Heritage - A Living Memorial to the Holocaust
data/fy27/schedule_c/fy27_schedule_c_awards.csv,5754,133480246,75000,org_prose,council_disclosure,ein+amount,"Funds will support a comprehensive senior program, including detailed case management sessions resulting in entitlement procurement, including client prescreening, etc. Williams NAF",NAF
data/fy27/schedule_c/fy27_schedule_c_awards.csv,5757,611745872,250000,org_prose,council_disclosure,ein+amount,"This funding will support the Youth Peer Support program for 14-24-year-olds living with mental illness. The program will be inclusive of lived experiences, promote youth leadership skills, value youth as meaningful partners, and be responsive to their needs. National September 11 Memorial and Museum at the World Trade Center",National September 11 Memorial and Museum at the World Trade Center
data/fy27/schedule_c/fy27_schedule_c_awards.csv,5763,133584032,100000,org_prose,council_disclosure,ein+amount,"To provide funding support for programs that create and preserve wealth in low to moderate income Queens' households. New 42nd Street, Inc., The","New 42nd Street, Inc., The"
data/fy27/schedule_c/fy27_schedule_c_awards.csv,5764,201959562,30000,org_prose,council_disclosure,ein+amount,"Funding to support the New Victory Education program providing access to live performances for students K through 12 and includes classroom workshops, professional development and resource guides. Williams New Beginnings Outreach, Inc.","New Beginnings Outreach, Inc."
data/fy27/schedule_c/fy27_schedule_c_awards.csv,5785,237442256,125000,org_prose,council_disclosure,ein+amount,"​​Funding will support NYJA’s antisemitism prevention and response work, engaging NYC residents through community education, rapid response organizing, and coalition-based action rooted in liberal Jewish and social justice values. New York Junior Tennis League, Inc.","New York Junior Tennis League, Inc."
data/fy27/schedule_c/fy27_schedule_c_awards.csv,5793,141761209,50000,org_prose,council_disclosure,ein+amount,"Funding to support free programming including Free Shakespeare in the Park, Mobile Unit touring, and Public Stories. New York State Tenants and Neighbors Information Service, Inc.","New York State Tenants and Neighbors Information Service, Inc."
data/fy27/schedule_c/fy27_schedule_c_awards.csv,5805,814526739,5300000,org_prose,council_disclosure,ein+amount,"Funding will provide STEM education programs and youth robotics leagues for young people in New York City. Funding would support staffing, materials and services necessary to host programs. NYC Kids RISE, Inc.","NYC Kids RISE, Inc."
data/fy27/schedule_c/fy27_schedule_c_awards.csv,5806,262348306,50000,org_prose,council_disclosure,ein+amount,"Funding to support a universal community-driven wealth building platform that provides a way for families, schools, and entire communities to work together to build assets & expectations of success for every public school child, starting in kindergarten. NYLaughs, Inc.","NYLaughs, Inc."
data/fy27/schedule_c/fy27_schedule_c_awards.csv,5808,680602829,125000,org_prose,council_disclosure,ein+amount,"Funds will support On Your Mark's service for individuals with developmental disabilities and support their need for retaining their staff for recruitment and operational expenses. One Stop Richmond Hill Community Center, Inc.","One Stop Richmond Hill Community Center, Inc."
data/fy27/schedule_c/fy27_schedule_c_awards.csv,5809,455149499,50000,org_prose,council_disclosure,ein+amount,"Funds will be used for operating expenses associated with both the Mommy & Me and after-school Science and Technology Programs as well as April Recess Program. Open Squash, Inc.","Open Squash, Inc."
data/fy27/schedule_c/fy27_schedule_c_awards.csv,5813,932043780,25000,org_prose,council_disclosure,ein+amount,"Funds will be used to provide free legal representation to tenants who are at-risk of eviction due to non-payment, holdovers or landlord harassment in Upper Manhattan and the Bronx. Stevens Paralegals FTC, Inc.","Paralegals FTC, Inc."
data/fy27/schedule_c/fy27_schedule_c_awards.csv,5815,133976066,175000,org_prose,council_disclosure,ein+amount,"Funds will ensure children are ready for school and have the support they need to sustain grade-level reading proficiency in schools throughout the Jamaica, East New York, and East Harlem areas and among seven partner organizations. Partnership for After School Education, Inc.","Partnership for After School Education, Inc."
data/fy27/schedule_c/fy27_schedule_c_awards.csv,5824,133761446,100000,org_prose,council_disclosure,ein+amount,"The funds are being used to pay the salary of food donation coordinator for our soup kitchen, food pantries, and feeding programs that we partner with at shelters and religious organizations. Project Lead, Inc.","Project Lead, Inc."
data/fy27/schedule_c/fy27_schedule_c_awards.csv,5844,261746074,25000,org_prose,council_disclosure,ein+amount,"Funding to be used for community activities, Research, and Policy related information and services. Rethink Autism, Inc.","Rethink Autism, Inc."
data/fy27/schedule_c/fy27_schedule_c_awards.csv,5847,843709393,25000,org_prose,council_disclosure,ein+amount,"Funds will support the programming and operational expenses for the Pouch Center for servicing individuals with developmental disabilities. Riders Alliance, Inc.","Riders Alliance, Inc."
data/fy27/schedule_c/fy27_schedule_c_awards.csv,5850,133062776,200000,org_prose,council_disclosure,ein+amount,"Funding to support River Fund's emergency food programs and benefits access program. Riverbay Fund, Inc.","Riverbay Fund, Inc."
data/fy27/schedule_c/fy27_schedule_c_awards.csv,5861,112635374,50000,org_prose,council_disclosure,ein+amount,"The funds will be used to support hands-on, project-based, collaborative programs for hundreds of students at NYCHA facilities citywide. Samaritan Daytop Village, Inc.","Samaritan Daytop Village, Inc."
data/fy27/schedule_c/fy27_schedule_c_awards.csv,5871,133131914,40000,org_prose,council_disclosure,ein+amount,"The requested funds will be utilized for used to fund STF’s direct services to victims of domestic violence. STF offers direct services to victims through the STF Domestic Violence Hotline and Sarah’s Voice, a free legal program for victims. SHARE: Self-Help for Women with Breast or Ovarian Cancer, Inc.","SHARE: Self-Help for Women with Breast or Ovarian Cancer, Inc."
data/fy27/schedule_c/fy27_schedule_c_awards.csv,5875,330965889,25000,org_prose,council_disclosure,ein+amount,"To provide funding support for a Digital Empowerment Workshop for Schools to Combat Hate. Skatepark Project, The","Skatepark Project, The"
data/fy27/schedule_c/fy27_schedule_c_awards.csv,5877,462536409,10000,org_prose,council_disclosure,ein+amount,"To provide funding support for Food to Overcome Outcome Disparities (FOOD) for cancer patients and their families. Irish Sober St. Patrick's Day Foundation, Inc.","Sober St. Patrick's Day Foundation, Inc."
data/fy27/schedule_c/fy27_schedule_c_awards.csv,5882,453719806,24000,org_prose,council_disclosure,ein+amount,"To support a one week development workshop and public presentation of the musical ""The Crossing"". Also for additional performances of contemporary plays and support the limited run of an original piece in collaboration with Water People Theatre Project. Springboard Collaborative",Springboard Collaborative
data/fy27/schedule_c/fy27_schedule_c_awards.csv,5883,111635105,75000,org_prose,council_disclosure,ein+amount,"Funds will ensure children are ready for school and have the support they need to sustain grade-level reading proficiency in schools throughout the Jamaica, East New York, and East Harlem areas and among seven partner organizations. St. Francis College",St. Francis College
data/fy27/schedule_c/fy27_schedule_c_awards.csv,5895,136162802,25000,org_prose,council_disclosure,ein+amount,"Funds will be used for programming and operational support for SIEDC to service businesses throughout Staten Island. Carr Staten Island Little League, Inc.","Staten Island Little League, Inc."
data/fy27/schedule_c/fy27_schedule_c_awards.csv,5901,510189327,60000,org_prose,council_disclosure,ein+amount,"Studio in a School New York City will offer the Multilingual Learners Visual Arts Residency Program to 25 Title I schools citywide. Sunnyside Community Services, Inc.","Sunnyside Community Services, Inc."
data/fy27/schedule_c/fy27_schedule_c_awards.csv,5904,874174183,100000,org_prose,council_disclosure,ein+amount,"For an environmentally based educational program for schools and organizations. The funds will be used to pay for free to low cost programming. Also, to cover costs associated with free to subsidized swim classes. LGBTQIA+ SWOP Behind Bars, Inc.","SWOP Behind Bars, Inc."
data/fy27/schedule_c/fy27_schedule_c_awards.csv,5909,132676570,50000,org_prose,council_disclosure,ein+amount,"To provide funding support for thousands of app delivery workers with information, education and resources on street safety, safe e-bike battery charging, workplace rights, wage theft and more. Touro College",Touro College
data/fy27/schedule_c/fy27_schedule_c_awards.csv,5910,920875945,15000,org_prose,council_disclosure,ein+amount,"To provide funding support Touro College City-Wide Healthy Aging Initiative: Screening, Education and Resources. TraNa Relief Association",TraNa Relief Association
data/fy27/schedule_c/fy27_schedule_c_awards.csv,5919,112623993,35000,org_prose,council_disclosure,ein+amount,"The funds will be used to employ teachers, staffing, purchase supplies, equipment to enhance the summer experience. Liability insurance and audit fees will also be included. United Black Men of Queens Foundation, Inc.","United Black Men of Queens Foundation, Inc."
data/fy27/schedule_c/fy27_schedule_c_awards.csv,5923,112728233,350000,org_prose,council_disclosure,ein+amount,"leaders. The allocation will support the Teacher's Center. Restler United Jewish Organizations of Williamsburg, Inc.","United Jewish Organizations of Williamsburg, Inc."
data/fy27/schedule_c/fy27_schedule_c_awards.csv,5928,993632277,75000,org_prose,council_disclosure,ein+amount,"To provide funding support to maintain and further crucial services and programs due to the substantial increase in client needs and increased operating expenses as a result of the relocation of all programs/services in fall of 2026. Abreu Upper West Side Cinema Center, Inc.","Upper West Side Cinema Center, Inc."
data/fy27/schedule_c/fy27_schedule_c_awards.csv,5937,461481615,10000,org_prose,council_disclosure,ein+amount,"Funding support for Clubhouse model of psychosocial rehabilitation, which provides members with access to employment support, education assistance, housing guidance, wellness and recovery services, peer‑led activities, community integration opportunities, and social programming. Veterans-in-Command, Inc.","Veterans-in-Command, Inc."
data/fy27/schedule_c/fy27_schedule_c_awards.csv,5944,136178903,143725,org_prose,council_disclosure,ein+amount,To provide funding support to work directly with community-based organizations and individuals to ensure a baseline awareness of emergency preparedness tools and climate infrastructure planning. Dinowitz Wave Hill Incorporated,Wave Hill Incorporated
data/fy27/schedule_c/fy27_schedule_c_awards.csv,5951,131789318,25000,org_prose,council_disclosure,ein+amount,Funding to support Back-to-School event and other events and programming in Council District 18. Wilson Whitney Museum of American Art,Whitney Museum of American Art
data/fy27/schedule_c/fy27_schedule_c_awards.csv,5952,320155774,15000,org_prose,council_disclosure,ein+amount,"To support West Side Fest, the Network’s annual July celebration. Funding will also enable the Network to grow its year round impact, including a new collaborative initiative focused on youth and teen audiences. Wild Bird Fund, Inc.","Wild Bird Fund, Inc."
data/fy27/schedule_c/fy27_schedule_c_awards.csv,5959,112889774,25000,org_prose,council_disclosure,ein+amount,"Funding will support a variety of professional development training, coaching, and technical assistance initiatives in the Bronx. Felder Women's League Community Residences",Women's League Community Residences
data/fy27/schedule_c/fy27_schedule_c_awards.csv,5960,112435565,35000,org_prose,council_disclosure,ein+amount,"The funds will be used for services and events to support parents, families, and guardians of individuals with special needs and disabilities. Woodside on the Move, Inc.","Woodside on the Move, Inc."
