resolution,date,chart,fiscal_year,action,source,council_member,organization,program,ein,amount,agency,agy_num,ua,purpose,flags
1,2008-08-14,Local Initiatives Aav# FiscalConduit/Sponsoring Member EIN Number Agencv Amount UIA Conduit EIN Organization Organization Fiscal *,2009,rescind,,Vann,Boys Bunch,,,-5000,CUNY,042,001,,ocr:ein
1,2008-08-14,Local Initiatives Aav# FiscalConduit/Sponsoring Member EIN Number Agencv Amount UIA Conduit EIN Organization Organization Fiscal *,2009,designate,,Vann,DuBois Bunche Center for Economic and Public Policy,,136400434,5000,CUNY,042,001,,
1,2008-08-14,Local Initiatives Aav# FiscalConduit/Sponsoring Member EIN Number Agencv Amount UIA Conduit EIN Organization Organization Fiscal *,2009,rescind,,Vann,Crown Heights Community Mediation,,,-5000,DYCD,260,005,,ocr:ein;ocr:lowconf
1,2008-08-14,Local Initiatives Aav# FiscalConduit/Sponsoring Member EIN Number Agencv Amount UIA Conduit EIN Organization Organization Fiscal *,2009,designate,,Vann,"Fund for the City of New York, inc.",,132612524,5000,DYCD,260,005,,ocr:lowconf
1,2008-08-14,Local Initiatives Aav# FiscalConduit/Sponsoring Member EIN Number Agencv Amount UIA Conduit EIN Organization Organization Fiscal *,2009,rescind,,Vann,Medgar Evers Center for Law and Sound Institute,,,-5000,CUNY,042,001,,ocr:ein
1,2008-08-14,Local Initiatives Aav# FiscalConduit/Sponsoring Member EIN Number Agencv Amount UIA Conduit EIN Organization Organization Fiscal *,2009,designate,,Vann,"Center for Law and Social Justice, Medgar Evers College",,131988190,5000,CUNY,042,001,,ocr:lowconf
1,2008-08-14,Local Initiatives Aav# FiscalConduit/Sponsoring Member EIN Number Agencv Amount UIA Conduit EIN Organization Organization Fiscal *,2009,rescind,,CC,United Community Services,,95369596,-100000,DYCD,260,005,,ocr:ein;ocr:lowconf
1,2008-08-14,Local Initiatives Aav# FiscalConduit/Sponsoring Member EIN Number Agencv Amount UIA Conduit EIN Organization Organization Fiscal *,2009,designate,,CC,United Community Services,,953696596,100000,DYCD,260,005,,ocr:lowconf
1,2008-08-14,Local Initiatives Aav# FiscalConduit/Sponsoring Member EIN Number Agencv Amount UIA Conduit EIN Organization Organization Fiscal *,2009,rescind,,Arroyo,For A Better Bronx,,010811054,-10000,DYCD,260,005,,ocr:lowconf
1,2008-08-14,Local Initiatives Aav# FiscalConduit/Sponsoring Member EIN Number Agencv Amount UIA Conduit EIN Organization Organization Fiscal *,2009,designate,,Arroyo,"Rooftop Films, Inc.",,352323897,5000,DYCD,260,312,,
1,2008-08-14,Local Initiatives Aav# FiscalConduit/Sponsoring Member EIN Number Agencv Amount UIA Conduit EIN Organization Organization Fiscal *,2009,designate,,Arroyo,"Girls' Vacation Fund, Inc. (d/b/a Girls Quest)",,131954024,5000,DYCD,260,312,,ocr:lowconf
1,2008-08-14,Local Initiatives Aav# FiscalConduit/Sponsoring Member EIN Number Agencv Amount UIA Conduit EIN Organization Organization Fiscal *,2009,rescind,,Vacca,Catholic Widows & Widowers of the Bronx,,,-500,DFTA,125,003,,ocr:ein;ocr:lowconf
1,2008-08-14,Local Initiatives Aav# FiscalConduit/Sponsoring Member EIN Number Agencv Amount UIA Conduit EIN Organization Organization Fiscal *,2009,designate,,Vacca,Catholic Widows & Widowers of the Bronx,,133715149,500,DFTA,125,003,,*;ocr:lowconf
1,2008-08-14,Local Initiatives Aav# FiscalConduit/Sponsoring Member EIN Number Agencv Amount UIA Conduit EIN Organization Organization Fiscal *,2009,rescind,,Vacca,Santa Maria Seniors Association,,EX127215,-500,DFTA,125,003,,ocr:ein;ocr:lowconf
1,2008-08-14,Local Initiatives Aav# FiscalConduit/Sponsoring Member EIN Number Agencv Amount UIA Conduit EIN Organization Organization Fiscal *,2009,designate,,Vacca,Santa Maria Seniors Association,,132692936,500,DFTA,125,003,,ocr:lowconf
1,2008-08-14,Local Initiatives Aav# FiscalConduit/Sponsoring Member EIN Number Agencv Amount UIA Conduit EIN Organization Organization Fiscal *,2009,rescind,,Vacca,Throggs Neck Giris Softball League,,EX151636,-1000,DYCD,260,312,,ocr:ein;ocr:lowconf
1,2008-08-14,Local Initiatives Aav# FiscalConduit/Sponsoring Member EIN Number Agencv Amount UIA Conduit EIN Organization Organization Fiscal *,2009,designate,,Vacca,Throggs Neck Girls Softball League,,800198302,1000,DYCD,260,312,,ocr:lowconf
1,2008-08-14,Local Initiatives Aav# FiscalConduit/Sponsoring Member EIN Number Agencv Amount UIA Conduit EIN Organization Organization Fiscal *,2009,rescind,,Vacca,AARP Minneford Chapter,,,-500,DFTA,125,003,,ocr:ein;ocr:lowconf
1,2008-08-14,Local Initiatives Aav# FiscalConduit/Sponsoring Member EIN Number Agencv Amount UIA Conduit EIN Organization Organization Fiscal *,2009,designate,,Vacca,AARP Minneford Chapter,,942713639,500,DFTA,125,003,,*;ocr:lowconf
1,2008-08-14,Local Initiatives Aav# FiscalConduit/Sponsoring Member EIN Number Agencv Amount UIA Conduit EIN Organization Organization Fiscal *,2009,rescind,,Vacca,Cub Scout Pack 211,,EX102159,-1000,DYCD,260,312,,ocr:ein;ocr:lowconf
1,2008-08-14,Local Initiatives Aav# FiscalConduit/Sponsoring Member EIN Number Agencv Amount UIA Conduit EIN Organization Organization Fiscal *,2009,designate,,Vacca,Cub Scout Pack 211,,450505551,1000,DYCD,260,312,,ocr:lowconf
1,2008-08-14,Local Initiatives Aav# FiscalConduit/Sponsoring Member EIN Number Agencv Amount UIA Conduit EIN Organization Organization Fiscal *,2009,rescind,,Fidler,Multi- Talents Incorporated Residential Services,,113163261,-25000,DYCD,260,005,,ocr:lowconf
1,2008-08-14,Local Initiatives Aav# FiscalConduit/Sponsoring Member EIN Number Agencv Amount UIA Conduit EIN Organization Organization Fiscal *,2009,designate,,Fidler,Neighborhood Assistance Corporation of Brooklyn,,800033763,25000,DYCD,260,312,,ocr:lowconf
1,2008-08-14,Local Initiatives Aav# FiscalConduit/Sponsoring Member EIN Number Agencv Amount UIA Conduit EIN Organization Organization Fiscal *,2009,rescind,,Vassky,Boerum Hill Association,,562550868,-10000,DYCD,260,005,,ocr:lowconf
1,2008-08-14,Local Initiatives Aav# FiscalConduit/Sponsoring Member EIN Number Agencv Amount UIA Conduit EIN Organization Organization Fiscal *,2009,designate,,Yassky,Boerum Hill Association,,562550868,10000,DYCD,260,005,,ocr:lowconf
1,2008-08-14,Aging Discretionary FiscalConduitEIN Member EINI Number Agency Amount Aay: UIA Organization # Fiscat'Conduit/SponsoringOrganization *,2009,designate,,Vacca,Chester Civic Improvement Association,,133908492,,DFTA,125,003,,ocr:amt;ocr:lowconf
1,2008-08-14,Aging Discretionary FiscalConduitEIN Member EINI Number Agency Amount Aay: UIA Organization # Fiscat'Conduit/SponsoringOrganization *,2009,designate,,Vacca,Schuyler Hill Civic Association,,061185107,3500,DFTA,125,003,,ocr:lowconf
1,2008-08-14,Aging Discretionary FiscalConduitEIN Member EINI Number Agency Amount Aay: UIA Organization # Fiscat'Conduit/SponsoringOrganization *,2009,rescind,,Gentile,Bethany Lutheran Church,,111989915,-1500,DFTA,125,003,,ocr:lowconf
1,2008-08-14,Aging Discretionary FiscalConduitEIN Member EINI Number Agency Amount Aay: UIA Organization # Fiscat'Conduit/SponsoringOrganization *,2009,designate,,Gentile,Bethany Lutheran Church,,111989915,1500,DFTA,125,003,,ocr:lowconf
1,2008-08-14,Aging Discretionary FiscalConduitEIN Member EINI Number Agency Amount Aay: UIA Organization # Fiscat'Conduit/SponsoringOrganization *,2009,rescind,,Foster,"Directions For Our Youth, Inc.",,061308851,-3000,DYCD,260,312,,ocr:lowconf
1,2008-08-14,Aging Discretionary FiscalConduitEIN Member EINI Number Agency Amount Aay: UIA Organization # Fiscat'Conduit/SponsoringOrganization *,2009,designate,,Foster,"TechLINC Project, Inc The",,134358769,3000,DYCD,260,312,,*;ocr:lowconf
1,2008-08-14,Aging Discretionary FiscalConduitEIN Member EINI Number Agency Amount Aay: UIA Organization # Fiscat'Conduit/SponsoringOrganization *,2009,rescind,,James,Center for Court Innovation,Crown Heights Community,132612524,-8000,DYCD,260,312,,ocr:lowconf
1,2008-08-14,Aging Discretionary FiscalConduitEIN Member EINI Number Agency Amount Aay: UIA Organization # Fiscat'Conduit/SponsoringOrganization *,2009,designate,,James,"Fund for the City of New York, Inc.",,132612524,8000,DYCD,260,312,,*;ocr:lowconf
1,2008-08-14,Aging Discretionary FiscalConduitEIN Member EINI Number Agency Amount Aay: UIA Organization # Fiscat'Conduit/SponsoringOrganization *,2009,rescind,,Vacca,"Bronx Council on the Arts, Inc.",,132601303,-20000,DYCD,260,312,,
1,2008-08-14,Aging Discretionary FiscalConduitEIN Member EINI Number Agency Amount Aay: UIA Organization # Fiscat'Conduit/SponsoringOrganization *,2009,designate,,Vacca,Neighborhood Initiatives Development Corporation (NIDC),,133110811,20000,DYCD,260,312,,
1,2008-08-14,Aging Discretionary FiscalConduitEIN Member EINI Number Agency Amount Aay: UIA Organization # Fiscat'Conduit/SponsoringOrganization *,2009,rescind,,Baez,Alliance for Community Services,,133995154,-51714,DYCD,260,312,,ocr:lowconf
1,2008-08-14,Aging Discretionary FiscalConduitEIN Member EINI Number Agency Amount Aay: UIA Organization # Fiscat'Conduit/SponsoringOrganization *,2009,designate,,Baez,Public School 307X,,136400434,10000,DYCD,260,312,,.;ocr:lowconf
1,2008-08-14,Aging Discretionary FiscalConduitEIN Member EINI Number Agency Amount Aay: UIA Organization # Fiscat'Conduit/SponsoringOrganization *,2009,designate,,Baez,Public School 28X,,136400434,15000,DYCD,260,312,,
1,2008-08-14,Aging Discretionary FiscalConduitEIN Member EINI Number Agency Amount Aay: UIA Organization # Fiscat'Conduit/SponsoringOrganization *,2009,designate,,Baez,Public School 33X,,136400434,16714,DYCD,260,312,,ocr:lowconf
1,2008-08-14,Aging Discretionary FiscalConduitEIN Member EINI Number Agency Amount Aay: UIA Organization # Fiscat'Conduit/SponsoringOrganization *,2009,designate,,Baez,Public School 79X,,136400434,10000,DYCD,260,312,,ocr:lowconf
1,2008-08-14,Aging Discretionary FiscalConduitEIN Member EINI Number Agency Amount Aay: UIA Organization # Fiscat'Conduit/SponsoringOrganization *,2009,rescind,,Jackson,ABADA- Capoeira New York City,,611504658,-3500,DYCD,260,312,,ocr:lowconf
1,2008-08-14,Aging Discretionary FiscalConduitEIN Member EINI Number Agency Amount Aay: UIA Organization # Fiscat'Conduit/SponsoringOrganization *,2009,designate,,Jackson,Alianza Dominicana,,133402057,3500,DYCD,260,312,,ocr:lowconf
1,2008-08-14,Aging Discretionary FiscalConduitEIN Member EINI Number Agency Amount Aay: UIA Organization # Fiscat'Conduit/SponsoringOrganization *,2009,designate,,Jackson,"American Civil Rights Education Services, Inc. (ACRES)",,571157314,3500,DYCD,260,312,,
1,2008-08-14,Aging Discretionary FiscalConduitEIN Member EINI Number Agency Amount Aay: UIA Organization # Fiscat'Conduit/SponsoringOrganization *,2009,designate,,Jackson,"Armory Foundation, The",,133680286,7000,DYCD,260,312,,
1,2008-08-14,Aging Discretionary FiscalConduitEIN Member EINI Number Agency Amount Aay: UIA Organization # Fiscat'Conduit/SponsoringOrganization *,2009,designate,,Jackson,Boys and Girls Club of Harlem,,133102951,5000,DYCD,260,312,,ocr:lowconf
1,2008-08-14,Aging Discretionary FiscalConduitEIN Member EINI Number Agency Amount Aay: UIA Organization # Fiscat'Conduit/SponsoringOrganization *,2009,rescind,,Jackson,Designed Environment for Experiential Learning,,311650382,-3500,DYCD,260,312,,ocr:lowconf
1,2008-08-14,Aging Discretionary FiscalConduitEIN Member EINI Number Agency Amount Aay: UIA Organization # Fiscat'Conduit/SponsoringOrganization *,2009,designate,,Jackson,"DIHR, Inc. (Dignity, Independence and Human Rights)",,133357622,3500,DYCD,260,312,,
1,2008-08-14,Aging Discretionary FiscalConduitEIN Member EINI Number Agency Amount Aay: UIA Organization # Fiscat'Conduit/SponsoringOrganization *,2009,designate,,Jackson,"Harlem Week, Inc.",,133058019,3500,DYCD,260,312,,*;ocr:lowconf
1,2008-08-14,Aging Discretionary FiscalConduitEIN Member EINI Number Agency Amount Aay: UIA Organization # Fiscat'Conduit/SponsoringOrganization *,2009,designate,,Jackson,"Publicolor, Inc.",,133912768,3500,DYCD,260,312,,ocr:lowconf
1,2008-08-14,Aging Discretionary FiscalConduitEIN Member EINI Number Agency Amount Aay: UIA Organization # Fiscat'Conduit/SponsoringOrganization *,2009,rescind,,Jackson,Gay and Lesbian Dominican Empowerment Organization,,204736648,-3500,DYCD,260,312,,
1,2008-08-14,Aging Discretionary FiscalConduitEIN Member EINI Number Agency Amount Aay: UIA Organization # Fiscat'Conduit/SponsoringOrganization *,2009,designate,,Jackson,Girl's Vacation Fund (DBA Girls Quest),,131954024,3500,DYCD,260,312,,
1,2008-08-14,Aging Discretionary FiscalConduitEIN Member EINI Number Agency Amount Aay: UIA Organization # Fiscat'Conduit/SponsoringOrganization *,2009,rescind,,Jackson,Graham-Windham Beacon Center,,132926426,-2000,DYCD,260,312,,ocr:lowconf
1,2008-08-14,Aging Discretionary FiscalConduitEIN Member EINI Number Agency Amount Aay: UIA Organization # Fiscat'Conduit/SponsoringOrganization *,2009,rescind,,Jackson,"Hugs for Harlem, Inc.",,412090276,-3500,DYCD,260,312,,ocr:lowconf
1,2008-08-14,Aging Discretionary FiscalConduitEIN Member EINI Number Agency Amount Aay: UIA Organization # Fiscat'Conduit/SponsoringOrganization *,2009,rescind,,Jackson,M.L. Wilson Boys and Giris Club of Harlem,,133102951,-5000,DYCD,260,312,,ocr:lowconf
1,2008-08-14,Aging Discretionary FiscalConduitEIN Member EINI Number Agency Amount Aay: UIA Organization # Fiscat'Conduit/SponsoringOrganization *,2009,rescind,,Jackson,Norther Manhattan Improvement Corporation,,132972415,-4000,DYCD,260,312,,ocr:lowconf
1,2008-08-14,Aging Discretionary FiscalConduitEIN Member EINI Number Agency Amount Aay: UIA Organization # Fiscat'Conduit/SponsoringOrganization *,2009,rescind,,Jackson,Sugar Babies,,260246736,-1500,DYCD,260,312,,ocr:lowconf
1,2008-08-14,Aging Discretionary FiscalConduitEIN Member EINI Number Agency Amount Aay: UIA Organization # Fiscat'Conduit/SponsoringOrganization *,2009,rescind,,Jackson,Washington Heights Community Arts Project,,562659216,-3500,DYCD,260,312,,ocr:lowconf
1,2008-08-14,Aging Discretionary FiscalConduitEIN Member EINI Number Agency Amount Aay: UIA Organization # Fiscat'Conduit/SponsoringOrganization *,2009,rescind,,Jackson,"Wendy Hilliard Foundation, The",,133879321,-3000,DYCD,260,312,,ocr:lowconf
1,2008-08-14,Aging Discretionary FiscalConduitEIN Member EINI Number Agency Amount Aay: UIA Organization # Fiscat'Conduit/SponsoringOrganization *,2009,rescind,,Seabrook,Bronx African American Chamber of Commerce,,260338100,-10000,DYCD,260,312,,ocr:lowconf
1,2008-08-14,Aging Discretionary FiscalConduitEIN Member EINI Number Agency Amount Aay: UIA Organization # Fiscat'Conduit/SponsoringOrganization *,2009,designate,,Seabrook,Emmanuel Baptist Church,,133421183,5000,DYCD,260,312,,ocr:lowconf
1,2008-08-14,Aging Discretionary FiscalConduitEIN Member EINI Number Agency Amount Aay: UIA Organization # Fiscat'Conduit/SponsoringOrganization *,2009,rescind,,Seabrook,"New York Junior Tennis League, Inc.",,237442256,-36714,DYCD,260,312,,ocr:lowconf
1,2008-08-14,Aging Discretionary FiscalConduitEIN Member EINI Number Agency Amount Aay: UIA Organization # Fiscat'Conduit/SponsoringOrganization *,2009,designate,,Seabrook,"UJAMAA Black Theater, Inc.",,133882348,41714,DYCD,260,312,,ocr:lowconf
1,2008-08-14,Center Veterans Resource UIA Number Agency Amount Agy # Organization EIN,2009,designate,,,"LaGuardia/Vietnam Veterans of America, Queens Chapter #32",,112629339,163336,CUNY,042,001,,*;ocr:lowconf
1,2008-08-14,Center Veterans Resource UIA Number Agency Amount Agy # Organization EIN,2009,designate,,,Black Veterans for Social Justice,,112600903,92831,CUNY,042,001,,*
1,2008-08-14,Center Veterans Resource UIA Number Agency Amount Agy # Organization EIN,2009,designate,,,New Era Veterans,,133695481,92831,CUNY,042,001,,*;ocr:lowconf
1,2008-08-14,Center Veterans Resource UIA Number Agency Amount Agy # Organization EIN,2009,designate,,,Incarcerated Veterans Consortium,,134154557,92831,CUNY,042,001,,*;ocr:lowconf
1,2008-08-14,Center Veterans Resource UIA Number Agency Amount Agy # Organization EIN,2009,designate,,,Staten Island Supports Our Soldiers,,270136270,58171,CUNY,042,001,,*;ocr:lowconf
1,2008-08-14,Adult Assistance Program Rental EIN UIA Organization Number Agency Amount Agy #,2009,designate,,,Black Veterans for Social Justice,,112608983,,DHS,071,200,,ocr:amt
1,2008-08-14,Adult Assistance Program Rental EIN UIA Organization Number Agency Amount Agy #,2009,designate,,,Church Avenue Merchants Block Association (CAMBA),,112480339,,DHS,071,200,,ocr:amt;ocr:lowconf
1,2008-08-14,Adult Assistance Program Rental EIN UIA Organization Number Agency Amount Agy #,2009,designate,,,Common Ground,,113048002,,DHS,071,200,,ocr:amt;ocr:lowconf
1,2008-08-14,Adult Assistance Program Rental EIN UIA Organization Number Agency Amount Agy #,2009,designate,,,South Bronx Overall Economic Development Corporation,,132736022,,DHS,071,200,,ocr:amt
1,2008-08-14,Adult Assistance Program Rental EIN UIA Organization Number Agency Amount Agy #,2009,designate,,,Volunteers of America,,581959781,,DHS,071,200,,ocr:amt
1,2008-08-14,Adult Assistance Program Rental EIN UIA Organization Number Agency Amount Agy #,2009,designate,,,Center for Alternative Sentencing and Employment Services (CASES),,132668080,955070,MISC,098,002,,ocr:lowconf
1,2008-08-14,Adult Assistance Program Rental EIN UIA Organization Number Agency Amount Agy #,2009,designate,,,Center for Community Alternatives' Crossroads Program,,161395992,474099,MISC,098,002,,ocr:lowconf
1,2008-08-14,Adult Assistance Program Rental EIN UIA Organization Number Agency Amount Agy #,2009,designate,,,Center for Employment Opportunities (CEO),,133843322,350421,MISC,098,002,,ocr:lowconf
1,2008-08-14,Adult Assistance Program Rental EIN UIA Organization Number Agency Amount Agy #,2009,designate,,,Educational Assistance Corporation (EAC),,237175609,56617,MISC,098,002,,ocr:lowconf
1,2008-08-14,Adult Assistance Program Rental EIN UIA Organization Number Agency Amount Agy #,2009,designate,,,EAC Treatment Alternatives for Safer Communities (TASC),,237175609,1338472,MISC,098,002,,ocr:lowconf
1,2008-08-14,Adult Assistance Program Rental EIN UIA Organization Number Agency Amount Agy #,2009,designate,,,Fortune Scoiety,,132545436,34355,MISC,098,002,,
1,2008-08-14,Adult Assistance Program Rental EIN UIA Organization Number Agency Amount Agy #,2009,designate,,,Legal Action Center,,132756320,158033,MISC,098,002,,*
1,2008-08-14,Adult Assistance Program Rental EIN UIA Organization Number Agency Amount Agy #,2009,designate,,,Osborne Association,,135563028,584035,MISC,098,002,,ocr:lowconf
1,2008-08-14,Adult Assistance Program Rental EIN UIA Organization Number Agency Amount Agy #,2009,designate,,,Women's Prison Association's Hopper Home,,135596836,648898,MISC,098,002,,
1,2008-08-14,to Sexual Assault Initiative Address EIN Agy # UIA Organization Agency Number Amount,2009,designate,,,New York City Alliance Against Sexual Assault,,311702032,175000,MISC,098,002,,*;ocr:lowconf
1,2008-08-14,to Sexual Assault Initiative Address EIN Agy # UIA Organization Agency Number Amount,2009,designate,,,Kingsbridge Heights Community Center (Bronx),,132813809,52500,MISC,098,002,,ocr:lowconf
1,2008-08-14,to Sexual Assault Initiative Address EIN Agy # UIA Organization Agency Number Amount,2009,designate,,,St. Luke's-Roosevelt Crime Victims Treatment Center (Manhattan),,132997301,52500,MISC,098,002,,ocr:lowconf
1,2008-08-14,to Sexual Assault Initiative Address EIN Agy # UIA Organization Agency Number Amount,2009,designate,,,Mt. Sinai Sexual Assault & Violence Intervention Program (Queens),,136171197,52500,MISC,098,002,,ocr:lowconf
1,2008-08-14,Legal for the Poor Services Working EIN Agency # Organization Number Amount Agy UIA,2009,designate,,,Church Avenue Merchants Block Association (CAMBA),,112480339,262500,MISC,098,002,,ocr:lowconf
1,2008-08-14,Legal for the Poor Services Working EIN Agency # Organization Number Amount Agy UIA,2009,designate,,,Housing Conservation Coordinators,,510141489,262500,MISC,098,002,,
1,2008-08-14,Legal for the Poor Services Working EIN Agency # Organization Number Amount Agy UIA,2009,designate,,,Northern Manhattan Improvement Corporation,,132972415,262500,MISC,098,002,,ocr:lowconf
1,2008-08-14,Legal for the Poor Services Working EIN Agency # Organization Number Amount Agy UIA,2009,designate,,,Urban Justice Center,,133442022,262500,MISC,098,002,,
1,2008-08-14,Information Referral Contracts and EIN Number Agy # Organization Agency UIA Amount,2009,designate,,,Bronx Jewish Community Council Extended Svcs.,,132744533,,DFTA,125,003,,ocr:amt;ocr:lowconf
1,2008-08-14,Information Referral Contracts and EIN Number Agy # Organization Agency UIA Amount,2009,designate,,,Council of Belmont Organizations Extended Svcs.,,132755323,,DFTA,125,003,,ocr:amt;ocr:lowconf
1,2008-08-14,Information Referral Contracts and EIN Number Agy # Organization Agency UIA Amount,2009,designate,,,Amico Extended Svcs.,,112488439,,DFTA,125,003,,ocr:amt
1,2008-08-14,Information Referral Contracts and EIN Number Agy # Organization Agency UIA Amount,2009,designate,,,Polish & Slavic Extended Svcs.,,112885970,,DFTA,125,003,,ocr:amt;ocr:lowconf
1,2008-08-14,Information Referral Contracts and EIN Number Agy # Organization Agency UIA Amount,2009,designate,,,United Jewish Council of East Side,,132735378,,DFTA,125,003,,ocr:amt
1,2008-08-14,Information Referral Contracts and EIN Number Agy # Organization Agency UIA Amount,2009,designate,,,HANAC Extended Svcs.,,112290832,,DFTA,125,003,,ocr:amt
1,2008-08-14,Information Referral Contracts and EIN Number Agy # Organization Agency UIA Amount,2009,designate,,,Emerald Isle,,112932528,,DFTA,125,003,,ocr:amt
1,2008-08-14,Information Referral Contracts and EIN Number Agy # Organization Agency UIA Amount,2009,designate,,,Met Council Extended Svcs.,,132738818,,DFTA,125,003,,ocr:amt
1,2008-08-14,Information Referral Contracts and EIN Number Agy # Organization Agency UIA Amount,2009,designate,,,Bronx Jewish Community Council (Pelham Parkway),,132744533,200000,DFTA,125,003,,ocr:lowconf
1,2008-08-14,Information Referral Contracts and EIN Number Agy # Organization Agency UIA Amount,2009,designate,,,Citizens Advice Bureau,,133254484,83120,DFTA,125,003,,ocr:lowconf
1,2008-08-14,Information Referral Contracts and EIN Number Agy # Organization Agency UIA Amount,2009,designate,,,Morrison Lafayette/Boynton Lafayette,,133077047,35000,DFTA,125,003,,ocr:lowconf
1,2008-08-14,Information Referral Contracts and EIN Number Agy # Organization Agency UIA Amount,2009,designate,,,South Brooklyn Youth Consortium,,030387372,88000,DFTA,125,003,,ocr:lowconf
1,2008-08-14,Information Referral Contracts and EIN Number Agy # Organization Agency UIA Amount,2009,designate,,,Spring Creek Senior Partners,,743158439,200000,DFTA,125,003,,ocr:lowconf
1,2008-08-14,Information Referral Contracts and EIN Number Agy # Organization Agency UIA Amount,2009,designate,,,Grand Street Settlement,,135562230,86580,DFTA,125,003,,
1,2008-08-14,Information Referral Contracts and EIN Number Agy # Organization Agency UIA Amount,2009,designate,,,SAGE,,132947657,70000,DFTA,125,003,,ocr:lowconf
1,2008-08-14,Information Referral Contracts and EIN Number Agy # Organization Agency UIA Amount,2009,designate,,,JASA 1199 Plaza,,132620896,84500,DFTA,125,003,,
1,2008-08-14,Information Referral Contracts and EIN Number Agy # Organization Agency UIA Amount,2009,designate,,,Samuel Field YM & YWHA (NORC without walls),,113071518,102800,DFTA,125,003,,
1,2008-08-14,Information Referral Contracts and EIN Number Agy # Organization Agency UIA Amount,2009,designate,,,JSPOA NORC,,510204121,50000,DFTA,125,003,,
1,2008-08-14,Beds for At Risk/LGBT Youth Shelter Agy# Organization EIN Number Agency Amount UIA,2009,designate,,,Covenant House (under 21),,132725416,731424,DYCD,260,312,,
1,2008-08-14,Beds for At Risk/LGBT Youth Shelter Agy# Organization EIN Number Agency Amount UIA,2009,designate,,,Ali Forney,,300104507,756600,DYCD,260,312,,
1,2008-08-14,Beds for At Risk/LGBT Youth Shelter Agy# Organization EIN Number Agency Amount UIA,2009,designate,,,Turning Point,,542177390,620620,DYCD,260,312,,ocr:lowconf
1,2008-08-14,Beds for At Risk/LGBT Youth Shelter Agy# Organization EIN Number Agency Amount UIA,2009,designate,,,SCO Family of Services (females),,112777066,313101,DYCD,260,312,,
1,2008-08-14,Beds for At Risk/LGBT Youth Shelter Agy# Organization EIN Number Agency Amount UIA,2009,designate,,,SCO Family of Services (mothers with children),,112777066,41757,DYCD,260,312,,
1,2008-08-14,Beds for At Risk/LGBT Youth Shelter Agy# Organization EIN Number Agency Amount UIA,2009,designate,,,SCO Family of Services (apartment),,112777066,287964,DYCD,260,312,,ocr:lowconf
1,2008-08-14,Beds for At Risk/LGBT Youth Shelter Agy# Organization EIN Number Agency Amount UIA,2009,designate,,,Girls Educational and Mentoring Services (GEMS),,134150972,102486,DYCD,260,312,,ocr:lowconf
1,2008-08-14,Beds for At Risk/LGBT Youth Shelter Agy# Organization EIN Number Agency Amount UIA,2009,designate,,,Imeinu (Rachel's Place),,260774611,366048,DYCD,260,312,,
1,2008-08-14,Beds for At Risk/LGBT Youth Shelter Agy# Organization EIN Number Agency Amount UIA,2009,designate,,,Good Shepherd Services,,135598710,400000,DYCD,260,312,,
1,2008-08-14,Beds for At Risk/LGBT Youth Shelter Agy# Organization EIN Number Agency Amount UIA,2009,designate,,,Inwood House,,135562254,500000,DYCD,260,312,,
1,2008-08-14,Beds for At Risk/LGBT Youth Shelter Agy# Organization EIN Number Agency Amount UIA,2009,designate,,,Safe Space,,111711014,480000,DYCD,260,312,,
1,2008-08-14,Small and Job Business Development Agy# EIN UIA Organization Agency Number Amount,2009,designate,,,Asian Americans for Equality,,133187792,70000,DSBS,801,002,,ocr:lowconf
1,2008-08-14,Small and Job Business Development Agy# EIN UIA Organization Agency Number Amount,2009,designate,,,Business Outreach Center Network,,113306111,122000,DSBS,801,002,,
1,2008-08-14,Small and Job Business Development Agy# EIN UIA Organization Agency Number Amount,2009,designate,,,Church Aveniue Merchants Block Association (CAMBA),,112480339,70000,DSBS,801,002,,ocr:lowconf
1,2008-08-14,Small and Job Business Development Agy# EIN UIA Organization Agency Number Amount,2009,designate,,,Queens Overall Economic Development Corporation,,112436149,70000,DSBS,801,002,,
1,2008-08-14,Small and Job Business Development Agy# EIN UIA Organization Agency Number Amount,2009,designate,,,Rockaway Development and Revitalization Corp.,,112575794,70000,DSBS,801,002,,ocr:lowconf
1,2008-08-14,Small and Job Business Development Agy# EIN UIA Organization Agency Number Amount,2009,designate,,,South Bronx Overall Economic Development Corp.,,132736022,40000,DSBS,801,002,,
1,2008-08-14,njection Drug Users Health Alliance UIA EIN Number Amount Agy # Organization Agency,2009,designate,,,CitiWide Harm Reduction,,134009817,,DOHMHI,816,112,,ocr:amt;ocr:agency;ocr:lowconf
1,2008-08-14,njection Drug Users Health Alliance UIA EIN Number Amount Agy # Organization Agency,2009,designate,,,New York Harm Reduction Educators,,133678499,,DOHMH,816,112,,ocr:amt;ocr:lowconf
1,2008-08-14,njection Drug Users Health Alliance UIA EIN Number Amount Agy # Organization Agency,2009,designate,,,St Ann's Corner of Harm Reduction,,133724008,,DOHMH,816,112,,ocr:amt
1,2008-08-14,njection Drug Users Health Alliance UIA EIN Number Amount Agy # Organization Agency,2009,designate,,,After Hours Project,,331007278,,DOHMH,816,112,,ocr:amt
1,2008-08-14,njection Drug Users Health Alliance UIA EIN Number Amount Agy # Organization Agency,2009,designate,,,FROSTD,,133387630,,DOHMH,816,112,,ocr:amt;ocr:lowconf
1,2008-08-14,njection Drug Users Health Alliance UIA EIN Number Amount Agy # Organization Agency,2009,designate,,,Family Services Network of New York,,112592651,,DOHMH,816,112,,ocr:amt
1,2008-08-14,njection Drug Users Health Alliance UIA EIN Number Amount Agy # Organization Agency,2009,designate,,,Housing Works,,133584089,,DOHMH,816,112,,ocr:amt
1,2008-08-14,njection Drug Users Health Alliance UIA EIN Number Amount Agy # Organization Agency,2009,designate,,,NYC AIDS Housing Network / VOCAL,,134094385,,DOHMH,816,112,,ocr:amt;ocr:lowconf
1,2008-08-14,njection Drug Users Health Alliance UIA EIN Number Amount Agy # Organization Agency,2009,designate,,,Harlem United Community AIDS Center,,133461695,,DOHMH,816,112,,ocr:amt
1,2008-08-14,njection Drug Users Health Alliance UIA EIN Number Amount Agy # Organization Agency,2009,designate,,,Lower East Side Harm Reduction Center,,133727641,,DOHMH,816,112,,ocr:amt
1,2008-08-14,njection Drug Users Health Alliance UIA EIN Number Amount Agy # Organization Agency,2009,designate,,,Positive Health Project,,133845305,,DOHMH,816,112,,ocr:amt
1,2008-08-14,njection Drug Users Health Alliance UIA EIN Number Amount Agy # Organization Agency,2009,designate,,,Praxis Housing Initiatives,,133832223,,DOHMH,816,112,,ocr:amt;ocr:lowconf
1,2008-08-14,njection Drug Users Health Alliance UIA EIN Number Amount Agy # Organization Agency,2009,designate,,,Washington Heights CORNER Project,,208672015,,DOHMH,816,112,,ocr:amt;ocr:lowconf
1,2008-08-14,njection Drug Users Health Alliance UIA EIN Number Amount Agy # Organization Agency,2009,designate,,,Street Work / Safe Horizon,,132946970,,DOHMH,816,112,,ocr:amt;ocr:lowconf
1,2008-08-14,njection Drug Users Health Alliance UIA EIN Number Amount Agy # Organization Agency,2009,designate,,,Queens Hospital Center,,132655001,,DOHMH,816,112,,*;ocr:amt;ocr:lowconf
1,2008-08-14,njection Drug Users Health Alliance UIA EIN Number Amount Agy # Organization Agency,2009,designate,,,AIDS Center of Queens County,,112837894,,DOHMH,816,112,,ocr:amt;ocr:lowconf
1,2008-08-14,njection Drug Users Health Alliance UIA EIN Number Amount Agy # Organization Agency,2009,designate,,,Community Health Action of Staten Island,,133556132,,DOHMH,816,112,,ocr:amt;ocr:lowconf
1,2008-08-14,njection Drug Users Health Alliance UIA EIN Number Amount Agy # Organization Agency,2009,designate,,,Harm Reduction Coalition,,943204958,,DOHMH,816,112,,ocr:amt;ocr:lowconf
1,2008-08-14,njection Drug Users Health Alliance UIA EIN Number Amount Agy # Organization Agency,2009,designate,,,Public Health Solutions Admin 7. 5%,,135669201,,DOHMH,816,112,,ocr:amt;ocr:lowconf
1,2008-08-14,njection Drug Users Health Alliance UIA EIN Number Amount Agy # Organization Agency,2009,designate,,,American Cancer Society,,160743902,1250000,DOHMH,816,113,,
1,2008-08-14,njection Drug Users Health Alliance UIA EIN Number Amount Agy # Organization Agency,2009,designate,,,American Italian Cancer Foundation,,133035711,115000,DOHMH,816,113,,ocr:lowconf
1,2008-08-14,njection Drug Users Health Alliance UIA EIN Number Amount Agy # Organization Agency,2009,designate,,,"Charles B. Wang Community Health Center, Inc.",,132739694,30000,DOHMH,816,113,,ocr:lowconf
1,2008-08-14,njection Drug Users Health Alliance UIA EIN Number Amount Agy # Organization Agency,2009,designate,,,Hope Gardens,,112453853,105000,DOHMH,816,113,,
1,2008-08-14,Program Asthma Control EIN Number Agy # UIA Organization Agency Amount,2009,designate,,,Queens Comprehensive Pre-Natal Council,,112870422,52000,DOHMH,816,113,,ocr:lowconf
1,2008-08-14,Program Asthma Control EIN Number Agy # UIA Organization Agency Amount,2009,designate,,,Southeast Queens Clergy for Community Empowerment,,113030795,52000,DOHMH,816,113,,ocr:lowconf
1,2008-08-14,Program Asthma Control EIN Number Agy # UIA Organization Agency Amount,2009,designate,,,Hope Garden Multi-Service Center AKA Ridgewood,,112453853,52000,DOHMH,816,113,,*;ocr:lowconf
1,2008-08-14,Program Asthma Control EIN Number Agy # UIA Organization Agency Amount,2009,designate,,,DOHMH RFP,,136400434,389000,DOHMH,816,113,,ocr:lowconf
1,2008-08-14,infant Mortality Reduction EIN Number Amount Agy # Organization Agency UIA,2009,designate,,,Caribbean Women's Health Association,,133323168,,DOHMH,816,113,,ocr:amt;ocr:lowconf
1,2008-08-14,infant Mortality Reduction EIN Number Amount Agy # Organization Agency UIA,2009,designate,,,Bronx Health Link,,134045022,,DOHMH,816,113,,ocr:amt
1,2008-08-14,infant Mortality Reduction EIN Number Amount Agy # Organization Agency UIA,2009,designate,,,"Brooklyn Perinatal Network, Inc.",,133428222,,DOHMH,816,113,,ocr:amt
1,2008-08-14,infant Mortality Reduction EIN Number Amount Agy # Organization Agency UIA,2009,designate,,,Federation of County Networks,,134156022,,DOHMH,816,113,,ocr:amt;ocr:lowconf
1,2008-08-14,infant Mortality Reduction EIN Number Amount Agy # Organization Agency UIA,2009,designate,,,Northern Manhanttan Perinatal Partnership,,133782555,,DOHMH,816,113,,ocr:amt
1,2008-08-14,infant Mortality Reduction EIN Number Amount Agy # Organization Agency UIA,2009,designate,,,Queens Comprehensive Perinatal Council,,112870422,,DOHMH,816,113,,ocr:amt
1,2008-08-14,infant Mortality Reduction EIN Number Amount Agy # Organization Agency UIA,2009,designate,,,Alianza Dominicana,,133402057,,DOHMH,816,113,,ocr:amt;ocr:lowconf
1,2008-08-14,infant Mortality Reduction EIN Number Amount Agy # Organization Agency UIA,2009,designate,,,Community Healthcare Network (Manhattan),,133083068,,DOHMH,816,113,,ocr:amt
1,2008-08-14,infant Mortality Reduction EIN Number Amount Agy # Organization Agency UIA,2009,designate,,,Lower Eastside Family Union,,237412423,,DOHMH,816,113,,ocr:amt;ocr:lowconf
1,2008-08-14,infant Mortality Reduction EIN Number Amount Agy # Organization Agency UIA,2009,designate,,,MIC Women's Health Services MHRA,,135669201,,DOHMH,816,113,,ocr:amt;ocr:lowconf
1,2008-08-14,infant Mortality Reduction EIN Number Amount Agy # Organization Agency UIA,2009,designate,,,William F. Ryan Health Center,,132884976,,DOHMH,816,113,,ocr:amt
1,2008-08-14,infant Mortality Reduction EIN Number Amount Agy # Organization Agency UIA,2009,designate,,,Abundant Life,,330757042,,DOHMH,816,113,,*;ocr:amt
1,2008-08-14,infant Mortality Reduction EIN Number Amount Agy # Organization Agency UIA,2009,designate,,,Bedford Stuyvesant Family Health Center,,112412205,,DOHMH,816,113,,*;ocr:amt
1,2008-08-14,infant Mortality Reduction EIN Number Amount Agy # Organization Agency UIA,2009,designate,,,Brownsville Youth Association,,113553907,,DOHMH,816,113,,*;ocr:amt
1,2008-08-14,infant Mortality Reduction EIN Number Amount Agy # Organization Agency UIA,2009,designate,,,Church Aveniue Merchants Block Association (CAMBA),,112480339,,DOHMH,816,113,,ocr:amt;ocr:lowconf
1,2008-08-14,infant Mortality Reduction EIN Number Amount Agy # Organization Agency UIA,2009,designate,,,Fort Greene Strategic Neighborhood Action Partnership,,113343941,,DOHMH,816,113,,ocr:amt
1,2008-08-14,infant Mortality Reduction EIN Number Amount Agy # Organization Agency UIA,2009,designate,,,Greater Southern Brooklyn Health Coalition,,113484928,,DOHMH,816,113,,ocr:amt
1,2008-08-14,infant Mortality Reduction EIN Number Amount Agy # Organization Agency UIA,2009,designate,,,Diaspora,,113122295,,DOHMH,816,113,,ocr:amt;ocr:lowconf
1,2008-08-14,infant Mortality Reduction EIN Number Amount Agy # Organization Agency UIA,2009,designate,,,Ridgewood Bushwick Senior Citizen Council (dba Hope Gardens Multi Service Center),,112453853,,DOHMH,816,113,,ocr:amt
1,2008-08-14,infant Mortality Reduction EIN Number Amount Agy # Organization Agency UIA,2009,designate,,,New Dimension in Care,,113387105,,DOHMH,816,113,,ocr:amt;ocr:lowconf
1,2008-08-14,infant Mortality Reduction EIN Number Amount Agy # Organization Agency UIA,2009,designate,,,Christ the Rock,,621823291,,DOHMH,816,113,,ocr:amt
1,2008-08-14,infant Mortality Reduction EIN Number Amount Agy # Organization Agency UIA,2009,designate,,,Southeast Queens Clergy for Community Empowerment,,113030795,,DOHMH,816,113,,ocr:amt;ocr:lowconf
1,2008-08-14,infant Mortality Reduction EIN Number Amount Agy # Organization Agency UIA,2009,designate,,,"Forestdale, Inc.",,111631747,,DOHMH,816,113,,ocr:amt
1,2008-08-14,infant Mortality Reduction EIN Number Amount Agy # Organization Agency UIA,2009,designate,,,"Haitian Americans United for Progress, Inc.",,112423857,,DOHMH,816,113,,ocr:amt;ocr:lowconf
1,2008-08-14,infant Mortality Reduction EIN Number Amount Agy # Organization Agency UIA,2009,designate,,,Joseph P. Addabbo Family Health Center,,061181226,,DOHMH,816,113,,ocr:amt;ocr:lowconf
1,2008-08-14,infant Mortality Reduction EIN Number Amount Agy # Organization Agency UIA,2009,designate,,,"Northern Queens Health Coalition, Inc.",,113320584,,DOHMH,816,113,,ocr:amt;ocr:lowconf
1,2008-08-14,infant Mortality Reduction EIN Number Amount Agy # Organization Agency UIA,2009,designate,,,Visiting Nurse Service (VNS)/Early Steps Family Center,,131624221,,DOHMH,816,113,,ocr:amt;ocr:lowconf
1,2008-08-14,infant Mortality Reduction EIN Number Amount Agy # Organization Agency UIA,2009,designate,,,Community Healthcare Network (Bronx),,133083068,,DOHMH,816,113,,ocr:amt
1,2008-08-14,infant Mortality Reduction EIN Number Amount Agy # Organization Agency UIA,2009,designate,,,Hunts Point Multi-Service Center,,132612592,,DOHMH,816,113,,ocr:amt
1,2008-08-14,infant Mortality Reduction EIN Number Amount Agy # Organization Agency UIA,2009,designate,,,Morris Heights Health Center,,061081232,,DOHMH,816,113,,ocr:amt;ocr:lowconf
1,2008-08-14,infant Mortality Reduction EIN Number Amount Agy # Organization Agency UIA,2009,designate,,,African Services Committee,,133749744,,DOHMH,816,113,,ocr:amt;ocr:lowconf
1,2008-08-14,infant Mortality Reduction EIN Number Amount Agy # Organization Agency UIA,2009,designate,,,Citizen Advice Bureau,,133254484,,DOHMH,816,113,,ocr:amt;ocr:lowconf
1,2008-08-14,infant Mortality Reduction EIN Number Amount Agy # Organization Agency UIA,2009,designate,,,Good Shepherd Services,,135598710,,DOHMH,816,113,,ocr:amt
1,2008-08-14,infant Mortality Reduction EIN Number Amount Agy # Organization Agency UIA,2009,designate,,,Planned Parenthood of NYC,,135564937,,DOHMH,816,113,,ocr:amt
1,2008-08-14,infant Mortality Reduction EIN Number Amount Agy # Organization Agency UIA,2009,designate,,,St Barnabas Hospital,,131740122,,DOHMH,816,113,,ocr:amt;ocr:lowconf
1,2008-08-14,infant Mortality Reduction EIN Number Amount Agy # Organization Agency UIA,2009,designate,,,WHEDCO,,113099604,,DOHMH,816,113,,ocr:amt;ocr:lowconf
1,2008-08-14,infant Mortality Reduction EIN Number Amount Agy # Organization Agency UIA,2009,designate,,,Healthy Families of Staten Island,,131624123,,DOHMH,816,113,,ocr:amt;ocr:lowconf
1,2008-08-14,infant Mortality Reduction EIN Number Amount Agy # Organization Agency UIA,2009,designate,,,SCO,Family of Services (Brooklyn NFP),112777066,,DOHMH,816,113,,ocr:amt;ocr:lowconf
1,2008-08-14,infant Mortality Reduction EIN Number Amount Agy # Organization Agency UIA,2009,designate,,,Community Healthcare Network,,133083068,,DOHMH,816,113,,*;ocr:amt
1,2008-08-14,infant Mortality Reduction EIN Number Amount Agy # Organization Agency UIA,2009,designate,,,Mount Sinai (Manhattan),Bayard Rustin SBHC,131624096,,DOHMH,816,113,,*;ocr:amt;ocr:lowconf
1,2008-08-14,infant Mortality Reduction EIN Number Amount Agy # Organization Agency UIA,2009,designate,,,Federation of County Networks,,134156022,,DOHMH,816,113,,ocr:amt
1,2008-08-14,infant Mortality Reduction EIN Number Amount Agy # Organization Agency UIA,2009,designate,,,Cicatelli Associates,,133020576,,DOHMH,816,113,,ocr:amt;ocr:lowconf
1,2008-08-14,infant Mortality Reduction EIN Number Amount Agy # Organization Agency UIA,2009,designate,,,New York City Mission Society,,135562301,,DOHMH,816,113,,ocr:amt
1,2008-08-14,infant Mortality Reduction EIN Number Amount Agy # Organization Agency UIA,2009,designate,,,New York Academy of Medicine,,131656674,,DOHMH,816,113,,ocr:amt
1,2008-08-14,infant Mortality Reduction EIN Number Amount Agy # Organization Agency UIA,2009,designate,,,"DOHMH Infant, Maternal and Reproductive Health Programs",,136400434,,DOHMH,816,113,,ocr:amt;ocr:lowconf
1,2008-08-14,infant Mortality Reduction EIN Number Amount Agy # Organization Agency UIA,2009,designate,,,The Foundation for the Advancement of Cardiac Therapies-Health Corp.,,261269358,960000,DOHMH,816,113,,ocr:lowconf
1,2008-08-14,infant Mortality Reduction EIN Number Amount Agy # Organization Agency UIA,2009,designate,,,Community Health Care Association of New York State,,132690296,340000,DOHMH,816,113,,ocr:lowconf
1,2008-08-14,infant Mortality Reduction EIN Number Amount Agy # Organization Agency UIA,2009,designate,,,"Sparks PPD, Inc.",,260794276,1102000,DOHMH,816,113,,ocr:lowconf
1,2008-08-14,infant Mortality Reduction EIN Number Amount Agy # Organization Agency UIA,2009,designate,,,Sports & Arts in Schools Foundation (Aviator Program),,113112635,96000,DOHMH,816,113,,ocr:lowconf
1,2008-08-14,infant Mortality Reduction EIN Number Amount Agy # Organization Agency UIA,2009,designate,,,"Cooperative, Health, Active, Motivated, Positive, Students (CHAMPS)",,136400434,152000,DOHMH,816,113,,ocr:lowconf
1,2008-08-14,infant Mortality Reduction EIN Number Amount Agy # Organization Agency UIA,2009,designate,,,Self-Help for Women with Breast or Ovarian Cancer (SHARE),,133131914,50000,DOHMH,816,113,,
1,2008-08-14,infant Mortality Reduction EIN Number Amount Agy # Organization Agency UIA,2009,designate,,,New York Road Runners Foundation,,133987945,300000,DOHMH,816,113,,ocr:lowconf
1,2008-08-14,infant Mortality Reduction EIN Number Amount Agy # Organization Agency UIA,2009,designate,,,"Quality Services for the Autism Community, Inc.",,112482974,75000,DOHMH,816,121,,ocr:lowconf
1,2008-08-14,infant Mortality Reduction EIN Number Amount Agy # Organization Agency UIA,2009,designate,,,New York Families for Autistic Children,,113442879,75000,DOHMH,816,121,,
1,2008-08-14,infant Mortality Reduction EIN Number Amount Agy # Organization Agency UIA,2009,designate,,,YAI/NIPD Network,,112030172,100000,DOHMH,816,121,,*;ocr:lowconf
1,2008-08-14,infant Mortality Reduction EIN Number Amount Agy # Organization Agency UIA,2009,designate,,,Sinergia,,133183344,0,DOHMH,816,121,,*
1,2008-08-14,infant Mortality Reduction EIN Number Amount Agy # Organization Agency UIA,2009,designate,,,"Jewish Board of Family And Childern's Services, INC",,135564937,100000,DOHMH,816,121,,
1,2008-08-14,infant Mortality Reduction EIN Number Amount Agy # Organization Agency UIA,2009,designate,,,Shema Kolainu-Hear Our Voices,,113503085,50000,DOHMH,816,121,,
1,2008-08-14,infant Mortality Reduction EIN Number Amount Agy # Organization Agency UIA,2009,designate,,,Ohel Children's Home & Family Services,,116978704,50000,DOHMH,816,121,,
1,2008-08-14,infant Mortality Reduction EIN Number Amount Agy # Organization Agency UIA,2009,designate,,,Ramapo for Children,,135600422,0,DOHMH,816,121,,ocr:lowconf
1,2008-08-14,infant Mortality Reduction EIN Number Amount Agy # Organization Agency UIA,2009,designate,,,Resources for Children with Special Needs,,112594790,75000,DOHMH,816,121,,
1,2008-08-14,infant Mortality Reduction EIN Number Amount Agy # Organization Agency UIA,2009,designate,,,Samuel Field YM & YWHA,,113071518,100000,DOHMH,816,121,,
1,2008-08-14,infant Mortality Reduction EIN Number Amount Agy # Organization Agency UIA,2009,designate,,,"Lifespire, INC",,132526022,100000,DOHMH,816,121,,ocr:lowconf
1,2008-08-14,infant Mortality Reduction EIN Number Amount Agy # Organization Agency UIA,2009,designate,,,Jewish Community Council of Staten Island,,135562256,50000,DOHMH,816,121,,
1,2008-08-14,infant Mortality Reduction EIN Number Amount Agy # Organization Agency UIA,2009,designate,,,Eden H School for Autistic Children,,132872916,50000,DOHMH,816,121,,ocr:lowconf
1,2008-08-14,infant Mortality Reduction EIN Number Amount Agy # Organization Agency UIA,2009,designate,,,Grace Foundation,,134131863,50000,DOHMH,816,121,,ocr:lowconf
1,2008-08-14,infant Mortality Reduction EIN Number Amount Agy # Organization Agency UIA,2009,designate,,,Jewish Board of Family and Children/The Shield Institute,,135564933,100000,DOHMH,816,121,,ocr:lowconf
1,2008-08-14,infant Mortality Reduction EIN Number Amount Agy # Organization Agency UIA,2009,designate,,,Moshulu-Montifiore Community Center,,133622107,100000,DOHMH,816,121,,ocr:lowconf
1,2008-08-14,infant Mortality Reduction EIN Number Amount Agy # Organization Agency UIA,2009,designate,,,Shorefront YM-YWHA,,113070228,50000,DOHMH,816,121,,
1,2008-08-14,infant Mortality Reduction EIN Number Amount Agy # Organization Agency UIA,2009,designate,,,NYS AHRC,,134032078,50000,DOHMH,816,121,,ocr:lowconf
1,2008-08-14,infant Mortality Reduction EIN Number Amount Agy # Organization Agency UIA,2009,designate,,,Imagine Academy for Autism,,202336714,50000,DOHMH,816,121,,ocr:lowconf
1,2008-08-14,infant Mortality Reduction EIN Number Amount Agy # Organization Agency UIA,2009,designate,,,"My Time, Inc.",,680646329,50000,DOHMH,816,121,,*;ocr:lowconf
1,2008-08-14,infant Mortality Reduction EIN Number Amount Agy # Organization Agency UIA,2009,designate,,,Jewish Community Council in Manhattan,,133490745,50000,DOHMH,816,121,,ocr:lowconf
1,2008-08-14,infant Mortality Reduction EIN Number Amount Agy # Organization Agency UIA,2009,designate,,,FEGS,,131624000,75000,DOHMH,816,121,,ocr:lowconf
1,2008-08-14,infant Mortality Reduction EIN Number Amount Agy # Organization Agency UIA,2009,designate,,,Association of Metroarea Autistic Children,,131974582,75000,DOHMH,816,121,,
1,2008-08-14,infant Mortality Reduction EIN Number Amount Agy # Organization Agency UIA,2009,designate,,,Child Center of New York-Youth/Families,,111733454,170000,DOHMH,816,122,,ocr:lowconf
1,2008-08-14,infant Mortality Reduction EIN Number Amount Agy # Organization Agency UIA,2009,designate,,,Child Center of New York-lImmigrant/Outpatient,,111733454,170000,DOHMH,816,122,,ocr:lowconf
1,2008-08-14,infant Mortality Reduction EIN Number Amount Agy # Organization Agency UIA,2009,designate,,,St. Lukes Roosevelt,,132997301,35000,DOHMH,816,122,,ocr:lowconf
1,2008-08-14,infant Mortality Reduction EIN Number Amount Agy # Organization Agency UIA,2009,designate,,,Greenwich House,,135562204,45000,DOHMH,816,122,,
1,2008-08-14,infant Mortality Reduction EIN Number Amount Agy # Organization Agency UIA,2009,designate,,,Long Island Jewish Hospital/ Far Rockaway,,116037195,37228,DOHMH,816,122,,ocr:lowconf
1,2008-08-14,infant Mortality Reduction EIN Number Amount Agy # Organization Agency UIA,2009,designate,,,Women in Need,,133164477,65000,DOHMH,816,122,,ocr:lowconf
1,2008-08-14,infant Mortality Reduction EIN Number Amount Agy # Organization Agency UIA,2009,designate,,,La Bodega De La Familia,,134164404,50000,DOHMH,816,122,,
2,2008-09-24,,2009,designate,,Baez,46th Precinct,,136400434,40000,NYPD,056,100,,
2,2008-09-24,,2009,rescind,,Baez,Alliance for Community Services,,133995154,-135000,DYCD,260,312,,ocr:lowconf
2,2008-09-24,,2009,designate,,Baez,American Museum of Natural History,,136162659,30000,DCA,126,006,,ocr:lowconf
2,2008-09-24,,2009,designate,,Baez,"Davidson Community Center, Inc",,237010206,25000,DFTA,125,003,,ocr:lowconf
2,2008-09-24,,2009,designate,,Baez,Middle School 15X,,136400434,20000,DOE,040,402,,
2,2008-09-24,,2009,designate,,Baez,Public School 310X,,136400434,20000,DOE,040,402,,ocr:lowconf
2,2008-09-24,,2009,rescind,,BX-Baez,Alliance for Community Services,,133995154,-11500,DYCD,260,312,,
2,2008-09-24,,2009,designate,,BX- -Baez,Intermediate School 117X,,136400434,11500,DOE,040,402,,
2,2008-09-24,,2009,rescind,,Dickens,City College of New York Center for the Study of Harlem,,133893536,-15000,CUNY,042,001,,ocr:lowconf
2,2008-09-24,,2009,designate,,Dickens,Harlem Mother's SAVE,,521285097,8000,DYCD,260,312,,ocr:lowconf
2,2008-09-24,,2009,designate,,Dickens,Harlem Arts Alliance,,470873119,3500,DCA,126,003,,
2,2008-09-24,,2009,designate,,Dickens,"National Jazz Museum in Harlem, The",,133853627,3500,DCA,126,003,,ocr:lowconf
2,2008-09-24,,2009,rescind,,Katz,Queens Community Board #3,,136400434,-5000,QNCB,433,002,,ocr:lowconf
2,2008-09-24,,2009,designate,,Katz,Queens Community Board #6,,136400434,5000,QNCB,436,002,,ocr:lowconf
2,2008-09-24,,2009,rescind,,Nelson,Bergen Basin Community Development Corporation d/bla Miliennium Development,,113199040,-3000,DYCD,260,005,,ocr:lowconf
2,2008-09-24,,2009,rescind,,Nelson,"Brooklyn Housing and Family Services, Inc.",,112412584,-25000,HPD,806,009,,
2,2008-09-24,,2009,designate,,Nelson,"Council of Jewish Organizations of Flatbush, Inc.",,112864728,20000,DYCD,260,005,,ocr:lowconf
2,2008-09-24,,2009,designate,,Nelson,"Council of Jewish Organizations of Flatbush, Inc.",,112864728,8000,DYCD,260,005,,ocr:lowconf
2,2008-09-24,,2009,rescind,,Yassky,"Town Square, Inc.",,562489014,-10000,DYCD,260,312,,ocr:lowconf
2,2008-09-24,,2009,designate,,Yassky,"HOPE Program, Inc., The",,133268539,10000,DYCD,260,312,,
2,2008-09-24,,2009,designate,,Martinez,"Alianza Dominicana, Inc.",,133402057,131250,MISC,098,002,,
2,2008-09-24,,2009,designate,,Barron,Battered Women's Resource Center,,113302911,37500,MISC,098,002,,*;ocr:lowconf
2,2008-09-24,,2009,designate,,James,Battered Women's Resource Center,,113302911,,MISC,098,002,,ocr:amt;ocr:lowconf
2,2008-09-24,,2009,designate,,Viverito,Battered Women's Resource Center,,113302911,7500,MISC,098,002,,*;ocr:lowconf
2,2008-09-24,,2009,designate,,Mealy,Bedford Stuyvesant Family Health Center,,112412205,37500,MISC,098,002,,
2,2008-09-24,,2009,designate,,Vann,Bedford Stuyvesant Family Health Center,,112412205,37500,MISC,098,002,,ocr:lowconf
2,2008-09-24,,2009,designate,,Baez,Bronx District Attorney's Office,,136400434,75000,MISC,098,002,,
2,2008-09-24,,2009,designate,,Eugene,Church Avenue Merchants Block Association (CAMBA),,112480339,37500,MISC,098,002,,ocr:lowconf
2,2008-09-24,,2009,designate,,Barron,"Citizens Against Recidivism, Inc.",,113332491,18750,MISC,098,002,,ocr:lowconf
2,2008-09-24,,2009,designate,,Oddo,"Community Agency for Senior Citizens, Inc.",,133263537,37500,MISC,098,002,,
2,2008-09-24,,2009,designate,,Monserrate,"Community Prevention Alternatives for Families in Crisis Nature Nurture Counseling Center, Inc.",,204275448,37500,MISC,098,002,,
2,2008-09-24,,2009,designate,,Palma,"Connect, Inc.",,020694269,37500,MISC,098,002,,
2,2008-09-24,,2009,designate,,Eugene,Council of Peoples Organization,,753046891,37500,MISC,098,002,,
2,2008-09-24,,2009,designate,,Monserrate,Domestic Violence Project oft the Urban Justice Center,,133442022,37500,MISC,098,002,,ocr:lowconf
2,2008-09-24,,2009,designate,,Palma,Domestic Violence Project of the Urban Justice Center,,133442022,37500,MISC,098,002,,
2,2008-09-24,,2009,designate,,Martinez,Dominican Women's Development Center,,133593885,131250,MISC,098,002,,ocr:lowconf
2,2008-09-24,,2009,designate,,DeBlasio,DWA Fanm,,431952083,18750,MISC,098,002,,
2,2008-09-24,,2009,designate,,Mealy,DWA Fanm,,431952083,37500,MISC,098,002,,
2,2008-09-24,,2009,designate,,McMahon,EI Centro de Hospitalidad,,133234441,,MISC,098,002,,*;ocr:amt;ocr:lowconf
2,2008-09-24,,2009,designate,,Eugene,"Family Renaissance, Inc.",,112777066,18750,MISC,098,002,,ocr:lowconf
2,2008-09-24,,2009,designate,,Mendez,"Good Old Lower East Side, Inc.",,132915659,18750,MISC,098,002,,
2,2008-09-24,,2009,designate,,Dickens,Greenhope Services for Women,,132813350,37500,MISC,098,002,,
2,2008-09-24,,2009,designate,,Comrie,"Haitian Americans United for Progress, Inc.",,112423857,56250,MISC,098,002,,
2,2008-09-24,,2009,designate,,Mendez,Henry Street Settlement,,131562242,18750,MISC,098,002,,ocr:lowconf
2,2008-09-24,,2009,designate,,Quinn,Housing Conservation Coordinators,,510141489,37500,MISC,098,002,,ocr:lowconf
2,2008-09-24,,2009,designate,,Eugene,"Ifetayo Cultural Arts Facility, Inc.",,113027538,18750,MISC,098,002,,
2,2008-09-24,,2009,designate,,Liu,Korean American Family Service Center (KAFSC),,133609811,37500,MISC,098,002,,
2,2008-09-24,,2009,designate,,Arroyo,Legal Services for New York Bronx,,161759590,75000,MISC,098,002,,
2,2008-09-24,,2009,designate,,Jackson,Legal Services for NYC for Harlem Legal Services,,132600199,37500,MISC,098,002,,ocr:lowconf
2,2008-09-24,,2009,designate,,McMahon,Legal Services of NY/SI,,132600199,11250,MISC,098,002,,
2,2008-09-24,,2009,designate,,Dickens,Legal Services/Harlem Legal Services for NYC,,132600199,37500,MISC,098,002,,ocr:lowconf
2,2008-09-24,,2009,designate,,Gonzalez,Lutheran Family Health Center's Family Support Center,,111839567,26250,MISC,098,002,,
2,2008-09-24,,2009,designate,,Katz,"Metropolitan New York Coordinating Council on Jewish Poverty, Inc.",,132738818,37500,MISC,098,002,,ocr:lowconf
2,2008-09-24,,2009,designate,,Sears,"Metropolitan New York Coordinating Council on Jewish Poverty, Inc.",,132738818,75000,MISC,098,002,,ocr:lowconf
2,2008-09-24,,2009,designate,,Mealy,Mount Moriah Bpatist Church,,112622069,18750,MISC,098,002,,
2,2008-09-24,,2009,designate,,Comrie,"National Council of Negro Women of Greater New York, Inc.",,133247858,56250,MISC,098,002,,ocr:lowconf
2,2008-09-24,,2009,designate,,Reyna,North Brooklyn Coalition Against Family Violence,,113431280,,MISC,098,002,,ocr:amt;ocr:lowconf
2,2008-09-24,,2009,designate,,Jackson,Northern Manhattan Improvement Corporation,,132972415,37500,MISC,098,002,,ocr:lowconf
2,2008-09-24,,2009,designate,,Martinez,Northern Manhattan improvement Corporation,,132972415,37500,MISC,098,002,,
2,2008-09-24,,2009,designate,,Comrie,Queens Comprehensive Perinatal Council,,112870422,56250,MISC,098,002,,
2,2008-09-24,,2009,designate,,Vallone,Queensborough Council on Social Welfare,,111817497,37500,MISC,098,002,,
2,2008-09-24,,2009,designate,,Vacca,"Regional Aid for Interim Needs, Inc.",,136213586,22500,MISC,098,002,,ocr:lowconf
2,2008-09-24,,2009,designate,,Stewart,Rugby Family Services,,113223904,56250,MISC,098,002,,
2,2008-09-24,,2009,designate,,Liu,SAKHI for South Asian Women,,133593806,37500,MISC,098,002,,
2,2008-09-24,,2009,designate,,Recchia,Salt & Sea Mission,,113012147,37500,MISC,098,002,,
2,2008-09-24,,2009,designate,,Foster,Sanctuary for Families,,133193119,37500,MISC,098,002,,
2,2008-09-24,,2009,designate,,Foster,SCAN-NY,,132912963,75000,MISC,098,002,,
2,2008-09-24,,2009,designate,,Ignizio,Seaman's Society for Families and Children,,135563010,37500,MISC,098,002,,
2,2008-09-24,,2009,designate,,Fidler,Shalom Task Force,,113207504,18750,MISC,098,002,,
2,2008-09-24,,2009,designate,,Mealy,South Brooklyn Legal Services,,132605605,75000,MISC,098,002,,ocr:lowconf
2,2008-09-24,,2009,designate,,Comrie,"Southeast Queens Clergy for Community Empowerment, Inc.",,113030795,56250,MISC,098,002,,ocr:lowconf
2,2008-09-24,,2009,designate,,Dilan,St. Rita's Roman Catholic Church,,111711002,75000,MISC,098,002,,ocr:lowconf
2,2008-09-24,,2009,designate,,Viverito,Steps to End Family Violence,,,5000,MISC,098,002,,ocr:ein
2,2008-09-24,,2009,designate,,James,"Center Against Domestic Violence, The",,112415837,18750,MISC,098,002,,
2,2008-09-24,,2009,designate,,"Lappin, Koppell/Citywid e",Hebrew Home for the Aged at Riverdale,,131739971,75000,MISC,098,002,,ocr:member;ocr:lowconf
2,2008-09-24,,2009,designate,,Arroyo,Research Foundation of CUNY (on Behalf of Nancy Reveron Domestic Violence Center at Hostos Community College),,136400434,75000,MISC,098,002,,ocr:lowconf
2,2008-09-24,,2009,designate,,Rivera,Thorpe Family Residence,,133502934,75000,MISC,098,002,,ocr:lowconf
2,2008-09-24,,2009,designate,,Stewart,TOP Development Center,,113409359,56250,MISC,098,002,,
2,2008-09-24,,2009,designate,,Sanders,Transition Center,,135564937,37500,MISC,098,002,,
2,2008-09-24,,2009,designate,,Gonzalez,Trinity Healing Center,,203235905,26250,MISC,098,002,,ocr:lowconf
2,2008-09-24,,2009,designate,,Mealy,UJCare,,262057862,37500,MISC,098,002,,ocr:lowconf
2,2008-09-24,,2009,designate,,Foster,Violence Intervention Program,,133540337,37500,MISC,098,002,,
2,2008-09-24,,2009,designate,,Viverito,Violence Intervention Program,,133540337,20000,MISC,098,002,,
2,2008-09-24,,2009,designate,,Viverito,Violence Intervention Program for Brides March,,133540337,5000,MISC,098,002,,
2,2008-09-24,,2009,designate,,Sanders,"Afrikan Poetry Theatre, Inc.",,112515828,,DYCD,260,312,,ocr:amt
2,2008-09-24,,2009,designate,,Sanders,"Afrikan Poetry Theatre, Inc.",,112515828,,DYCD,260,312,,ocr:amt
2,2008-09-24,,2009,designate,,Martinez,"Alianza Dominicana, Inc.",,133402057,,DYCD,260,312,,ocr:amt;ocr:lowconf
2,2008-09-24,,2009,designate,,Martinez,"Alianza Dominicana, inc.",,133402057,,DYCD,260,312,,ocr:amt;ocr:lowconf
2,2008-09-24,,2009,designate,,Baez,American Museum of Natural History,,136162659,,DYCD,260,312,,ocr:amt
2,2008-09-24,,2009,designate,,Gerson,American Museum of Natural History,,136162659,,DYCD,260,312,,ocr:amt;ocr:lowconf
2,2008-09-24,,2009,designate,,Gonzalez,American Museum of the Moving Image,,112730714,,DYCD,260,312,,*;ocr:amt
2,2008-09-24,,2009,designate,,Sears,American Museum of the Moving Image,,112730714,,DYCD,260,312,,*;ocr:amt
2,2008-09-24,,2009,designate,,Vallone,American Museum of the Moving Image,,112730714,,DYCD,260,312,,ocr:amt;ocr:lowconf
2,2008-09-24,,2009,designate,,McMahon,Art Lab Inc. at The Art School at Snug Harbor,,132977495,,DYCD,260,312,,ocr:amt;ocr:lowconf
2,2008-09-24,,2009,designate,,Lappin,Arts Connection,,132953240,,DYCD,260,312,,ocr:amt
2,2008-09-24,,2009,designate,,Mendez,Arts Connection,,132953240,,DYCD,260,312,,ocr:amt
2,2008-09-24,,2009,designate,,Vallone,"Astoria Performing Arts Center, Inc.",,651209580,,DYCD,260,312,,ocr:amt;ocr:lowconf
2,2008-09-24,,2009,designate,,Arroyo,"Ballet Hispanico of New York, Inc.",,132685755,,DYCD,260,312,,ocr:amt;ocr:lowconf
2,2008-09-24,,2009,designate,,Martinez,"Ballet Hispanico of New York, Inc.",,132685755,,DYCD,260,312,,ocr:amt;ocr:lowconf
2,2008-09-24,,2009,designate,,Gennaro,"Big Apple Circus, Ltd.",,132906037,,DYCD,260,312,,ocr:amt;ocr:lowconf
2,2008-09-24,,2009,designate,,Viverito,"Big Apple Circus, Ltd.",,132906037,,DYCD,260,312,,ocr:amt;ocr:lowconf
2,2008-09-24,,2009,designate,,Koppell,"Bronx Arts Ensemble, 'Inc.",,510186869,,DYCD,260,312,,ocr:amt
2,2008-09-24,,2009,designate,,Rivera,"Bronx Arts Ensemble, Inc.",,510186869,,DYCD,260,312,,ocr:amt
2,2008-09-24,,2009,designate,,Vacca,"Bronx Arts Ensemble, Inc.",,510186869,,DYCD,260,312,,ocr:amt
2,2008-09-24,,2009,designate,,Viverito,"Bronx Arts Ensemble, Inc.",,510186869,,DYCD,260,312,,ocr:amt;ocr:lowconf
2,2008-09-24,,2009,designate,,Palma,"Bronx Dance Theatre, Inc.",,132999528,,DYCD,260,312,,ocr:amt
2,2008-09-24,,2009,designate,,Vacca,"Bronx Dance Theatre, Inc.",,132999528,,DYCD,260,312,,ocr:amt
2,2008-09-24,,2009,designate,,Rivera,"Bronx River Art Center, Inc.",,133261148,,DYCD,260,312,,ocr:amt
2,2008-09-24,,2009,designate,,DeBlasio,"Brooklyn Arts Council, Inc.",,237072915,,DYCD,260,312,,ocr:amt;ocr:lowconf
2,2008-09-24,,2009,designate,,Dilan,"Brooklyn Arts Council, Inc.",,237072915,,DYCD,260,312,,ocr:amt;ocr:lowconf
2,2008-09-24,,2009,designate,,Eugene,"Brooklyn Arts Council, Inc.",,237072915,,DYCD,260,312,,ocr:amt;ocr:lowconf
2,2008-09-24,,2009,designate,,Felder,"Brooklyn Arts Council, Inc.",,237072915,,DYCD,260,312,,ocr:amt
2,2008-09-24,,2009,designate,,Felder,"Brooklyn Arts Council, Inc.",,237072915,,DYCD,260,312,,ocr:amt;ocr:lowconf
2,2008-09-24,,2009,designate,,Felder,"Brooklyn Arts Council, Inc.",,237072915,,DYCD,260,312,,ocr:amt
2,2008-09-24,,2009,designate,,Felder,"Brooklyn Arts Council, Inc.",,237072915,,DYCD,260,312,,ocr:amt
2,2008-09-24,,2009,designate,,Fidler,"Brooklyn Arts Council, Inc.",,237072915,,DYCD,260,312,,ocr:amt;ocr:lowconf
2,2008-09-24,,2009,designate,,Gentile,"Brooklyn Arts Council, Inc.",,237072915,,DYCD,260,312,,ocr:amt
2,2008-09-24,,2009,designate,,Gonzalez,"Brooklyn Arts Council, Inc.",,237072915,,DYCD,260,312,,ocr:amt;ocr:lowconf
2,2008-09-24,,2009,designate,,Mealy,"Brooklyn Arts Council, Inc.",,237072915,,DYCD,260,312,,ocr:amt
2,2008-09-24,,2009,designate,,Mealy,"Brooklyn Arts Council, Inc.",,237072915,,DYCD,260,312,,ocr:amt;ocr:lowconf
2,2008-09-24,,2009,designate,,Mealy,"Brooklyn Arts Council, Inc.",,237072915,,DYCD,260,312,,ocr:amt
2,2008-09-24,,2009,designate,,Mealy,"Brooklyn Arts Council, Inc.",,237072915,,DYCD,260,312,,ocr:amt;ocr:lowconf
2,2008-09-24,,2009,designate,,Nelson,"Brooklyn Arts Council, Inc.",,237072915,,DYCD,260,312,,ocr:amt
2,2008-09-24,,2009,designate,,Neison,"Brooklyn Arts Council, Inc.",,237072915,,DYCD,260,312,,ocr:amt;ocr:lowconf
2,2008-09-24,,2009,designate,,Neison,"Brooklyn Arts Council, Inc.",,237072915,,DYCD,260,312,,ocr:amt;ocr:lowconf
2,2008-09-24,,2009,designate,,Nelson,"Brooklyn Arts Council, Inc.",,237072915,,DYCD,260,312,,ocr:amt;ocr:lowconf
2,2008-09-24,,2009,designate,,Recchia,"Brooklyn Arts Council, Inc.",,237072915,,DYCD,260,312,,ocr:amt;ocr:lowconf
2,2008-09-24,,2009,designate,,Recchia,"BrooklynArts Council, Inc.",,237072915,,DYCD,260,312,,ocr:amt;ocr:lowconf
2,2008-09-24,,2009,designate,,Stewart,"Brooklyn Arts Council, Inc.",,237072915,,DYCD,260,312,,ocr:amt;ocr:lowconf
2,2008-09-24,,2009,designate,,Yassky,"Brooklyn Arts Council, Inc.",,237072915,,DYCD,260,312,,ocr:amt;ocr:lowconf
2,2008-09-24,,2009,designate,,Yassky,"Brooklyn Arts Council, Inc.",,237072915,,DYCD,260,312,,ocr:amt;ocr:lowconf
2,2008-09-24,,2009,designate,,Gonzalez,Brooklyn Children's Museum,,112495664,,DYCD,260,312,,ocr:amt;ocr:lowconf
2,2008-09-24,,2009,designate,,Eugene,"Brooklyn Historical Society, The",,111630813,,DYCD,260,312,,ocr:amt;ocr:lowconf
2,2008-09-24,,2009,designate,,Recchia,"Brooklyn Historical Society, The",,111630813,,DYCD,260,312,,ocr:amt;ocr:lowconf
2,2008-09-24,,2009,designate,,Stewart,"Brooklyn Historical Society, The",,111630813,,DYCD,260,312,,ocr:amt;ocr:lowconf
2,2008-09-24,,2009,designate,,Fidler,"Brooklyn Philharmonic Symphony Orchestra, Inc.",,111773636,,DYCD,260,312,,ocr:amt;ocr:lowconf
2,2008-09-24,,2009,designate,,Foster,Carnegie Hall Corporation,,131923626,,DYCD,260,312,,ocr:amt;ocr:lowconf
2,2008-09-24,,2009,designate,,Katz,Carnegie Hall Corporation,,131923626,,DYCD,260,312,,ocr:amt;ocr:lowconf
2,2008-09-24,,2009,designate,,Comrie,"Community Works, Inc.",,133580813,,DYCD,260,312,,ocr:amt;ocr:lowconf
2,2008-09-24,,2009,designate,,Dickens,"Community Works, Inc.",,133580813,,DYCD,260,312,,ocr:amt;ocr:lowconf
2,2008-09-24,,2009,designate,,Dickens,"Community Works, Inc.",,133580813,,DYCD,260,312,,ocr:amt
2,2008-09-24,,2009,designate,,Dickens,"Community Works, Inc.",,133580813,,DYCD,260,312,,ocr:amt
2,2008-09-24,,2009,designate,,Jackson,"Community Works, Inc.",,133580813,,DYCD,260,312,,ocr:amt;ocr:lowconf
2,2008-09-24,,2009,designate,,Seabrook,"Community Works, Inc.",,133580813,,DYCD,260,312,,ocr:amt
2,2008-09-24,,2009,designate,,Seabrook,"Community Works, Inc.",,133580813,,DYCD,260,312,,ocr:amt
2,2008-09-24,,2009,designate,,Stewart,"Community Works, Inc.",,133580813,,DYCD,260,312,,ocr:amt;ocr:lowconf
2,2008-09-24,,2009,designate,,White,"Community Works, Inc.",,133580813,,DYCD,260,312,,ocr:amt
2,2008-09-24,,2009,designate,,Oddo,Council on the Arts and Humanities for Staten Island,,133713211,,DYCD,260,312,,ocr:amt;ocr:lowconf
2,2008-09-24,,2009,designate,,Barron,Creative Outlet Dance Theatre of Brooklyn,,113307754,,DYCD,260,312,,ocr:amt;ocr:lowconf
2,2008-09-24,,2009,designate,,Eugene,Creative Outlet Dance Theatre of Brooklyn,,113307754,,DYCD,260,312,,ocr:amt
2,2008-09-24,,2009,designate,,Eugene,Creative Outlet Dance Theatre of Brooklyn,,113307754,,DYCD,260,312,,ocr:amt
2,2008-09-24,,2009,designate,,Jackson,"Dance Theater of Harlem, Inc.",,132642091,,DYCD,260,312,,ocr:amt
2,2008-09-24,,2009,designate,,Foster,"DreamYard Project, Inc.",,133759661,,DYCD,260,312,,ocr:amt;ocr:lowconf
2,2008-09-24,,2009,designate,,Koppell,"DreamYard Project, Inc.",,133759661,,DYCD,260,312,,ocr:amt;ocr:lowconf
2,2008-09-24,,2009,designate,,Barron,Errol Grimes Dance Company,,522123171,,DYCD,260,312,,ocr:amt;ocr:lowconf
2,2008-09-24,,2009,designate,,Liu,Flushing Town Hall,,112652182,,DYCD,260,312,,ocr:amt;ocr:lowconf
2,2008-09-24,,2009,designate,,McMahon,"Friends of Alice Austen House, Inc. (Alice Austen House Museum)",,133248928,,DYCD,260,312,,ocr:amt;ocr:lowconf
2,2008-09-24,,2009,designate,,James,Groundswell Community Mural Project,,113427213,,DYCD,260,312,,ocr:amt;ocr:lowconf
2,2008-09-24,,2009,designate,,Garodnick,Guggenheim Museum,,135562233,,DYCD,260,312,,ocr:amt
2,2008-09-24,,2009,designate,,Katz,Guggenheim Museum,,135562233,,DYCD,260,312,,ocr:amt
2,2008-09-24,,2009,designate,,Gerson,"H.T. Dance Company, Inc. /Chen Dance Center",,132968079,,DYCD,260,312,,ocr:amt;ocr:lowconf
2,2008-09-24,,2009,designate,,Jackson,Harlem Stage,,133166308,,DYCD,260,312,,ocr:amt;ocr:lowconf
2,2008-09-24,,2009,designate,,Jackson,Harlem Stage,,133166308,,DYCD,260,312,,ocr:amt;ocr:lowconf
2,2008-09-24,,2009,designate,,Mendez,Henry Street Settlement,,131562242,,DYCD,260,312,,ocr:amt;ocr:lowconf
2,2008-09-24,,2009,designate,,Gentile,Intrepid Sea Air Space Museum,,133062419,,DYCD,260,312,,ocr:amt
2,2008-09-24,,2009,designate,,Gioia,Intrepid Sea Air Space Museum,,133062419,,DYCD,260,312,,ocr:amt
2,2008-09-24,,2009,designate,,Ignizio,Intrepid Sea Air Space Museum,,133062419,,DYCD,260,312,,ocr:amt
2,2008-09-24,,2009,designate,,Ignizio,Intrepid Sea Air Space Museum,,133062419,,DYCD,260,312,,ocr:amt;ocr:lowconf
2,2008-09-24,,2009,designate,,Ignizio,Intrepid Sea Air Space Museum,,133062419,,DYCD,260,312,,ocr:amt;ocr:lowconf
2,2008-09-24,,2009,designate,,Ignizio,Intrepid Sea Air Space Museum,,133062419,,DYCD,260,312,,ocr:amt
2,2008-09-24,,2009,designate,,Quinn,Intrepid Sea Air Space Museum,,133062419,,DYCD,260,312,,ocr:amt
2,2008-09-24,,2009,designate,,Quinn,Intrepid Sea Air Space Museum,,133062419,,DYCD,260,312,,ocr:amt;ocr:lowconf
2,2008-09-24,,2009,designate,,Seabrook,Intrepid Sea Air Space Museum,,133062419,,DYCD,260,312,,ocr:amt;ocr:lowconf
2,2008-09-24,,2009,designate,,Sears,intrepid Sea Air Space Museum,,133062419,,DYCD,260,312,,ocr:amt;ocr:lowconf
2,2008-09-24,,2009,designate,,Comrie,Jamaica Center for Arts and Learning,,112478709,,DYCD,260,312,,ocr:amt
2,2008-09-24,,2009,designate,,White,Jamaica Center for Arts and Learning,,112478709,,DYCD,260,312,,ocr:amt;ocr:lowconf
2,2008-09-24,,2009,designate,,DeBlasio,"Jewish Museum, The",,136146854,,DYCD,260,312,,ocr:amt
2,2008-09-24,,2009,designate,,Weprin,"Jewish Museum, The",,136146854,,DYCD,260,312,,ocr:amt
2,2008-09-24,,2009,designate,,Sanders,Kerri Edge Chidirens Dance Ensemble,,113264549,,DYCD,260,312,,ocr:amt
2,2008-09-24,,2009,designate,,Sanders,Kerri Edge Chidirens Dance Ensemble,,113264549,,DYCD,260,312,,ocr:amt;ocr:lowconf
2,2008-09-24,,2009,designate,,Brewer,"Lincoln Center for the Performing Arts, Inc.",,131847137,,DYCD,260,312,,ocr:amt;ocr:lowconf
2,2008-09-24,,2009,designate,,,"Lincoln Center for the Performing Arts, Inc.",,131847137,,DYCD,260,312,,ocr:amt;ocr:lowconf
2,2008-09-24,,2009,designate,,,"Lincoln Center for the Performing Arts, Inc.",,131847137,,DYCD,260,312,,ocr:amt
2,2008-09-24,,2009,designate,,,Malik Yoba Fatherhood Project,,134153599,,DYCD,260,312,,ocr:amt
2,2008-09-24,,2009,designate,,,Manhattan New Music Project,,133565438,,DYCD,260,312,,ocr:amt
2,2008-09-24,,2009,designate,,,Manhattan New Music Project,,133565438,,DYCD,260,312,,ocr:amt
2,2008-09-24,,2009,designate,,,Marquis Studios,,133047206,,DYCD,260,312,,ocr:amt
2,2008-09-24,,2009,designate,,,Marquis Studios,,133047206,,DYCD,260,312,,ocr:amt
2,2008-09-24,,2009,designate,,,Metropolitan Opera Guild,,131681983,,DYCD,260,312,,ocr:amt;ocr:lowconf
2,2008-09-24,,2009,designate,,,"Midori Foundation, Inc., The (d/bla Midori and Friends)",,133682472,,DYCD,260,312,,ocr:amt;ocr:lowconf
2,2008-09-24,,2009,designate,,,"Midori Foundation, Inc., The (d/b/a Midori and Friends)",,133682472,,DYCD,260,312,,ocr:amt
2,2008-09-24,,2009,designate,,,"Midori Foundation, Inc., The (d/b/a Midori and Friends)",,133682472,,DYCD,260,312,,ocr:amt;ocr:lowconf
2,2008-09-24,,2009,designate,,,"Midori Foundation, Inc., The (d/b/a Midori and Friends)",,133682472,,DYCD,260,312,,ocr:amt;ocr:lowconf
2,2008-09-24,,2009,designate,,,"Midori Foundation, Inc., The (d/bla Midori and Friends)",,133682472,,DYCD,260,312,,ocr:amt
2,2008-09-24,,2009,designate,,,"Midori Foundation, Inc., The (d/b/a Midori and Friends)",,133682472,,DYCD,260,312,,ocr:amt;ocr:lowconf
2,2008-09-24,,2009,designate,,,"Midori Foundation, Inc., The (d/bla Midori and Friends)",,133682472,,DYCD,260,312,,ocr:amt
2,2008-09-24,,2009,designate,,,"Midori Foundation, Inc., The (d/b/a Midori and Friends)",,133682472,,DYCD,260,312,,ocr:amt;ocr:lowconf
2,2008-09-24,,2009,designate,,,"Midori Foundation, Inc., The (d/bla Midori and Friends)",,133682472,,DYCD,260,312,,ocr:amt;ocr:lowconf
2,2008-09-24,,2009,designate,,,"Midori Foundation, Inc., The (d/bla Midori and Friends)",,133682472,,DYCD,260,312,,ocr:amt
2,2008-09-24,,2009,designate,,,"Midtown Management Group, Inc., The",Inside Broadway,133192793,,DYCD,260,312,,ocr:amt;ocr:lowconf
2,2008-09-24,,2009,designate,,,"Midtown Management Group, Inc., The",Inside Broadway,133192793,,DYCD,260,312,,ocr:amt
2,2008-09-24,,2009,designate,,,"Midtown Management Group, Inc., The",Inside Broadway,133192793,,DYCD,260,312,,ocr:amt
2,2008-09-24,,2009,designate,,,"Midtown Management Group. Inc., The",Inside Broadway,133192793,,DYCD,260,312,,ocr:amt
2,2008-09-24,,2009,designate,,,"Midtown Management Group, Inc. The",Inside Broadway,133192793,,DYCD,260,312,,ocr:amt;ocr:lowconf
2,2008-09-24,,2009,designate,,,"Midtown Management Group, Inc., The Inside Broadway",,133192793,,DYCD,260,312,,ocr:amt
2,2008-09-24,,2009,designate,,,"Midtown Management Group, Inc., The Inside Broadway",,133192793,,DYCD,260,312,,ocr:amt
2,2008-09-24,,2009,designate,,,"Midtown Management Group. Inc., The Inside Broadway",,133192793,,DYCD,260,312,,ocr:amt;ocr:lowconf
2,2008-09-24,,2009,designate,,,"Midtown Management Group, Inc., The Inside Broadway",,133192793,,DYCD,260,312,,ocr:amt;ocr:lowconf
2,2008-09-24,,2009,designate,,,"Midtown Management Group, Inc., The Inside Broadway",,133192793,,DYCD,260,312,,ocr:amt
2,2008-09-24,,2009,designate,,,"Midtown Management Group, Inc.. The Inside Broadway",,133192793,,DYCD,260,312,,ocr:amt;ocr:lowconf
2,2008-09-24,,2009,designate,,,"Midtown Management Group, Inc., The Inside Broadway",,133192793,,DYCD,260,312,,ocr:amt
2,2008-09-24,,2009,designate,,,"Midtown Management Group, Inc., The Inside Broadway",,133192793,,DYCD,260,312,,ocr:amt
2,2008-09-24,,2009,designate,,,Mudbone Theatre Company,,134192780,,DYCD,260,312,,ocr:amt;ocr:lowconf
2,2008-09-24,,2009,designate,,,Multicultural Music Group. Inc.,,133894314,,DYCD,260,312,,ocr:amt;ocr:lowconf
2,2008-09-24,,2009,designate,,,Museum of Contemporary African Diasporian Arts,,113526774,,DYCD,260,312,,ocr:amt
2,2008-09-24,,2009,designate,,,Museum of Contemporary African Diasporian Arts,,113526774,,DYCD,260,312,,ocr:amt
2,2008-09-24,,2009,designate,,,Museum of Contemporary African Diasporian Arts,,113526774,,DYCD,260,312,,ocr:amt
2,2008-09-24,,2009,designate,,,Museum of Modern Art,,131624100,,DYCD,260,312,,ocr:amt
2,2008-09-24,,2009,designate,,,"Music Outreach Leaming Through Music, Inc.",,136219997,,DYCD,260,312,,ocr:amt
2,2008-09-24,,2009,designate,,,"Music Outreach Learning Through Music, inc.",,136219997,,DYCD,260,312,,ocr:amt
2,2008-09-24,,2009,designate,,,"National Dance institute, Inc.",,132890779,,DYCD,260,312,,ocr:amt;ocr:lowconf
2,2008-09-24,,2009,designate,,,"New York City Center, Inc.",,132867442,,DYCD,260,312,,ocr:amt
2,2008-09-24,,2009,designate,,,New York Hall of Science,,112104059,,DYCD,260,312,,ocr:amt
2,2008-09-24,,2009,designate,,,New York Hall of Science,,112104059,,DYCD,260,312,,ocr:amt
2,2008-09-24,,2009,designate,,,New York Hall of Science,,112104059,,DYCD,260,312,,ocr:amt
2,2008-09-24,,2009,designate,,,"Noble Maritime Collection, The",,133351673,,DYCD,260,312,,ocr:amt;ocr:lowconf
2,2008-09-24,,2009,designate,,,Noel Pointer Foundation,,113271742,,DYCD,260,312,,ocr:amt;ocr:lowconf
2,2008-09-24,,2009,designate,,,Noel Pointer Foundation,,113271472,,DYCD,260,312,,ocr:amt;ocr:lowconf
2,2008-09-24,,2009,designate,,,Noel Pointer Foundation,,113271472,,DYCD,260,312,,ocr:amt
2,2008-09-24,,2009,designate,,,Noel Pointer Foundation,,113271472,,DYCD,260,312,,ocr:amt
2,2008-09-24,,2009,designate,,Comrie,"Queens Council on the Arts, Inc.",,112219193,,DYCD,260,312,,ocr:amt;ocr:lowconf
2,2008-09-24,,2009,designate,,Gioia,Queens Museum of Art,,112278998,,DYCD,260,312,,ocr:amt
2,2008-09-24,,2009,designate,,Weprin,Queens Museum of Art,,112278998,,DYCD,260,312,,ocr:amt;ocr:lowconf
2,2008-09-24,,2009,designate,,Addabbo,"Queens Theatre in the Park, Inc.",,113381629,,DYCD,260,312,,ocr:amt
2,2008-09-24,,2009,designate,,Addabbo,"Queens Theatre in the Park, Inc.",,113381629,,DYCD,260,312,,ocr:amt
2,2008-09-24,,2009,designate,,Avella,"Queens Theatre in the Park, Inc.",,113381629,,DYCD,260,312,,ocr:amt
2,2008-09-24,,2009,designate,,Avella,"Queens Theatre in the Park, Inc.",,113381629,,DYCD,260,312,,ocr:amt
2,2008-09-24,,2009,designate,,Como,"Queens Theatre in the Park, Inc.",,113381629,,DYCD,260,312,,ocr:amt
2,2008-09-24,,2009,designate,,Como,"Queens Theatre in the Park, Inc.",,113381629,,DYCD,260,312,,ocr:amt;ocr:lowconf
2,2008-09-24,,2009,designate,,Como,"Queens Theatre in the Park, Inc.",,113381629,,DYCD,260,312,,ocr:amt;ocr:lowconf
2,2008-09-24,,2009,designate,,Comrie,"Queens Theatre in the Park, Inc.",,113381629,,DYCD,260,312,,ocr:amt
2,2008-09-24,,2009,designate,,Gennaro,"Queens Theatre in the Park, Inc.",,113381629,,DYCD,260,312,,ocr:amt;ocr:lowconf
2,2008-09-24,,2009,designate,,Gennaro,"Queens Theatre in the Park, Inc.",,113381629,,DYCD,260,312,,ocr:amt
2,2008-09-24,,2009,designate,,Gioia,"Queens Theatre in the Park, Inc.",,113381629,,DYCD,260,312,,ocr:amt;ocr:lowconf
2,2008-09-24,,2009,designate,,Katz,"Queens Theatre in the Park, Inc.",,113381629,,DYCD,260,312,,ocr:amt
2,2008-09-24,,2009,designate,,Liu,"Queens Theatre in the Park, Inc.",,113381629,,DYCD,260,312,,ocr:amt;ocr:lowconf
2,2008-09-24,,2009,designate,,Monserrate,"Queens Theatre in the Park, Inc.",,113381629,,DYCD,260,312,,ocr:amt
2,2008-09-24,,2009,designate,,Monserrate,"Queens Theatre in the Park, Inc.",,113381629,,DYCD,260,312,,ocr:amt;ocr:lowconf
2,2008-09-24,,2009,designate,,Monserrate,"Queens Theatre in the Park, Inc.",,113381629,,DYCD,260,312,,ocr:amt
2,2008-09-24,,2009,designate,,Recchia,"Queens Theatre in the Park, Inc.",,113381629,,DYCD,260,312,,ocr:amt;ocr:lowconf
2,2008-09-24,,2009,designate,,Sears,"Queens Theatre in the Park, Inc.",,113381629,,DYCD,260,312,,ocr:amt;ocr:lowconf
2,2008-09-24,,2009,designate,,Sears,"Queens Theatre in the Park, Inc.",,113381629,,DYCD,260,312,,ocr:amt;ocr:lowconf
2,2008-09-24,,2009,designate,,Vallone,"Queens Theatre in the Park, Inc.",,113381629,,DYCD,260,312,,ocr:amt
2,2008-09-24,,2009,designate,,Weprin,"Queens Theatre in the Park, Inc.",,113381629,,DYCD,260,312,,ocr:amt;ocr:lowconf
2,2008-09-24,,2009,designate,,Weprin,"Queens Theatre in the Park, Inc.",,113381629,,DYCD,260,312,,ocr:amt;ocr:lowconf
2,2008-09-24,,2009,designate,,White,"Queens Theatre in the Park, Inc.",,113381629,,DYCD,260,312,,ocr:amt;ocr:lowconf
2,2008-09-24,,2009,designate,,Arroyo,Renaissance EMS,,134122438,,DYCD,260,312,,ocr:amt
2,2008-09-24,,2009,designate,,Koppell,Renaissance,EMS,134122438,,DYCD,260,312,,ocr:amt
2,2008-09-24,,2009,designate,,Koppell,Renaissance,EMS,134122438,,DYCD,260,312,,ocr:amt
2,2008-09-24,,2009,designate,,Rivera,"Riverside Symphony, Inc.",,133168350,,DYCD,260,312,,ocr:amt;ocr:lowconf
2,2008-09-24,,2009,designate,,James,School News Nationwide,,113293868,,DYCD,260,312,,ocr:amt
2,2008-09-24,,2009,designate,,Gerson,South Street Seaport Museum,Young Sailors Program,132596500,,DYCD,260,312,,ocr:amt
2,2008-09-24,,2009,designate,,Gerson,South Street Seaport Museum,Young Sailors Program,132596500,,DYCD,260,312,,ocr:amt
2,2008-09-24,,2009,designate,,Garodnick,"Stages of Learning, Inc.",,113203321,,DYCD,260,312,,ocr:amt
2,2008-09-24,,2009,designate,,McMahon,Staten Island Children's Museum,,237379930,,DYCD,260,312,,ocr:amt
2,2008-09-24,,2009,designate,,Oddo,Staten Island Institute of Arts and Sciences Staten Island Museum,,135564127,,DYCD,260,312,,ocr:amt;ocr:lowconf
2,2008-09-24,,2009,designate,,Reyna,"Striking Viking Story Pirates, Inc.",,020720786,,DYCD,260,312,,ocr:amt
2,2008-09-24,,2009,designate,,Reyna,"Striking Viking Story Pirates, Inc.",,020720786,,DYCD,260,312,,ocr:amt
2,2008-09-24,,2009,designate,,Reyna,"Striking Viking Story Pirates, Inc.",,020720786,,DYCD,260,312,,ocr:amt
2,2008-09-24,,2009,designate,,Reyna,"Striking Viking Story Pirates, Inc.",,020720786,,DYCD,260,312,,ocr:amt;ocr:lowconf
2,2008-09-24,,2009,designate,,Brewer,Studio in a School,,133003112,,DYCD,260,312,,ocr:amt;ocr:lowconf
2,2008-09-24,,2009,designate,,Lappin,"Symphony Space, Inc.",,132941455,,DYCD,260,312,,ocr:amt
2,2008-09-24,,2009,designate,,Avella,"TADA! Theater and Dance Alliance, Inc.",,133311294,,DYCD,260,312,,ocr:amt;ocr:lowconf
2,2008-09-24,,2009,designate,,Mendez,"TADA! Theater and Dance Alliance, Inc.",,133311294,,DYCD,260,312,,ocr:amt;ocr:lowconf
2,2008-09-24,,2009,designate,,Quinn,"TADA! Theater and Dance Alliance, Inc.",,133311294,,DYCD,260,312,,ocr:amt;ocr:lowconf
2,2008-09-24,,2009,designate,,Quinn,"TADA! Theater and Dance Alliance, Inc.",,133311294,,DYCD,260,312,,ocr:amt
2,2008-09-24,,2009,designate,,Monserrate,"Thalia Spanish Theater, Inc.",,237448611,,DYCD,260,312,,ocr:amt;ocr:lowconf
2,2008-09-24,,2009,designate,,Lappin,Turtie Bay Music School,,131775772,,DYCD,260,312,,ocr:amt
2,2008-09-24,,2009,designate,,DeBlasio,Urban Bush Women,,133645651,,DYCD,260,312,,ocr:amt;ocr:lowconf
2,2008-09-24,,2009,designate,,Foster,Walker Memorial Baptist Church,,203289164,,DYCD,260,312,,ocr:amt
2,2008-09-24,,2009,designate,,Palma,Wildlife Conservation Society Bronx Zoo,,131740011,,DYCD,260,312,,ocr:amt;ocr:lowconf
2,2008-09-24,,2009,designate,,Fidler,Wildlife Conservation Society New York Aquarium,,131740011,,DYCD,260,312,,ocr:amt
2,2008-09-24,,2009,designate,,Fidler,Wildlife Conservation Society,New York Aquarium,131740011,,DYCD,260,312,,ocr:amt;ocr:lowconf
2,2008-09-24,,2009,designate,,Brewer,"Wingspan Arts, Inc.",,134189808,,DYCD,260,312,,ocr:amt;ocr:lowconf
2,2008-09-24,,2009,designate,,Foster,"Woodycrest Center for Human Development, Inc.",,133184179,,DYCD,260,312,,ocr:amt
2,2008-09-24,,2009,designate,,Liu,"Young Audiences New York, Inc.",,131997754,,DYCD,260,312,,ocr:amt;ocr:lowconf
2,2008-09-24,,2009,designate,,Viverito,"Young Audiences New York, Inc.",,131997754,,DYCD,260,312,,ocr:amt;ocr:lowconf
2,2008-09-24,,2009,designate,,Stewart,"Young People's Chorus of New York City, Inc.",,113372980,,DYCD,260,312,,ocr:amt
2,2008-09-24,,2009,designate,,Seabrook,"Aging in America Community Services, Inc.",Bay Eden Senior Center,134099045,30000,DFTA,125,003,,
2,2008-09-24,,2009,designate,,Felder,"American-ltalian Coalition of Organizations, Inc. (AMICO)",,112488439,30000,DFTA,125,003,,ocr:lowconf
2,2008-09-24,,2009,designate,,Avella,"Catholic Charities Neighborhood Services, Inc.",,112047151,30000,DFTA,125,003,,ocr:lowconf
2,2008-09-24,,2009,designate,,Weprin,"Catholic Charities Neighborhood Services, Inc.",Bayside Senior Center,112047151,30000,DFTA,125,003,,
2,2008-09-24,,2009,designate,,Sears,"Catholic Charities Neighborhood Services, Inc.",Catherine M. Sheridan Senior Center,112047151,30000,DFTA,125,003,,
2,2008-09-24,,2009,designate,,Dickens,"Central Harlem Senior Citizens Coalition, Inc.",,132754783,30000,DFTA,125,003,,
2,2008-09-24,,2009,designate,,Gerson,"Chinese American Planning Council, Inc.",,136202692,30000,DFTA,125,003,,
2,2008-09-24,,2009,designate,,Jackson,Church on the Hill Luncheon Club Wison Major Morris Senior Center,,133608860,0,DFTA,125,003,,ocr:lowconf
2,2008-09-24,,2009,designate,,Baez,"Citizens Advice Bureau, Inc., The Morris Senior Center",,133254484,20000,DFTA,125,003,,
2,2008-09-24,,2009,designate,,McMahon,"Community Agency for Senior Citizens, Inc.",Cassidy Coles Senior Center,133263537,,DFTA,125,003,,ocr:amt
2,2008-09-24,,2009,designate,,Rivera,"Council of Belmont Organizations, Inc.",,132755323,20000,DFTA,125,003,,
2,2008-09-24,,2009,designate,,Arroyo,"East Side House, Inc.",,131623989,30000,DFTA,125,003,,
2,2008-09-24,,2009,designate,,Mendez,"Educational Alliance, Inc., The",,135562210,30000,DFTA,125,003,,
2,2008-09-24,,2009,designate,,Brewer,"Find Aid for the Aged, Inc.",Project Find Hamilton House,132666921,30000,DFTA,125,003,,ocr:lowconf
2,2008-09-24,,2009,designate,,James,"Fort Greene Senior Citizens Council, inc.",Grace Agard-Harewood Senior Center,112300840,30000,DFTA,125,003,,ocr:lowconf
2,2008-09-24,,2009,designate,,Vann,"Fort Greene Senior Citizens Council, Inc.",Albany Senior Center,112300840,30000,DFTA,125,003,,ocr:lowconf
2,2008-09-24,,2009,designate,,Stewart,"Fort Greene Senior Citizens Council, Inc.",Remsen Senior Center,112300840,20000,DFTA,125,003,,ocr:lowconf
2,2008-09-24,,2009,designate,,Monserrate,"Institute for Puerto Rican and Hispanic Elderly, Inc.",,132987263,0,DFTA,125,003,,
2,2008-09-24,,2009,designate,,Comrie,"Jamaica Service Program for Older Adults, Inc. (JSPOA)- Robert Couche Senior Center",,510204121,20000,DFTA,125,003,,ocr:lowconf
2,2008-09-24,,2009,designate,,Fidler,Jewish Association for Services for the Aged (JASA),,132620896,30000,DFTA,125,003,,ocr:lowconf
2,2008-09-24,,2009,designate,,Vacca,Jewish Association for Services for the Aged (JASA)- Throgs Neck Senior Center,,132620896,30000,DFTA,125,003,,ocr:lowconf
2,2008-09-24,,2009,designate,,Nelson,"Jewish Community Council of Greater Coney Island, Inc.",,112665181,30000,DFTA,125,003,,
2,2008-09-24,,2009,designate,,Recchia,"Jewish Community Council of Greater Coney Island, Inc.",,112665181,30000,DFTA,125,003,,
2,2008-09-24,,2009,designate,,Liu,"Korean Community Services of Metropolitan New York, Inc.",,237348989,30000,DFTA,125,003,,ocr:lowconf
2,2008-09-24,,2009,designate,,Lappin,"Lenox Hill Neighborhood House, Inc.",,131628180,30000,DFTA,125,003,,
2,2008-09-24,,2009,designate,,Sanders,Margert Community Corporation (St. Gertrude' 's 50's Plus Club),,112534700,20000,DFTA,125,003,,ocr:lowconf
2,2008-09-24,,2009,designate,,Como,"Middle Village Senior Citizens Center, Inc.",,112336725,30000,DFTA,125,003,,
2,2008-09-24,,2009,designate,,Quinn,"Penn South Social Services, Inc.",,133413349,20000,DFTA,125,003,,ocr:lowconf
2,2008-09-24,,2009,designate,,Foster,Presbyterian Senior Services Highbridge Senior Center,,131981482,20000,DFTA,125,003,,ocr:lowconf
2,2008-09-24,,2009,designate,,Gennaro,"Queens Community House, Inc. Pomonok Senior Center",,112375583,30000,DFTA,125,003,,
2,2008-09-24,,2009,designate,,Dilan,"Ridgewood Bushwick Senior Citizens Council, Inc. Senior Center",,112453853,30000,DFTA,125,003,,ocr:lowconf
2,2008-09-24,,2009,designate,,Koppell,Riverdale Senior Services Inc.,,237357997,30000,DFTA,125,003,,ocr:lowconf
2,2008-09-24,,2009,designate,,White,"Rochdale Village Social Services, Inc.",,113397470,30000,DFTA,125,003,,ocr:lowconf
2,2008-09-24,,2009,designate,,Gentile,Saint Rosalia-Regina Pacis Neighborhood Improvement Association,,112697931,30000,DFTA,125,003,,
2,2008-09-24,,2009,designate,,Gioia,"Samaritan Village, Inc. Woodside Senior Center",,112635374,,DFTA,125,003,,ocr:amt;ocr:lowconf
2,2008-09-24,,2009,designate,,Katz,"Self Help Community Services, Inc.",,131624178,30000,DFTA,125,003,,
2,2008-09-24,,2009,designate,,"Vallone, Jr.","Self Help Community Services, inc. Queensview/Norht Queensview NORC",,131624178,20000,DFTA,125,003,,ocr:lowconf
2,2008-09-24,,2009,designate,,Addabbo,Southeast Queens Multiservice Senior Center Howard Beach Senior Center,,237187548,30000,DFTA,125,003,,ocr:lowconf
2,2008-09-24,,2009,designate,,Reyna,"Southside United Housing Development Fund Corp.- Los Sures ""David Santiago"" Senior Center",,112268359,20000,DFTA,125,003,,ocr:lowconf
2,2008-09-24,,2009,designate,,Yassky,Spanish Speaking Elderly Counci-RAICES,,112730462,20000,DFTA,125,003,,ocr:lowconf
2,2008-09-24,,2009,designate,,DeBlasio,St. John-St. Matthew Emanuel Lutheran Church Prospect Hill Senior Service Center,,112252582,30000,DFTA,125,003,,ocr:lowconf
2,2008-09-24,,2009,designate,,Eugene,St. Mark's United Methodist Church,,111642727,20000,DFTA,125,003,,
2,2008-09-24,,2009,designate,,Garodnick,"Staniey M. Isaacs Neighborhood Center, Inc.",,132572034,30000,DFTA,125,003,,ocr:lowconf
2,2008-09-24,,2009,designate,,Ignizio,"Staten Island Community Services Friendship Clubs, Inc.",,132778244,20000,DFTA,125,003,,
2,2008-09-24,,2009,designate,,Oddo,"Staten Island Community Services Friendship Clubs, Inc.",,132778244,30000,DFTA,125,003,,ocr:lowconf
2,2008-09-24,,2009,designate,,Mark- Viverito,"Union Settlement Association, Inc.",,131632530,30000,DFTA,125,003,,ocr:lowconf
2,2008-09-24,,2009,designate,,Gonzalez,"United Senior Citizen Center of Sunset Park, Inc.",,112358277,,DFTA,125,003,,ocr:amt;ocr:lowconf
2,2008-09-24,,2009,designate,,Martinez,"Washington Heights Community Services, Inc.",STAR Senior Center,132792876,20000,DFTA,125,003,,ocr:lowconf
2,2008-09-24,,2009,designate,,Barron,"Wayside Out-Reach Development, Inc.",,113528680,30000,DFTA,125,003,,ocr:lowconf
2,2008-09-24,,2009,designate,,Mealy,"Wayside Out-Reach Development, Inc.",Brevoort Senior Center,113528680,20000,DFTA,125,003,,
2,2008-09-24,,2009,designate,,Palma,Young Men's Christian Association of Greater New York Bronx Branch,,131624228,30000,DFTA,125,003,,
2,2008-09-24,,2009,rescind,,,"Center for Alternative Sentencing and Employment Services (CASES), Inc.",,132668080,-83097,MISC,098,002,,
2,2008-09-24,,2009,rescind,,,Center for Community Alternatives (CCA),,161395992,-41249,MISC,098,002,,ocr:lowconf
2,2008-09-24,,2009,designate,,,"Center for Employment Opportunities (CEO), Inc.",,133843322,126341,MISC,098,002,,ocr:lowconf
2,2008-09-24,,2009,rescind,,,Educational Assistance Corporation (EAC),,237175609,-4926,MISC,098,002,,ocr:lowconf
2,2008-09-24,,2009,rescind,,,Educational Assistance Corporation (EAC),TASC,237175609,-116456,MISC,098,002,,ocr:lowconf
2,2008-09-24,,2009,designate,,,Fortune Society,,132645436,240410,MISC,098,002,,ocr:lowconf
2,2008-09-24,,2009,rescind,,,"Legal Action Center of the City of New York, Inc.",,132756320,-13750,MISC,098,002,,
2,2008-09-24,,2009,rescind,,,Osborne Association,,135563028,-50814,MISC,098,002,,ocr:lowconf
2,2008-09-24,,2009,rescind,,,"Women's Prison Association's Hopper Home, Inc.",,135596836,-56459,MISC,098,002,,ocr:lowconf
2,2008-09-24,,2009,designate,,,"Institute for Student Achievement, Inc.",,112995109,275000,DOE,040,454,,ocr:lowconf
2,2008-09-24,,2009,designate,,,"United Way of New York City, Inc.",,132617681,350000,DOE,040,454,,
2,2008-09-24,,2009,designate,,,"Enact, Inc.",,133422660,500000,DOE,040,454,,ocr:lowconf
2,2008-09-24,,2009,designate,,,"Vocational Foundation, Inc.",,131878246,100000,DOE,040,454,,
2,2008-09-24,,2009,designate,,,Asociacion Tepeyac De New York,,134009930,75000,DOE,040,454,,
2,2008-09-24,,2009,designate,,,Good Shepherd Services,,135598710,300000,DOE,040,454,,ocr:lowconf
2,2008-09-24,,2009,designate,,,Turnaround for Children,,061495529,400000,DOE,040,454,,
2,2008-09-24,,2009,designate,,,Jamaica Business Resource Center,,113306944,60000,DSBS,801,002,,
2,2008-09-24,,2009,designate,,,Upper Manhattan Council Assisting Neighbors,,134042093,60000,DSBS,801,002,,ocr:lowconf
2,2008-09-24,,2009,designate,,,"Harlem Business Alliance, Inc.",,133591350,30000,DSBS,801,002,,ocr:lowconf
2,2008-09-24,,2009,designate,,,St. Nicholas Neighborhood Preservation Corporation,,510192170,30000,DSBS,801,002,,ocr:lowconf
2,2008-09-24,,2009,designate,,,"United Jewish Organizations of Williamsburg, Inc.",,112728233,15000,DSBS,801,002,,ocr:lowconf
2,2008-09-24,,2009,designate,,,"Caribbean American Chamber of Commerce & Industry, Inc.",,112903423,30000,DSBS,801,002,,ocr:lowconf
2,2008-09-24,,2009,designate,,,Davidson Community Center,,237010206,30000,DSBS,801,002,,ocr:lowconf
2,2008-09-24,,2009,designate,,,New York Urban League,,131671035,15000,DSBS,801,002,,
2,2008-09-24,,2009,designate,,,"Staten Island Chamber of Commerce, Inc.",,134069282,30000,DSBS,801,002,,ocr:lowconf
2,2008-09-24,Community Consultants Agy# Agency UIA Organization EIN Number Amount,2009,designate,,,Belmont Arthur Avenue Local Development Organization,,133020589,,HPD,806,009,,ocr:amt;ocr:lowconf
2,2008-09-24,Community Consultants Agy# Agency UIA Organization EIN Number Amount,2009,designate,,,Bensonhurst Council of Jewish Organizations,,112568013,,HPD,806,009,,ocr:amt
2,2008-09-24,Community Consultants Agy# Agency UIA Organization EIN Number Amount,2009,designate,,,"Brighton Neighborhood Association, Inc.",,112435523,,HPD,806,009,,ocr:amt;ocr:lowconf
2,2008-09-24,Community Consultants Agy# Agency UIA Organization EIN Number Amount,2009,designate,,,Bronx Heights Neighborhood Community Corporation,,132883903,,HPD,806,009,,ocr:amt
2,2008-09-24,Community Consultants Agy# Agency UIA Organization EIN Number Amount,2009,designate,,,"Brooklyn Housing and Family Services, Inc.",,112412584,,HPD,806,009,,ocr:amt;ocr:lowconf
2,2008-09-24,Community Consultants Agy# Agency UIA Organization EIN Number Amount,2009,designate,,,"Central Astoria Local Development Coalition, Inc.",,112652331,,HPD,806,009,,ocr:amt;ocr:lowconf
2,2008-09-24,Community Consultants Agy# Agency UIA Organization EIN Number Amount,2009,designate,,,"Chelsea Housing Group, Inc.",,133542784,5000,HPD,806,009,,ocr:lowconf
2,2008-09-24,Community Consultants Agy# Agency UIA Organization EIN Number Amount,2009,designate,,,"City-Wide Task Force on Housing Court, Inc.",,133317188,16201,HPD,806,009,,ocr:lowconf
2,2008-09-24,Community Consultants Agy# Agency UIA Organization EIN Number Amount,2009,designate,,,"Clinton Housing Development Company, Inc.",,132851988,10000,HPD,806,009,,ocr:lowconf
2,2008-09-24,Community Consultants Agy# Agency UIA Organization EIN Number Amount,2009,designate,,,"Community League of the Heights, Inc.",,132564241,11955,HPD,806,009,,
2,2008-09-24,Community Consultants Agy# Agency UIA Organization EIN Number Amount,2009,designate,,,"El Barrio Operation Fight Back, Inc.",,133248777,14196,HPD,806,009,,ocr:lowconf
2,2008-09-24,Community Consultants Agy# Agency UIA Organization EIN Number Amount,2009,designate,,,Erasmus Neighborhood Federation,,112490986,,HPD,806,009,,ocr:amt
2,2008-09-24,Community Consultants Agy# Agency UIA Organization EIN Number Amount,2009,designate,,,"Eviction Intervention Services Homelessness Prevention, Inc.",,133311582,10924,HPD,806,009,,
2,2008-09-24,Community Consultants Agy# Agency UIA Organization EIN Number Amount,2009,designate,,,"Good Old Lower East Side, Inc.",,132915659,28728,HPD,806,009,,ocr:lowconf
2,2008-09-24,Community Consultants Agy# Agency UIA Organization EIN Number Amount,2009,designate,,,Gowanus Canal Community Development Corporation,,112498292,,HPD,806,009,,ocr:amt;ocr:lowconf
2,2008-09-24,Community Consultants Agy# Agency UIA Organization EIN Number Amount,2009,designate,,,Greater Ridgewood Restoration Corporation,,112382250,,HPD,806,009,,ocr:amt;ocr:lowconf
2,2008-09-24,Community Consultants Agy# Agency UIA Organization EIN Number Amount,2009,designate,,,Greater Sheepshead Bay Development Corporation,,112527097,,HPD,806,009,,ocr:amt;ocr:lowconf
2,2008-09-24,Community Consultants Agy# Agency UIA Organization EIN Number Amount,2009,designate,,,"Harlem Congregations for Community Improvement, Inc.",,133516262,10000,HPD,806,009,,
2,2008-09-24,Community Consultants Agy# Agency UIA Organization EIN Number Amount,2009,designate,,,"Harlem Congregations for Community Improvement, Inc.",,133516262,10000,HPD,806,009,,ocr:lowconf
2,2008-09-24,Community Consultants Agy# Agency UIA Organization EIN Number Amount,2009,designate,,,"Housing Conservation Coordinators, Inc.",,510141489,15509,HPD,806,009,,
2,2008-09-24,Community Consultants Agy# Agency UIA Organization EIN Number Amount,2009,designate,,,"Lenox Hill Neighborhood House, Inc.",,131628180,9314,HPD,806,009,,ocr:lowconf
2,2008-09-24,Community Consultants Agy# Agency UIA Organization EIN Number Amount,2009,designate,,,"MFY Legal Services, Inc.",,132622748,14935,HPD,806,009,,
2,2008-09-24,Community Consultants Agy# Agency UIA Organization EIN Number Amount,2009,designate,,,"Mount Hope Housing Company, Inc., The",,133419970,17894,HPD,806,009,,ocr:lowconf
2,2008-09-24,Community Consultants Agy# Agency UIA Organization EIN Number Amount,2009,designate,,,Neighborhood Housing Services of Bedford- Stuyvesant,,133098397,,HPD,806,009,,ocr:amt
2,2008-09-24,Community Consultants Agy# Agency UIA Organization EIN Number Amount,2009,designate,,,Neighborhood Housing Services of East Flatbush,,133098397,,HPD,806,009,,ocr:amt
2,2008-09-24,Community Consultants Agy# Agency UIA Organization EIN Number Amount,2009,designate,,,"Neighborhood Housing Services of Jamaica, Inc.",,237398279,,HPD,806,009,,ocr:amt
2,2008-09-24,Community Consultants Agy# Agency UIA Organization EIN Number Amount,2009,designate,,,Neighborhood Housing Services WOW,,133098397,,HPD,806,009,,ocr:amt;ocr:lowconf
2,2008-09-24,Community Consultants Agy# Agency UIA Organization EIN Number Amount,2009,designate,,,Neighborhood Initiatives Development Corporation (NIDC),,133110811,13144,HPD,806,009,,ocr:lowconf
2,2008-09-24,Community Consultants Agy# Agency UIA Organization EIN Number Amount,2009,designate,,,North Brooklyn Development Corporation,,112555446,,HPD,806,009,,ocr:amt;ocr:lowconf
2,2008-09-24,Community Consultants Agy# Agency UIA Organization EIN Number Amount,2009,designate,,,"Northfield Community LDC of Staten Island, Inc.",,132974137,36815,HPD,806,009,,ocr:lowconf
2,2008-09-24,Community Consultants Agy# Agency UIA Organization EIN Number Amount,2009,designate,,,Northwest Bronx Community and Clergy Coalition for Sistas and Brothas United,,132806160,,HPD,806,009,,ocr:amt;ocr:lowconf
2,2008-09-24,Community Consultants Agy# Agency UIA Organization EIN Number Amount,2009,designate,,,People's Firehouse,,112470566,,HPD,806,009,,ocr:amt;ocr:lowconf
2,2008-09-24,Community Consultants Agy# Agency UIA Organization EIN Number Amount,2009,designate,,,Polonians Organized to Minister Our Community (POMOC),,112594500,,HPD,806,009,,ocr:amt;ocr:lowconf
2,2008-09-24,Community Consultants Agy# Agency UIA Organization EIN Number Amount,2009,designate,,,"Pratt Area Community Council, Inc.",,112451752,,HPD,806,009,,ocr:amt;ocr:lowconf
2,2008-09-24,Community Consultants Agy# Agency UIA Organization EIN Number Amount,2009,designate,,,"Pueblo En Marcha, Inc.",,134010925,23211,HPD,806,009,,
2,2008-09-24,Community Consultants Agy# Agency UIA Organization EIN Number Amount,2009,designate,,,Queens Community Civic Corporation,,222183327,8105,HPD,806,009,,
2,2008-09-24,Community Consultants Agy# Agency UIA Organization EIN Number Amount,2009,designate,,,"Queens Community House, Inc.",,112375583,,HPD,806,009,,ocr:amt;ocr:lowconf
2,2008-09-24,Community Consultants Agy# Agency UIA Organization EIN Number Amount,2009,designate,,,"Queens Community House, Inc.",,112375583,,HPD,806,009,,ocr:amt;ocr:lowconf
2,2008-09-24,Community Consultants Agy# Agency UIA Organization EIN Number Amount,2009,designate,,,"Queensboro Council for Social Welfare, Inc.",,111817497,,HPD,806,009,,ocr:amt
2,2008-09-24,Community Consultants Agy# Agency UIA Organization EIN Number Amount,2009,designate,,,"Ridgewood Bushwick Senior Citizens Council, Inc.",,112453853,33943,HPD,806,009,,
2,2008-09-24,Community Consultants Agy# Agency UIA Organization EIN Number Amount,2009,designate,,,"Staten Island Center for Independent Living, Inc.",,133266398,,HPD,806,009,,ocr:amt;ocr:lowconf
2,2008-09-24,Community Consultants Agy# Agency UIA Organization EIN Number Amount,2009,designate,,,"Strycker's Bay Neighborhood Council, Inc.",,131943516,10976,HPD,806,009,,ocr:lowconf
2,2008-09-24,Community (continued) Consultants Agency UIA Organization EIN Number Amount Agy #,2009,designate,,,"United Jewish Council of the East Side, Inc.",,132735378,12531,HPD,806,009,,
2,2008-09-24,Community (continued) Consultants Agency UIA Organization EIN Number Amount Agy #,2009,designate,,,Upper Manhattan Council Assiting Neighbors,,134042093,11637,HPD,806,009,,ocr:lowconf
2,2008-09-24,Community (continued) Consultants Agency UIA Organization EIN Number Amount Agy #,2009,designate,,,"Urban Strategies, Inc.",,112484364,,HPD,806,009,,ocr:amt
2,2008-09-24,Community (continued) Consultants Agency UIA Organization EIN Number Amount Agy #,2009,designate,,,Vanguard Urban Improvement Association,,112442042,,HPD,806,009,,ocr:amt;ocr:lowconf
2,2008-09-24,Community (continued) Consultants Agency UIA Organization EIN Number Amount Agy #,2009,designate,,,"West Bronx Housing and Neighborhood Resource Center, Inc.",,132941841,,HPD,806,009,,ocr:amt
2,2008-09-24,Community (continued) Consultants Agency UIA Organization EIN Number Amount Agy #,2009,designate,,,"West Side Federation for Supportive Senior Housing, Inc.",,132926433,5000,HPD,806,009,,
2,2008-09-24,Community (continued) Consultants Agency UIA Organization EIN Number Amount Agy #,2009,designate,,,"Woodside on the Move, Inc.",,112435565,,HPD,806,009,,ocr:amt
3,2008-11-19,,2009,rescind,,Avella,"City Solve Systems, Inc",,133864712,-20000,DYCD,260,005,,ocr:lowconf
3,2008-11-19,,2009,designate,,Avella,City Solve Systems. Inc,,133864712,20000,DYCD,260,005,,ocr:lowconf
3,2008-11-19,,2009,designate,,Baez,46th Precinct,,136400434,,NYPD,056,100,,ocr:amt;ocr:lowconf
3,2008-11-19,,2009,rescind,,Baez,Davidson Community Center. Inc,,237010206,-25000,DFTA,125,003,,ocr:lowconf
3,2008-11-19,,2009,rescind,,Baez,Middle School 15X,,136400434,-10000,DOE,040,402,,ocr:lowconf
3,2008-11-19,,2009,rescind,,Baez,Public School 310X,,136400434,-10000,DOE,040,402,,ocr:lowconf
3,2008-11-19,,2009,designate,,Baez,46th Precinct Community Council,,,20000,DYCD,260,312,,.;ocr:ein;ocr:lowconf
3,2008-11-19,,2009,designate,,Baez,Public School 79X,,136400434,10000,DOE,040,402,,ocr:lowconf
3,2008-11-19,,2009,designate,,Baez,Public School 307X,,136400434,15000,DOE,040,402,,ocr:lowconf
3,2008-11-19,,2009,designate,,Baez,Intermediate School 117X,,136400434,10000,DOE,040,402,,ocr:lowconf
3,2008-11-19,,2009,designate,,Baez,Public School 28X,,136400434,10000,DOE,040,402,,
3,2008-11-19,,2009,designate,,Baez,Public School 33X,,136400434,10000,DOE,040,402,,
3,2008-11-19,,2009,designate,,Baez,Public School 91X,,136400434,10000,DOE,040,402,,
3,2008-11-19,,2009,rescind,,Katz,Songs of Love Foundation,,113314191,-1200,DYCD,260,312,,
3,2008-11-19,,2009,designate,,Katz,Songs of Love Foundation,,113314191,1200,DYCD,260,312,,ocr:lowconf
3,2008-11-19,,2009,rescind,,Mendez,"Murray! Hill Committee, Inc.",,237361016,-3500,DSNY,827,109,,ocr:lowconf
3,2008-11-19,,2009,designate,,Mendez,"Murray Hill Neighborhood Association, Inc.",,113455774,3500,DPR,846,006,,ocr:lowconf
3,2008-11-19,,2009,rescind,,Monserrate,Neighborhood Housing Services of New York City. Inc,,133098397,-3500,HPD,806,009,,ocr:lowconf
3,2008-11-19,,2009,designate,,Monserrate,"Neighborhood Housing Services of Jamaica, Inc.",,237398279,3500,HPD,806,009,,ocr:lowconf
3,2008-11-19,,2009,rescind,,Stewart,"Neighborhood Housing Services of New York City, Inc.",,133098397,-5000,HPD,806,009,,
3,2008-11-19,,2009,designate,,Stewart,"Neighborhood Housing Services of East Flatbush, Inc.",,133098397,5000,HPD,806,009,,ocr:lowconf
3,2008-11-19,,2009,rescind,,Fidler,Flatbush Park Jewish Center,,119169900,-3000,DFTA,125,003,,ocr:lowconf
3,2008-11-19,,2009,designate,,Fidier,Flatbush Park Jewish Center,,119169900,3000,DFTA,125,003,,-;ocr:lowconf
3,2008-11-19,,2009,rescind,,Baez,Alliance for Community Services,,133995154,-51714,DYCD,260,312,,ocr:lowconf
3,2008-11-19,,2009,rescind,,Como,"One Stop Richmond Hill Block Association, Inc",,112712761,-4000,DYCD,260,312,,ocr:lowconf
3,2008-11-19,,2009,designate,,Como,"One Stop Richmond Hill Community Center, Inc",,680602829,4000,DYCD,260,312,,
3,2008-11-19,,2009,rescind,,Como,Liberty Belles AAU Basketball Club,,111381844,-2000,DYCD,260,312,,ocr:lowconf
3,2008-11-19,,2009,designate,,Como,"Maspeth Town Hall, Inc.",,237259702,2000,DYCD,260,312,,ocr:lowconf
3,2008-11-19,,2009,designate,,Martinez,Dominican Women's Development Center,,133593885,,MISC,098,002,,ocr:amt;ocr:lowconf
3,2008-11-19,,2009,designate,,Martinez,Northern Manhattan Improvement Corporation,,132972415,31250,MISC,098,002,,ocr:lowconf
3,2008-11-19,,2009,rescind,,Mealy,Bedford Stuyvesant Family Health Center,,112412205,-37500,MISC,098,002,,ocr:lowconf
3,2008-11-19,,2009,designate,,Mealy,Brownsville Community Development Corporation (d/b/a/ BMS Family Health Center) (BMSFHC),,112544630,37500,MISC,098,002,,ocr:lowconf
3,2008-11-19,,2009,designate,,Mealy,"Jericho Road, Inc.",,113463615,18750,MISC,098,002,,
3,2008-11-19,,2009,rescind,,Mealy,"DWA Fanm, Inc.",,431952083,-18750,MISC,098,002,,ocr:lowconf
3,2008-11-19,,2009,rescind,,Mealy,South Brooklyn Legal Services,,132605605,-18750,MISC,098,002,,ocr:lowconf
3,2008-11-19,,2009,designate,,Mealy,Mount Moriah Baptist Church,,112622069,18750,MISC,098,002,,*
3,2008-11-19,,2009,designate,,Jackson,Harlem Stage,,133166308,,DYCD,260,312,,ocr:amt
3,2008-11-19,,2009,designate,,Jackson,"Children's Art Camival, Inc., The",,132735153,,DYCD,260,312,,ocr:amt;ocr:lowconf
3,2008-11-19,,2009,designate,,Martinez,Ballet Hispanico,,132685755,,DYCD,260,312,,ocr:amt;ocr:lowconf
3,2008-11-19,,2009,designate,,Martinez,"Lincoln Center for the Performing Arts, Inc.",,131847137,,DYCD,260,312,,ocr:amt;ocr:lowconf
3,2008-11-19,,2009,rescind,,Mendez,Educational Alliance. Inc. The Lillian Waid Houses,,135562210,-30000,DFTA,125,003,,ocr:lowconf
3,2008-11-19,,2009,designate,,Mendez,"Educational Alliance, Inc. The Sirovich Center",,135562210,30000,DFTA,125,003,,ocr:lowconf
3,2008-11-19,,2009,rescind,,Katz,"Self Help Community Services, Inc.",,131624178,-30000,DFTA,125,003,,ocr:lowconf
3,2008-11-19,,2009,designate,,Katz,"Self Help Community Services, Inc. Austin Street Senior Center",,131624178,30000,DFTA,125,003,,ocr:lowconf
3,2008-11-19,,2009,designate,,,"Asian American Consulting Services, Inc.",,133652716,,DYCD,260,312,,ocr:amt;ocr:lowconf
3,2008-11-19,,2009,designate,,,"Aspira of New York, Inc.",,136204790,,DYCD,260,312,,ocr:amt;ocr:lowconf
3,2008-11-19,,2009,designate,,,Brooklyn Center For Urban Environment,,112698671,,DYCD,260,312,,ocr:amt
3,2008-11-19,,2009,designate,,,Church Avenue Merchants Block Association (CAMBA),,112480339,,DYCD,260,312,,ocr:amt
3,2008-11-19,,2009,designate,,,"Catholic Charities Neighborhood Services, Inc.",,112047151,,DYCD,260,312,,ocr:amt
3,2008-11-19,,2009,designate,,,"Chinese American Planning Council, Inc.",,136202692,,DYCD,260,312,,ocr:amt;ocr:lowconf
3,2008-11-19,,2009,designate,,,"Citizens Advice Bureau, Inc., The",,133254484,,DYCD,260,312,,ocr:amt
3,2008-11-19,,2009,designate,,,"Community Mediation Services, Inc.",,112663007,,DYCD,260,312,,ocr:amt
3,2008-11-19,,2009,designate,,,"Council For Unity, Inc.",,112880221,,DYCD,260,312,,ocr:amt
3,2008-11-19,,2009,designate,,,"Crown Heights Youth Collective, Inc.",,112506422,,DYCD,260,312,,ocr:amt
3,2008-11-19,,2009,designate,,,El Puente de Williamsburg,,112614265,175000,DYCD,260,312,,ocr:lowconf
3,2008-11-19,,2009,designate,,,"Federation Employment and Guidance Service (FEGS), Inc.",,131624000,,DYCD,260,312,,ocr:amt;ocr:lowconf
3,2008-11-19,,2009,designate,,,"Federation of Italian American Organizations of Brooklyn, Ltd.",,112507910,,DYCD,260,312,,ocr:amt;ocr:lowconf
3,2008-11-19,,2009,designate,,,"Friends of Island Academy, Inc.",,133576756,,DYCD,260,312,,ocr:amt;ocr:lowconf
3,2008-11-19,,2009,designate,,,Good Shepherd Services,,135598710,,DYCD,260,312,,ocr:amt
3,2008-11-19,,2009,designate,,,Henry Street Settlement,,131562242,,DYCD,260,312,,ocr:amt;ocr:lowconf
3,2008-11-19,,2009,designate,,,"Hetrick-Martin Institute, Inc.",,133104537,,DYCD,260,312,,ocr:amt;ocr:lowconf
3,2008-11-19,,2009,designate,,,"Jacob A. Riis Neighborhood Settlement House, Inc.",,111729398,,DYCD,260,312,,ocr:amt;ocr:lowconf
3,2008-11-19,,2009,designate,,,"La Asociacion Benefica Cultural Father Billini, Inc.",,112548753,,DYCD,260,312,,ocr:amt;ocr:lowconf
3,2008-11-19,,2009,designate,,,"Lincoln Square Neighborhood Center, Inc.",,131825918,,DYCD,260,312,,*;ocr:amt
3,2008-11-19,,2009,designate,,,"Madison Square Boys & Girls Club, Inc.",,135596792,,DYCD,260,312,,*;ocr:amt;ocr:lowconf
3,2008-11-19,,2009,designate,,,Midwood Development Corporation,,112420752,,DYCD,260,312,,ocr:amt;ocr:lowconf
3,2008-11-19,,2009,designate,,,"Mind Builders Creative Arts Center, Inc.",,132988157,,DYCD,260,312,,ocr:amt
3,2008-11-19,,2009,designate,,,"New York City Outward Bound Center, Inc.",,133471084,,DYCD,260,312,,ocr:amt;ocr:lowconf
3,2008-11-19,,2009,designate,,,Phipps Community Development,,132707665,,DYCD,260,312,,ocr:amt;ocr:lowconf
3,2008-11-19,,2009,designate,,,"Queens Community House, Inc.",,112375583,,DYCD,260,312,,ocr:amt;ocr:lowconf
3,2008-11-19,,2009,designate,,,"Queens Community House, Inc.",,112375583,,DYCD,260,312,,ocr:amt;ocr:lowconf
3,2008-11-19,,2009,designate,,,"Riverdale Community Center, Inc.",,131740024,,DYCD,260,312,,ocr:amt
3,2008-11-19,,2009,designate,,,Rockaway Development and Revitalization Corporation,,112575794,,DYCD,260,312,,ocr:amt
3,2008-11-19,,2009,designate,,,"Safe Horizon, Inc",,132946970,,DYCD,260,312,,ocr:amt
3,2008-11-19,,2009,designate,,,"School Settlement Associaton, Inc.",,111646304,,DYCD,260,312,,*;ocr:amt;ocr:lowconf
3,2008-11-19,,2009,designate,,,SCO Family of Services,,112777066,,DYCD,260,312,,ocr:amt
3,2008-11-19,,2009,designate,,,Seamen's Society for Children and Families,,135563010,,DYCD,260,312,,ocr:amt;ocr:lowconf
3,2008-11-19,,2009,designate,,,"Stanley M. Isaacs Neighborhood Center, Inc.",,132572034,,DYCD,260,312,,ocr:amt
3,2008-11-19,,2009,designate,,,Supportive Childrens Advocacy Network (SCAN),,132912963,,DYCD,260,312,,*;ocr:amt
3,2008-11-19,,2009,designate,,,"Tolentine-Zeiser Community Life Center, Inc.",,133131888,,DYCD,260,312,,ocr:amt
3,2008-11-19,,2009,designate,,,"Variety Boys and Giris Club of Queens, Inc.",,116014770,,DYCD,260,312,,*;ocr:amt;ocr:lowconf
3,2008-11-19,,2009,designate,,,Washington Heights-Inwood Coalition,,132989768,,DYCD,260,312,,ocr:amt;ocr:lowconf
3,2008-11-19,,2009,designate,,,Young Men's Christian Association of Greater New York Bedford-Sluyvesant,,131624228,,DYCD,260,312,,ocr:amt
3,2008-11-19,,2009,designate,,,Young Men's Christian Association of Greater New York Prospect Park,,131624228,,DYCD,260,312,,ocr:amt
3,2008-11-19,,2009,designate,,,Young Men's Christian Association of Greater New York,Twelve Towns,131624228,,DYCD,260,312,,ocr:amt
3,2008-11-19,,2009,designate,,,Bedford Stuyvesant Restoration Corporation,,116083182,83000,DSBS,801,002,,
3,2008-11-19,,2009,designate,,,"Chinatown Manpower Project, Inc.",,132755214,108000,DSBS,801,002,,ocr:lowconf
3,2008-11-19,,2009,designate,,,"Citizens Advice Bureau, Inc., The",,133254484,88000,DSBS,801,002,,
3,2008-11-19,,2009,designate,,,City College of New York,,133850823,65000,DSBS,801,002,,ocr:lowconf
3,2008-11-19,,2009,designate,,,"Door, The A Center of Alternatives, Inc.",,136127348,83000,DSBS,801,002,,ocr:lowconf
3,2008-11-19,,2009,designate,,,East Wiliamsburg Valley Industrial Development Corporation (EWWIDCO),,112647339,2000,DSBS,801,002,,ocr:lowconf
3,2008-11-19,,2009,designate,,,Federation Employment and Guidance Service (FEGS). Inc.,,131624000,85000,DSBS,801,002,,ocr:lowconf
3,2008-11-19,,2009,designate,,,"Fifth Avenue Committee, Inc.",Brooklyn Workforce Innovations,112475743,96000,DSBS,801,002,,ocr:lowconf
3,2008-11-19,,2009,designate,,,"Fortune Society, Inc. The",,132645436,175000,DSBS,801,002,,ocr:lowconf
3,2008-11-19,,2009,designate,,,"Fund for the City of New York, Inc.",Center for Court Innovations,132612524,65000,DSBS,801,002,,ocr:lowconf
3,2008-11-19,,2009,designate,,,Greater Jamaica Development Corporation,,237021217,2000,DSBS,801,002,,
3,2008-11-19,,2009,designate,,,"HOPE Program, Inc., The",,133268539,105000,DSBS,801,002,,ocr:lowconf
3,2008-11-19,,2009,designate,,,Long Island City Business Development Corporation (LICBDC),,112651377,2000,DSBS,801,002,,
3,2008-11-19,,2009,designate,,,Opportunities for a Better Tomorrow,,112934620,88000,DSBS,801,002,,
3,2008-11-19,,2009,designate,,,"Per Scholas, Inc.",,043252955,108000,DSBS,801,002,,ocr:lowconf
3,2008-11-19,,2009,designate,,,Queens Educational Opportunity Center,SUNY,,65000,DSBS,801,002,,ocr:ein;ocr:lowconf
3,2008-11-19,,2009,designate,,,"Ridgewood Bushwick Senior Citizens Council, Inc.",,112453853,45000,DSBS,801,002,,
3,2008-11-19,,2009,designate,,,SBS Management,,136400434,100000,DSBS,801,002,,ocr:lowconf
3,2008-11-19,,2009,designate,,,South Bronx Overall Economic Development Corporation,,132736022,45000,DSBS,801,002,,
3,2008-11-19,,2009,designate,,,Southwest Brooklyn Industrial Development Corporation,,112508370,2000,DSBS,801,002,,*
3,2008-11-19,,2009,designate,,,St. Nicholas Neighborhood Preservation Corporation,,510192170,88000,DSBS,801,002,,
3,2008-11-19,,2009,designate,,,"Asian Women in Business, Inc.",,133842867,75000,DSBS,801,002,,*;ocr:lowconf
3,2008-11-19,,2009,designate,,,Bronx Overall Economic Development Corporation,,133079387,70000,DSBS,801,002,,*;ocr:lowconf
3,2008-11-19,,2009,designate,,,"Caribbean American Chamber of Commerce and Industry, Inc.",,112903423,50000,DSBS,801,002,,ocr:lowconf
3,2008-11-19,,2009,designate,,,"Harlem Business Alliance, Inc.",,133591350,50000,DSBS,801,002,,ocr:lowconf
3,2008-11-19,,2009,designate,,,New York State Chapter of the National Association of Minority Contractors,,208574186,60000,DSBS,801,002,,ocr:lowconf
3,2008-11-19,,2009,designate,,,New York Urban League,,131671035,80000,DSBS,801,002,,ocr:lowconf
3,2008-11-19,,2009,designate,,,"New York Women's Chamber of Commerce, Inc.",,141845651,150000,DSBS,801,002,,
3,2008-11-19,,2009,designate,,,"One Hundred Black Men, Inc.",,237379940,35000,DSBS,801,002,,ocr:lowconf
3,2008-11-19,,2009,designate,,,SBS Management,,136400434,190000,DSBS,801,002,,ocr:lowconf
3,2008-11-19,,2009,designate,,,South Bronx Overall Economic Development Corporation (SOBRO),,132736022,60000,DSBS,801,002,,ocr:lowconf
3,2008-11-19,,2009,designate,,,St. Nicholas Neighborhood Preservation Corporation,,510192170,70000,DSBS,801,002,,ocr:lowconf
3,2008-11-19,,2009,designate,,,Upper Manhattan Council Assisting Neighbors,,134042093,75000,DSBS,801,002,,ocr:lowconf
3,2008-11-19,,2009,designate,,,West Brighton Community Local Development Corporation,,133046424,35000,DSBS,801,002,,ocr:lowconf
3,2008-11-19,,2009,designate,,,"Billie Holiday Theatre, Inc.",,112336154,82000,DCA,126,003,,ocr:lowconf
3,2008-11-19,,2009,designate,,,Black Spectrum Theatre,,510135262,90000,DCA,126,003,,*;ocr:lowconf
3,2008-11-19,,2009,designate,,,"Forty Greene Avenue Cultural Center, Inc.",Paul Robeson Theatre,112627555,65000,DCA,126,003,,*;ocr:lowconf
3,2008-11-19,,2009,designate,,,Harlem Artist Development League Especially for You -H.A.D.LEY. Players,,133611138,50000,DCA,126,003,,ocr:lowconf
3,2008-11-19,,2009,designate,,,"International Arts Relations, Inc.",,237212492,90000,DCA,126,003,,ocr:lowconf
3,2008-11-19,,2009,designate,,,"Mind Builders Creative Arts Center, Inc.",,132988157,65000,DCA,126,003,,
3,2008-11-19,,2009,designate,,,"National Black Theatre Workshop, Inc.",,132632596,84000,DCA,126,003,,ocr:lowconf
3,2008-11-19,,2009,designate,,,"New Federal Theatre, Inc.",,132814763,80000,DCA,126,003,,*;ocr:lowconf
3,2008-11-19,,2009,designate,,,"New Heritage Theatre Group, Inc.",,132683678,80000,DCA,126,003,,*;ocr:lowconf
3,2008-11-19,,2009,designate,,,"Thaila Spanish Theatre, inc.",,237448611,84000,DCA,126,003,,ocr:lowconf
3,2008-11-19,,2009,designate,,,"UJAMAA Black Theater, Inc.",,133882348,30000,DCA,126,003,,*
3,2008-11-19,"Community Consultants Agy# Agency Status (Council, MOC, EIN Number Amount UIA Organization * etc)",2009,rescind,,,"Chelsea Housing Group, Inc.",,133542784,-5000,HPD,806,009,,ocr:lowconf
3,2008-11-19,"Community Consultants Agy# Agency Status (Council, MOC, EIN Number Amount UIA Organization * etc)",2009,designate,,,Neighborhood Housing Services WOW,,133098397,,HPD,806,009,,ocr:amt;ocr:lowconf
3,2008-11-19,"Community Consultants Agy# Agency Status (Council, MOC, EIN Number Amount UIA Organization * etc)",2009,rescind,,,"West Side Federation for Supportive Senior Housing, Inc.",,132926433,-5000,HPD,806,009,,ocr:lowconf
3,2008-11-19,"Community Consultants Agy# Agency Status (Council, MOC, EIN Number Amount UIA Organization * etc)",2009,designate,,,Hudson Guild,,135562989,5000,HPD,806,009,,
3,2008-11-19,"Community Consultants Agy# Agency Status (Council, MOC, EIN Number Amount UIA Organization * etc)",2009,designate,,,"Neighborhood Housing Services of the North Bronx, Inc.",,133098397,,HPD,806,009,,ocr:amt
3,2008-11-19,"Community Consultants Agy# Agency Status (Council, MOC, EIN Number Amount UIA Organization * etc)",2009,designate,,,"West Side Federation for Senior and Supportive Housing, Inc.",,132926433,5000,HPD,806,009,,ocr:lowconf
3,2008-11-19,"Transportation Costs Operating - Agency Agy# MOC. EIN Number Amount UIA etc) Organization Status (Council,",2009,designate,,,"Aging in America Community Services, Inc. Meals on Wheels",,134099045,,DFTA,125,003,,*;ocr:amt;ocr:lowconf
3,2008-11-19,"Transportation Costs Operating - Agency Agy# MOC. EIN Number Amount UIA etc) Organization Status (Council,",2009,designate,,,"Aging in America Community Services, inc. Meals on' Wheels",,134099045,,DFTA,125,003,,*;ocr:amt;ocr:lowconf
3,2008-11-19,"Transportation Costs Operating - Agency Agy# MOC. EIN Number Amount UIA etc) Organization Status (Council,",2009,designate,,,"Aging in America Community Services, Inc.",Meals on Wheels,134099045,,DFTA,125,003,,*;ocr:amt;ocr:lowconf
3,2008-11-19,"Transportation Costs Operating - Agency Agy# MOC. EIN Number Amount UIA etc) Organization Status (Council,",2009,designate,,,"Agudath Israel of America Community Services, Inc. Boro Park Senior Center",,133975090,,DFTA,125,003,,ocr:amt;ocr:lowconf
3,2008-11-19,"Transportation Costs Operating - Agency Agy# MOC. EIN Number Amount UIA etc) Organization Status (Council,",2009,designate,,,"Agudath Israel of America Community Services, Inc.",Boro Park Senior Center,133975090,,DFTA,125,003,,ocr:amt;ocr:lowconf
3,2008-11-19,"Transportation Costs Operating - Agency Agy# MOC. EIN Number Amount UIA etc) Organization Status (Council,",2009,designate,,,"Agudath Israel of America Community Services, Inc.",Boro Park Senior Center,133975090,,DFTA,125,003,,ocr:amt;ocr:lowconf
3,2008-11-19,"Transportation Costs Operating - Agency Agy# MOC. EIN Number Amount UIA etc) Organization Status (Council,",2009,designate,,,Allen A.M.E. Neighborhood Preservation and Development Corp.,Senior Transportation,112705085,,DFTA,125,003,,ocr:amt
3,2008-11-19,"Transportation Costs Operating - Agency Agy# MOC. EIN Number Amount UIA etc) Organization Status (Council,",2009,designate,,,Allen A.M.E. Neighborhood Preservation and Development Corp. Senior Transportation,,112705085,748130,DFTA,125,003,,ocr:lowconf
3,2008-11-19,"Transportation Costs Operating - Agency Agy# MOC. EIN Number Amount UIA etc) Organization Status (Council,",2009,designate,,,"Allen Community Senior Citizens Center, inc.",,112326244,,DFTA,125,003,,ocr:amt;ocr:lowconf
3,2008-11-19,"Transportation Costs Operating - Agency Agy# MOC. EIN Number Amount UIA etc) Organization Status (Council,",2009,designate,,,"ARC XVI Fort Washington, Inc. Whist l South Bronx Transportation",,132745426,,DFTA,125,003,,ocr:amt;ocr:lowconf
3,2008-11-19,"Transportation Costs Operating - Agency Agy# MOC. EIN Number Amount UIA etc) Organization Status (Council,",2009,designate,,,"ARC XVI Fort Washington, Inc.",Whist I South Bronx Transportation,132745426,,DFTA,125,003,,ocr:amt;ocr:lowconf
3,2008-11-19,"Transportation Costs Operating - Agency Agy# MOC. EIN Number Amount UIA etc) Organization Status (Council,",2009,designate,,,"ARC XVI Fort Washington, Inc.",Whist I South Bronx Transportation,132745426,,DFTA,125,003,,ocr:amt;ocr:lowconf
3,2008-11-19,"Transportation Costs Operating - Agency Agy# MOC. EIN Number Amount UIA etc) Organization Status (Council,",2009,designate,,,"ARC XVI Fort Washington, Inc.",Whist II South Bronx Transportation,132745426,,DFTA,125,003,,ocr:amt;ocr:lowconf
3,2008-11-19,"Transportation Costs Operating - Agency Agy# MOC. EIN Number Amount UIA etc) Organization Status (Council,",2009,designate,,,"ARCXVI Fort Washington, Inc.",Whist Transportation,132745426,,DFTA,125,003,,ocr:amt;ocr:lowconf
3,2008-11-19,"Transportation Costs Operating - Agency Agy# MOC. EIN Number Amount UIA etc) Organization Status (Council,",2009,designate,,,"ARCXVI Fort Washington, Inc.",Whist Transportation,132745426,,DFTA,125,003,,ocr:amt
3,2008-11-19,"Transportation Costs Operating - Agency Agy# MOC. EIN Number Amount UIA etc) Organization Status (Council,",2009,designate,,,"ARC XVI Fort Washington, inc.",Whist Transportation,132745426,,DFTA,125,003,,ocr:amt;ocr:lowconf
3,2008-11-19,"Transportation Costs Operating - Agency Agy# MOC. EIN Number Amount UIA etc) Organization Status (Council,",2009,designate,,,"ARC XVI Fort Washington, Inc.",Whist Transportation,132745426,,DFTA,125,003,,ocr:amt
3,2008-11-19,"Transportation Costs Operating - Agency Agy# MOC. EIN Number Amount UIA etc) Organization Status (Council,",2009,designate,,,"ARC XVI Fort Washington, Inc.",Whist Transportation,132745426,,DFTA,125,003,,ocr:amt;ocr:lowconf
3,2008-11-19,"Transportation Costs Operating - Agency Agy# MOC. EIN Number Amount UIA etc) Organization Status (Council,",2009,designate,,,"ARCXVI Fort Washington, Inc.",Whist Transportation,132745426,,DFTA,125,003,,ocr:amt;ocr:lowconf
3,2008-11-19,"Transportation Costs Operating - Agency Agy# MOC. EIN Number Amount UIA etc) Organization Status (Council,",2009,designate,,,Bethlehem Evangelical Lutheran Church,Bay Ridge Center for Older Adults,116260710,,DFTA,125,003,,ocr:amt;ocr:lowconf
3,2008-11-19,"Transportation Costs Operating - Agency Agy# MOC. EIN Number Amount UIA etc) Organization Status (Council,",2009,designate,,,Bethlehem Evangelical Lutheran Church,Bay Ridge Center for Older Adults,116260710,,DFTA,125,003,,ocr:amt;ocr:lowconf
3,2008-11-19,"Transportation Costs Operating - Agency Agy# MOC. EIN Number Amount UIA etc) Organization Status (Council,",2009,designate,,,Bethlehem Evangelical Lutheran Church,Bay Ridge Center for Older Adults,116260710,,DFTA,125,003,,*;ocr:amt;ocr:lowconf
3,2008-11-19,"Transportation Costs Operating - Agency Agy# MOC. EIN Number Amount UIA etc) Organization Status (Council,",2009,designate,,,Bethlehem Evangelical Lutheran Church Bay Ridge Center for Older Adults,,116260710,,DFTA,125,003,,*;ocr:amt;ocr:lowconf
3,2008-11-19,"Transportation Costs Operating - Agency Agy# MOC. EIN Number Amount UIA etc) Organization Status (Council,",2009,designate,,,Bethiehem Evangelical Lutheran Church Bay Ridge Center for Older Adults,,116260710,,DFTA,125,003,,*;ocr:amt;ocr:lowconf
3,2008-11-19,"Transportation Costs Operating - Agency Agy# MOC. EIN Number Amount UIA etc) Organization Status (Council,",2009,designate,,,Bethlehem Evangelical Lutheran Church,Bay Ridge Center for Older Adults,116260710,,DFTA,125,003,,ocr:amt;ocr:lowconf
3,2008-11-19,"Transportation Costs Operating - Agency Agy# MOC. EIN Number Amount UIA etc) Organization Status (Council,",2009,designate,,,Bethlehem Evangelical Lutheran Church,Bay Ridge Center for Older Adults,116260710,,DFTA,125,003,,ocr:amt;ocr:lowconf
3,2008-11-19,"Transportation Costs Operating - Agency Agy# MOC. EIN Number Amount UIA etc) Organization Status (Council,",2009,designate,,,Bethlehem Evangelical Lutheran Church,Bay Ridge Center for Older Adults,116260710,,DFTA,125,003,,ocr:amt;ocr:lowconf
3,2008-11-19,"Transportation Costs Operating - Agency Agy# MOC. EIN Number Amount UIA etc) Organization Status (Council,",2009,designate,,,"Bridge Street Senior Center, Inc.",,113060600,,DFTA,125,003,,ocr:amt
3,2008-11-19,"Transportation Costs Operating - Agency Agy# MOC. EIN Number Amount UIA etc) Organization Status (Council,",2009,designate,,,Bronx House Senior Center,,131739935,,DFTA,125,003,,ocr:amt
3,2008-11-19,"Transportation Costs Operating - Agency Agy# MOC. EIN Number Amount UIA etc) Organization Status (Council,",2009,designate,,,Bronx House Senior Center,,131739935,,DFTA,125,003,,ocr:amt
3,2008-11-19,"Transportation Costs Operating - Agency Agy# MOC. EIN Number Amount UIA etc) Organization Status (Council,",2009,designate,,,Bronx House,Senior Center,131739935,,DFTA,125,003,,ocr:amt
3,2008-11-19,"Transportation Costs Operating - Agency Agy# MOC. EIN Number Amount UIA etc) Organization Status (Council,",2009,designate,,,Bronx House,Senior Center,131739935,,DFTA,125,003,,ocr:amt
3,2008-11-19,"Transportation Costs Operating - Agency Agy# MOC. EIN Number Amount UIA etc) Organization Status (Council,",2009,designate,,,Bronx Jewish Community Council Inc,,132744533,,DFTA,125,003,,ocr:amt;ocr:lowconf
3,2008-11-19,"Transportation Costs Operating - Agency Agy# MOC. EIN Number Amount UIA etc) Organization Status (Council,",2009,designate,,,Brooks Memorial United Methodist Church,Senior Center,111832868,,DFTA,125,003,,ocr:amt;ocr:lowconf
3,2008-11-19,"Transportation Costs Operating - Agency Agy# MOC. EIN Number Amount UIA etc) Organization Status (Council,",2009,designate,,,Canaan Baptist Church of Christ,Canaan Senior Service Center,136013037,,DFTA,125,003,,ocr:amt;ocr:lowconf
3,2008-11-19,"Transportation Costs Operating - Agency Agy# MOC. EIN Number Amount UIA etc) Organization Status (Council,",2009,designate,,,"Caring Community, Inc., The",Our Lady of Pompeii Senior Center,132980755,,DFTA,125,003,,ocr:amt;ocr:lowconf
3,2008-11-19,"Transportation Costs Operating - Agency Agy# MOC. EIN Number Amount UIA etc) Organization Status (Council,",2009,designate,,,"Caring Community, Inc., The",Our Lady of Pompeil Senior Center,132980755,,DFTA,125,003,,ocr:amt;ocr:lowconf
3,2008-11-19,"Transportation Costs Operating - Agency Agy# MOC. EIN Number Amount UIA etc) Organization Status (Council,",2009,designate,,,"Catholic Charities Community Services, Archdiocese of New York CYO Senior Lunch Guild",,135562185,,DFTA,125,003,,ocr:amt
3,2008-11-19,"Transportation Costs Operating - Agency Agy# MOC. EIN Number Amount UIA etc) Organization Status (Council,",2009,designate,,,"Catholic Charities Neighborhood Services, Inc",Bay Senior Center,112047151,,DFTA,125,003,,ocr:amt;ocr:lowconf
3,2008-11-19,"Transportation Costs Operating - Agency Agy# MOC. EIN Number Amount UIA etc) Organization Status (Council,",2009,designate,,,Catholic Charities Neighborhood Services Inc,Bay Senior Center,112047151,,DFTA,125,003,,ocr:amt
3,2008-11-19,"Transportation Costs Operating - Agency Agy# MOC. EIN Number Amount UIA etc) Organization Status (Council,",2009,designate,,,Catholic Chanties Neighborhood Services Inc,Bay Sen.or Center,112047151,748130,DFTA,125,003,,ocr:lowconf
3,2008-11-19,"Transportation Costs Operating - Agency Agy# MOC. EIN Number Amount UIA etc) Organization Status (Council,",2009,designate,,,"Catholic Charities Neighborhood Services, Inc. : Bay Senior Center",,112047151,,DFTA,125,003,,ocr:amt;ocr:lowconf
3,2008-11-19,"Transportation Costs Operating - Agency Agy# MOC. EIN Number Amount UIA etc) Organization Status (Council,",2009,designate,,,"Catholic Charities Neighborhood Services, Inc.",Bay Senior Center,112047151,,DFTA,125,003,,ocr:amt
3,2008-11-19,"Transportation Costs Operating - Agency Agy# MOC. EIN Number Amount UIA etc) Organization Status (Council,",2009,designate,,,"Catholic Charities Neighborhood Services, Inc. Bay Senior Center",,112047151,,DFTA,125,003,,ocr:amt;ocr:lowconf
3,2008-11-19,"Transportation Costs Operating - Agency Agy# MOC. EIN Number Amount UIA etc) Organization Status (Council,",2009,designate,,,"Catholic Charities Neighborhood Services, Inc. Bay Senior Center",,112047151,,DFTA,125,003,,ocr:amt;ocr:lowconf
3,2008-11-19,"Transportation Costs Operating - Agency Agy# MOC. EIN Number Amount UIA etc) Organization Status (Council,",2009,designate,,,"Catholic Charities Neighborhood Services, Inc. Bayside Senior Center",,112047151,,DFTA,125,003,,ocr:amt;ocr:lowconf
3,2008-11-19,"Transportation Costs Operating - Agency Agy# MOC. EIN Number Amount UIA etc) Organization Status (Council,",2009,designate,,,"Catholic Charities Neighborhood Services, Inc. Bayside Senior Center",,112047151,,DFTA,125,003,,ocr:amt;ocr:lowconf
3,2008-11-19,"Transportation Costs Operating - Agency Agy# MOC. EIN Number Amount UIA etc) Organization Status (Council,",2009,designate,,,"Catholic Charities Neighborhood Services, Inc. Bayside Senior Center",,112047151,,DFTA,125,003,,ocr:amt;ocr:lowconf
3,2008-11-19,"Transportation Costs Operating - Agency Agy# MOC. EIN Number Amount UIA etc) Organization Status (Council,",2009,designate,,,"Catholic Charities Neighborhood Services, Inc. Bayside Senior Center",,112047151,,DFTA,125,003,,ocr:amt;ocr:lowconf
3,2008-11-19,"Transportation Costs Operating - Agency Agy# MOC. EIN Number Amount UIA etc) Organization Status (Council,",2009,designate,,,"Catholic Charities Neighborhood Services, Inc.",Bayside Senior Center,112047151,,DFTA,125,003,,ocr:amt
3,2008-11-19,"Transportation Costs Operating - Agency Agy# MOC. EIN Number Amount UIA etc) Organization Status (Council,",2009,designate,,,"Catholic Charities Neighborhood Services, Inc.",Bayside Senior Center,112047151,,DFTA,125,003,,ocr:amt;ocr:lowconf
3,2008-11-19,"Transportation Costs Operating - Agency Agy# MOC. EIN Number Amount UIA etc) Organization Status (Council,",2009,designate,,,"Catholic Charities Neighborhood Services, Inc.",Hillcrest Senior Center,112047151,,DFTA,125,003,,ocr:amt;ocr:lowconf
3,2008-11-19,"Transportation Costs Operating - Agency Agy# MOC. EIN Number Amount UIA etc) Organization Status (Council,",2009,designate,,,"Catholic Charities Neighborhood Services, Inc.",Hillcrest Senior Center,112047151,,DFTA,125,003,,ocr:amt;ocr:lowconf
3,2008-11-19,"Transportation Costs Operating - Agency Agy# MOC. EIN Number Amount UIA etc) Organization Status (Council,",2009,designate,,,"Catholic Charities Neighborhood Services, Inc.",McGuiness Northside Senior Ctr,112047151,,DFTA,125,003,,ocr:amt
3,2008-11-19,"Transportation Costs Operating - Agency Agy# MOC. EIN Number Amount UIA etc) Organization Status (Council,",2009,designate,,,"Catholic Charities Neighborhood Services, Inc.",McGuiness Northside Senior Ctr,112047151,,DFTA,125,003,,ocr:amt;ocr:lowconf
3,2008-11-19,"Transportation Costs Operating - Agency Agy# MOC. EIN Number Amount UIA etc) Organization Status (Council,",2009,designate,,,"Catholic Charities Neighborhood Services, Inc. Narrows Senior Center",,112047151,,DFTA,125,003,,ocr:amt;ocr:lowconf
3,2008-11-19,"Transportation Costs Operating - Agency Agy# MOC. EIN Number Amount UIA etc) Organization Status (Council,",2009,designate,,,"Catholic Charities Neighborhood Services, Inc.",Narrows Senior Center,112047151,,DFTA,125,003,,ocr:amt;ocr:lowconf
3,2008-11-19,"Transportation Costs Operating - Agency Agy# MOC. EIN Number Amount UIA etc) Organization Status (Council,",2009,designate,,,"Catholic Charities Neighborhood Services, Inc.",Narrows Senior Center,112047151,,DFTA,125,003,,ocr:amt;ocr:lowconf
3,2008-11-19,"Transportation Costs Operating - Agency Agy# MOC. EIN Number Amount UIA etc) Organization Status (Council,",2009,designate,,,"Catholic Charities Neighborhood Services, Inc.",Narrows Senior Center,112047151,,DFTA,125,003,,ocr:amt
3,2008-11-19,"Transportation Costs Operating - Agency Agy# MOC. EIN Number Amount UIA etc) Organization Status (Council,",2009,designate,,,"Catholic Charities Neighborhood Services, Inc. Narrows Senior Center",,112047151,,DFTA,125,003,,ocr:amt;ocr:lowconf
3,2008-11-19,"Transportation Costs Operating - Agency Agy# MOC. EIN Number Amount UIA etc) Organization Status (Council,",2009,designate,,,"Catholic Charities Neighborhood Services, Inc.","Narrows Senior Center,",112047151,,DFTA,125,003,,ocr:amt;ocr:lowconf
3,2008-11-19,"Transportation Costs Operating - Agency Agy# MOC. EIN Number Amount UIA etc) Organization Status (Council,",2009,designate,,,"Catholic Charities Neighborhood Services, Inc.",Narrows Senior Center,112047151,,DFTA,125,003,,ocr:amt
3,2008-11-19,"Transportation Costs Operating - Agency Agy# MOC. EIN Number Amount UIA etc) Organization Status (Council,",2009,designate,,,"Catholic Charities Neighborhood Services, Inc.",Saint Louis Senior Center,112047151,,DFTA,125,003,,ocr:amt;ocr:lowconf
3,2008-11-19,"Transportation Costs Operating - Agency Agy# MOC. EIN Number Amount UIA etc) Organization Status (Council,",2009,designate,,,"Catholic Charities Neighborhood Services, Inc. Saint Louis Senior Center",,112047151,,DFTA,125,003,,ocr:amt;ocr:lowconf
3,2008-11-19,"Transportation Costs Operating - Agency Agy# MOC. EIN Number Amount UIA etc) Organization Status (Council,",2009,designate,,,"Catholic Charities Neighborhood Services, Inc. Saint Louis Senior Center",,112047151,,DFTA,125,003,,ocr:amt
3,2008-11-19,"Transportation Costs Operating - Agency Agy# MOC. EIN Number Amount UIA etc) Organization Status (Council,",2009,designate,,,"Catholic Charities Neighborhood Services, Inc.",Steinway Senior Center,112047151,,DFTA,125,003,,ocr:amt;ocr:lowconf
3,2008-11-19,"Transportation Costs Operating - Agency Agy# MOC. EIN Number Amount UIA etc) Organization Status (Council,",2009,designate,,,"Catholic Charities Neighborhood Services, Inc.",Woodhaven Senior Center,112047151,,DFTA,125,003,,ocr:amt;ocr:lowconf
3,2008-11-19,"Transportation Costs Operating - Agency Agy# MOC. EIN Number Amount UIA etc) Organization Status (Council,",2009,designate,,,"Catholic Charities Neighborhood Services, Inc.",Woodhaven Senior Center,112047151,,DFTA,125,003,,ocr:amt;ocr:lowconf
3,2008-11-19,"Transportation Costs Operating - Agency Agy# MOC. EIN Number Amount UIA etc) Organization Status (Council,",2009,designate,,,"Catholic Charities Neighborhood Services, inc.",Woodhaven Senior Center,112047151,,DFTA,125,003,,ocr:amt;ocr:lowconf
3,2008-11-19,"Transportation Costs Operating - Agency Agy# MOC. EIN Number Amount UIA etc) Organization Status (Council,",2009,designate,,,"Catholic Charities Neighborhood Services, Inc. Woodhaven Senior Center",,112047151,,DFTA,125,003,,ocr:amt
3,2008-11-19,"Transportation Costs Operating - Agency Agy# MOC. EIN Number Amount UIA etc) Organization Status (Council,",2009,designate,,,"Catholic Charities Neighborhood Services, Inc.",Woodside Senior Services,112047151,,DFTA,125,003,,ocr:amt;ocr:lowconf
3,2008-11-19,"Transportation Costs Operating - Agency Agy# MOC. EIN Number Amount UIA etc) Organization Status (Council,",2009,designate,,,"Catholic Charities Neighborhood Services, Inc. Woodside Senior Services",,112047151,,DFTA,125,003,,ocr:amt;ocr:lowconf
3,2008-11-19,"Transportation Costs Operating - Agency Agy# MOC. EIN Number Amount UIA etc) Organization Status (Council,",2009,designate,,,"Catholic Charities Neighborhood Services, Inc. Woodside Senior Services",,112047151,,DFTA,125,003,,ocr:amt;ocr:lowconf
3,2008-11-19,"Transportation Costs Operating - Agency Agy# MOC. EIN Number Amount UIA etc) Organization Status (Council,",2009,designate,,,"Catholic Charities Neighborhood Services, Inc. Woodside Senior Services",,112047151,,DFTA,125,003,,ocr:amt
3,2008-11-19,"Transportation Costs Operating - Agency Agy# MOC. EIN Number Amount UIA etc) Organization Status (Council,",2009,designate,,,"Catholic Charities Neighborhood Services, Inc. Woodside Senior Services",,112047151,,DFTA,125,003,,ocr:amt;ocr:lowconf
3,2008-11-19,"Transportation Costs Operating - Agency Agy# MOC. EIN Number Amount UIA etc) Organization Status (Council,",2009,designate,,,"Central Harlem Senior Citizens Coalition, Inc. Senior Center",,132754783,,DFTA,125,003,,ocr:amt
3,2008-11-19,"Transportation Costs Operating - Agency Agy# MOC. EIN Number Amount UIA etc) Organization Status (Council,",2009,designate,,,"Charles A Walburg Multi-Service Organization, Inc. Home Delivered Meais",,237337180,,DFTA,125,003,,*;ocr:amt;ocr:lowconf
3,2008-11-19,"Transportation Costs Operating - Agency Agy# MOC. EIN Number Amount UIA etc) Organization Status (Council,",2009,designate,,,"Charles A Walburg Multi-Service Organization, Inc. Home Delivered Meals",,237337180,,DFTA,125,003,,ocr:amt;ocr:lowconf
3,2008-11-19,"Transportation Costs Operating - Agency Agy# MOC. EIN Number Amount UIA etc) Organization Status (Council,",2009,designate,,,"Charles A Walburg Multi-Service Organization, Inc. Home Delivered Meals",,237337180,,DFTA,125,003,,ocr:amt;ocr:lowconf
3,2008-11-19,"Transportation Costs Operating - Agency Agy# MOC. EIN Number Amount UIA etc) Organization Status (Council,",2009,designate,,,"Charles A Walburg Multi-Service Organization, Inc. Home Delivered Meals",,237337180,,DFTA,125,003,,ocr:amt;ocr:lowconf
3,2008-11-19,"Transportation Costs Operating - Agency Agy# MOC. EIN Number Amount UIA etc) Organization Status (Council,",2009,designate,,,"Charles A Walburg Multi- Service Organization, Inc. Home Delivered Meals",,237337180,,DFTA,125,003,,ocr:amt;ocr:lowconf
3,2008-11-19,"Transportation Costs Operating - Agency Agy# MOC. EIN Number Amount UIA etc) Organization Status (Council,",2009,designate,,,"Chinese American Planning Council, Inc Brooklyn Meals on Wheels",,136202692,,DFTA,125,003,,ocr:amt;ocr:lowconf
3,2008-11-19,"Transportation Costs Operating - Agency Agy# MOC. EIN Number Amount UIA etc) Organization Status (Council,",2009,designate,,,"Chinese American Planning Council, Inc",Project Open Door,136202692,,DFTA,125,003,,ocr:amt;ocr:lowconf
3,2008-11-19,"Transportation Costs Operating - Agency Agy# MOC. EIN Number Amount UIA etc) Organization Status (Council,",2009,designate,,,"Chinese American Planning Counci, Inc",Project Open Door,136202692,748130,DFTA,125,003,,ocr:lowconf
3,2008-11-19,"Transportation Costs Operating - Agency Agy# MOC. EIN Number Amount UIA etc) Organization Status (Council,",2009,designate,,,"Chinese American Planning Council, Inc",Project Open Door,136202692,,DFTA,125,003,,ocr:amt;ocr:lowconf
3,2008-11-19,"Transportation Costs Operating - Agency Agy# MOC. EIN Number Amount UIA etc) Organization Status (Council,",2009,designate,,,"Chinese American Planning Council, Inc",Project Open Door,136202692,,DFTA,125,003,,ocr:amt;ocr:lowconf
3,2008-11-19,"Transportation Costs Operating - Agency Agy# MOC. EIN Number Amount UIA etc) Organization Status (Council,",2009,designate,,,"Chinese American Planning Council, Inc.",Queens Nan Shan Senior Center,136202692,,DFTA,125,003,,ocr:amt
3,2008-11-19,"Transportation Costs Operating - Agency Agy# MOC. EIN Number Amount UIA etc) Organization Status (Council,",2009,designate,,,"Chinese American Planning Council, Inc.",Queens Nan Shan Senior Center,136202692,,DFTA,125,003,,ocr:amt;ocr:lowconf
3,2008-11-19,"Transportation Costs Operating - Agency Agy# MOC. EIN Number Amount UIA etc) Organization Status (Council,",2009,designate,,,"Church on the Hill Oider Adult (COTHOA) Luncheon Club, Inc.",Senior Center,133608860,,DFTA,125,003,,ocr:amt;ocr:lowconf
3,2008-11-19,"Transportation Costs Operating - Agency Agy# MOC. EIN Number Amount UIA etc) Organization Status (Council,",2009,designate,,,"Citizens Advice Bureau, Inc., The Heights Center for Seniors",,133254484,,DFTA,125,003,,ocr:amt;ocr:lowconf
3,2008-11-19,"Transportation Costs Operating - Agency Agy# MOC. EIN Number Amount UIA etc) Organization Status (Council,",2009,designate,,,"Citizens Advice Bureau, inc., The Morris Senior Center",,133254484,,DFTA,125,003,,ocr:amt;ocr:lowconf
3,2008-11-19,"Transportation Costs Operating - Agency Agy# MOC. EIN Number Amount UIA etc) Organization Status (Council,",2009,designate,,,"Citizens Care Committee, Inc.",Senior Center,136179568,,DFTA,125,003,,*;ocr:amt;ocr:lowconf
3,2008-11-19,"Transportation Costs Operating - Agency Agy# MOC. EIN Number Amount UIA etc) Organization Status (Council,",2009,designate,,,"Community Agency for Senior Citizens, Inc. Case Assistance and Transportation",,133263537,,DFTA,125,003,,ocr:amt;ocr:lowconf
3,2008-11-19,"Transportation Costs Operating - Agency Agy# MOC. EIN Number Amount UIA etc) Organization Status (Council,",2009,designate,,,"Community Agency for Senior Citizens, Inc. Case Assistance and Transportation",,133263537,,DFTA,125,003,,ocr:amt;ocr:lowconf
3,2008-11-19,"Transportation Costs Operating - Agency Agy# MOC. EIN Number Amount UIA etc) Organization Status (Council,",2009,designate,,,"Community Agency for Senior Citizens, Inc.",Case Assistance and Transportation,133263537,748130,DFTA,125,003,,ocr:lowconf
3,2008-11-19,"Transportation Costs Operating - Agency Agy# MOC. EIN Number Amount UIA etc) Organization Status (Council,",2009,designate,,,"Community Agency for Senior Citizens, Inc.",Case Assistance and Transportation,133263537,,DFTA,125,003,,ocr:amt
3,2008-11-19,"Transportation Costs Operating - Agency Agy# MOC. EIN Number Amount UIA etc) Organization Status (Council,",2009,designate,,,"Community Agency for Senior Citizens, Inc. Case Assistance and Transportation",,133263537,748130,DFTA,125,003,,ocr:lowconf
3,2008-11-19,"Transportation Costs Operating - Agency Agy# MOC. EIN Number Amount UIA etc) Organization Status (Council,",2009,designate,,,"Community Agency for Senior Citizens, Inc.",Case Assistance and Transportation,133263537,,DFTA,125,003,,ocr:amt;ocr:lowconf
3,2008-11-19,"Transportation Costs Operating - Agency Agy# MOC. EIN Number Amount UIA etc) Organization Status (Council,",2009,designate,,,"Community Agency for Senior Citizens, Inc.",Case Assistance and Transportation,133263537,,DFTA,125,003,,ocr:amt;ocr:lowconf
3,2008-11-19,"Transportation Costs Operating - Agency Agy# MOC. EIN Number Amount UIA etc) Organization Status (Council,",2009,designate,,,"Community Agency for Senior Citizens, Inc. Case Assistance and Transportation",,133263537,,DFTA,125,003,,ocr:amt;ocr:lowconf
3,2008-11-19,"Transportation Costs Operating - Agency Agy# MOC. EIN Number Amount UIA etc) Organization Status (Council,",2009,designate,,,"Community Agency for Senior Citizens, Inc. Case Assistance and Transportation",,133263537,,DFTA,125,003,,ocr:amt;ocr:lowconf
3,2008-11-19,"Transportation Costs Operating - Agency Agy# MOC. EIN Number Amount UIA etc) Organization Status (Council,",2009,designate,,,"Community Agency for Senior Citizens, Inc.",Frail Elderly Transportation,133263537,,DFTA,125,003,,ocr:amt;ocr:lowconf
3,2008-11-19,"Transportation Costs Operating - Agency Agy# MOC. EIN Number Amount UIA etc) Organization Status (Council,",2009,designate,,,"Community Agency for Senior Citizens, Inc.",Frail Elderly Transportation,133263537,,DFTA,125,003,,ocr:amt;ocr:lowconf
3,2008-11-19,"Transportation Costs Operating - Agency Agy# MOC. EIN Number Amount UIA etc) Organization Status (Council,",2009,designate,,,"Community Agency for Senior Citizens, Inc.",Frail Elderly Transportation,133263537,,DFTA,125,003,,ocr:amt
3,2008-11-19,"Transportation Costs Operating - Agency Agy# MOC. EIN Number Amount UIA etc) Organization Status (Council,",2009,designate,,,"Community Agency for Senior Citizens, Inc.",Frail Elderly Transportation,133263537,,DFTA,125,003,,ocr:amt
3,2008-11-19,"Transportation Costs Operating - Agency Agy# MOC. EIN Number Amount UIA etc) Organization Status (Council,",2009,designate,,,"Community Agency for Senior Citizens, Inc.",Frail Elderly Transportation,133263537,,DFTA,125,003,,ocr:amt;ocr:lowconf
3,2008-11-19,"Transportation Costs Operating - Agency Agy# MOC. EIN Number Amount UIA etc) Organization Status (Council,",2009,designate,,,"Community Agency for Senior Citizens, Inc.",Frail Elderly Transportation,133263537,,DFTA,125,003,,ocr:amt;ocr:lowconf
3,2008-11-19,"Transportation Costs Operating - Agency Agy# MOC. EIN Number Amount UIA etc) Organization Status (Council,",2009,designate,,,Convent Avenue Baptist Church Hamilton Grange Senior Center,,132780116,,DFTA,125,003,,ocr:amt;ocr:lowconf
3,2008-11-19,"Transportation Costs Operating - Agency Agy# MOC. EIN Number Amount UIA etc) Organization Status (Council,",2009,designate,,,Convent Avenue Baptist Church,Hamilton Grange Senior Center,132780116,,DFTA,125,003,,ocr:amt
3,2008-11-19,"Transportation Costs Operating - Agency Agy# MOC. EIN Number Amount UIA etc) Organization Status (Council,",2009,designate,,,Convent Avenue Baptist Church Hamilton Grange Senior Center,,132780116,,DFTA,125,003,,ocr:amt;ocr:lowconf
3,2008-11-19,"Transportation Costs Operating - Agency Agy# MOC. EIN Number Amount UIA etc) Organization Status (Council,",2009,designate,,,"Corona Congregational Church, Inc.",Florence E. Smith Senior Center,113024828,,DFTA,125,003,,ocr:amt;ocr:lowconf
3,2008-11-19,"Transportation Costs Operating - Agency Agy# MOC. EIN Number Amount UIA etc) Organization Status (Council,",2009,designate,,,"Corona Congregational Church, Inc. Florence E. Smith Senior Center",,113024828,,DFTA,125,003,,ocr:amt;ocr:lowconf
3,2008-11-19,"Transportation Costs Operating - Agency Agy# MOC. EIN Number Amount UIA etc) Organization Status (Council,",2009,designate,,,"Corona Congregational Church, Inc. Florence E. Smith Senior Center",,113024828,,DFTA,125,003,,ocr:amt
3,2008-11-19,"Transportation Costs Operating - Agency Agy# MOC. EIN Number Amount UIA etc) Organization Status (Council,",2009,designate,,,"Corona Congregational Church, Inc.",Florence E. Smith Senior Center,113024828,,DFTA,125,003,,ocr:amt;ocr:lowconf
3,2008-11-19,"Transportation Costs Operating - Agency Agy# MOC. EIN Number Amount UIA etc) Organization Status (Council,",2009,designate,,,"Corona Congregational Church, Inc. Florence E. Smith Senior Center",,113024828,,DFTA,125,003,,ocr:amt;ocr:lowconf
3,2008-11-19,"Transportation Costs Operating - Agency Agy# MOC. EIN Number Amount UIA etc) Organization Status (Council,",2009,designate,,,"Corona Congregational Church, Inc. Florence E. Smith Senior Center",,113024828,,DFTA,125,003,,ocr:amt;ocr:lowconf
3,2008-11-19,"Transportation Costs Operating - Agency Agy# MOC. EIN Number Amount UIA etc) Organization Status (Council,",2009,designate,,,Council of Belmont Organizations. Inc. Mt Carmel Center for Senior Citizens,,132755323,,DFTA,125,003,,ocr:amt;ocr:lowconf
3,2008-11-19,"Transportation Costs Operating - Agency Agy# MOC. EIN Number Amount UIA etc) Organization Status (Council,",2009,designate,,,Crown Heights Preservation Committee Corp Shalom Senior Center,,112322490,,DFTA,125,003,,ocr:amt;ocr:lowconf
3,2008-11-19,"Transportation Operating Costs (continued) - Amount Agy# Status (Council, MOC. EIN Number UIA etc) Organization Agency",2009,designate,,,"Cypress Hills-Fulton Street Senior Citizens Center, Inc.",,112297647,,DFTA,125,003,,ocr:amt;ocr:lowconf
3,2008-11-19,"Transportation Operating Costs (continued) - Amount Agy# Status (Council, MOC. EIN Number UIA etc) Organization Agency",2009,designate,,,DOROT. Inc. Kosher Meals for Homebound Elderly,,133264005,,DFTA,125,003,,ocr:amt;ocr:lowconf
3,2008-11-19,"Transportation Operating Costs (continued) - Amount Agy# Status (Council, MOC. EIN Number UIA etc) Organization Agency",2009,designate,,,"East Harlem Council for Human Services, inc.",Nutrition Program,136213532,,DFTA,125,003,,*;ocr:amt;ocr:lowconf
3,2008-11-19,"Transportation Operating Costs (continued) - Amount Agy# Status (Council, MOC. EIN Number UIA etc) Organization Agency",2009,designate,,,"East New York Council for the Aging, Inc. LHI Pink Senior Center",,113080634,,DFTA,125,003,,ocr:amt;ocr:lowconf
3,2008-11-19,"Transportation Operating Costs (continued) - Amount Agy# Status (Council, MOC. EIN Number UIA etc) Organization Agency",2009,designate,,,"East New York Council for the Aging, Inc.",Penn Wortman Senior Center,113080634,,DFTA,125,003,,ocr:amt;ocr:lowconf
3,2008-11-19,"Transportation Operating Costs (continued) - Amount Agy# Status (Council, MOC. EIN Number UIA etc) Organization Agency",2009,designate,,,"East New York Council for the Aging, Inc. Penn Wortman Senior Center",,113080634,,DFTA,125,003,,ocr:amt;ocr:lowconf
3,2008-11-19,"Transportation Operating Costs (continued) - Amount Agy# Status (Council, MOC. EIN Number UIA etc) Organization Agency",2009,designate,,,"East New York Council for the Aging, Inc.",Penn Wortman Senior Center,113080634,,DFTA,125,003,,ocr:amt;ocr:lowconf
3,2008-11-19,"Transportation Operating Costs (continued) - Amount Agy# Status (Council, MOC. EIN Number UIA etc) Organization Agency",2009,designate,,,Eileen Dugan Senior Citizens Center,,112301785,,DFTA,125,003,,ocr:amt
3,2008-11-19,"Transportation Operating Costs (continued) - Amount Agy# Status (Council, MOC. EIN Number UIA etc) Organization Agency",2009,designate,,,"Elmcor Youth and Adult Activities, Inc.",Senior Center,112224539,,DFTA,125,003,,ocr:amt;ocr:lowconf
3,2008-11-19,"Transportation Operating Costs (continued) - Amount Agy# Status (Council, MOC. EIN Number UIA etc) Organization Agency",2009,designate,,,"Elmcor Youth and Adult Activities, Inc. Senior Center",,112224539,,DFTA,125,003,,ocr:amt;ocr:lowconf
3,2008-11-19,"Transportation Operating Costs (continued) - Amount Agy# Status (Council, MOC. EIN Number UIA etc) Organization Agency",2009,designate,,,"Elmcor Youth and Adult Activities, Inc. Senior Center",,112224539,,DFTA,125,003,,*;ocr:amt;ocr:lowconf
3,2008-11-19,"Transportation Operating Costs (continued) - Amount Agy# Status (Council, MOC. EIN Number UIA etc) Organization Agency",2009,designate,,,"Eimcor Youth and Adult Activities, Inc. Senior Center",,112224539,,DFTA,125,003,,*;ocr:amt;ocr:lowconf
3,2008-11-19,"Transportation Operating Costs (continued) - Amount Agy# Status (Council, MOC. EIN Number UIA etc) Organization Agency",2009,designate,,,Family Care Services,Visiting Nurse Service Meals on Wheels (MOW),133213081,,DFTA,125,003,,ocr:amt;ocr:lowconf
3,2008-11-19,"Transportation Operating Costs (continued) - Amount Agy# Status (Council, MOC. EIN Number UIA etc) Organization Agency",2009,designate,,,Family Care Services,Visiting Nurse Service Meals on Wheels (MOW),133213081,,DFTA,125,003,,ocr:amt;ocr:lowconf
3,2008-11-19,"Transportation Operating Costs (continued) - Amount Agy# Status (Council, MOC. EIN Number UIA etc) Organization Agency",2009,designate,,,Family Care Services,Visiting Nurse Service Meals on Wheels (MOW),133213081,,DFTA,125,003,,ocr:amt;ocr:lowconf
3,2008-11-19,"Transportation Operating Costs (continued) - Amount Agy# Status (Council, MOC. EIN Number UIA etc) Organization Agency",2009,designate,,,Family Care Services Visiting Nurse Service Meals on' Wheels (MOW),,133213081,,DFTA,125,003,,ocr:amt;ocr:lowconf
3,2008-11-19,"Transportation Operating Costs (continued) - Amount Agy# Status (Council, MOC. EIN Number UIA etc) Organization Agency",2009,designate,,,"Fort Greene Senior Citizens Council, Inc.",Fort Greene Crown Heights,112300840,,DFTA,125,003,,ocr:amt
3,2008-11-19,"Transportation Operating Costs (continued) - Amount Agy# Status (Council, MOC. EIN Number UIA etc) Organization Agency",2009,designate,,,"Fort Greene Senior Citizens Council, Inc. Fort Greene Crown Heights",,112300840,,DFTA,125,003,,ocr:amt
3,2008-11-19,"Transportation Operating Costs (continued) - Amount Agy# Status (Council, MOC. EIN Number UIA etc) Organization Agency",2009,designate,,,"Fort Greene Senior Citizens Council, Inc.",Fort Greene Crown Heights,112300840,,DFTA,125,003,,ocr:amt;ocr:lowconf
3,2008-11-19,"Transportation Operating Costs (continued) - Amount Agy# Status (Council, MOC. EIN Number UIA etc) Organization Agency",2009,designate,,,"Fort Greene Senior Citizens Council, Inc.",Fort Greene Crown Heights,112300840,,DFTA,125,003,,ocr:amt;ocr:lowconf
3,2008-11-19,"Transportation Operating Costs (continued) - Amount Agy# Status (Council, MOC. EIN Number UIA etc) Organization Agency",2009,designate,,,"Fort Greene Senior Citizens Council, Inc.",Fort Greene Crown Heights,112300840,,DFTA,125,003,,ocr:amt;ocr:lowconf
3,2008-11-19,"Transportation Operating Costs (continued) - Amount Agy# Status (Council, MOC. EIN Number UIA etc) Organization Agency",2009,designate,,,"Fort Greene Senior Citizens Council, Inc.",Grace Agard Harewood Senior Ctr,112300840,,DFTA,125,003,,ocr:amt
3,2008-11-19,"Transportation Operating Costs (continued) - Amount Agy# Status (Council, MOC. EIN Number UIA etc) Organization Agency",2009,designate,,,"Fort Greene Senior Citizens Council, Inc.",Grace Agard Harewood Senior Ctr,112300840,,DFTA,125,003,,ocr:amt;ocr:lowconf
3,2008-11-19,"Transportation Operating Costs (continued) - Amount Agy# Status (Council, MOC. EIN Number UIA etc) Organization Agency",2009,designate,,,"Fort Greene Senior Citizens Council, Inc.",Grace Agard Harewood Senior Ctr,112300840,,DFTA,125,003,,ocr:amt
3,2008-11-19,"Transportation Operating Costs (continued) - Amount Agy# Status (Council, MOC. EIN Number UIA etc) Organization Agency",2009,designate,,,"Fort Greene Senior Citizens Council, Inc. Senior Action Center",,112300840,,DFTA,125,003,,ocr:amt;ocr:lowconf
3,2008-11-19,"Transportation Operating Costs (continued) - Amount Agy# Status (Council, MOC. EIN Number UIA etc) Organization Agency",2009,designate,,,"Fort Greene Senior Citizens Council, Inc.",Senior Action Center,112300840,,DFTA,125,003,,ocr:amt;ocr:lowconf
3,2008-11-19,"Transportation Operating Costs (continued) - Amount Agy# Status (Council, MOC. EIN Number UIA etc) Organization Agency",2009,designate,,,"Fort Greene Senior Citizens Council, Inc.",Senior Action Center,112300840,,DFTA,125,003,,ocr:amt;ocr:lowconf
3,2008-11-19,"Transportation Operating Costs (continued) - Amount Agy# Status (Council, MOC. EIN Number UIA etc) Organization Agency",2009,designate,,,"Glenridge Senior Citizen Multi-Service & Advisory Center, inc.",,112327136,,DFTA,125,003,,ocr:amt;ocr:lowconf
3,2008-11-19,"Transportation Operating Costs (continued) - Amount Agy# Status (Council, MOC. EIN Number UIA etc) Organization Agency",2009,designate,,,"Glenridge Senior Citizen Multi- Service & Advisory Center, Inc.",,112327136,,DFTA,125,003,,ocr:amt;ocr:lowconf
3,2008-11-19,"Transportation Operating Costs (continued) - Amount Agy# Status (Council, MOC. EIN Number UIA etc) Organization Agency",2009,designate,,,"Glenridge Senior Citizen Multi- Service & Advisory Center, Inc.",,112327136,,DFTA,125,003,,ocr:amt;ocr:lowconf
3,2008-11-19,"Transportation Operating Costs (continued) - Amount Agy# Status (Council, MOC. EIN Number UIA etc) Organization Agency",2009,designate,,,Goddard Riverside Community Center,Goddard Riverside Senior Center,131893908,,DFTA,125,003,,ocr:amt;ocr:lowconf
3,2008-11-19,"Transportation Operating Costs (continued) - Amount Agy# Status (Council, MOC. EIN Number UIA etc) Organization Agency",2009,designate,,,"Hamiton-Madison House, Inc. City Hall Senior Center",,135562412,,DFTA,125,003,,ocr:amt;ocr:lowconf
3,2008-11-19,"Transportation Operating Costs (continued) - Amount Agy# Status (Council, MOC. EIN Number UIA etc) Organization Agency",2009,designate,,,"Hamiton-Madison House, Inc.",City Hall Senior Center,135562412,,DFTA,125,003,,ocr:amt;ocr:lowconf
3,2008-11-19,"Transportation Operating Costs (continued) - Amount Agy# Status (Council, MOC. EIN Number UIA etc) Organization Agency",2009,designate,,,"Heights and Hill Community Council, Inc. Senior Services",,237237927,,DFTA,125,003,,ocr:amt;ocr:lowconf
3,2008-11-19,"Transportation Operating Costs (continued) - Amount Agy# Status (Council, MOC. EIN Number UIA etc) Organization Agency",2009,designate,,,"Heights and Hill Community Council, Inc.",Senior Services,237237927,,DFTA,125,003,,ocr:amt
3,2008-11-19,"Transportation Operating Costs (continued) - Amount Agy# Status (Council, MOC. EIN Number UIA etc) Organization Agency",2009,designate,,,"Hellenic American Neighborhood Action Committee, Inc. (HANAC) Angelo Petromelis College Point Senior Center",,112290832,,DFTA,125,003,,ocr:amt
3,2008-11-19,"Transportation Operating Costs (continued) - Amount Agy# Status (Council, MOC. EIN Number UIA etc) Organization Agency",2009,designate,,,"Hellenic American Neighborhood Action Committee, Inc. (HANAC) Angelo Petromelis College Point Senior Center",,112290832,,DFTA,125,003,,ocr:amt;ocr:lowconf
3,2008-11-19,"Transportation Operating Costs (continued) - Amount Agy# Status (Council, MOC. EIN Number UIA etc) Organization Agency",2009,designate,,,"Hellenic American Neighborhood Action Committee, Inc. (HANAC) East West Connection",,112290832,,DFTA,125,003,,ocr:amt;ocr:lowconf
3,2008-11-19,"Transportation Operating Costs (continued) - Amount Agy# Status (Council, MOC. EIN Number UIA etc) Organization Agency",2009,designate,,,"Hellenic American Neighborhood Action Committee, Inc. (HANAC) East West Connection",,112290832,,DFTA,125,003,,ocr:amt;ocr:lowconf
3,2008-11-19,"Transportation Operating Costs (continued) - Amount Agy# Status (Council, MOC. EIN Number UIA etc) Organization Agency",2009,designate,,,"Hellenic American Neighbornood Action Committee, inc. (HANAC)",East West Connection,112290832,,DFTA,125,003,,ocr:amt;ocr:lowconf
3,2008-11-19,"Transportation Operating Costs (continued) - Amount Agy# Status (Council, MOC. EIN Number UIA etc) Organization Agency",2009,designate,,,"Hellenic American Neighborhood Action Committee, Inc. (HANAC)",East West Connection,112290832,,DFTA,125,003,,ocr:amt;ocr:lowconf
3,2008-11-19,"Transportation Operating Costs (continued) - Amount Agy# Status (Council, MOC. EIN Number UIA etc) Organization Agency",2009,designate,,,"Hellenic American Neighborhood Action Committee, Inc. (HANAC)",East West Connection,112290832,,DFTA,125,003,,ocr:amt;ocr:lowconf
3,2008-11-19,"Transportation Operating Costs (continued) - Amount Agy# Status (Council, MOC. EIN Number UIA etc) Organization Agency",2009,designate,,,"Hellenic American Neighborhood Action Committee, Inc. (HANAC)",East West Connection,112290832,748130,DFTA,125,003,,ocr:lowconf
3,2008-11-19,"Transportation Operating Costs (continued) - Amount Agy# Status (Council, MOC. EIN Number UIA etc) Organization Agency",2009,designate,,,"Hellenic American Neighborhood Action Committee, Inc. (HANAC)- East West Connection",,112290832,,DFTA,125,003,,ocr:amt;ocr:lowconf
3,2008-11-19,"Transportation Operating Costs (continued) - Amount Agy# Status (Council, MOC. EIN Number UIA etc) Organization Agency",2009,designate,,,"Hellenic American Neighborhood Action Committee, Inc. (HANAC) East West Connection",,112290832,748130,DFTA,125,003,,ocr:lowconf
3,2008-11-19,"Transportation Operating Costs (continued) - Amount Agy# Status (Council, MOC. EIN Number UIA etc) Organization Agency",2009,designate,,,Henry Street Settlement,Good Companions Nutrition,131562242,,DFTA,125,003,,ocr:amt;ocr:lowconf
3,2008-11-19,"Transportation Operating Costs (continued) - Amount Agy# Status (Council, MOC. EIN Number UIA etc) Organization Agency",2009,designate,,,Henry Street Settlement,Good Companions Nutrition,131562242,,DFTA,125,003,,ocr:amt;ocr:lowconf
3,2008-11-19,"Transportation Operating Costs (continued) - Amount Agy# Status (Council, MOC. EIN Number UIA etc) Organization Agency",2009,designate,,,"Homecrest Community Services, Inc.",,113373115,,DFTA,125,003,,ocr:amt;ocr:lowconf
3,2008-11-19,"Transportation Operating Costs (continued) - Amount Agy# Status (Council, MOC. EIN Number UIA etc) Organization Agency",2009,designate,,,Hudson Guild,Senior Services,135562989,,DFTA,125,003,,ocr:amt
3,2008-11-19,"Transportation Operating Costs (continued) - Amount Agy# Status (Council, MOC. EIN Number UIA etc) Organization Agency",2009,designate,,,"Hunts Point Multi-Service Center, Inc.",Maria Isabel Senior Center,132612592,,DFTA,125,003,,ocr:amt;ocr:lowconf
3,2008-11-19,"Transportation Operating Costs (continued) - Amount Agy# Status (Council, MOC. EIN Number UIA etc) Organization Agency",2009,designate,,,"Institute for the Puerto Rican/Hispanic Elderly, Inc. Arturo Schomberg Senior Center",,132987263,,DFTA,125,003,,ocr:amt;ocr:lowconf
3,2008-11-19,"Transportation Operating Costs (continued) - Amount Agy# Status (Council, MOC. EIN Number UIA etc) Organization Agency",2009,designate,,,"Institute for the Puerto Rican/Hispanic Elderly, Inc. Leonard Covello Senior Center",,132987263,,DFTA,125,003,,ocr:amt;ocr:lowconf
3,2008-11-19,"Transportation Operating Costs (continued) - Amount Agy# Status (Council, MOC. EIN Number UIA etc) Organization Agency",2009,designate,,,"Jacob A. Ris Neighborhood Settlement House, Inc.",Queensbridge Riis,111729398,,DFTA,125,003,,ocr:amt;ocr:lowconf
3,2008-11-19,"Transportation Operating Costs (continued) - Amount Agy# Status (Council, MOC. EIN Number UIA etc) Organization Agency",2009,designate,,,"Jamaica Service Program for Older Adults, Inc. (JSPOA)",Conion Nutrition Center,510204121,,DFTA,125,003,,ocr:amt;ocr:lowconf
3,2008-11-19,"Transportation Operating Costs (continued) - Amount Agy# Status (Council, MOC. EIN Number UIA etc) Organization Agency",2009,designate,,,"Jamaica Service Program for Older Aduits, Inc. (JSPOA)",Conlon Nutrition Center,510204121,,DFTA,125,003,,ocr:amt;ocr:lowconf
3,2008-11-19,"Transportation Operating Costs (continued) - Amount Agy# Status (Council, MOC. EIN Number UIA etc) Organization Agency",2009,designate,,,"Jamaica Service Program for Older Adults, Inc. (JSPOA)",Conion Senior Center,510204121,,DFTA,125,003,,ocr:amt;ocr:lowconf
3,2008-11-19,"Transportation Operating Costs (continued) - Amount Agy# Status (Council, MOC. EIN Number UIA etc) Organization Agency",2009,designate,,,"Jamaica Service Program for Older Adults, Inc. (JSPOA)",Foster Laurie Senior Center,510204121,748130,DFTA,125,003,,ocr:lowconf
3,2008-11-19,"Transportation Operating Costs (continued) - Amount Agy# Status (Council, MOC. EIN Number UIA etc) Organization Agency",2009,designate,,,"Jamaica Service Program for Older Adults, Inc. (JSPOA)",Friendship Nutrition Center,510204121,,DFTA,125,003,,ocr:amt
3,2008-11-19,"Transportation Operating Costs (continued) - Amount Agy# Status (Council, MOC. EIN Number UIA etc) Organization Agency",2009,designate,,,"Jamaica Service Program for Older Adults, Inc. (JSPOA)",Friendship Nutrition Center,510204121,,DFTA,125,003,,ocr:amt;ocr:lowconf
3,2008-11-19,"Transportation Operating Costs (continued) - Amount Agy# Status (Council, MOC. EIN Number UIA etc) Organization Agency",2009,designate,,,"Jamaica Service Program for Older Adults, Inc. (JSPOA)",South Jamaica Senior Center,510204121,,DFTA,125,003,,ocr:amt;ocr:lowconf
3,2008-11-19,"Transportation Operating Costs (continued) - Amount Agy# Status (Council, MOC. EIN Number UIA etc) Organization Agency",2009,designate,,,"Jamaica Service Program for Older Aduits, Inc. (JSPOA) Theodora Jackson",,510204121,,DFTA,125,003,,ocr:amt;ocr:lowconf
3,2008-11-19,"Transportation Operating Costs (continued) - Amount Agy# Status (Council, MOC. EIN Number UIA etc) Organization Agency",2009,designate,,,"Jamaica Service Program for Older Adults, Inc. (JSPOA)",Transportation Program,510204121,,DFTA,125,003,,ocr:amt;ocr:lowconf
3,2008-11-19,"Transportation Operating Costs (continued) - Amount Agy# Status (Council, MOC. EIN Number UIA etc) Organization Agency",2009,designate,,,"Jamaica Service Program for Older Aduits, Inc. (JSPOA)",Transportation Program,510204121,,DFTA,125,003,,ocr:amt;ocr:lowconf
3,2008-11-19,"Transportation Operating Costs (continued) - Amount Agy# Status (Council, MOC. EIN Number UIA etc) Organization Agency",2009,designate,,,Jewish Association for Services for the Aged (JASA)- Brookdale,,132620896,,DFTA,125,003,,ocr:amt;ocr:lowconf
3,2008-11-19,"Transportation Operating Costs (continued) - Amount Agy# Status (Council, MOC. EIN Number UIA etc) Organization Agency",2009,designate,,,Jewish Association for Services for the Aged (JASA) Brookdale,,132620896,,DFTA,125,003,,ocr:amt;ocr:lowconf
3,2008-11-19,"Transportation Operating Costs (continued) - Amount Agy# Status (Council, MOC. EIN Number UIA etc) Organization Agency",2009,designate,,,Jewish Association for Services for the Aged (JASA) Brookdale,,132620896,,DFTA,125,003,,ocr:amt;ocr:lowconf
3,2008-11-19,"Transportation Operating Costs (continued) - Amount Agy# Status (Council, MOC. EIN Number UIA etc) Organization Agency",2009,designate,,,Jewish Association for Services for the Aged (JASA)- Brookdale,,132620896,,DFTA,125,003,,ocr:amt;ocr:lowconf
3,2008-11-19,"Transportation Operating Costs (continued) - Amount Agy# Status (Council, MOC. EIN Number UIA etc) Organization Agency",2009,designate,,,Jewish Association for Services for the Aged (JASA),Co-op City Senior Center,132620896,,DFTA,125,003,,ocr:amt;ocr:lowconf
3,2008-11-19,"Transportation Operating Costs (continued) - Amount Agy# Status (Council, MOC. EIN Number UIA etc) Organization Agency",2009,designate,,,Jewish Association for Services for the Aged (JASA)- Co-op City Senior Center,,132620896,,DFTA,125,003,,ocr:amt
3,2008-11-19,"Transportation Operating Costs (continued) - Amount Agy# Status (Council, MOC. EIN Number UIA etc) Organization Agency",2009,designate,,,Jewish Association for Services for the Aged (JASA),Co-op City Seniof Center,132620896,,DFTA,125,003,,ocr:amt
3,2008-11-19,"Transportation Operating Costs (continued) - Amount Agy# Status (Council, MOC. EIN Number UIA etc) Organization Agency",2009,designate,,,Jewish Association for Services for the Aged (JASA)- Co-op City Senior Center,,132620896,,DFTA,125,003,,ocr:amt;ocr:lowconf
3,2008-11-19,"Transportation Operating Costs (continued) - Amount Agy# Status (Council, MOC. EIN Number UIA etc) Organization Agency",2009,designate,,,Jewish Association for Services for the Aged (JASA) Mobile Meals,,132620896,,DFTA,125,003,,ocr:amt;ocr:lowconf
3,2008-11-19,"Transportation Operating Costs (continued) - Amount Agy# Status (Council, MOC. EIN Number UIA etc) Organization Agency",2009,designate,,,Jewish Association for Services for the Aged (JASA) Mobile Meals,,132620896,,DFTA,125,003,,ocr:amt;ocr:lowconf
3,2008-11-19,"Transportation Operating Costs (continued) - Amount Agy# Status (Council, MOC. EIN Number UIA etc) Organization Agency",2009,designate,,,Jewish Association for Services for the Aged (JASA) Mobile Meals,,132620896,,DFTA,125,003,,ocr:amt;ocr:lowconf
3,2008-11-19,"Transportation Operating Costs (continued) - Amount Agy# Status (Council, MOC. EIN Number UIA etc) Organization Agency",2009,designate,,,Jewish Association for Services for the Aged (JASA) Mobile Meals,,132620896,,DFTA,125,003,,ocr:amt
3,2008-11-19,"Transportation Operating Costs (continued) - Amount Agy# Status (Council, MOC. EIN Number UIA etc) Organization Agency",2009,designate,,,Jewish Association for Services for the Aged (JASA)- Mobile Meals,,132620896,,DFTA,125,003,,ocr:amt;ocr:lowconf
3,2008-11-19,"Transportation Operating Costs (continued) - Amount Agy# Status (Council, MOC. EIN Number UIA etc) Organization Agency",2009,designate,,,Jewish Association for Services for the Aged (JASA),Senior Centers,132620896,,DFTA,125,003,,ocr:amt
3,2008-11-19,"Transportation Operating Costs (continued) - Amount Agy# Status (Council, MOC. EIN Number UIA etc) Organization Agency",2009,designate,,,Jewish Association for Services for the Aged (JASA)- South Brooklyn MOW,,132620896,,DFTA,125,003,,ocr:amt;ocr:lowconf
3,2008-11-19,"Transportation Operating Costs (continued) - Amount Agy# Status (Council, MOC. EIN Number UIA etc) Organization Agency",2009,designate,,,Jewish Association for Services for the Aged (JASA)- South Brooklyn MOW,,132620896,,DFTA,125,003,,ocr:amt;ocr:lowconf
3,2008-11-19,"Transportation Operating Costs (continued) - Amount Agy# Status (Council, MOC. EIN Number UIA etc) Organization Agency",2009,designate,,,Jewish Association for Services for the Aged (JASA),South Brooklyn MOW,132620896,,DFTA,125,003,,ocr:amt;ocr:lowconf
3,2008-11-19,"Transportation Operating Costs (continued) - Amount Agy# Status (Council, MOC. EIN Number UIA etc) Organization Agency",2009,designate,,,Jewish Association for Services for the Aged (JASA),South Brooklyn MOW,132620896,,DFTA,125,003,,ocr:amt;ocr:lowconf
3,2008-11-19,"Transportation Operating Costs (continued) - Amount Agy# Status (Council, MOC. EIN Number UIA etc) Organization Agency",2009,designate,,,Jewish Association for Services for the Aged (JASA) South Brooklyn MOW,,132620896,,DFTA,125,003,,ocr:amt;ocr:lowconf
3,2008-11-19,"Transportation Operating Costs (continued) - Amount Agy# Status (Council, MOC. EIN Number UIA etc) Organization Agency",2009,designate,,,Jewish Association for Services for the Aged (JASA)- South Brooklyn MOW,,132620896,,DFTA,125,003,,ocr:amt;ocr:lowconf
3,2008-11-19,"Transportation Operating Costs (continued) - Amount Agy# Status (Council, MOC. EIN Number UIA etc) Organization Agency",2009,designate,,,Jewish Association for Services for the Aged (JASA) South Brooklyn MOW,,132620896,,DFTA,125,003,,ocr:amt;ocr:lowconf
3,2008-11-19,"Transportation Operating Costs (continued) - Amount Agy# Status (Council, MOC. EIN Number UIA etc) Organization Agency",2009,designate,,,Jewish Association for Services for the Aged (JASA),South Brooklyn MOW,132620896,,DFTA,125,003,,ocr:amt;ocr:lowconf
3,2008-11-19,"Transportation Operating Costs (continued) - Amount Agy# Status (Council, MOC. EIN Number UIA etc) Organization Agency",2009,designate,,,Jewish Association for Services for the Aged (JASA),South Brooklyn MOW,132620896,,DFTA,125,003,,ocr:amt
3,2008-11-19,"Transportation Operating Costs (continued) - Amount Agy# Status (Council, MOC. EIN Number UIA etc) Organization Agency",2009,designate,,,"Jewish Community Center of Staten island, Inc.",,135562256,,DFTA,125,003,,ocr:amt;ocr:lowconf
3,2008-11-19,"Transportation Operating Costs (continued) - Amount Agy# Status (Council, MOC. EIN Number UIA etc) Organization Agency",2009,designate,,,"Jewish Community Center of Staten Island, Inc.",,135562256,,DFTA,125,003,,ocr:amt;ocr:lowconf
3,2008-11-19,"Transportation Operating Costs (continued) - Amount Agy# Status (Council, MOC. EIN Number UIA etc) Organization Agency",2009,designate,,,"Jewish Community Center of Staten Island, Inc.",Senior Kosher Nutrition Center,135562256,,DFTA,125,003,,ocr:amt;ocr:lowconf
3,2008-11-19,"Transportation Operating Costs (continued) - Amount Agy# Status (Council, MOC. EIN Number UIA etc) Organization Agency",2009,designate,,,"Jewish Community Center of Staten island, Inc.",Senior Kosher Nutrition Center,135562256,,DFTA,125,003,,ocr:amt;ocr:lowconf
3,2008-11-19,"Transportation Operating Costs (continued) - Amount Agy# Status (Council, MOC. EIN Number UIA etc) Organization Agency",2009,designate,,,"Jewish Community Center of Staten Island, Inc. Senior Kosher Nutrition Center",,135562256,,DFTA,125,003,,ocr:amt;ocr:lowconf
3,2008-11-19,"Transportation Operating Costs (continued) - Amount Agy# Status (Council, MOC. EIN Number UIA etc) Organization Agency",2009,designate,,,"Jewish Community Center of Staten Island, Inc.",Senior Kosher Nutrition. Center,135562256,,DFTA,125,003,,ocr:amt;ocr:lowconf
3,2008-11-19,"Transportation Operating Costs (continued) - Amount Agy# Status (Council, MOC. EIN Number UIA etc) Organization Agency",2009,designate,,,"Jewish Community Center of Staten Island, Inc.",Senior Kosher Nutrition Center,135562256,,DFTA,125,003,,ocr:amt;ocr:lowconf
3,2008-11-19,"Transportation Operating Costs (continued) - Amount Agy# Status (Council, MOC. EIN Number UIA etc) Organization Agency",2009,designate,,,"Jewish Community Center of Staten Island, Inc.",Senior Kosher Nutrition Center,135562256,,DFTA,125,003,,ocr:amt;ocr:lowconf
3,2008-11-19,"Transportation Operating Costs (continued) - Amount Agy# Status (Council, MOC. EIN Number UIA etc) Organization Agency",2009,designate,,,"Jewish Community Center of Staten Island, Inc.",Senior Kosher Nutrition Center,135562256,,DFTA,125,003,,ocr:amt;ocr:lowconf
3,2008-11-19,"Transportation Operating Costs (continued) - Amount Agy# Status (Council, MOC. EIN Number UIA etc) Organization Agency",2009,designate,,,"Jewish Community Center of Staten Island, Inc. Senior Kosher Nutrition Center",,135562256,,DFTA,125,003,,ocr:amt;ocr:lowconf
3,2008-11-19,"Transportation Operating Costs (continued) - Amount Agy# Status (Council, MOC. EIN Number UIA etc) Organization Agency",2009,designate,,,"Jewish Community Council of Greater Coney Island, Inc.",Ocean Parkway SCC,112665181,,DFTA,125,003,,ocr:amt;ocr:lowconf
3,2008-11-19,"Transportation Operating Costs (continued) - Amount Agy# Status (Council, MOC. EIN Number UIA etc) Organization Agency",2009,designate,,,"Jewish Community Council of Greater Coney Island, Inc.",Ocean Parkway SCC,112665181,,DFTA,125,003,,ocr:amt;ocr:lowconf
3,2008-11-19,"Transportation Operating Costs (continued) - Amount Agy# Status (Council, MOC. EIN Number UIA etc) Organization Agency",2009,designate,,,"Jewish Community Council of Greater Coney island, Inc.",Ocean Parkway SCC,112665181,,DFTA,125,003,,ocr:amt;ocr:lowconf
3,2008-11-19,"Transportation Operating Costs (continued) - Amount Agy# Status (Council, MOC. EIN Number UIA etc) Organization Agency",2009,designate,,,"Jewish Community Council of Greater Coney Island, Inc.",Ocean Parkway SCC,112665181,,DFTA,125,003,,ocr:amt;ocr:lowconf
3,2008-11-19,"Transportation Operating Costs (continued) - Amount Agy# Status (Council, MOC. EIN Number UIA etc) Organization Agency",2009,designate,,,"Jewish Community Council of Greater Coney Island, Inc. Ocean Parkway SCC",,112665181,,DFTA,125,003,,ocr:amt;ocr:lowconf
3,2008-11-19,"Transportation Operating Costs (continued) - Amount Agy# Status (Council, MOC. EIN Number UIA etc) Organization Agency",2009,designate,,,"Jewish Community Council of Greater Coney Island, Inc.",Project Relief Transport,112665181,,DFTA,125,003,,ocr:amt;ocr:lowconf
3,2008-11-19,"Transportation Operating Costs (continued) - Amount Agy# Status (Council, MOC. EIN Number UIA etc) Organization Agency",2009,designate,,,"Jewish Community Council of Greater Coney Island, Inc.",Project Relief Transport,112665181,,DFTA,125,003,,ocr:amt;ocr:lowconf
3,2008-11-19,"Transportation Operating Costs (continued) - Amount Agy# Status (Council, MOC. EIN Number UIA etc) Organization Agency",2009,designate,,,"Kingsbridge Heights Community Center, Inc.",Community Support for the Elderly,132813809,,DFTA,125,003,,ocr:amt;ocr:lowconf
3,2008-11-19,"Transportation Operating Costs (continued) - Amount Agy# Status (Council, MOC. EIN Number UIA etc) Organization Agency",2009,designate,,,"Kips Bay Boys and Girls Club, Inc.",Castle Hill Senior Center,131623850,,DFTA,125,003,,ocr:amt;ocr:lowconf
3,2008-11-19,"Transportation Operating Costs (continued) - Amount Agy# Status (Council, MOC. EIN Number UIA etc) Organization Agency",2009,designate,,,"Korean Community Services of Metropolitan New York, inc. Korean Américan Senior Center",,237348989,,DFTA,125,003,,ocr:amt;ocr:lowconf
3,2008-11-19,"Transportation Operating Costs (continued) - Amount Agy# Status (Council, MOC. EIN Number UIA etc) Organization Agency",2009,designate,,,"Korean Community Services of Metropolitan New York, Inc. Korean Américan Senior Center",,237348989,748130,DFTA,125,003,,ocr:lowconf
3,2008-11-19,"Transportation Costs Operating (continued) - Agy# MOC, EIN UIA (Council, Organization Number Agency Amount Status etc) *",2009,designate,,,"Korean Community Services of Metropolitan New York, Inc. Korean American Senior Center",,237348989,,DFTA,125,003,,ocr:amt;ocr:lowconf
3,2008-11-19,"Transportation Costs Operating (continued) - Agy# MOC, EIN UIA (Council, Organization Number Agency Amount Status etc) *",2009,designate,,,"Korean Community Services of Metropolitan New York, Inc. Korean American Senior Center-Flushing",,237348989,,DFTA,125,003,,ocr:amt;ocr:lowconf
3,2008-11-19,"Transportation Costs Operating (continued) - Agy# MOC, EIN UIA (Council, Organization Number Agency Amount Status etc) *",2009,designate,,,"Korean Community Services of Metropolitan New York, Inc. Korean American Senior Center-Flushing",,237348989,,DFTA,125,003,,ocr:amt;ocr:lowconf
3,2008-11-19,"Transportation Costs Operating (continued) - Agy# MOC, EIN UIA (Council, Organization Number Agency Amount Status etc) *",2009,designate,,,"Lenox Hill Neighborhood House, Inc.",,131628180,,DFTA,125,003,,ocr:amt;ocr:lowconf
3,2008-11-19,"Transportation Costs Operating (continued) - Agy# MOC, EIN UIA (Council, Organization Number Agency Amount Status etc) *",2009,designate,,,"Lenox Hill Neighborhood House, Inc.",,131628180,,DFTA,125,003,,ocr:amt
3,2008-11-19,"Transportation Costs Operating (continued) - Agy# MOC, EIN UIA (Council, Organization Number Agency Amount Status etc) *",2009,designate,,,"Lenox Hill Neighborhood House, Inc.",,131628180,,DFTA,125,003,,ocr:amt;ocr:lowconf
3,2008-11-19,"Transportation Costs Operating (continued) - Agy# MOC, EIN UIA (Council, Organization Number Agency Amount Status etc) *",2009,designate,,,"Meals on Wheeis of Staten Island, Inc.",,132894978,,DFTA,125,003,,ocr:amt
3,2008-11-19,"Transportation Costs Operating (continued) - Agy# MOC, EIN UIA (Council, Organization Number Agency Amount Status etc) *",2009,designate,,,"Meals on Wheels of Staten Island, Inc.",,132894978,,DFTA,125,003,,ocr:amt;ocr:lowconf
3,2008-11-19,"Transportation Costs Operating (continued) - Agy# MOC, EIN UIA (Council, Organization Number Agency Amount Status etc) *",2009,designate,,,"Meals on Wheels of Staten Island, Inc.",,132894978,,DFTA,125,003,,ocr:amt;ocr:lowconf
3,2008-11-19,"Transportation Costs Operating (continued) - Agy# MOC, EIN UIA (Council, Organization Number Agency Amount Status etc) *",2009,designate,,,"Meals on Wheels of Staten Island, Inc.",,132894978,,DFTA,125,003,,ocr:amt
3,2008-11-19,"Transportation Costs Operating (continued) - Agy# MOC, EIN UIA (Council, Organization Number Agency Amount Status etc) *",2009,designate,,,"Meals on Wheels of Staten Island, Inc.",,132894978,,DFTA,125,003,,ocr:amt;ocr:lowconf
3,2008-11-19,"Transportation Costs Operating (continued) - Agy# MOC, EIN UIA (Council, Organization Number Agency Amount Status etc) *",2009,designate,,,"Meals on Wheeis of Staten Island, Inc.",,132894978,,DFTA,125,003,,ocr:amt;ocr:lowconf
3,2008-11-19,"Transportation Costs Operating (continued) - Agy# MOC, EIN UIA (Council, Organization Number Agency Amount Status etc) *",2009,designate,,,"Meals on Wheels of Staten Island, Inc.",,132894978,,DFTA,125,003,,ocr:amt
3,2008-11-19,"Transportation Costs Operating (continued) - Agy# MOC, EIN UIA (Council, Organization Number Agency Amount Status etc) *",2009,designate,,,"Meals on Wheels of Staten Island, Inc.",,132894978,,DFTA,125,003,,ocr:amt
3,2008-11-19,"Transportation Costs Operating (continued) - Agy# MOC, EIN UIA (Council, Organization Number Agency Amount Status etc) *",2009,designate,,,"Meais on Wheels of Staten island, Inc.",,132894978,,DFTA,125,003,,ocr:amt;ocr:lowconf
3,2008-11-19,"Transportation Costs Operating (continued) - Agy# MOC, EIN UIA (Council, Organization Number Agency Amount Status etc) *",2009,designate,,,Merrill Park Civic Association of Springfield Gardens,Robert Couche Senior Center,112304928,,DFTA,125,003,,ocr:amt;ocr:lowconf
3,2008-11-19,"Transportation Costs Operating (continued) - Agy# MOC, EIN UIA (Council, Organization Number Agency Amount Status etc) *",2009,designate,,,Merrill Park Civic Association of Springfield Gardens,Robert Couche Senior Center,112304928,,DFTA,125,003,,ocr:amt;ocr:lowconf
3,2008-11-19,"Transportation Costs Operating (continued) - Agy# MOC, EIN UIA (Council, Organization Number Agency Amount Status etc) *",2009,designate,,,"Mid-Bronx Senior Citizens Council, Inc. Home Delivered Meals Program",,237354073,,DFTA,125,003,,ocr:amt
3,2008-11-19,"Transportation Costs Operating (continued) - Agy# MOC, EIN UIA (Council, Organization Number Agency Amount Status etc) *",2009,designate,,,"Mid-Bronx Senior Citizens Council, Inc.",Home Delivered Meals Program,237354073,,DFTA,125,003,,ocr:amt;ocr:lowconf
3,2008-11-19,"Transportation Costs Operating (continued) - Agy# MOC, EIN UIA (Council, Organization Number Agency Amount Status etc) *",2009,designate,,,"Mid-Bronx Senior Citizens Council, Inc.",Home Delivered Meals Program,237354073,,DFTA,125,003,,ocr:amt
3,2008-11-19,"Transportation Costs Operating (continued) - Agy# MOC, EIN UIA (Council, Organization Number Agency Amount Status etc) *",2009,designate,,,"Mid-Bronx Senior Citizens Council, Inc. Home Delivered Meals Program",,237354073,,DFTA,125,003,,ocr:amt;ocr:lowconf
3,2008-11-19,"Transportation Costs Operating (continued) - Agy# MOC, EIN UIA (Council, Organization Number Agency Amount Status etc) *",2009,designate,,,"Mid-Bronx Senior Citizens Council, Inc.",Home Delivered Meals Program,237354073,,DFTA,125,003,,ocr:amt;ocr:lowconf
3,2008-11-19,"Transportation Costs Operating (continued) - Agy# MOC, EIN UIA (Council, Organization Number Agency Amount Status etc) *",2009,designate,,,"Mid-Bronx Senior Citizens Council, Inc.",Home Delivered Meals Program,237354073,,DFTA,125,003,,ocr:amt;ocr:lowconf
3,2008-11-19,"Transportation Costs Operating (continued) - Agy# MOC, EIN UIA (Council, Organization Number Agency Amount Status etc) *",2009,designate,,,"Mid-Bronx Senior Citizens Council, Inc.",Home Delivered Meals Program,237354073,,DFTA,125,003,,ocr:amt;ocr:lowconf
3,2008-11-19,"Transportation Costs Operating (continued) - Agy# MOC, EIN UIA (Council, Organization Number Agency Amount Status etc) *",2009,designate,,,"Mid-Bronx Senior Citizens Council, Inc.",Home Delivered Meals Program,237354073,,DFTA,125,003,,ocr:amt;ocr:lowconf
3,2008-11-19,"Transportation Costs Operating (continued) - Agy# MOC, EIN UIA (Council, Organization Number Agency Amount Status etc) *",2009,designate,,,"Mid-Bronx Senior Citizens Council, Inc.",Home Delivered Meals Program,237354073,,DFTA,125,003,,ocr:amt;ocr:lowconf
3,2008-11-19,"Transportation Costs Operating (continued) - Agy# MOC, EIN UIA (Council, Organization Number Agency Amount Status etc) *",2009,designate,,,"Mid- -Bronx Senior Citizens Council, Inc.",Home Delivered Meals Program,237354073,,DFTA,125,003,,ocr:amt;ocr:lowconf
3,2008-11-19,"Transportation Costs Operating (continued) - Agy# MOC, EIN UIA (Council, Organization Number Agency Amount Status etc) *",2009,designate,,,"Mid- Bronx Senior Citizens Council, Inc.",Home Delivered Meals Program,237354073,,DFTA,125,003,,ocr:amt
3,2008-11-19,"Transportation Costs Operating (continued) - Agy# MOC, EIN UIA (Council, Organization Number Agency Amount Status etc) *",2009,designate,,,"Mid-Bronx Senior Citizens Council, Inc.",Home Delivered Meals Program,237354073,,DFTA,125,003,,ocr:amt;ocr:lowconf
3,2008-11-19,"Transportation Costs Operating (continued) - Agy# MOC, EIN UIA (Council, Organization Number Agency Amount Status etc) *",2009,designate,,,"Mid-Bronx Senior Citizens Council, Inc.",Home Delivered Meals Program,237354073,,DFTA,125,003,,ocr:amt;ocr:lowconf
3,2008-11-19,"Transportation Costs Operating (continued) - Agy# MOC, EIN UIA (Council, Organization Number Agency Amount Status etc) *",2009,designate,,,"Mid-Bronx Senior Citizens Council, Inc. Home Delivered Meals Program",,237354073,,DFTA,125,003,,ocr:amt
3,2008-11-19,"Transportation Costs Operating (continued) - Agy# MOC, EIN UIA (Council, Organization Number Agency Amount Status etc) *",2009,designate,,,"Mid-Bronx Senior Citizens Council, Inc. Project Homebound",,237354073,,DFTA,125,003,,ocr:amt;ocr:lowconf
3,2008-11-19,"Transportation Costs Operating (continued) - Agy# MOC, EIN UIA (Council, Organization Number Agency Amount Status etc) *",2009,designate,,,"Mid-Bronx Senior Citizens Council, Inc. Project Homebound",,237354073,,DFTA,125,003,,ocr:amt;ocr:lowconf
3,2008-11-19,"Transportation Costs Operating (continued) - Agy# MOC, EIN UIA (Council, Organization Number Agency Amount Status etc) *",2009,designate,,,"New York Foundation for Senior Citizens, Inc. Transportation",,132618568,,DFTA,125,003,,ocr:amt;ocr:lowconf
3,2008-11-19,"Transportation Costs Operating (continued) - Agy# MOC, EIN UIA (Council, Organization Number Agency Amount Status etc) *",2009,designate,,,"New York Foundation for Senior Citizens, Inc. Transportation",,132618568,,DFTA,125,003,,ocr:amt;ocr:lowconf
3,2008-11-19,"Transportation Costs Operating (continued) - Agy# MOC, EIN UIA (Council, Organization Number Agency Amount Status etc) *",2009,designate,,,"New York Foundation for Senior Citizens, Inc. Transportation",,132618568,,DFTA,125,003,,ocr:amt;ocr:lowconf
3,2008-11-19,"Transportation Costs Operating (continued) - Agy# MOC, EIN UIA (Council, Organization Number Agency Amount Status etc) *",2009,designate,,,"New York Foundation for Senior Citizens, Inc",Transportation,132618568,,DFTA,125,003,,ocr:amt
3,2008-11-19,"Transportation Costs Operating (continued) - Agy# MOC, EIN UIA (Council, Organization Number Agency Amount Status etc) *",2009,designate,,,"New York Foundation for Senior Citizens, Inc.",Transportation,132618568,,DFTA,125,003,,ocr:amt
3,2008-11-19,"Transportation Costs Operating (continued) - Agy# MOC, EIN UIA (Council, Organization Number Agency Amount Status etc) *",2009,designate,,,"New York Foundation for Senior Citizens, Inc. Transportation",,132618568,,DFTA,125,003,,ocr:amt
3,2008-11-19,"Transportation Costs Operating (continued) - Agy# MOC, EIN UIA (Council, Organization Number Agency Amount Status etc) *",2009,designate,,,North East Bronx Senior Citizens Center,,132759045,,DFTA,125,003,,*;ocr:amt;ocr:lowconf
3,2008-11-19,"Transportation Costs Operating (continued) - Agy# MOC, EIN UIA (Council, Organization Number Agency Amount Status etc) *",2009,designate,,,"Peter Cardella Senior Citizen Center, Inc.",,112328536,,DFTA,125,003,,ocr:amt
3,2008-11-19,"Transportation Costs Operating (continued) - Agy# MOC, EIN UIA (Council, Organization Number Agency Amount Status etc) *",2009,designate,,,"Polish and Slavic Center, Inc.",Krakus Luncheon Club Senior Center,112285970,,DFTA,125,003,,ocr:amt;ocr:lowconf
3,2008-11-19,"Transportation Costs Operating (continued) - Agy# MOC, EIN UIA (Council, Organization Number Agency Amount Status etc) *",2009,designate,,,"Polish and Slavic Center, Inc.",Krakus Luncheon Club Senior Center,112285970,,DFTA,125,003,,ocr:amt;ocr:lowconf
3,2008-11-19,"Transportation Costs Operating (continued) - Agy# MOC, EIN UIA (Council, Organization Number Agency Amount Status etc) *",2009,designate,,,Presbyterian Senior Services,City Island,131981482,,DFTA,125,003,,*;ocr:amt;ocr:lowconf
3,2008-11-19,"Transportation Costs Operating (continued) - Agy# MOC, EIN UIA (Council, Organization Number Agency Amount Status etc) *",2009,designate,,,"Queens Community House, Inc.",Pomonok Senior Center,112375583,,DFTA,125,003,,ocr:amt;ocr:lowconf
3,2008-11-19,"Transportation Costs Operating (continued) - Agy# MOC, EIN UIA (Council, Organization Number Agency Amount Status etc) *",2009,designate,,,"Queens Community House, Inc.",Senior Center,112375583,,DFTA,125,003,,ocr:amt;ocr:lowconf
3,2008-11-19,"Transportation Costs Operating (continued) - Agy# MOC, EIN UIA (Council, Organization Number Agency Amount Status etc) *",2009,designate,,,"Queens Community House, Inc. Senior Center",,112375583,,DFTA,125,003,,ocr:amt;ocr:lowconf
3,2008-11-19,"Transportation Costs Operating (continued) - Agy# MOC, EIN UIA (Council, Organization Number Agency Amount Status etc) *",2009,designate,,,"Queens Community House, Inc.",Senior Center,112375583,,DFTA,125,003,,ocr:amt;ocr:lowconf
3,2008-11-19,"Transportation Costs Operating (continued) - Agy# MOC, EIN UIA (Council, Organization Number Agency Amount Status etc) *",2009,designate,,,"Queens Community House, Inc.",Senior Center,112375583,,DFTA,125,003,,ocr:amt;ocr:lowconf
3,2008-11-19,"Transportation Costs Operating (continued) - Agy# MOC, EIN UIA (Council, Organization Number Agency Amount Status etc) *",2009,designate,,,"Queens Community House, Inc.",Senior Center,112375583,,DFTA,125,003,,ocr:amt;ocr:lowconf
3,2008-11-19,"Transportation Costs Operating (continued) - Agy# MOC, EIN UIA (Council, Organization Number Agency Amount Status etc) *",2009,designate,,,Rabbi Israel Meyer Hacohen Rabbinical Seminary of America,Middle Village Senior Center,111752021,,DFTA,125,003,,*;ocr:amt;ocr:lowconf
3,2008-11-19,"Transportation Costs Operating (continued) - Agy# MOC, EIN UIA (Council, Organization Number Agency Amount Status etc) *",2009,designate,,,Rabbi Israel Meyer Hacohen Rabbinical Seminary of America,Middle Village Senior Center,111752021,748130,DFTA,125,003,,ocr:lowconf
3,2008-11-19,"Transportation Costs Operating (continued) - Agy# MOC, EIN UIA (Council, Organization Number Agency Amount Status etc) *",2009,designate,,,Rabbi Israel Meyer Hacohen Rabbinical Seminary of America,Middie Vilage Senior Center,111752021,,DFTA,125,003,,ocr:amt;ocr:lowconf
3,2008-11-19,"Transportation Costs Operating (continued) - Agy# MOC, EIN UIA (Council, Organization Number Agency Amount Status etc) *",2009,designate,,,"Recreation Rooms And Settlement, Inc.",Transportation,111820725,,DFTA,125,003,,*;ocr:amt;ocr:lowconf
3,2008-11-19,"Transportation Costs Operating (continued) - Agy# MOC, EIN UIA (Council, Organization Number Agency Amount Status etc) *",2009,designate,,,"Recreation Rooms And Settlement, Inc. Transportation",,111820725,,DFTA,125,003,,ocr:amt;ocr:lowconf
3,2008-11-19,"Transportation Costs Operating (continued) - Agy# MOC, EIN UIA (Council, Organization Number Agency Amount Status etc) *",2009,designate,,,"Regional Aid for Interim Needs, Inc.",Bailey Senior Center,136213586,,DFTA,125,003,,ocr:amt;ocr:lowconf
3,2008-11-19,"Transportation Costs Operating (continued) - Agy# MOC, EIN UIA (Council, Organization Number Agency Amount Status etc) *",2009,designate,,,"Regional Aid for Interim Needs, Inc.",Boston Road,136213586,,DFTA,125,003,,ocr:amt;ocr:lowconf
3,2008-11-19,"Transportation Costs Operating (continued) - Agy# MOC, EIN UIA (Council, Organization Number Agency Amount Status etc) *",2009,designate,,,"Regional Aid for Interim Needs, Inc. Boston Secor Senior Center",,136213586,,DFTA,125,003,,ocr:amt
3,2008-11-19,"Transportation Costs Operating (continued) - Agy# MOC, EIN UIA (Council, Organization Number Agency Amount Status etc) *",2009,designate,,,"Regional Aid for Interim Needs, Inc. Eastchester Senior Center",,136213586,,DFTA,125,003,,ocr:amt
3,2008-11-19,"Transportation Costs Operating (continued) - Agy# MOC, EIN UIA (Council, Organization Number Agency Amount Status etc) *",2009,designate,,,"Regional Aid for Interim Needs, Inc. Eastchester Transportation",,136213586,,DFTA,125,003,,ocr:amt
3,2008-11-19,"Transportation Costs Operating (continued) - Agy# MOC, EIN UIA (Council, Organization Number Agency Amount Status etc) *",2009,designate,,,"Regional Aid for Interim Needs, Inc.",Eastchester Transportation,136213586,,DFTA,125,003,,ocr:amt;ocr:lowconf
3,2008-11-19,"Transportation Costs Operating (continued) - Agy# MOC, EIN UIA (Council, Organization Number Agency Amount Status etc) *",2009,designate,,,"Regional Aid for Interim Needs, Inc. Eastchester Transportation",,136213586,,DFTA,125,003,,ocr:amt;ocr:lowconf
3,2008-11-19,"Transportation Costs Operating (continued) - Agy# MOC, EIN UIA (Council, Organization Number Agency Amount Status etc) *",2009,designate,,,"Regional Aid for Interim Needs, Inc. Eastchester Transportation",,136213586,,DFTA,125,003,,ocr:amt;ocr:lowconf
3,2008-11-19,"Transportation Costs Operating (continued) - Agy# MOC, EIN UIA (Council, Organization Number Agency Amount Status etc) *",2009,designate,,,"Regional Aid for Interim Needs, Inc.",Home Delivered Meals Program 11 Area,136213586,,DFTA,125,003,,ocr:amt
3,2008-11-19,"Transportation Costs Operating (continued) - Agy# MOC, EIN UIA (Council, Organization Number Agency Amount Status etc) *",2009,designate,,,"Regional Aid for Interim Needs, Inc. Home Delivered Meais Program 11Area",,136213586,,DFTA,125,003,,ocr:amt;ocr:lowconf
3,2008-11-19,"Transportation Costs Operating (continued) - Agy# MOC, EIN UIA (Council, Organization Number Agency Amount Status etc) *",2009,designate,,,"Regional Aid for Interim Needs, Inc.",Home Delivered Meals Program 11 Area,136213586,,DFTA,125,003,,ocr:amt;ocr:lowconf
3,2008-11-19,"Transportation Costs Operating (continued) - Agy# MOC, EIN UIA (Council, Organization Number Agency Amount Status etc) *",2009,designate,,,"Regional Aid for Interim Needs, Inc.",Home Delivered Meals Program 11 Area,136213586,,DFTA,125,003,,ocr:amt
3,2008-11-19,"Transportation Costs Operating (continued) - Agy# MOC, EIN UIA (Council, Organization Number Agency Amount Status etc) *",2009,designate,,,"Regional Aid for Interim Needs, Inc. Home Delivered Meals Program 117 Area",,136213586,,DFTA,125,003,,ocr:amt;ocr:lowconf
3,2008-11-19,"Transportation Costs Operating (continued) - Agy# MOC, EIN UIA (Council, Organization Number Agency Amount Status etc) *",2009,designate,,,"Regional Aid for Interim Needs, Inc.",Home Delivered Meals Program 11 Area,136213586,,DFTA,125,003,,ocr:amt;ocr:lowconf
3,2008-11-19,"Transportation Costs Operating (continued) - Agy# MOC, EIN UIA (Council, Organization Number Agency Amount Status etc) *",2009,designate,,,"Regional Aid for Interim Needs, Inc.",Home Delivered Meals Program 11-Area,136213586,,DFTA,125,003,,ocr:amt;ocr:lowconf
3,2008-11-19,"Transportation Costs Operating (continued) - Agy# MOC, EIN UIA (Council, Organization Number Agency Amount Status etc) *",2009,designate,,,"Regional Aid for Interim Needs, inc.",Home Delivered Meals Program 11Area,136213586,,DFTA,125,003,,ocr:amt;ocr:lowconf
3,2008-11-19,"Transportation Costs Operating (continued) - Agy# MOC, EIN UIA (Council, Organization Number Agency Amount Status etc) *",2009,designate,,,"Regional Aid for Interim Needs, Inc. Home Delivered Meals Program 11Area",,136213586,,DFTA,125,003,,ocr:amt;ocr:lowconf
3,2008-11-19,"Transportation Costs Operating (continued) - Agy# MOC, EIN UIA (Council, Organization Number Agency Amount Status etc) *",2009,designate,,,"Regional Aid for Interim Needs, Inc. Home Delivered Meals Program 11Area",,136213586,,DFTA,125,003,,ocr:amt;ocr:lowconf
3,2008-11-19,"Transportation Costs Operating (continued) - Agy# MOC, EIN UIA (Council, Organization Number Agency Amount Status etc) *",2009,designate,,,"Regional Aid for Interim Needs, Inc.","Home Delivered Meals Program 11,Area",136213586,,DFTA,125,003,,ocr:amt;ocr:lowconf
3,2008-11-19,"Transportation Costs Operating (continued) - Agy# MOC, EIN UIA (Council, Organization Number Agency Amount Status etc) *",2009,designate,,,"Regional Aid for Interim Needs, Inc. Home Delivered Meals Program 11Area",,136213586,,DFTA,125,003,,ocr:amt;ocr:lowconf
3,2008-11-19,"Transportation Costs Operating (continued) - Agy# MOC, EIN UIA (Council, Organization Number Agency Amount Status etc) *",2009,designate,,,Regional Aid for Interim Needs Inc. Home Delivered Meals Program 111 Area,,136213586,,DFTA,125,003,,ocr:amt
3,2008-11-19,"Transportation Costs Operating (continued) . Agency Amount Agy# Status (Council, MOC,etc) EIN Number UIA Organization",2009,designate,,,"Regional Aid for Interim Needs, Inc.",Home Delivered Meals Program 111 Area,136213586,,DFTA,125,003,,ocr:amt;ocr:lowconf
3,2008-11-19,"Transportation Costs Operating (continued) . Agency Amount Agy# Status (Council, MOC,etc) EIN Number UIA Organization",2009,designate,,,"Regional Aid for Interim Needs, Inc.",Home Delivered Meals Program 111 Area,136213586,,DFTA,125,003,,ocr:amt;ocr:lowconf
3,2008-11-19,"Transportation Costs Operating (continued) . Agency Amount Agy# Status (Council, MOC,etc) EIN Number UIA Organization",2009,designate,,,"Regional Aid for Interim Needs, Inc.",Home Delivered Meals Program 111 Area,136213586,,DFTA,125,003,,ocr:amt
3,2008-11-19,"Transportation Costs Operating (continued) . Agency Amount Agy# Status (Council, MOC,etc) EIN Number UIA Organization",2009,designate,,,"Regional Aid for Interim Needs, Inc.",Home Delivered Meals Program 111 Area,136213586,,DFTA,125,003,,ocr:amt;ocr:lowconf
3,2008-11-19,"Transportation Costs Operating (continued) . Agency Amount Agy# Status (Council, MOC,etc) EIN Number UIA Organization",2009,designate,,,"Regional Aid for Interim Needs, Inc.",Home Delivered Meals Program 111 Area,136213586,,DFTA,125,003,,ocr:amt;ocr:lowconf
3,2008-11-19,"Transportation Costs Operating (continued) . Agency Amount Agy# Status (Council, MOC,etc) EIN Number UIA Organization",2009,designate,,,"Regional Aid for Interim Needs, Inc.",Home Delivered Meals Program 111 Area,136213586,,DFTA,125,003,,ocr:amt
3,2008-11-19,"Transportation Costs Operating (continued) . Agency Amount Agy# Status (Council, MOC,etc) EIN Number UIA Organization",2009,designate,,,"Regional Aid for Interim Needs, Inc. : Inwood Senior Center",,136213586,,DFTA,125,003,,ocr:amt;ocr:lowconf
3,2008-11-19,"Transportation Costs Operating (continued) . Agency Amount Agy# Status (Council, MOC,etc) EIN Number UIA Organization",2009,designate,,,"Regional Aid for Interim Needs, Inc.",Middleton Senior Center,136213586,,DFTA,125,003,,ocr:amt;ocr:lowconf
3,2008-11-19,"Transportation Costs Operating (continued) . Agency Amount Agy# Status (Council, MOC,etc) EIN Number UIA Organization",2009,designate,,,"Regional Aid for Interim Needs, Inc.",Nereid Senior Center,136213586,,DFTA,125,003,,ocr:amt;ocr:lowconf
3,2008-11-19,"Transportation Costs Operating (continued) . Agency Amount Agy# Status (Council, MOC,etc) EIN Number UIA Organization",2009,designate,,,"Ridgewood Bushwick Senior Citizens Council, Inc. Borinquen Plaza Nutrition Program",,112453853,,DFTA,125,003,,ocr:amt
3,2008-11-19,"Transportation Costs Operating (continued) . Agency Amount Agy# Status (Council, MOC,etc) EIN Number UIA Organization",2009,designate,,,"Ridgewood Bushwick Senior Citizens Council, Inc. Borinquen Plaza Nutrition Progran",,112453853,748130,DFTA,125,003,,ocr:lowconf
3,2008-11-19,"Transportation Costs Operating (continued) . Agency Amount Agy# Status (Council, MOC,etc) EIN Number UIA Organization",2009,designate,,,"Ridgewood Bushwick Senior Citizens Council, Inc. Diana Jones Senior Center",,112453853,,DFTA,125,003,,ocr:amt
3,2008-11-19,"Transportation Costs Operating (continued) . Agency Amount Agy# Status (Council, MOC,etc) EIN Number UIA Organization",2009,designate,,,"Ridgewood Bushwick Senior Citizens Council, Inc. Hope Gardens Senior Center",,112453853,,DFTA,125,003,,ocr:amt;ocr:lowconf
3,2008-11-19,"Transportation Costs Operating (continued) . Agency Amount Agy# Status (Council, MOC,etc) EIN Number UIA Organization",2009,designate,,,"Ridgewood Bushwick Senior Citizens Council, Inc.",Senior Center,112453853,,DFTA,125,003,,ocr:amt;ocr:lowconf
3,2008-11-19,"Transportation Costs Operating (continued) . Agency Amount Agy# Status (Council, MOC,etc) EIN Number UIA Organization",2009,designate,,,"Ridgewood Bushwick Senior Citizens Council, Inc.",Senior Center,112453853,,DFTA,125,003,,ocr:amt;ocr:lowconf
3,2008-11-19,"Transportation Costs Operating (continued) . Agency Amount Agy# Status (Council, MOC,etc) EIN Number UIA Organization",2009,designate,,,"Ridgewood Bushwick Senior Citizens Council, Inc. Senior Center",,112453853,,DFTA,125,003,,ocr:amt;ocr:lowconf
3,2008-11-19,"Transportation Costs Operating (continued) . Agency Amount Agy# Status (Council, MOC,etc) EIN Number UIA Organization",2009,designate,,,"Ridgewood Bushwick Senior Citizens Council, Inc.",Senior Center,112453853,,DFTA,125,003,,ocr:amt;ocr:lowconf
3,2008-11-19,"Transportation Costs Operating (continued) . Agency Amount Agy# Status (Council, MOC,etc) EIN Number UIA Organization",2009,designate,,,"Ridgewood Bushwick Senior Citizens Council, inc. Senior Center",,112453853,,DFTA,125,003,,ocr:amt;ocr:lowconf
3,2008-11-19,"Transportation Costs Operating (continued) . Agency Amount Agy# Status (Council, MOC,etc) EIN Number UIA Organization",2009,designate,,,"Ridgewood Bushwick Senior Citizens Council, Inc.",Social Aduit Day Services,112453853,,DFTA,125,003,,ocr:amt;ocr:lowconf
3,2008-11-19,"Transportation Costs Operating (continued) . Agency Amount Agy# Status (Council, MOC,etc) EIN Number UIA Organization",2009,designate,,,"Ridgewood Older Adult Center and Services, Inc.",,050607283,,DFTA,125,003,,ocr:amt
3,2008-11-19,"Transportation Costs Operating (continued) . Agency Amount Agy# Status (Council, MOC,etc) EIN Number UIA Organization",2009,designate,,,"Riverdale Senior Services, Inc.",Tri Center Transportation,237357997,,DFTA,125,003,,ocr:amt;ocr:lowconf
3,2008-11-19,"Transportation Costs Operating (continued) . Agency Amount Agy# Status (Council, MOC,etc) EIN Number UIA Organization",2009,designate,,,"Rochdale Village Social Services, Inc. Senior Center",,113397470,,DFTA,125,003,,ocr:amt;ocr:lowconf
3,2008-11-19,"Transportation Costs Operating (continued) . Agency Amount Agy# Status (Council, MOC,etc) EIN Number UIA Organization",2009,designate,,,"Samaritan Village, Inc.",Woodside Senior Center,112635374,,DFTA,125,003,,ocr:amt;ocr:lowconf
3,2008-11-19,"Transportation Costs Operating (continued) . Agency Amount Agy# Status (Council, MOC,etc) EIN Number UIA Organization",2009,designate,,,"SEBCO Development, Inc.",Senior Programs,132944013,,DFTA,125,003,,ocr:amt;ocr:lowconf
3,2008-11-19,"Transportation Costs Operating (continued) . Agency Amount Agy# Status (Council, MOC,etc) EIN Number UIA Organization",2009,designate,,,"Selfhelp Community Services, Inc.",Consolidated Senior Center,131624178,,DFTA,125,003,,ocr:amt;ocr:lowconf
3,2008-11-19,"Transportation Costs Operating (continued) . Agency Amount Agy# Status (Council, MOC,etc) EIN Number UIA Organization",2009,designate,,,"Selfhelp Community Services, Inc.",Consolidated Senior Center,131624178,,DFTA,125,003,,ocr:amt;ocr:lowconf
3,2008-11-19,"Transportation Costs Operating (continued) . Agency Amount Agy# Status (Council, MOC,etc) EIN Number UIA Organization",2009,designate,,,"Selfhelp Community Services, Inc.",Consolidated Senior Center,131624178,,DFTA,125,003,,ocr:amt
3,2008-11-19,"Transportation Costs Operating (continued) . Agency Amount Agy# Status (Council, MOC,etc) EIN Number UIA Organization",2009,designate,,,"Selfhelp Community Services, Inc.",Consolidated Senior Center,131624178,,DFTA,125,003,,ocr:amt;ocr:lowconf
3,2008-11-19,"Transportation Costs Operating (continued) . Agency Amount Agy# Status (Council, MOC,etc) EIN Number UIA Organization",2009,designate,,,"Selfhelp Community Services, Inc.",Consolidated Senior Center,131624178,,DFTA,125,003,,ocr:amt;ocr:lowconf
3,2008-11-19,"Transportation Costs Operating (continued) . Agency Amount Agy# Status (Council, MOC,etc) EIN Number UIA Organization",2009,designate,,,"Senior Citizens League of Flatbush, Inc. Senior Center",,112347331,,DFTA,125,003,,ocr:amt;ocr:lowconf
3,2008-11-19,"Transportation Costs Operating (continued) . Agency Amount Agy# Status (Council, MOC,etc) EIN Number UIA Organization",2009,designate,,,"Senior Citizens League of Flatbush, Inc.",Senior Center,112347331,,DFTA,125,003,,ocr:amt
3,2008-11-19,"Transportation Costs Operating (continued) . Agency Amount Agy# Status (Council, MOC,etc) EIN Number UIA Organization",2009,designate,,,"Services Now for Adult Persons (SNAP), Inc. Eastern Queens Senior Center",,112591783,,DFTA,125,003,,ocr:amt
3,2008-11-19,"Transportation Costs Operating (continued) . Agency Amount Agy# Status (Council, MOC,etc) EIN Number UIA Organization",2009,designate,,,Services Now for Adult Persons (SNAP). Inc.,Eastern Queens Senior Center,112591783,,DFTA,125,003,,ocr:amt;ocr:lowconf
3,2008-11-19,"Transportation Costs Operating (continued) . Agency Amount Agy# Status (Council, MOC,etc) EIN Number UIA Organization",2009,designate,,,"Services Now for Adult Persons (SNAP), Inc.",Eastern Queens Senior Center,112591783,,DFTA,125,003,,ocr:amt;ocr:lowconf
3,2008-11-19,"Transportation Costs Operating (continued) . Agency Amount Agy# Status (Council, MOC,etc) EIN Number UIA Organization",2009,designate,,,"Services Now for Adult Persons (SNAP), Inc.",Eastern Queens Senior Center,112591783,,DFTA,125,003,,ocr:amt;ocr:lowconf
3,2008-11-19,"Transportation Costs Operating (continued) . Agency Amount Agy# Status (Council, MOC,etc) EIN Number UIA Organization",2009,designate,,,"Services Now for Adult Persons (SNAP), Inc.",Eastern Queens Senior Center,112591783,,DFTA,125,003,,ocr:amt;ocr:lowconf
3,2008-11-19,"Transportation Costs Operating (continued) . Agency Amount Agy# Status (Council, MOC,etc) EIN Number UIA Organization",2009,designate,,,"Services Now for Adult Persons (SNAP), Inc.",Eastern Queens Senior Center,112591783,,DFTA,125,003,,ocr:amt
3,2008-11-19,"Transportation Costs Operating (continued) . Agency Amount Agy# Status (Council, MOC,etc) EIN Number UIA Organization",2009,designate,,,"Services Now for Adult Persons (SNAP), Inc.",Eastern Queens Senior Center,112591783,,DFTA,125,003,,ocr:amt;ocr:lowconf
3,2008-11-19,"Transportation Costs Operating (continued) . Agency Amount Agy# Status (Council, MOC,etc) EIN Number UIA Organization",2009,designate,,,"Services Now for Adult Persons (SNAP), Inc.",Eastern Queens Senior Center,112591783,,DFTA,125,003,,ocr:amt
3,2008-11-19,"Transportation Costs Operating (continued) . Agency Amount Agy# Status (Council, MOC,etc) EIN Number UIA Organization",2009,designate,,,Southside United Housing Development Fund Corp,Los Sures Senior Center,112268359,,DFTA,125,003,,ocr:amt;ocr:lowconf
3,2008-11-19,"Transportation Operating Costs (continued) * Agy# MOC, EIN Amount UIA Status (Council, Organization Number Agency * etc)",2009,designate,,,Spanish Speaking Elderly CounCI-RAICES,Times Plaza Senior Center,112730462,,DFTA,125,003,,ocr:amt;ocr:lowconf
3,2008-11-19,"Transportation Operating Costs (continued) * Agy# MOC, EIN Amount UIA Status (Council, Organization Number Agency * etc)",2009,designate,,,St. John's/Fort Hamilton Episcopal Church,Nutrition Program,112333919,,DFTA,125,003,,*;ocr:amt;ocr:lowconf
3,2008-11-19,"Transportation Operating Costs (continued) * Agy# MOC, EIN Amount UIA Status (Council, Organization Number Agency * etc)",2009,designate,,,St. Matthew's and St. Timothy's Neighborhood Center,WEME Mainstream Nutrition Program,132587904,,DFTA,125,003,,*;ocr:amt;ocr:lowconf
3,2008-11-19,"Transportation Operating Costs (continued) * Agy# MOC, EIN Amount UIA Status (Council, Organization Number Agency * etc)",2009,designate,,,St. Matthew's and St. Timothy's Neighborhood Center,WEME Mainstream Nutrition Program,132587904,,DFTA,125,003,,ocr:amt;ocr:lowconf
3,2008-11-19,"Transportation Operating Costs (continued) * Agy# MOC, EIN Amount UIA Status (Council, Organization Number Agency * etc)",2009,designate,,,St. Matthew's and St. Timothy's Neighborhood Center,WEME Mainstream Nutrition Program,132587904,,DFTA,125,003,,ocr:amt;ocr:lowconf
3,2008-11-19,"Transportation Operating Costs (continued) * Agy# MOC, EIN Amount UIA Status (Council, Organization Number Agency * etc)",2009,designate,,,St. Matthew's and St. Timothy's Neighborhood Center,WEME Mainstream Nutrition Program,132587904,,DFTA,125,003,,*;ocr:amt;ocr:lowconf
3,2008-11-19,"Transportation Operating Costs (continued) * Agy# MOC, EIN Amount UIA Status (Council, Organization Number Agency * etc)",2009,designate,,,St. Matthew' 's and St. Timothy's Neighborhood Center WEME Mainstream Nutrition Program,,132587904,,DFTA,125,003,,ocr:amt
3,2008-11-19,"Transportation Operating Costs (continued) * Agy# MOC, EIN Amount UIA Status (Council, Organization Number Agency * etc)",2009,designate,,,"Stanley M. Isaacs Neighborhood Center, Inc. Meals on Wheels",,132572034,,DFTA,125,003,,ocr:amt;ocr:lowconf
3,2008-11-19,"Transportation Operating Costs (continued) * Agy# MOC, EIN Amount UIA Status (Council, Organization Number Agency * etc)",2009,designate,,,"Stanley M. Isaacs Neighborhood Center, Inc. Meals on Wheels",,132572034,,DFTA,125,003,,ocr:amt;ocr:lowconf
3,2008-11-19,"Transportation Operating Costs (continued) * Agy# MOC, EIN Amount UIA Status (Council, Organization Number Agency * etc)",2009,designate,,,"Stanley M. Isaacs Neighborhood Center, Inc. Meals on Wheels",,132572034,,DFTA,125,003,,ocr:amt;ocr:lowconf
3,2008-11-19,"Transportation Operating Costs (continued) * Agy# MOC, EIN Amount UIA Status (Council, Organization Number Agency * etc)",2009,designate,,,"Stanley M. Isaacs Neighborhood Center, Inc.",Meals on Wheels,132572034,,DFTA,125,003,,ocr:amt;ocr:lowconf
3,2008-11-19,"Transportation Operating Costs (continued) * Agy# MOC, EIN Amount UIA Status (Council, Organization Number Agency * etc)",2009,designate,,,"Stanley M. isaacs Neighborhood Center, Inc.",Meals on Wheels,132572034,,DFTA,125,003,,ocr:amt;ocr:lowconf
3,2008-11-19,"Transportation Operating Costs (continued) * Agy# MOC, EIN Amount UIA Status (Council, Organization Number Agency * etc)",2009,designate,,,"Staten Island Community Services Friendship Clubs, Inc.",,132778244,,DFTA,125,003,,ocr:amt;ocr:lowconf
3,2008-11-19,"Transportation Operating Costs (continued) * Agy# MOC, EIN Amount UIA Status (Council, Organization Number Agency * etc)",2009,designate,,,"Staten Island Community Services Friendship Clubs, Inc.",,132778244,,DFTA,125,003,,ocr:amt
3,2008-11-19,"Transportation Operating Costs (continued) * Agy# MOC, EIN Amount UIA Status (Council, Organization Number Agency * etc)",2009,designate,,,"Staten Island Community Services Friendship Clubs, Inc.",,132778244,,DFTA,125,003,,ocr:amt;ocr:lowconf
3,2008-11-19,"Transportation Operating Costs (continued) * Agy# MOC, EIN Amount UIA Status (Council, Organization Number Agency * etc)",2009,designate,,,"Staten Island Community Services Friendship Clubs, Inc.",,132778244,,DFTA,125,003,,ocr:amt;ocr:lowconf
3,2008-11-19,"Transportation Operating Costs (continued) * Agy# MOC, EIN Amount UIA Status (Council, Organization Number Agency * etc)",2009,designate,,,"Staten Island Community Services Friendship Clubs, Inc.",,132778244,,DFTA,125,003,,ocr:amt;ocr:lowconf
3,2008-11-19,"Transportation Operating Costs (continued) * Agy# MOC, EIN Amount UIA Status (Council, Organization Number Agency * etc)",2009,designate,,,"Staten Island Community Services Friendship Clubs, Inc.",,132778244,,DFTA,125,003,,ocr:amt;ocr:lowconf
3,2008-11-19,"Transportation Operating Costs (continued) * Agy# MOC, EIN Amount UIA Status (Council, Organization Number Agency * etc)",2009,designate,,,"Staten Island Community Services Friendship Clubs, Inc.",,132778244,,DFTA,125,003,,ocr:amt;ocr:lowconf
3,2008-11-19,"Transportation Operating Costs (continued) * Agy# MOC, EIN Amount UIA Status (Council, Organization Number Agency * etc)",2009,designate,,,"Staten Island Community Services Friendship Clubs, inc.",,132778244,,DFTA,125,003,,ocr:amt;ocr:lowconf
3,2008-11-19,"Transportation Operating Costs (continued) * Agy# MOC, EIN Amount UIA Status (Council, Organization Number Agency * etc)",2009,designate,,,"Staten Island Community Services Friendship Clubs, Inc.",,132778244,,DFTA,125,003,,ocr:amt;ocr:lowconf
3,2008-11-19,"Transportation Operating Costs (continued) * Agy# MOC, EIN Amount UIA Status (Council, Organization Number Agency * etc)",2009,designate,,,"Sunnyside Community Services Center, Inc.",Senior Center,510189327,,DFTA,125,003,,ocr:amt;ocr:lowconf
3,2008-11-19,"Transportation Operating Costs (continued) * Agy# MOC, EIN Amount UIA Status (Council, Organization Number Agency * etc)",2009,designate,,,"Sunnyside Community Services Center, Inc.",Senior Center,510189327,,DFTA,125,003,,ocr:amt;ocr:lowconf
3,2008-11-19,"Transportation Operating Costs (continued) * Agy# MOC, EIN Amount UIA Status (Council, Organization Number Agency * etc)",2009,designate,,,"Sunnyside Community Services Center, Inc. Senior Center",,510189327,,DFTA,125,003,,ocr:amt;ocr:lowconf
3,2008-11-19,"Transportation Operating Costs (continued) * Agy# MOC, EIN Amount UIA Status (Council, Organization Number Agency * etc)",2009,designate,,,"Sunnyside Community Services Center, Inc. Senior Center",,510189327,,DFTA,125,003,,ocr:amt;ocr:lowconf
3,2008-11-19,"Transportation Operating Costs (continued) * Agy# MOC, EIN Amount UIA Status (Council, Organization Number Agency * etc)",2009,designate,,,"Sunnyside Community Services Center, Inc. Senior Center",,510189327,,DFTA,125,003,,ocr:amt;ocr:lowconf
3,2008-11-19,"Transportation Operating Costs (continued) * Agy# MOC, EIN Amount UIA Status (Council, Organization Number Agency * etc)",2009,designate,,,"Sunnyside Community Services Center, Inc.",Social Adult Day Services,510189327,,DFTA,125,003,,ocr:amt
3,2008-11-19,"Transportation Operating Costs (continued) * Agy# MOC, EIN Amount UIA Status (Council, Organization Number Agency * etc)",2009,designate,,,"Sunset Bay Community Services, Inc.",Sunset Park,112439925,,DFTA,125,003,,ocr:amt;ocr:lowconf
3,2008-11-19,"Transportation Operating Costs (continued) * Agy# MOC, EIN Amount UIA Status (Council, Organization Number Agency * etc)",2009,designate,,,"Tolentine- Zeiser Community Life Center, Inc. Nutrition Program",,133131888,,DFTA,125,003,,ocr:amt
3,2008-11-19,"Transportation Operating Costs (continued) * Agy# MOC, EIN Amount UIA Status (Council, Organization Number Agency * etc)",2009,designate,,,"Tremont Community Senior Citizen Service Center, Inc. Thomas Guess Community Senior Center",,132745417,,DFTA,125,003,,*;ocr:amt;ocr:lowconf
3,2008-11-19,"Transportation Operating Costs (continued) * Agy# MOC, EIN Amount UIA Status (Council, Organization Number Agency * etc)",2009,designate,,,"Trinity Senior Services, Inc.",,113243671,,DFTA,125,003,,ocr:amt;ocr:lowconf
3,2008-11-19,"Transportation Operating Costs (continued) * Agy# MOC, EIN Amount UIA Status (Council, Organization Number Agency * etc)",2009,designate,,,"Union Settlement Association, Inc.",East Harlem Coal. (JWJ Senior Center),131632530,,DFTA,125,003,,ocr:amt;ocr:lowconf
3,2008-11-19,"Transportation Operating Costs (continued) * Agy# MOC, EIN Amount UIA Status (Council, Organization Number Agency * etc)",2009,designate,,,"Union Settlement Association, Inc. East Harlem Coal. (JWJ Senior Center)",,131632530,,DFTA,125,003,,ocr:amt;ocr:lowconf
3,2008-11-19,"Transportation Operating Costs (continued) * Agy# MOC, EIN Amount UIA Status (Council, Organization Number Agency * etc)",2009,designate,,,"Union Settlement Association, Inc",East Harlem Coal. (JWJ Senior Center),131632530,,DFTA,125,003,,ocr:amt;ocr:lowconf
3,2008-11-19,"Transportation Operating Costs (continued) * Agy# MOC, EIN Amount UIA Status (Council, Organization Number Agency * etc)",2009,designate,,,"Union Settlement Association, Inc. Transportation",,131632530,,DFTA,125,003,,ocr:amt;ocr:lowconf
3,2008-11-19,"Transportation Operating Costs (continued) * Agy# MOC, EIN Amount UIA Status (Council, Organization Number Agency * etc)",2009,designate,,,Union Settlement Association. Inc,Transportation,131632530,,DFTA,125,003,,ocr:amt;ocr:lowconf
3,2008-11-19,"Transportation Operating Costs (continued) . Agy# Status MOC, EIN Number UIA Organization Agency Amount (Council, etc) *",2009,designate,,,"Union Settlement. Association, Inc. Transportation",,131632530,,DFTA,125,003,,ocr:amt;ocr:lowconf
3,2008-11-19,"Transportation Operating Costs (continued) . Agy# Status MOC, EIN Number UIA Organization Agency Amount (Council, etc) *",2009,designate,,,"United Hindu Cultural Council ofUSA, North America, Inc. Senior Center",,113451990,,DFTA,125,003,,ocr:amt;ocr:lowconf
3,2008-11-19,"Transportation Operating Costs (continued) . Agy# Status MOC, EIN Number UIA Organization Agency Amount (Council, etc) *",2009,designate,,,"United Hindu Cultural Council of USA, North America, Inc.",Senior Center,113451990,,DFTA,125,003,,ocr:amt;ocr:lowconf
3,2008-11-19,"Transportation Operating Costs (continued) . Agy# Status MOC, EIN Number UIA Organization Agency Amount (Council, etc) *",2009,designate,,,University Settiement Society of New York Nutrition,,135562374,,DFTA,125,003,,ocr:amt;ocr:lowconf
3,2008-11-19,"Transportation Operating Costs (continued) . Agy# Status MOC, EIN Number UIA Organization Agency Amount (Council, etc) *",2009,designate,,,"Washington Heights Community Services, Inc. Senior Center",,132792876,,DFTA,125,003,,*;ocr:amt
3,2008-11-19,"Transportation Operating Costs (continued) . Agy# Status MOC, EIN Number UIA Organization Agency Amount (Council, etc) *",2009,designate,,,"Washington Heights Community Services, Inc.",Senior Center,132792876,,DFTA,125,003,,ocr:amt;ocr:lowconf
3,2008-11-19,"Transportation Operating Costs (continued) . Agy# Status MOC, EIN Number UIA Organization Agency Amount (Council, etc) *",2009,designate,,,"Wayside Out-Reach Development, Inc. -1 Tilden Senior Center",,113528680,,DFTA,125,003,,ocr:amt;ocr:lowconf
3,2008-11-19,"Transportation Operating Costs (continued) . Agy# Status MOC, EIN Number UIA Organization Agency Amount (Council, etc) *",2009,designate,,,"Wayside Out-Reach Development, Inc.",Wayside Tompkins Park Senior Center,113528680,,DFTA,125,003,,ocr:amt
3,2008-11-19,"Transportation Operating Costs (continued) . Agy# Status MOC, EIN Number UIA Organization Agency Amount (Council, etc) *",2009,designate,,,"Wayside Out-Reach Development, Inc.",Wayside Tompkins Park Senior Center,113528680,,DFTA,125,003,,ocr:amt;ocr:lowconf
3,2008-11-19,"Transportation Operating Costs (continued) . Agy# Status MOC, EIN Number UIA Organization Agency Amount (Council, etc) *",2009,designate,,,"Wayside Out-Reach Development, Inc.",Wayside Tompkins Park Senior Center,113528680,,DFTA,125,003,,ocr:amt;ocr:lowconf
3,2008-11-19,"Transportation Operating Costs (continued) . Agy# Status MOC, EIN Number UIA Organization Agency Amount (Council, etc) *",2009,designate,,,"Wayside Out-Reach Development, Inc.",Wayside Tompkins Park Senior Center,113528680,,DFTA,125,003,,ocr:amt
3,2008-11-19,"Transportation Operating Costs (continued) . Agy# Status MOC, EIN Number UIA Organization Agency Amount (Council, etc) *",2009,designate,,,"Wayside Out-Reach Development, Inc.",Wayside Tompkins Park Seniof Center,113528680,,DFTA,125,003,,ocr:amt;ocr:lowconf
3,2008-11-19,"Transportation Operating Costs (continued) . Agy# Status MOC, EIN Number UIA Organization Agency Amount (Council, etc) *",2009,designate,,,"Wayside Out-Reach Development, Inc.",Wayside Tompkins Park Senior Center,113528680,,DFTA,125,003,,ocr:amt;ocr:lowconf
3,2008-11-19,"Transportation Operating Costs (continued) . Agy# Status MOC, EIN Number UIA Organization Agency Amount (Council, etc) *",2009,designate,,,"Wayside Out-Reach Development, Inc.",Wayside Tompkins Park Senior Center,113528680,,DFTA,125,003,,ocr:amt
3,2008-11-19,"Transportation Operating Costs (continued) . Agy# Status MOC, EIN Number UIA Organization Agency Amount (Council, etc) *",2009,designate,,,"William Hodson Community Center, Inc.",,131660334,,DFTA,125,003,,ocr:amt
3,2008-11-19,"Transportation Operating Costs (continued) . Agy# Status MOC, EIN Number UIA Organization Agency Amount (Council, etc) *",2009,designate,,,Young Israel of Bedford Bay Senior Center,,112327564,,DFTA,125,003,,ocr:amt
3,2008-11-19,"Transportation Operating Costs (continued) . Agy# Status MOC, EIN Number UIA Organization Agency Amount (Council, etc) *",2009,designate,,,Young Israel of Forest Hills,Senior League,112582218,,DFTA,125,003,,ocr:amt;ocr:lowconf
3,2008-11-19,"Transportation Operating Costs (continued) . Agy# Status MOC, EIN Number UIA Organization Agency Amount (Council, etc) *",2009,designate,,,Young Israel of Forest Hills,Senior League,112582218,,DFTA,125,003,,ocr:amt;ocr:lowconf
3,2008-11-19,"Transportation Operating Costs (continued) . Agy# Status MOC, EIN Number UIA Organization Agency Amount (Council, etc) *",2009,designate,,,Young Israel of Midwood Senior Center,,134136312,,DFTA,125,003,,ocr:amt;ocr:lowconf
3,2008-11-19,"Transportation Operating Costs (continued) . Agy# Status MOC, EIN Number UIA Organization Agency Amount (Council, etc) *",2009,designate,,,Young Israel of Queens Valley,Senior League,133613262,,DFTA,125,003,,ocr:amt;ocr:lowconf
3,2008-11-19,"Transportation Operating Costs (continued) . Agy# Status MOC, EIN Number UIA Organization Agency Amount (Council, etc) *",2009,designate,,,Young Israel of Wavecrest and Bayswater,Senior League,112342565,,DFTA,125,003,,ocr:amt;ocr:lowconf
3,2008-11-19,"Transportation Operating Costs (continued) . Agy# Status MOC, EIN Number UIA Organization Agency Amount (Council, etc) *",2009,designate,,,Young Men's and Young Women's Hebrew Association of the Bronx,Dora and Harry Senior Center,131740507,,DFTA,125,003,,ocr:amt
3,2008-11-19,"Transportation Operating Costs (continued) . Agy# Status MOC, EIN Number UIA Organization Agency Amount (Council, etc) *",2009,designate,,,Young Men's and Young Women's Hebrew Association of Washington Heights and Inwood,Inwood Senior Center,131635308,748130,DFTA,125,003,,ocr:lowconf
3,2008-11-19,"Transportation Operating Costs (continued) . Agy# Status MOC, EIN Number UIA Organization Agency Amount (Council, etc) *",2009,designate,,,Young Men's and Young Women's Hebrew Association of Washington Heights and Inwood,inwood Senior Center,131635308,748130,DFTA,125,003,,ocr:lowconf
3,2008-11-19,"Anti-Illegal Eviction and SRO Contracts Services Agy# Number Agency Status (Council, MOC. EIN Amount UIA etc) Organization *",2009,designate,,,Goddard Riverside Community Center,,131893908,,HPD,806,011,,ocr:amt
3,2008-11-19,"Anti-Illegal Eviction and SRO Contracts Services Agy# Number Agency Status (Council, MOC. EIN Amount UIA etc) Organization *",2009,designate,,,Legal Aid Society / Civil Division- Bronx,,135562265,144643,HPD,806,011,,
3,2008-11-19,"Anti-Illegal Eviction and SRO Contracts Services Agy# Number Agency Status (Council, MOC. EIN Amount UIA etc) Organization *",2009,designate,,,Legal Aid Society / Civil Division- Brooklyn,,135562265,188963,HPD,806,011,,ocr:lowconf
3,2008-11-19,"Anti-Illegal Eviction and SRO Contracts Services Agy# Number Agency Status (Council, MOC. EIN Amount UIA etc) Organization *",2009,designate,,,Legal Aid Society / Civil Division- Community Law Office,,135562265,304782,HPD,806,011,,
3,2008-11-19,"Anti-Illegal Eviction and SRO Contracts Services Agy# Number Agency Status (Council, MOC. EIN Amount UIA etc) Organization *",2009,designate,,,Legal Aid Society / Civil Division- Queens,,135562265,93750,HPD,806,011,,
3,2008-11-19,"Anti-Illegal Eviction and SRO Contracts Services Agy# Number Agency Status (Council, MOC. EIN Amount UIA etc) Organization *",2009,designate,,,Legal Aid Society / Civil Division- Staten island,,135562265,68750,HPD,806,011,,ocr:lowconf
3,2008-11-19,"Anti-Illegal Eviction and SRO Contracts Services Agy# Number Agency Status (Council, MOC. EIN Amount UIA etc) Organization *",2009,designate,,,Legal Services NYC Bedford Stuyvesant Community Legal Services Corporation,,112149962,84888,HPD,806,011,,
3,2008-11-19,"Anti-Illegal Eviction and SRO Contracts Services Agy# Number Agency Status (Council, MOC. EIN Amount UIA etc) Organization *",2009,designate,,,Legal Services NYC,Bronx,132600199,87500,HPD,806,011,,ocr:lowconf
3,2008-11-19,"Anti-Illegal Eviction and SRO Contracts Services Agy# Number Agency Status (Council, MOC. EIN Amount UIA etc) Organization *",2009,designate,,,Legal Services NYC Brooklyn Branch,,132600199,57716,HPD,806,011,,ocr:lowconf
3,2008-11-19,"Anti-Illegal Eviction and SRO Contracts Services Agy# Number Agency Status (Council, MOC. EIN Amount UIA etc) Organization *",2009,designate,,,Legal Services NYC- Brooklyn Legal Services Corporation A,,132605599,98074,HPD,806,011,,ocr:lowconf
3,2008-11-19,"Anti-Illegal Eviction and SRO Contracts Services Agy# Number Agency Status (Council, MOC. EIN Amount UIA etc) Organization *",2009,designate,,,Legal Services NYC Manhattan,,132600199,95488,HPD,806,011,,
3,2008-11-19,"Anti-Illegal Eviction and SRO Contracts Services Agy# Number Agency Status (Council, MOC. EIN Amount UIA etc) Organization *",2009,designate,,,Legal Services NYC Manhattan Legal Services-Harlem Office,,132613958,64068,HPD,806,011,,ocr:lowconf
3,2008-11-19,"Anti-Illegal Eviction and SRO Contracts Services Agy# Number Agency Status (Council, MOC. EIN Amount UIA etc) Organization *",2009,designate,,,Legal Services NYC Queens Legal Services Corporation,,132605604,122294,HPD,806,011,,ocr:lowconf
3,2008-11-19,"Anti-Illegal Eviction and SRO Contracts Services Agy# Number Agency Status (Council, MOC. EIN Amount UIA etc) Organization *",2009,designate,,,Legal Services NYC South Brooklyn Legal Services,,132605605,180571,HPD,806,011,,
3,2008-11-19,"Anti-Illegal Eviction and SRO Contracts Services Agy# Number Agency Status (Council, MOC. EIN Amount UIA etc) Organization *",2009,designate,,,"MFY Legal Services, Inc.",,132622748,215975,HPD,806,011,,ocr:lowconf
3,2008-11-19,"Anti-Illegal Eviction and SRO Contracts Services Agy# Number Agency Status (Council, MOC. EIN Amount UIA etc) Organization *",2009,designate,,,Northern Manhattan Improvement Corporation,,132972415,90409,HPD,806,011,,
4,2008-12-18,,2009,rescind,,Felder,Ohr Halimud,The Multi-Sensory Learning Center,050548204,-5000,DYCD,260,312,,ocr:lowconf
4,2008-12-18,,2009,rescind,,Felder,"St. Athanasius Youth Program, Inc.",,112773596,-5000,DYCD,260,312,,ocr:lowconf
4,2008-12-18,,2009,designate,,Felder,"Bonei Olam, Inc.",,113473757,10000,DYCD,260,312,,ocr:lowconf
4,2008-12-18,,2009,rescind,,Martinez,"Pedro Francisco Bono Foundation, Inc.",,133918986,-25000,DYCD,260,312,,ocr:lowconf
4,2008-12-18,,2009,designate,,Martinez,"Vocational Foundation, Inc.",,131878246,25000,DYCD,260,312,,ocr:lowconf
4,2008-12-18,,2009,rescind,,Eugene,Haitian-American Business Network,,470939800,-4000,DSBS,801,002,,ocr:lowconf
4,2008-12-18,,2009,designate,,Eugene,Haitian-American Business Network,,470939800,4000,DSBS,801,002,,*;ocr:lowconf
4,2008-12-18,,2009,rescind,,James,Fulton Area Business Association,,593768783,-5000,DSBS,801,002,,ocr:lowconf
4,2008-12-18,,2009,designate,,James,Fulton Area Business Association,,593768783,5000,DSBS,801,002,,ocr:lowconf
4,2008-12-18,,2009,rescind,,Avella,"City Solve Systems, Inc.",,133864712,-20000,DYCD,260,005,,*
4,2008-12-18,,2009,designate,,Avella,"Samuel Field YM & YWHA, Inc.",,113071518,20000,DYCD,260,005,,
4,2008-12-18,,2009,rescind,,Nelson,First Baptist Church of Sheepshead Bay,,116019293,-10000,DFTA,125,003,,ocr:lowconf
4,2008-12-18,,2009,designate,,Nelson,First Baptist Church of Sheepshead Bay,,116019293,10000,DFTA,125,003,,ocr:lowconf
4,2008-12-18,,2009,designate,,CC- Seabrook,Junior High School 113X (Richard Green School),,136400434,25000,DOE,040,402,,ocr:lowconf
4,2008-12-18,,2009,designate,,CC,Joseph S. Murphy Institute Center for Worker Education,,136400434,390000,CUNY,042,001,,ocr:lowconf
4,2008-12-18,,2009,designate,,CC-Recchia,"Congress of Italian-American Organizations, Inc.",,237082544,15000,DFTA,125,003,,.;ocr:lowconf
4,2008-12-18,,2009,designate,,CC-Arroyo,"Hunts Point Multi-Service Center, Inc.",,132612592,20000,DFTA,125,003,,.;ocr:lowconf
4,2008-12-18,,2009,designate,,CC-Arroyo,Presbyterian Senior Services,,131981482,22000,DFTA,125,003,,*;ocr:lowconf
4,2008-12-18,,2009,designate,,CC-Stewart,"West Indian American Day Carival Association, Inc.",,237176396,25000,DCA,126,003,,ocr:lowconf
4,2008-12-18,,2009,designate,,CC,"New York City Outward Bound Center, Inc.",,133471084,200000,DYCD,260,312,,ocr:lowconf
4,2008-12-18,,2009,designate,,CC,New York Industrial Retention Network,,510178586,50000,DSBS,801,002,,
4,2008-12-18,,2009,designate,,CC-Mendez,"Good Old Lower East Side, Inc.",,132915659,60000,HPD,806,009,,ocr:lowconf
4,2008-12-18,,2009,designate,,CC-Koppell,Fordham University Biological Science Research Laboratory,,131740451,40000,DOHMH,816,113,,ocr:lowconf
4,2008-12-18,,2009,rescind,,Gentile,Public School 259K,,136400434,-2000,DOE,040,402,,ocr:lowconf
4,2008-12-18,,2009,designate,,Gentile,Junior High School 259K,,136400434,2000,DYCD,260,312,,
4,2008-12-18,,2009,designate,,"Sanders, Jr","Samaritans Outreach Ministries, Inc.",,113283859,17700,DYCD,260,005,,ocr:lowconf
4,2008-12-18,,2009,designate,,"Sanders, Jr","Lammies Daycare, Inc.",,113470759,12500,DYCD,260,312,,ocr:lowconf
4,2008-12-18,,2009,designate,,Sanders. Jr,Laurelton Lions Club,,112990142,8500,DYCD,260,312,,ocr:lowconf
4,2008-12-18,,2009,designate,,"Sanders, Jr",Margert Community Corporation,,112534700,30800,DYCD,260,312,,ocr:lowconf
4,2008-12-18,,2009,designate,,"Sanders, Jr",Mount Carmel Baptist Church,,012400734,3500,DYCD,260,312,,
4,2008-12-18,,2009,designate,,"Sanders, Jr","United Black Men of Queens Foundation, Inc.",,112623993,3500,DYCD,260,312,,ocr:lowconf
4,2008-12-18,,2009,designate,,"Sanders, Jr","Episcopal Health Services, Inc. (d/bla St. John's Episcopal Hospital)",,111665825,3500,DOHMH,816,113,,
4,2008-12-18,,2009,rescind,,"Sanders, Jr",Department of Health and Mental Hygiene,,136400434,-80000,DOHMH,816,114,,ocr:lowconf
4,2008-12-18,,2009,designate,,"Vallone, Jr","Central Astoria Local Development Coalition, Inc.",,112652331,10000,DSBS,801,002,,ocr:lowconf
4,2008-12-18,,2009,rescind,,"Vallone, Jr","Steinway Street District Management Association, Inc.",,113067330,-10000,DSBS,801,002,,
4,2008-12-18,,2009,designate,,Yassky,New York Historical Society,,131624124,15000,DCA,126,003,,ocr:lowconf
4,2008-12-18,,2009,rescind,,Yassky,Central United Talmudic Academy,,203514014,-15000,DYCD,260,312,,*;ocr:lowconf
4,2008-12-18,,2009,rescind,,CC,"Vietnam Veterans of America, Inc. Queens Chapter #32",,112629339,-25000,DYCD,260,005,,
4,2008-12-18,,2009,rescind,,Liu,"Vietnam Veterans of America, Inc. Queens Chapter #32",,112629339,-5000,DYCD,260,005,,ocr:lowconf
4,2008-12-18,,2009,rescind,,QN,"Vietnam Veterans of America, Inc. Queens Chapter #32",,112629339,-4500,DYCD,260,005,,ocr:lowconf
4,2008-12-18,,2009,rescind,,"Vallone, Jr","Vietnam Veterans of America, Inc. Queens Chapter #32",,112629339,-3500,DYCD,260,005,,ocr:lowconf
4,2008-12-18,,2009,rescind,,Weprin,"Vietnam Veterans of America, Inc. Queens Chapter #32",,112629339,-3500,DYCD,260,005,,
4,2008-12-18,,2009,designate,,CC,"Vietnam Veterans of America, Inc. Queens Chapter #32",,112629339,25000,DYCD,260,005,,ocr:lowconf
4,2008-12-18,,2009,designate,,Liu,"Vietnam Veterans of America, Inc. Queens Chapter #32",,112629339,5000,DYCD,260,005,,
4,2008-12-18,,2009,designate,,QN,"Vietnam Veterans of America, Inc. Queens Chapter #32",,112629339,4500,DYCD,260,005,,ocr:lowconf
4,2008-12-18,,2009,designate,,"Vallone, Jr","Vietnam Veterans of America, Inc. Queens Chapter #32",,112629339,3500,DYCD,260,005,,ocr:lowconf
4,2008-12-18,,2009,designate,,Weprin,"Vietnam Veterans of America, inc. Queens Chapter #32",,112629339,3500,DYCD,260,005,,ocr:lowconf
4,2008-12-18,,2009,rescind,,Weprin,"Interon Productions, Inc. (aka Mel Berkowitz Productions)",,061690150,-7500,DYCD,260,312,,ocr:lowconf
4,2008-12-18,,2009,designate,,Weprin,"Interon Productions, Inc. (aka Mel Berkowitz Productions)",,061690150,7500,DYCD,260,312,,ocr:lowconf
4,2008-12-18,,2009,rescind,,DeBlasio,Brooklyn Preservation Council Foundation,,262829625,-7000,DYCD,260,005,,ocr:lowconf
4,2008-12-18,,2009,designate,,DeBlasio,Brooklyn Preservation Council Foundation,,262829625,7000,DYCD,260,005,,ocr:lowconf
4,2008-12-18,,2009,rescind,,Fidler,New York United Jewish Association,,262647383,-6500,DYCD,260,312,,*;ocr:lowconf
4,2008-12-18,,2009,designate,,Fidler,New York United Jewish Association,,262647383,6500,DFTA,125,003,,ocr:lowconf
4,2008-12-18,,2009,rescind,,Gennaro,"Northeast Queens Jewish Community Council, Inc.",,542144283,-10000,DYCD,260,005,,ocr:lowconf
4,2008-12-18,,2009,designate,,Gennaro,"Northeast Queens Jewish Community Council, Inc.",,542144283,10000,DYCD,260,005,,ocr:lowconf
4,2008-12-18,,2009,rescind,,Gennaro,New York United. Jewish Association,,262647383,-15000,DFTA,125,003,,ocr:lowconf
4,2008-12-18,,2009,designate,,Gennaro,New York United Jewish Association,,262647383,15000,DFTA,125,003,,*;ocr:lowconf
4,2008-12-18,,2009,designate,,CC-Weprin,"Jewish Children's Learning Lab, Inc.",,133817786,6214,DYCD,260,312,,ocr:lowconf
4,2008-12-18,,2009,rescind,,Gennaro,Young Israel of Queens Valley,,133613262,-10000,DFTA,125,003,,ocr:lowconf
4,2008-12-18,,2009,designate,,Gennaro,Young Israel of Queens Valley,,133613262,10000,DFTA,125,003,,
4,2008-12-18,,2009,rescind,,Gentile,Bethany Lutheran Church,,111989915,-1500,DFTA,125,003,,ocr:lowconf
4,2008-12-18,,2009,designate,,Gentile,Bethany Lutheran Church,,111989915,1500,DFTA,125,003,,ocr:lowconf
4,2008-12-18,,2009,rescind,,DeBlasio,"Holy Name Father's Guild, Inc. Windsor Terrace Senior Center",,,-5000,DFTA,125,003,,ocr:ein;ocr:lowconf
4,2008-12-18,,2009,designate,,DeBlasio,"Sunset Bay Community Services, Inc. Windsor Terrace Senior Center",,112439925,5000,DFTA,125,003,,
4,2008-12-18,,2009,rescind,,Viverito,Millbrook Senior Center,,132977839,-2500,DFTA,125,003,,ocr:lowconf
4,2008-12-18,,2009,designate,,Viverito,"Institute for the Puerto Rican/Hispanic Elderly, Inc.",,132987263,2500,DFTA,125,003,,ocr:lowconf
4,2008-12-18,,2009,rescind,,Viverito,Betances I Senior Center,,136400434,-5000,DFTA,125,003,,ocr:lowconf
4,2008-12-18,,2009,designate,,Viverito,"Institute for the Puerto Rican/Hispanic Elderly, Inc.",,132987263,5000,DFTA,125,003,,ocr:lowconf
4,2008-12-18,Youth Discretionary MOC.etc) EIN UIA EIN Status Member Organization Number Agencv Amount Aav# FiscalConduit/Sponsoring Organization Fiscal Conduit (Council. *,2009,rescind,,Felder,"Bonei Olam, Inc.",,113473757,-10000,DYCD,260,312,,ocr:lowconf
4,2008-12-18,Youth Discretionary MOC.etc) EIN UIA EIN Status Member Organization Number Agencv Amount Aav# FiscalConduit/Sponsoring Organization Fiscal Conduit (Council. *,2009,designate,,Felder,Ohr Halimud The Multi- Sensory Learing Center,,050548204,5000,DYCD,260,312,,*;ocr:lowconf
4,2008-12-18,Youth Discretionary MOC.etc) EIN UIA EIN Status Member Organization Number Agencv Amount Aav# FiscalConduit/Sponsoring Organization Fiscal Conduit (Council. *,2009,designate,,Feider,"St. Athanasius Youth Program, Inc.",,112773596,5000,DYCD,260,312,,
4,2008-12-18,Youth Discretionary MOC.etc) EIN UIA EIN Status Member Organization Number Agencv Amount Aav# FiscalConduit/Sponsoring Organization Fiscal Conduit (Council. *,2009,rescind,,Martinez,Mirabal Sisters Cultural and Community Center,,061629188,-10000,DYCD,260,312,,ocr:lowconf
4,2008-12-18,Youth Discretionary MOC.etc) EIN UIA EIN Status Member Organization Number Agencv Amount Aav# FiscalConduit/Sponsoring Organization Fiscal Conduit (Council. *,2009,rescind,,Martinez,New Marble Hill Tenants and Civic Association Ltd.,,134181819,-3500,DYCD,260,312,,ocr:lowconf
4,2008-12-18,Youth Discretionary MOC.etc) EIN UIA EIN Status Member Organization Number Agencv Amount Aav# FiscalConduit/Sponsoring Organization Fiscal Conduit (Council. *,2009,rescind,,Martinez,"Russian American Cultural Heritage Center, Inc., The",,020712132,-5000,DYCD,260,312,,ocr:lowconf
4,2008-12-18,Youth Discretionary MOC.etc) EIN UIA EIN Status Member Organization Number Agencv Amount Aav# FiscalConduit/Sponsoring Organization Fiscal Conduit (Council. *,2009,designate,,Martinez,"Vocational Foundation, Inc.",,131878246,18500,DYCD,260,312,,ocr:lowconf
4,2008-12-18,Youth Discretionary MOC.etc) EIN UIA EIN Status Member Organization Number Agencv Amount Aav# FiscalConduit/Sponsoring Organization Fiscal Conduit (Council. *,2009,rescind,,Gennaro,Young Israel of Queens Valley,,133613262,-4000,DYCD,260,312,,
4,2008-12-18,Youth Discretionary MOC.etc) EIN UIA EIN Status Member Organization Number Agencv Amount Aav# FiscalConduit/Sponsoring Organization Fiscal Conduit (Council. *,2009,designate,,Gennaro,Young Israel of Queens Valley,,133613262,4000,DYCD,260,312,,ocr:lowconf
4,2008-12-18,Youth Discretionary MOC.etc) EIN UIA EIN Status Member Organization Number Agencv Amount Aav# FiscalConduit/Sponsoring Organization Fiscal Conduit (Council. *,2009,rescind,,Viverito,"Friends ofP.S. 163, Inc.",,201670261,-6000,DYCD,260,312,,ocr:lowconf
4,2008-12-18,Youth Discretionary MOC.etc) EIN UIA EIN Status Member Organization Number Agencv Amount Aav# FiscalConduit/Sponsoring Organization Fiscal Conduit (Council. *,2009,designate,,Viverito,"Young Audiences New York, Inc.",,131997754,6000,DYCD,260,312,,ocr:lowconf;ocr:cellspan
4,2008-12-18,Youth Discretionary MOC.etc) EIN UIA EIN Status Member Organization Number Agencv Amount Aav# FiscalConduit/Sponsoring Organization Fiscal Conduit (Council. *,2009,rescind,,Monserrate,BigApple Youth Soccer League,,113376770,-4000,DYCD,260,312,,ocr:lowconf
4,2008-12-18,Youth Discretionary MOC.etc) EIN UIA EIN Status Member Organization Number Agencv Amount Aav# FiscalConduit/Sponsoring Organization Fiscal Conduit (Council. *,2009,rescind,,Monserrate,Corona Basketball League,,260276417,-3500,DYCD,260,312,,ocr:lowconf
4,2008-12-18,Youth Discretionary MOC.etc) EIN UIA EIN Status Member Organization Number Agencv Amount Aav# FiscalConduit/Sponsoring Organization Fiscal Conduit (Council. *,2009,rescind,,Monserrate,Queens Parents Little League,,,-3500,DYCD,260,312,,ocr:ein;ocr:lowconf
4,2008-12-18,Youth Discretionary MOC.etc) EIN UIA EIN Status Member Organization Number Agencv Amount Aav# FiscalConduit/Sponsoring Organization Fiscal Conduit (Council. *,2009,designate,,Monserrate,Big Apple Youth Soccer League,,113376770,4000,DYCD,260,312,,ocr:lowconf
4,2008-12-18,Youth Discretionary MOC.etc) EIN UIA EIN Status Member Organization Number Agencv Amount Aav# FiscalConduit/Sponsoring Organization Fiscal Conduit (Council. *,2009,designate,,Monserrate,Corona Basketball League,,260276417,3500,DYCD,260,312,,ocr:lowconf
4,2008-12-18,Youth Discretionary MOC.etc) EIN UIA EIN Status Member Organization Number Agencv Amount Aav# FiscalConduit/Sponsoring Organization Fiscal Conduit (Council. *,2009,designate,,Monserrate,Queens Parents Little League,,,3500,DYCD,260,312,,ocr:ein;ocr:lowconf
4,2008-12-18,Youth Discretionary MOC.etc) EIN UIA EIN Status Member Organization Number Agencv Amount Aav# FiscalConduit/Sponsoring Organization Fiscal Conduit (Council. *,2009,rescind,,Gennaro,Queens Community Civic Corporation,,222183327,-7500,DYCD,260,312,,ocr:lowconf
4,2008-12-18,Youth Discretionary MOC.etc) EIN UIA EIN Status Member Organization Number Agencv Amount Aav# FiscalConduit/Sponsoring Organization Fiscal Conduit (Council. *,2009,designate,,Gennaro,Queens Community Civic Corporation,,222183327,7500,DYCD,260,312,,ocr:lowconf
4,2008-12-18,Youth Discretionary MOC.etc) EIN UIA EIN Status Member Organization Number Agencv Amount Aav# FiscalConduit/Sponsoring Organization Fiscal Conduit (Council. *,2009,rescind,,Gennaro,Young Israel of Kew Gardens Hills,,111948880,-4000,DYCD,260,312,,ocr:lowconf
4,2008-12-18,Youth Discretionary MOC.etc) EIN UIA EIN Status Member Organization Number Agencv Amount Aav# FiscalConduit/Sponsoring Organization Fiscal Conduit (Council. *,2009,designate,,Gennaro,Young Israel of Kew Gardens Hills,,111948880,4000,DYCD,260,312,,ocr:lowconf
4,2008-12-18,Youth Discretionary MOC.etc) EIN UIA EIN Status Member Organization Number Agencv Amount Aav# FiscalConduit/Sponsoring Organization Fiscal Conduit (Council. *,2009,rescind,,Stewart,67th Precinct Explorers,,,-2500,DYCD,260,312,,ocr:ein
4,2008-12-18,Youth Discretionary MOC.etc) EIN UIA EIN Status Member Organization Number Agencv Amount Aav# FiscalConduit/Sponsoring Organization Fiscal Conduit (Council. *,2009,rescind,,Stewart,67th Precinct Police Athletic League,,,-2500,DYCD,260,312,,*;ocr:ein;ocr:lowconf
4,2008-12-18,Youth Discretionary MOC.etc) EIN UIA EIN Status Member Organization Number Agencv Amount Aav# FiscalConduit/Sponsoring Organization Fiscal Conduit (Council. *,2009,rescind,,Stewart,"Abundant Life Community Service, Inc.",,113454392,-4714,DYCD,260,312,,ocr:lowconf
4,2008-12-18,Youth Discretionary MOC.etc) EIN UIA EIN Status Member Organization Number Agencv Amount Aav# FiscalConduit/Sponsoring Organization Fiscal Conduit (Council. *,2009,rescind,,Stewart,Brooklyn Knights Pathfinders,,113390715,-5000,DYCD,260,312,,ocr:lowconf
4,2008-12-18,Youth Discretionary MOC.etc) EIN UIA EIN Status Member Organization Number Agencv Amount Aav# FiscalConduit/Sponsoring Organization Fiscal Conduit (Council. *,2009,rescind,,Stewart,Christian Haitian Sports Foundation,,113598389,-10000,DYCD,260,312,,ocr:lowconf
4,2008-12-18,Youth Discretionary MOC.etc) EIN UIA EIN Status Member Organization Number Agencv Amount Aav# FiscalConduit/Sponsoring Organization Fiscal Conduit (Council. *,2009,rescind,,Stewart,Citizens for a Better Community,,,-2000,DYCD,260,312,,.;ocr:ein;ocr:lowconf
4,2008-12-18,Youth Discretionary MOC.etc) EIN UIA EIN Status Member Organization Number Agencv Amount Aav# FiscalConduit/Sponsoring Organization Fiscal Conduit (Council. *,2009,rescind,,Stewart,D'Radoes Steel Orchestra,,342027954,-8000,DYCD,260,312,,*;ocr:lowconf
4,2008-12-18,Youth Discretionary MOC.etc) EIN UIA EIN Status Member Organization Number Agencv Amount Aav# FiscalConduit/Sponsoring Organization Fiscal Conduit (Council. *,2009,rescind,,Stewart,East 34th Street Block Association,,,-2000,DYCD,260,312,,*;ocr:ein;ocr:lowconf
4,2008-12-18,Youth Discretionary MOC.etc) EIN UIA EIN Status Member Organization Number Agencv Amount Aav# FiscalConduit/Sponsoring Organization Fiscal Conduit (Council. *,2009,rescind,,Stewart,East 40th Street Block Association,,,-2000,DYCD,260,312,,ocr:ein;ocr:lowconf
4,2008-12-18,Youth Discretionary MOC.etc) EIN UIA EIN Status Member Organization Number Agencv Amount Aav# FiscalConduit/Sponsoring Organization Fiscal Conduit (Council. *,2009,rescind,,Stewart,East Flatbush Ecumenical Council,,061483690,-5000,DYCD,260,312,,*;ocr:lowconf
4,2008-12-18,Youth Discretionary MOC.etc) EIN UIA EIN Status Member Organization Number Agencv Amount Aav# FiscalConduit/Sponsoring Organization Fiscal Conduit (Council. *,2009,rescind,,Stewart,Mildred Forde Young Models,,593840756,-4000,DYCD,260,312,,ocr:lowconf
4,2008-12-18,Youth Discretionary MOC.etc) EIN UIA EIN Status Member Organization Number Agencv Amount Aav# FiscalConduit/Sponsoring Organization Fiscal Conduit (Council. *,2009,rescind,,Stewart,New Hope Community Services,,113511226,-5000,DYCD,260,312,,ocr:lowconf
4,2008-12-18,Youth Discretionary MOC.etc) EIN UIA EIN Status Member Organization Number Agencv Amount Aav# FiscalConduit/Sponsoring Organization Fiscal Conduit (Council. *,2009,rescind,,Stewart,New Life Tabernacle Church,,113168615,-15000,DYCD,260,312,,*;ocr:lowconf
4,2008-12-18,Youth Discretionary MOC.etc) EIN UIA EIN Status Member Organization Number Agencv Amount Aav# FiscalConduit/Sponsoring Organization Fiscal Conduit (Council. *,2009,rescind,,Stewart,Preparation Church of God,,112840021,-3000,DYCD,260,312,,ocr:lowconf
4,2008-12-18,Youth Discretionary MOC.etc) EIN UIA EIN Status Member Organization Number Agencv Amount Aav# FiscalConduit/Sponsoring Organization Fiscal Conduit (Council. *,2009,rescind,,Stewart,Public School 119K,,136400434,-2000,DYCD,260,312,,ocr:lowconf
4,2008-12-18,Youth Discretionary MOC.etc) EIN UIA EIN Status Member Organization Number Agencv Amount Aav# FiscalConduit/Sponsoring Organization Fiscal Conduit (Council. *,2009,rescind,,Stewart,St. Paul's Lutheran Church,,411568278,-5000,I DYCD,260,312,,*;ocr:agency;ocr:lowconf
4,2008-12-18,Youth Discretionary MOC.etc) EIN UIA EIN Status Member Organization Number Agencv Amount Aav# FiscalConduit/Sponsoring Organization Fiscal Conduit (Council. *,2009,rescind,,Stewart,St. Paul's United Methodist,,111775937,-5000,DYCD,260,312,,ocr:lowconf
4,2008-12-18,Youth Discretionary MOC.etc) EIN UIA EIN Status Member Organization Number Agencv Amount Aav# FiscalConduit/Sponsoring Organization Fiscal Conduit (Council. *,2009,rescind,,Stewart,St. Stephen's Lutheran Church,,,-5000,DYCD,260,312,,ocr:ein;ocr:lowconf
4,2008-12-18,Youth Discretionary MOC.etc) EIN UIA EIN Status Member Organization Number Agencv Amount Aav# FiscalConduit/Sponsoring Organization Fiscal Conduit (Council. *,2009,rescind,,Stewart,"United States Steelband Association, inc.",,113612068,-14000,DYCD,260,312,,.;ocr:lowconf
4,2008-12-18,Youth Discretionary MOC.etc) EIN UIA EIN Status Member Organization Number Agencv Amount Aav# FiscalConduit/Sponsoring Organization Fiscal Conduit (Council. *,2009,designate,,Stewart,67th Precinct Explorers,,,2500,DYCD,260,312,,ocr:ein;ocr:lowconf
4,2008-12-18,Youth Discretionary MOC.etc) EIN UIA EIN Status Member Organization Number Agencv Amount Aav# FiscalConduit/Sponsoring Organization Fiscal Conduit (Council. *,2009,designate,,Stewart,67th Precinct Police Athletic League,,,2500,DYCD,260,312,,ocr:ein;ocr:lowconf
4,2008-12-18,Youth Discretionary MOC.etc) EIN UIA EIN Status Member Organization Number Agencv Amount Aav# FiscalConduit/Sponsoring Organization Fiscal Conduit (Council. *,2009,designate,,Stewart,"Abundant Life Community Service, Inc.",,113454392,4714,DYCD,260,312,,ocr:lowconf
4,2008-12-18,Youth Discretionary MOC.etc) EIN UIA EIN Status Member Organization Number Agencv Amount Aav# FiscalConduit/Sponsoring Organization Fiscal Conduit (Council. *,2009,designate,,Stewart,Brooklyn Knights Pathfinders,,113390715,,DYCD,260,312,,ocr:amt;ocr:lowconf
4,2008-12-18,Youth Discretionary MOC.etc) EIN UIA EIN Status Member Organization Number Agencv Amount Aav# FiscalConduit/Sponsoring Organization Fiscal Conduit (Council. *,2009,designate,,Stewart,Christian Hatian Sports Foundation,,113598389,,DYCD,260,312,,ocr:amt;ocr:lowconf
4,2008-12-18,"Youth Discretionary (continued) EINI Number Agency Aav# UIA Fiscal Conduit EIN Status (Council, MOC. etc) Member Organization Amount FiscalConduit/Sponsoring Organization *",2009,designate,,Stewart,Citizens for a Better Community,,,2000,DYCD,260,312,,ocr:ein;ocr:lowconf
4,2008-12-18,"Youth Discretionary (continued) EINI Number Agency Aav# UIA Fiscal Conduit EIN Status (Council, MOC. etc) Member Organization Amount FiscalConduit/Sponsoring Organization *",2009,designate,,Stewart,D'Radoes Steel Orchestra,,342027954,8000,DYCD,260,312,,ocr:lowconf
4,2008-12-18,"Youth Discretionary (continued) EINI Number Agency Aav# UIA Fiscal Conduit EIN Status (Council, MOC. etc) Member Organization Amount FiscalConduit/Sponsoring Organization *",2009,designate,,Stewart,East 34th Street Block Association,,,2000,DYCD,260,312,,ocr:ein;ocr:lowconf
4,2008-12-18,"Youth Discretionary (continued) EINI Number Agency Aav# UIA Fiscal Conduit EIN Status (Council, MOC. etc) Member Organization Amount FiscalConduit/Sponsoring Organization *",2009,designate,,Stewart,East 40th Street Block Association,,,2000,DYCD,260,312,,ocr:ein;ocr:lowconf
4,2008-12-18,"Youth Discretionary (continued) EINI Number Agency Aav# UIA Fiscal Conduit EIN Status (Council, MOC. etc) Member Organization Amount FiscalConduit/Sponsoring Organization *",2009,designate,,Stewart,East Flatbush Ecumenical Council,,061483690,5000,DYCD,260,312,,ocr:lowconf
4,2008-12-18,"Youth Discretionary (continued) EINI Number Agency Aav# UIA Fiscal Conduit EIN Status (Council, MOC. etc) Member Organization Amount FiscalConduit/Sponsoring Organization *",2009,designate,,Stewart,Mildred Forde Young Models,,593840756,4000,DYCD,260,312,,ocr:lowconf
4,2008-12-18,"Youth Discretionary (continued) EINI Number Agency Aav# UIA Fiscal Conduit EIN Status (Council, MOC. etc) Member Organization Amount FiscalConduit/Sponsoring Organization *",2009,designate,,Stewart,New Hope Community Services,,113511226,5000,DYCD,260,312,,ocr:lowconf
4,2008-12-18,"Youth Discretionary (continued) EINI Number Agency Aav# UIA Fiscal Conduit EIN Status (Council, MOC. etc) Member Organization Amount FiscalConduit/Sponsoring Organization *",2009,designate,,Stewart,New Life Tabernacle Church,,113168615,15000,DYCD,260,312,,
4,2008-12-18,"Youth Discretionary (continued) EINI Number Agency Aav# UIA Fiscal Conduit EIN Status (Council, MOC. etc) Member Organization Amount FiscalConduit/Sponsoring Organization *",2009,designate,,Stewart,Preparation Church of God,,112840021,3000,DYCD,260,312,,*;ocr:lowconf
4,2008-12-18,"Youth Discretionary (continued) EINI Number Agency Aav# UIA Fiscal Conduit EIN Status (Council, MOC. etc) Member Organization Amount FiscalConduit/Sponsoring Organization *",2009,designate,,Stewart,Publiç School 119K,,136400434,2000,DYCD,260,312,,ocr:lowconf
4,2008-12-18,"Youth Discretionary (continued) EINI Number Agency Aav# UIA Fiscal Conduit EIN Status (Council, MOC. etc) Member Organization Amount FiscalConduit/Sponsoring Organization *",2009,designate,,Stewart,St. Paul's Lutheran Church,,411568278,5000,DYCD,260,312,,*;ocr:lowconf
4,2008-12-18,"Youth Discretionary (continued) EINI Number Agency Aav# UIA Fiscal Conduit EIN Status (Council, MOC. etc) Member Organization Amount FiscalConduit/Sponsoring Organization *",2009,designate,,Stewart,St. Paul's United Methodist,,111775937,5000,DYCD,260,312,,ocr:lowconf
4,2008-12-18,"Youth Discretionary (continued) EINI Number Agency Aav# UIA Fiscal Conduit EIN Status (Council, MOC. etc) Member Organization Amount FiscalConduit/Sponsoring Organization *",2009,designate,,Stewart,St. Stephen's Lutheran Church,,,5000,DYCD,260,312,,ocr:ein;ocr:lowconf
4,2008-12-18,"Youth Discretionary (continued) EINI Number Agency Aav# UIA Fiscal Conduit EIN Status (Council, MOC. etc) Member Organization Amount FiscalConduit/Sponsoring Organization *",2009,designate,,Stewart,"United States Steelband Association, Inc.",,113612068,14000,DYCD,260,312,,*;ocr:lowconf
4,2008-12-18,"(IOI) Immigrant Opportunities Initiative EIN Agy # UIA MOC, etc) Borough Agency (Council, Organization Number Amount * Status",2009,designate,,Bronx,"Alianza Dominicana, Inc.",,133402057,25000,DYCD,260,005,,ocr:lowconf
4,2008-12-18,"(IOI) Immigrant Opportunities Initiative EIN Agy # UIA MOC, etc) Borough Agency (Council, Organization Number Amount * Status",2009,designate,,Bronx,"Citizens Advice Bureau, Inc., The",,133254484,80000,DYCD,260,005,,ocr:lowconf
4,2008-12-18,"(IOI) Immigrant Opportunities Initiative EIN Agy # UIA MOC, etc) Borough Agency (Council, Organization Number Amount * Status",2009,designate,,Bronx,"City University of New York School of Law Foundation, Inc.",CUNY Citizenship and Immigration Project,113235349,85000,DYCD,260,005,,ocr:lowconf
4,2008-12-18,"(IOI) Immigrant Opportunities Initiative EIN Agy # UIA MOC, etc) Borough Agency (Council, Organization Number Amount * Status",2009,designate,,Bronx,"Committee for Hispanic Children and Families, Inc., The",,112622003,55000,DYCD,260,005,,ocr:lowconf
4,2008-12-18,"(IOI) Immigrant Opportunities Initiative EIN Agy # UIA MOC, etc) Borough Agency (Council, Organization Number Amount * Status",2009,designate,,Bronx,Emerald Isle Immigration Center,,112932528,30000,DYCD,260,005,,ocr:lowconf
4,2008-12-18,"(IOI) Immigrant Opportunities Initiative EIN Agy # UIA MOC, etc) Borough Agency (Council, Organization Number Amount * Status",2009,designate,,Bronx,"Gambian Society in New York, Inc.",,133904936,25000,DYCD,260,005,,ocr:lowconf
4,2008-12-18,"(IOI) Immigrant Opportunities Initiative EIN Agy # UIA MOC, etc) Borough Agency (Council, Organization Number Amount * Status",2009,designate,,Bronx,"International Center in New York, Inc., The",,131946733,25000,DYCD,260,005,,*;ocr:lowconf
4,2008-12-18,"(IOI) Immigrant Opportunities Initiative EIN Agy # UIA MOC, etc) Borough Agency (Council, Organization Number Amount * Status",2009,designate,,Bronx,"Kingsbridge Heights Community Center, Inc.",,132813809,25000,DYCD,260,005,,
4,2008-12-18,"(IOI) Immigrant Opportunities Initiative EIN Agy # UIA MOC, etc) Borough Agency (Council, Organization Number Amount * Status",2009,designate,,Bronx,Legal Aid Society,,135562265,80000,DYCD,260,005,,ocr:lowconf
4,2008-12-18,"(IOI) Immigrant Opportunities Initiative EIN Agy # UIA MOC, etc) Borough Agency (Council, Organization Number Amount * Status",2009,designate,,Bronx,Legal Services NYC,Bronx,132600199,95000,DYCD,260,005,,
4,2008-12-18,"(IOI) Immigrant Opportunities Initiative EIN Agy # UIA MOC, etc) Borough Agency (Council, Organization Number Amount * Status",2009,designate,,Bronx,"Mary Mitchell Youth and Family Center, Inc.",,133385032,25000,DYCD,260,005,,ocr:lowconf
4,2008-12-18,"(IOI) Immigrant Opportunities Initiative EIN Agy # UIA MOC, etc) Borough Agency (Council, Organization Number Amount * Status",2009,designate,,Bronx,"Mosholu-Montefiore Community Center, Inc.",,133622107,35000,DYCD,260,005,,
4,2008-12-18,"(IOI) Immigrant Opportunities Initiative EIN Agy # UIA MOC, etc) Borough Agency (Council, Organization Number Amount * Status",2009,designate,,Bronx,Muslim Women's Institute for Research and Development (MWIRD),,800010627,25000,DYCD,260,005,,*;ocr:lowconf
4,2008-12-18,"(IOI) Immigrant Opportunities Initiative EIN Agy # UIA MOC, etc) Borough Agency (Council, Organization Number Amount * Status",2009,designate,,Bronx,Neighborhood Initiatives Development Corporation (NIDC),,133110811,25000,DYCD,260,005,,ocr:lowconf
4,2008-12-18,"(IOI) Immigrant Opportunities Initiative EIN Agy # UIA MOC, etc) Borough Agency (Council, Organization Number Amount * Status",2009,designate,,Bronx,New York Legal Assistance Group,,133505428,95000,DYCD,260,005,,ocr:lowconf
4,2008-12-18,"(IOI) Immigrant Opportunities Initiative EIN Agy # UIA MOC, etc) Borough Agency (Council, Organization Number Amount * Status",2009,designate,,Bronx,New York State Defenders Association,Immigrant Defense Project,112461900,25000,DYCD,260,005,,ocr:lowconf
4,2008-12-18,"(IOI) Immigrant Opportunities Initiative EIN Agy # UIA MOC, etc) Borough Agency (Council, Organization Number Amount * Status",2009,designate,,Bronx,Phipps Community Development Corporation,,132707665,35000,DYCD,260,005,,ocr:lowconf
4,2008-12-18,"(IOI) Immigrant Opportunities Initiative EIN Agy # UIA MOC, etc) Borough Agency (Council, Organization Number Amount * Status",2009,designate,,Bronx,"Sanctuary for Families, Inc.",,133193119,80000,DYCD,260,005,,ocr:lowconf
4,2008-12-18,"(IOI) Immigrant Opportunities Initiative EIN Agy # UIA MOC, etc) Borough Agency (Council, Organization Number Amount * Status",2009,designate,,Bronx,South Bronx Overall Economic Development Corporation,,132736022,25000,DYCD,260,005,,ocr:lowconf
4,2008-12-18,"(IOI) Immigrant Opportunities Initiative EIN Agy # UIA MOC, etc) Borough Agency (Council, Organization Number Amount * Status",2009,designate,,Bronx,Supportive Childrens Advocacy Network (SCAN),,132912963,35000,DYCD,260,005,,*;ocr:lowconf
4,2008-12-18,"(IOI) Immigrant Opportunities Initiative EIN Agy # UIA MOC, etc) Borough Agency (Council, Organization Number Amount * Status",2009,designate,,Bronx,Urban Justice Center,,133442022,25000,DYCD,260,005,,
4,2008-12-18,"(IOI) Immigrant Opportunities Initiative EIN Agy # UIA MOC, etc) Borough Agency (Council, Organization Number Amount * Status",2009,designate,,Bronx,"West Bronx Housing and Neighborhood Resource Center, Inc.",,132941841,35000,DYCD,260,005,,
4,2008-12-18,"(IOI) Immigrant Opportunities Initiative EIN Agy # UIA MOC, etc) Borough Agency (Council, Organization Number Amount * Status",2009,designate,,Bronx,Youth Ministries For Peace and Justice,,134006535,80000,DYCD,260,005,,*
4,2008-12-18,"(IOI) Immigrant Opportunities Initiative EIN Agy # UIA MOC, etc) Borough Agency (Council, Organization Number Amount * Status",2009,designate,,Brooklyn,"Agudath Israel of America Community Services, Inc.",,133975090,45000,DYCD,260,005,,ocr:lowconf
4,2008-12-18,"(IOI) Immigrant Opportunities Initiative EIN Agy # UIA MOC, etc) Borough Agency (Council, Organization Number Amount * Status",2009,designate,,Brooklyn,Borough Park Jewish Community Council,,113475993,25000,DYCD,260,005,,ocr:lowconf
4,2008-12-18,"(IOI) Immigrant Opportunities Initiative EIN Agy # UIA MOC, etc) Borough Agency (Council, Organization Number Amount * Status",2009,designate,,Brooklyn,"Brooklyn Chinese-American Association, Inc.",,113065859,25000,DYCD,260,005,,ocr:lowconf
4,2008-12-18,"(IOI) Immigrant Opportunities Initiative EIN Agy # UIA MOC, etc) Borough Agency (Council, Organization Number Amount * Status",2009,designate,,Brooklyn,"Brooklyn Chinese-American Association, Inc.",,113065859,25000,DYCD,260,005,,ocr:lowconf
4,2008-12-18,"(IOI) Immigrant Opportunities Initiative EIN Agy # UIA MOC, etc) Borough Agency (Council, Organization Number Amount * Status",2009,designate,,Brooklyn,"Caribbean Women's Health Association, Inc.",,133323168,25833,DYCD,260,005,,*;ocr:lowconf
4,2008-12-18,"(IOI) Immigrant Opportunities Initiative EIN Agy # UIA MOC, etc) Borough Agency (Council, Organization Number Amount * Status",2009,designate,,Brooklyn,Catholic Migration Office,,113048411,25000,DYCD,260,005,,*;ocr:lowconf
4,2008-12-18,"(IOI) Immigrant Opportunities Initiative EIN Agy # UIA MOC, etc) Borough Agency (Council, Organization Number Amount * Status",2009,designate,,Brooklyn,"Center for Law and Social Justice, Medgar Evers College",,131988190,65000,DYCD,260,005,,ocr:lowconf
4,2008-12-18,"(IOI) Immigrant Opportunities Initiative EIN Agy # UIA MOC, etc) Borough Agency (Council, Organization Number Amount * Status",2009,designate,,Brooklyn,Church Avenue Merchants Block Association (CAMBA),,112480339,25834,DYCD,260,005,,ocr:lowconf
4,2008-12-18,"(IOI) Immigrant Opportunities Initiative EIN Agy # UIA MOC, etc) Borough Agency (Council, Organization Number Amount * Status",2009,designate,,Brooklyn,Church of God of East Flatbush,,112939346,31000,DYCD,260,005,,*;ocr:lowconf
4,2008-12-18,"(IOI) Immigrant Opportunities Initiative EIN Agy # UIA MOC, etc) Borough Agency (Council, Organization Number Amount * Status",2009,designate,,Brooklyn,Council of Jewish Emigré Community Organizations,,133955736,25000,DYCD,260,005,,.;ocr:lowconf
4,2008-12-18,"(IOI) Immigrant Opportunities Initiative EIN Agy # UIA MOC, etc) Borough Agency (Council, Organization Number Amount * Status",2009,designate,,Brooklyn,"Council of Jewish Organizations of Flatbush, Inc.",,112864728,25000,DYCD,260,005,,ocr:lowconf
4,2008-12-18,"(IOI) Immigrant Opportunities Initiative EIN Agy # UIA MOC, etc) Borough Agency (Council, Organization Number Amount * Status",2009,designate,,Brooklyn,"Council of Jewish Organizations of Flatbush, Inc.",,112864728,47500,DYCD,260,005,,ocr:lowconf
4,2008-12-18,"(IOI) Immigrant Opportunities Initiative EIN Agy # UIA MOC, etc) Borough Agency (Council, Organization Number Amount * Status",2009,designate,,Brooklyn,Cypress Hills Local Development Corporation,,112683663,77500,DYCD,260,005,,
4,2008-12-18,"(IOI) Immigrant Opportunities Initiative EIN Agy # UIA MOC, etc) Borough Agency (Council, Organization Number Amount * Status",2009,designate,,Brooklyn,Emerald Isle Immigration Center,,112932528,25000,DYCD,260,005,,ocr:lowconf
4,2008-12-18,"(IOI) Immigrant Opportunities Initiative EIN Agy # UIA MOC, etc) Borough Agency (Council, Organization Number Amount * Status",2009,designate,,Brooklyn,Erasmus Neighborhood Federation,,112490986,25833,DYCD,260,005,,*;ocr:lowconf
4,2008-12-18,"(IOI) Immigrant Opportunities Initiative EIN Agy # UIA MOC, etc) Borough Agency (Council, Organization Number Amount * Status",2009,designate,,Brooklyn,"Federation of Italian American Organizations of Brooklyn, Ltd.",,112507910,25000,DYCD,260,005,,ocr:lowconf
4,2008-12-18,"(IOI) Immigrant Opportunities Initiative EIN Agy # UIA MOC, etc) Borough Agency (Council, Organization Number Amount * Status",2009,designate,,Brooklyn,"Jewish Community Council of Greater Coney Island, Inc.",,112665181,47500,DYCD,260,005,,ocr:lowconf
4,2008-12-18,"(IOI) Immigrant Opportunities Initiative EIN Agy # UIA MOC, etc) Borough Agency (Council, Organization Number Amount * Status",2009,designate,,Brooklyn,"Kings Bay YM-YWHA, Inc.",,113068515,25646,DYCD,260,005,,
4,2008-12-18,"(IOI) Immigrant Opportunities Initiative EIN Agy # UIA MOC, etc) Borough Agency (Council, Organization Number Amount * Status",2009,designate,,Brooklyn,Legal Aid Society / Civil Division- Brooklyn,,135562265,,DYCD,260,005,,ocr:amt;ocr:lowconf
4,2008-12-18,"(IOI) Immigrant Opportunities Initiative EIN Agy # UIA MOC, etc) Borough Agency (Council, Organization Number Amount * Status",2009,designate,,Brooklyn,Legal Aid Society I Civil Division- Brooklyn,,135562265,25000,DYCD,260,005,,ocr:lowconf
4,2008-12-18,"(IOI) Immigrant Opportunities Initiative EIN Agy # UIA MOC, etc) Borough Agency (Council, Organization Number Amount * Status",2009,designate,,Brooklyn,Legal Services NYC,Bedford Stuyvesant Community Legal Services Corporation,112149962,61677,DYCD,260,005,,
4,2008-12-18,"(IOI) Immigrant Opportunities Initiative EIN Agy # UIA MOC, etc) Borough Agency (Council, Organization Number Amount * Status",2009,designate,,Brooklyn,"Metropolitan New York Coordinating Council on Jewish Poverty, Inc.",,132738818,35000,DYCD,260,005,,
4,2008-12-18,"(IOI) Immigrant Opportunities Initiative EIN Agy # UIA MOC, etc) Borough Agency (Council, Organization Number Amount * Status",2009,designate,,Brooklyn,"Metropolitan New York Coordinating Council on Jewish Poverty, Inc.",,132738818,25000,DYCD,260,005,,
4,2008-12-18,"(IOI) Immigrant Opportunities Initiative EIN Agy # UIA MOC, etc) Borough Agency (Council, Organization Number Amount * Status",2009,designate,,Brooklyn,"Metropolitan New York Coordinating Council on Jewish Poverty, Inc.",,132738818,70000,DYCD,260,005,,
4,2008-12-18,"(IOI) Immigrant Opportunities Initiative EIN Agy # UIA MOC, etc) Borough Agency (Council, Organization Number Amount * Status",2009,designate,,Brooklyn,"Polish and Slavic Center, Inc.",,112285970,25000,DYCD,260,005,,ocr:lowconf
4,2008-12-18,"(IOI) Immigrant Opportunities Initiative EIN Agy # UIA MOC, etc) Borough Agency (Council, Organization Number Amount * Status",2009,designate,,Brooklyn,"Safe Horizon, Inc",,132946970,25000,DYCD,260,005,,ocr:lowconf
4,2008-12-18,"(IOI) Immigrant Opportunities Initiative EIN Agy # UIA MOC, etc) Borough Agency (Council, Organization Number Amount * Status",2009,designate,,Brooklyn,"Sanctuary for Families, Inc.",,133193119,15000,DYCD,260,005,,
4,2008-12-18,"(IOI) Immigrant Opportunities Initiative EIN Agy # UIA MOC, etc) Borough Agency (Council, Organization Number Amount * Status",2009,designate,,Brooklyn,"Sanctuary for Families, Inc.",,133193119,15000,DYCD,260,005,,
4,2008-12-18,"(IOI) Immigrant Opportunities Initiative EIN Agy # UIA MOC, etc) Borough Agency (Council, Organization Number Amount * Status",2009,designate,,Brooklyn,South Brooklyn Legal Services,,132605605,,DYCD,260,005,,ocr:amt;ocr:lowconf
4,2008-12-18,"(IOI) Immigrant Opportunities Initiative EIN Agy # UIA MOC, etc) Borough Agency (Council, Organization Number Amount * Status",2009,designate,,Brooklyn,"Southside Community Mission, Inc.",,112306447,95000,DYCD,260,005,,ocr:lowconf
4,2008-12-18,"(IOI) Immigrant Opportunities Initiative EIN Agy # UIA MOC, etc) Borough Agency (Council, Organization Number Amount * Status",2009,designate,,Brooklyn,St. John's Bread and Life Program,,113174514,30000,DYCD,260,005,,*;ocr:lowconf
4,2008-12-18,"(IOI) Immigrant Opportunities Initiative EIN Agy # UIA MOC, etc) Borough Agency (Council, Organization Number Amount * Status",2009,designate,,Manhattan,African Services Committee,,133749744,25000,DYCD,260,005,,ocr:lowconf
4,2008-12-18,"(IOI) Immigrant Opportunities Initiative EIN Agy # UIA MOC, etc) Borough Agency (Council, Organization Number Amount * Status",2009,designate,,Manhattan,Asian Americans for Equality,,133187792,25000,DYCD,260,005,,
4,2008-12-18,"(IOI) Immigrant Opportunities Initiative EIN Agy # UIA MOC, etc) Borough Agency (Council, Organization Number Amount * Status",2009,designate,,Manhattan,"Chinese American Planning Council, Inc.",,136202692,25000,DYCD,260,005,,
4,2008-12-18,"(IOI) Immigrant Opportunities Initiative EIN Agy # UIA MOC, etc) Borough Agency (Council, Organization Number Amount * Status",2009,designate,,Manhattan,"City University of New York School of Law Foundation, Inc.",CUNY Citizenship and Immigration Project,113235349,25000,DYCD,260,005,,*;ocr:lowconf
4,2008-12-18,"(IOI) Immigrant Opportunities Initiative EIN Agy # UIA MOC, etc) Borough Agency (Council, Organization Number Amount * Status",2009,designate,,Manhattan,"City University of New York School of Law Foundation, Inc.",CUNY Citizenship and Immigration Project,113235349,25000,DYCD,260,005,,*;ocr:lowconf
4,2008-12-18,"(IOI) Immigrant Opportunities Initiative EIN Agy # UIA MOC, etc) Borough Agency (Council, Organization Number Amount * Status",2009,designate,,Manhattan,"Committee for Hispanic Children and Families, Inc., The",,112622003,25000,DYCD,260,005,,ocr:lowconf
4,2008-12-18,"(IOI) Immigrant Opportunities Initiative EIN Agy # UIA MOC, etc) Borough Agency (Council, Organization Number Amount * Status",2009,designate,,Manhattan,"Comprehensive Development, Inc.",,133861648,25000,DYCD,260,005,,ocr:lowconf
4,2008-12-18,"(IOI) Immigrant Opportunities Initiative EIN Agy # UIA MOC, etc) Borough Agency (Council, Organization Number Amount * Status",2009,designate,,Manhattan,Dominican Women' 's Development Center,,133593885,25000,DYCD,260,005,,*;ocr:lowconf
4,2008-12-18,"(IOI) Immigrant Opportunities Initiative EIN Agy # UIA MOC, etc) Borough Agency (Council, Organization Number Amount * Status",2009,designate,,Manhattan,Dominican Women's Development Center,,133593885,25000,DYCD,260,005,,ocr:lowconf
4,2008-12-18,"(IOI) Immigrant Opportunities Initiative EIN Agy # UIA MOC, etc) Borough Agency (Council, Organization Number Amount * Status",2009,designate,,Manhattan,"HIV Law Project, Inc., The",,133730564,25000,DYCD,260,005,,ocr:lowconf
4,2008-12-18,"(IOI) Immigrant Opportunities Initiative EIN Agy # UIA MOC, etc) Borough Agency (Council, Organization Number Amount * Status",2009,designate,,Manhattan,"HIV Law Project, Inc., The",,133730564,25000,DYCD,260,005,,ocr:lowconf
4,2008-12-18,"(IOI) Immigrant Opportunities Initiative EIN Agy # UIA MOC, etc) Borough Agency (Council, Organization Number Amount * Status",2009,designate,,Manhattan,"Housing Conservation Coordinators, Inc.",,510141489,25000,DYCD,260,005,,
4,2008-12-18,"(IOI) Immigrant Opportunities Initiative EIN Agy # UIA MOC, etc) Borough Agency (Council, Organization Number Amount * Status",2009,designate,,Manhattan,"Housing Conservation Coordinators, Inc.",,510141489,25000,DYCD,260,005,,ocr:lowconf
4,2008-12-18,"(IOI) Immigrant Opportunities Initiative EIN Agy # UIA MOC, etc) Borough Agency (Council, Organization Number Amount * Status",2009,designate,,Manhattan,Legal Aid Society,,135562265,85000,DYCD,260,005,,ocr:lowconf
4,2008-12-18,"(IOI) Immigrant Opportunities Initiative EIN Agy # UIA MOC, etc) Borough Agency (Council, Organization Number Amount * Status",2009,designate,,Manhattan,"Lenox Hill Neighborhood House, Inc.",,131628180,25000,DYCD,260,005,,ocr:lowconf
4,2008-12-18,"(IOI) Immigrant Opportunities Initiative EIN Agy # UIA MOC, etc) Borough Agency (Council, Organization Number Amount * Status",2009,designate,,Manhattan,"Lenox Hill Neighborhood House, Inc.",,131628180,25000,DYCD,260,005,,ocr:lowconf
4,2008-12-18,"(IOI) Immigrant Opportunities Initiative EIN Agy # UIA MOC, etc) Borough Agency (Council, Organization Number Amount * Status",2009,designate,,Manhattan,"Little Sisters of the Assumption Family Health Service, Inc.",,132867881,25000,DYCD,260,005,,
4,2008-12-18,"(IOI) Immigrant Opportunities Initiative EIN Agy # UIA MOC, etc) Borough Agency (Council, Organization Number Amount * Status",2009,designate,,Manhattan,"Metropolitan New York Coordinating Council on Jewish Poverty, Inc.",,132738818,25000,DYCD,260,005,,ocr:lowconf
4,2008-12-18,"(IOI) Immigrant Opportunities Initiative EIN Agy # UIA MOC, etc) Borough Agency (Council, Organization Number Amount * Status",2009,designate,,Manhattan,"MFY Legal Services, Inc.",,132622748,85000,DYCD,260,005,,
4,2008-12-18,"(IOI) Immigrant Opportunities Initiative EIN Agy # UIA MOC, etc) Borough Agency (Council, Organization Number Amount * Status",2009,designate,,Manhattan,"MFY Legal Services, Inc.",,132622748,25000,DYCD,260,005,,ocr:lowconf
4,2008-12-18,"(IOI) Immigrant Opportunities Initiative EIN Agy # UIA MOC, etc) Borough Agency (Council, Organization Number Amount * Status",2009,designate,,Manhattan,"Neighborhood Defender Service, Inc.",,061296692,25000,DYCD,260,005,,*
4,2008-12-18,"(IOI) Immigrant Opportunities Initiative EIN Agy # UIA MOC, etc) Borough Agency (Council, Organization Number Amount * Status",2009,designate,,Manhattan,"Neighborhood Defender Service, Inc.",,061296692,25000,DYCD,260,005,,*;ocr:lowconf
4,2008-12-18,"(IOI) Immigrant Opportunities Initiative EIN Agy # UIA MOC, etc) Borough Agency (Council, Organization Number Amount * Status",2009,designate,,Manhattan,Northern Manhattan Coalition for Immigrant Rights,,133255591,25000,DYCD,260,005,,*
4,2008-12-18,"(IOI) Immigrant Opportunities Initiative EIN Agy # UIA MOC, etc) Borough Agency (Council, Organization Number Amount * Status",2009,designate,,Manhattan,Northern Manhattan Coalition for Immigrant Rights,,133255591,25000,DYCD,260,005,,*;ocr:lowconf
4,2008-12-18,"(IOI) Immigrant Opportunities Initiative EIN Agy # UIA MOC, etc) Borough Agency (Council, Organization Number Amount * Status",2009,designate,,Manhattan,Northern Manhattan Improvement Corporation,,132972415,25000,DYCD,260,005,,
4,2008-12-18,"(IOI) Immigrant Opportunities Initiative EIN Agy # UIA MOC, etc) Borough Agency (Council, Organization Number Amount * Status",2009,designate,,Manhattan,NYU Immigrant Law Clinic,,135562308,25000,DYCD,260,005,,*
4,2008-12-18,"(IOI) Immigrant Opportunities Initiative EIN Agy # UIA MOC, etc) Borough Agency (Council, Organization Number Amount * Status",2009,designate,,Manhattan,"Riverside Language Program, Inc",,133280364,25000,DYCD,260,005,,ocr:lowconf
4,2008-12-18,"(IOI) Immigrant Opportunities Initiative EIN Agy # UIA MOC, etc) Borough Agency (Council, Organization Number Amount * Status",2009,designate,,Manhattan,"Riverside Language Program, Inc",,133280364,25000,DYCD,260,005,,ocr:lowconf
4,2008-12-18,"(IOI) Immigrant Opportunities Initiative EIN Agy # UIA MOC, etc) Borough Agency (Council, Organization Number Amount * Status",2009,designate,,Manhattan,"Sanctuary for Families, Inc.",,133193119,25000,DYCD,260,005,,
4,2008-12-18,"(IOI) Immigrant Opportunities Initiative EIN Agy # UIA MOC, etc) Borough Agency (Council, Organization Number Amount * Status",2009,designate,,Manhattan,Upper Manhattan Council Assisting Neighbors,,134042093,25000,DYCD,260,005,,*;ocr:lowconf
4,2008-12-18,"(IOI) Immigrant Opportunities Initiative EIN Agy # UIA MOC, etc) Borough Agency (Council, Organization Number Amount * Status",2009,designate,,Manhattan,Urban Justice Center,,133442022,25000,DYCD,260,005,,
4,2008-12-18,"(IOI) Immigrant Opportunities Initiative EIN Agy # UIA MOC, etc) Borough Agency (Council, Organization Number Amount * Status",2009,designate,,Manhattan,Urban Justice Center,,133442022,25000,DYCD,260,005,,
4,2008-12-18,"(IOI) Immigrant Opportunities Initiative EIN Agy # UIA MOC, etc) Borough Agency (Council, Organization Number Amount * Status",2009,designate,,Queens,"Association of the Bar of the City of New York Fund, Inc.",City Bar Justice Center,136003018,80000,DYCD,260,005,,*
4,2008-12-18,"(IOI) Immigrant Opportunities Initiative EIN Agy # UIA MOC, etc) Borough Agency (Council, Organization Number Amount * Status",2009,designate,,Queens,Central American Legal Assistance,,112859151,80000,DYCD,260,005,,ocr:lowconf
4,2008-12-18,"(IOI) Immigrant Opportunities Initiative EIN Agy # UIA MOC, etc) Borough Agency (Council, Organization Number Amount * Status",2009,designate,,Queens,Community Legal Resource Network (CLRN),,113235349,160000,DYCD,260,005,,*;ocr:lowconf
4,2008-12-18,"(IOI) Immigrant Opportunities Initiative EIN Agy # UIA MOC, etc) Borough Agency (Council, Organization Number Amount * Status",2009,designate,,Queens,Emerald Isle Immigration Center,,112932528,160000,DYCD,260,005,,ocr:lowconf
4,2008-12-18,"(IOI) Immigrant Opportunities Initiative EIN Agy # UIA MOC, etc) Borough Agency (Council, Organization Number Amount * Status",2009,designate,,Queens,"Hellenic American Neighborhood Action Committee, Inc. (HANAC)",,112290832,155000,DYCD,260,005,,
4,2008-12-18,"(IOI) Immigrant Opportunities Initiative EIN Agy # UIA MOC, etc) Borough Agency (Council, Organization Number Amount * Status",2009,designate,,Queens,Legal Services NYC,Queens Legal Services Corporation,132605604,160000,DYCD,260,005,,
4,2008-12-18,"(IOI) Immigrant Opportunities Initiative EIN Agy # UIA MOC, etc) Borough Agency (Council, Organization Number Amount * Status",2009,designate,,Queens,"Metropolitan New York Coordinating Council on Jewish Poverty, Inc.",,132738818,160000,DYCD,260,005,,ocr:lowconf
4,2008-12-18,"(IOI) Immigrant Opportunities Initiative EIN Agy # UIA MOC, etc) Borough Agency (Council, Organization Number Amount * Status",2009,designate,,Queens,New York Legal Assistance Group,,133505428,160000,DYCD,260,005,,ocr:lowconf
4,2008-12-18,"(IOI) Immigrant Opportunities Initiative EIN Agy # UIA MOC, etc) Borough Agency (Council, Organization Number Amount * Status",2009,designate,,Queens,"Sanctuary for Families, Inc.",,133193119,160000,DYCD,260,005,,
4,2008-12-18,"(IOI) Immigrant Opportunities Initiative EIN Agy # UIA MOC, etc) Borough Agency (Council, Organization Number Amount * Status",2009,designate,,Queens,"South Queens Boys and Girls Club, Inc.",,111966067,,DYCD,260,005,,ocr:amt;ocr:lowconf
4,2008-12-18,"(IOI) Immigrant Opportunities Initiative EIN Agy # UIA MOC, etc) Borough Agency (Council, Organization Number Amount * Status",2009,designate,,Queens,"Young Korean American Service and Education Center, Inc.",,112710506,45000,DYCD,260,005,,
4,2008-12-18,"(IOI) Immigrant Opportunities Initiative EIN Agy # UIA MOC, etc) Borough Agency (Council, Organization Number Amount * Status",2009,designate,,Staten Island,"American Italian Coalition of Organizations, Inc. (AMICO)",,112488439,35000,DYCD,260,005,,ocr:lowconf
4,2008-12-18,"(IOI) Immigrant Opportunities Initiative EIN Agy # UIA MOC, etc) Borough Agency (Council, Organization Number Amount * Status",2009,designate,,Staten Island,Central Family Life Center,,133626127,25000,DYCD,260,005,,
4,2008-12-18,"(IOI) Immigrant Opportunities Initiative EIN Agy # UIA MOC, etc) Borough Agency (Council, Organization Number Amount * Status",2009,designate,,Staten Island,"Jewish Community Center of Staten Island, Inc.",,135562256,40000,DYCD,260,005,,
4,2008-12-18,"(IOI) Immigrant Opportunities Initiative EIN Agy # UIA MOC, etc) Borough Agency (Council, Organization Number Amount * Status",2009,designate,,Staten Island,"Jewish Community Center of Staten Island, Inc.",,135562256,37500,DYCD,260,005,,ocr:lowconf
4,2008-12-18,"(IOI) Immigrant Opportunities Initiative EIN Agy # UIA MOC, etc) Borough Agency (Council, Organization Number Amount * Status",2009,designate,,Staten Island,"Jewish Community Center of Staten Island, Inc.",,135562256,40000,DYCD,260,005,,ocr:lowconf
4,2008-12-18,"(IOI) Immigrant Opportunities Initiative EIN Agy # UIA MOC, etc) Borough Agency (Council, Organization Number Amount * Status",2009,designate,,Staten Island,Legal Services NYC,Staten Island Legal Services,132600199,140000,DYCD,260,005,,
4,2008-12-18,"(IOI) Immigrant Opportunities Initiative EIN Agy # UIA MOC, etc) Borough Agency (Council, Organization Number Amount * Status",2009,designate,,Staten Island,"Polonians Organized to Minister Our Community (POMOC), Inc.",St. Stanislaus Kostka Church,112594500,37500,DYCD,260,005,,ocr:lowconf
4,2008-12-18,"(IOI) Immigrant Opportunities Initiative EIN Agy # UIA MOC, etc) Borough Agency (Council, Organization Number Amount * Status",2009,designate,,Staten Island,Staten Island Employment Education Consortium,,133097367,30000,DYCD,260,005,,*;ocr:lowconf
4,2008-12-18,"(IOI) Immigrant Opportunities Initiative EIN Agy # UIA MOC, etc) Borough Agency (Council, Organization Number Amount * Status",2009,designate,,Staten Island,Staten Island Employment Education Consortium,,133097367,60000,DYCD,260,005,,*;ocr:lowconf
4,2008-12-18,"(IOI) Immigrant Opportunities Initiative EIN Agy # UIA MOC, etc) Borough Agency (Council, Organization Number Amount * Status",2009,designate,,Bronx,"Citizens Advice Bureau, Inc., The",,133254484,,DYCD,260,005,,ocr:amt;ocr:lowconf
4,2008-12-18,"(IOI) Immigrant Opportunities Initiative EIN Agy # UIA MOC, etc) Borough Agency (Council, Organization Number Amount * Status",2009,designate,,Bronx,Fordham Bedford,Children's Services,133805049,,DYCD,260,005,,*;ocr:amt;ocr:lowconf
4,2008-12-18,"(IOI) Immigrant Opportunities Initiative EIN Agy # UIA MOC, etc) Borough Agency (Council, Organization Number Amount * Status",2009,designate,,Bronx,Highbridge Community Life Center,,133015539,,DYCD,260,005,,ocr:amt
4,2008-12-18,"(IOI) Immigrant Opportunities Initiative EIN Agy # UIA MOC, etc) Borough Agency (Council, Organization Number Amount * Status",2009,designate,,Bronx,"Kingsbridge Heights Community Center, Inc.",,132813809,,DYCD,260,005,,*;ocr:amt;ocr:lowconf
4,2008-12-18,"(IOI) Immigrant Opportunities Initiative EIN Agy # UIA MOC, etc) Borough Agency (Council, Organization Number Amount * Status",2009,designate,,Bronx,"Literacy Partners, Inc.",,510180665,,DYCD,260,005,,*;ocr:amt;ocr:lowconf
4,2008-12-18,"(IOI) Immigrant Opportunities Initiative EIN Agy # UIA MOC, etc) Borough Agency (Council, Organization Number Amount * Status",2009,designate,,Bronx,Mercy Center,,133865634,,DYCD,260,005,,ocr:amt
4,2008-12-18,"(IOI) Immigrant Opportunities Initiative EIN Agy # UIA MOC, etc) Borough Agency (Council, Organization Number Amount * Status",2009,designate,,Bronx,Phipps Community Development Corporation,,132707665,,DYCD,260,005,,ocr:amt;ocr:lowconf
4,2008-12-18,"(IOI) Immigrant Opportunities Initiative EIN Agy # UIA MOC, etc) Borough Agency (Council, Organization Number Amount * Status",2009,designate,,Bronx,South Bronx Overal! Economic Development Corporation,,132736022,,DYCD,260,005,,ocr:amt;ocr:lowconf
4,2008-12-18,"(IOI) Immigrant Opportunities Initiative EIN Agy # UIA MOC, etc) Borough Agency (Council, Organization Number Amount * Status",2009,designate,,Brooklyn,"Agudath Israel of America Community Services, Inc.",,133975090,,DYCD,260,005,,ocr:amt;ocr:lowconf
4,2008-12-18,"(IOI) Immigrant Opportunities Initiative EIN Agy # UIA MOC, etc) Borough Agency (Council, Organization Number Amount * Status",2009,designate,,Brooklyn,Church Avenue Merchants Block Association (CAMBA),,112480339,,DYCD,260,005,,ocr:amt;ocr:lowconf
4,2008-12-18,"(IOI) Immigrant Opportunities Initiative EIN Agy # UIA MOC, etc) Borough Agency (Council, Organization Number Amount * Status",2009,designate,,Brooklyn,Cypress Hills Local Development Corporation,,112683663,,DYCD,260,005,,ocr:amt
4,2008-12-18,"(IOI) Immigrant Opportunities Initiative EIN Agy # UIA MOC, etc) Borough Agency (Council, Organization Number Amount * Status",2009,designate,,Brooklyn,Discipleship Outreach Ministries (Turning Point),,112838138,,DYCD,260,005,,ocr:amt;ocr:lowconf
4,2008-12-18,"(IOI) Immigrant Opportunities Initiative EIN Agy # UIA MOC, etc) Borough Agency (Council, Organization Number Amount * Status",2009,designate,,Brooklyn,Edith and Carl Marks Jewish Community House of Bensonhurst,,111633484,,DYCD,260,005,,ocr:amt;ocr:lowconf
4,2008-12-18,"(IOI) Immigrant Opportunities Initiative EIN Agy # UIA MOC, etc) Borough Agency (Council, Organization Number Amount * Status",2009,designate,,Brooklyn,"Fifth Avenue Committee, Inc.",,112475743,,DYCD,260,005,,ocr:amt;ocr:lowconf
4,2008-12-18,"(IOI) Immigrant Opportunities Initiative EIN Agy # UIA MOC, etc) Borough Agency (Council, Organization Number Amount * Status",2009,designate,,Brooklyn,Lutheran Family Health Center's Family Support Center,,111839567,,DYCD,260,005,,ocr:amt
4,2008-12-18,"(IOI) Immigrant Opportunities Initiative EIN Agy # UIA MOC, etc) Borough Agency (Council, Organization Number Amount * Status",2009,designate,,Brooklyn,Opportunities for a Better Tomorrow,,112934620,,DYCD,260,005,,ocr:amt;ocr:lowconf
4,2008-12-18,"(IOI) Immigrant Opportunities Initiative EIN Agy # UIA MOC, etc) Borough Agency (Council, Organization Number Amount * Status",2009,designate,,Brooklyn,"Shorefront Jewish Community Council, Inc.",,112986161,,DYCD,260,005,,*;ocr:amt;ocr:lowconf
4,2008-12-18,"(IOI) Immigrant Opportunities Initiative EIN Agy # UIA MOC, etc) Borough Agency (Council, Organization Number Amount * Status",2009,designate,,Brooklyn,"St. Mary's Community Service, Inc.",,112954971,,DYCD,260,005,,ocr:amt
4,2008-12-18,"(IOI) Immigrant Opportunities Initiative EIN Agy # UIA MOC, etc) Borough Agency (Council, Organization Number Amount * Status",2009,designate,,Brooklyn,St. Nicholas Neighborhood Preservation Corporation,,510192170,,DYCD,260,005,,ocr:amt;ocr:lowconf
4,2008-12-18,"(IOI) Immigrant Opportunities Initiative EIN Agy # UIA MOC, etc) Borough Agency (Council, Organization Number Amount * Status",2009,designate,,Brooklyn,St. Rita's Roman Catholic Church,,111711002,,DYCD,260,005,,*;ocr:amt;ocr:lowconf
4,2008-12-18,"(IOI) Immigrant Opportunities Initiative EIN Agy # UIA MOC, etc) Borough Agency (Council, Organization Number Amount * Status",2009,designate,,Manhattan,"Alianza Dominicana, Inc.",,133402057,,DYCD,260,005,,ocr:amt;ocr:lowconf
4,2008-12-18,"(IOI) Immigrant Opportunities Initiative EIN Agy # UIA MOC, etc) Borough Agency (Council, Organization Number Amount * Status",2009,designate,,Manhattan,"Chinatown Manpower Project, Inc.",,132755214,,DYCD,260,005,,ocr:amt;ocr:lowconf
4,2008-12-18,"(IOI) Immigrant Opportunities Initiative EIN Agy # UIA MOC, etc) Borough Agency (Council, Organization Number Amount * Status",2009,designate,,Manhattan,Indo-China Sino American Senior Citizen Center,,133584616,,DYCD,260,005,,*;ocr:amt;ocr:lowconf
4,2008-12-18,"(IOI) Immigrant Opportunities Initiative EIN Agy # UIA MOC, etc) Borough Agency (Council, Organization Number Amount * Status",2009,designate,,Manhattan,"Literacy Partners, Inc.",,510180665,,DYCD,260,005,,ocr:amt
4,2008-12-18,"(IOI) Immigrant Opportunities Initiative EIN Agy # UIA MOC, etc) Borough Agency (Council, Organization Number Amount * Status",2009,designate,,Manhattan,Northern Manhattan Improvement Corporation,,132972415,,DYCD,260,005,,ocr:amt;ocr:lowconf
4,2008-12-18,"(IOI) Immigrant Opportunities Initiative EIN Agy # UIA MOC, etc) Borough Agency (Council, Organization Number Amount * Status",2009,designate,,Manhattan,"Riverside Language Program, Inc",,133280364,,DYCD,260,005,,ocr:amt
4,2008-12-18,"(IOI) Immigrant Opportunities Initiative EIN Agy # UIA MOC, etc) Borough Agency (Council, Organization Number Amount * Status",2009,designate,,Manhattan,University Settlement Society of New York,,135562374,,DYCD,260,005,,ocr:amt;ocr:lowconf
4,2008-12-18,"(IOI) Immigrant Opportunities Initiative EIN Agy # UIA MOC, etc) Borough Agency (Council, Organization Number Amount * Status",2009,designate,,Manhattan,Young Men's Christian Association of Greater New York,,131624228,,DYCD,260,005,,ocr:amt
4,2008-12-18,"(IOI) Immigrant Opportunities Initiative EIN Agy # UIA MOC, etc) Borough Agency (Council, Organization Number Amount * Status",2009,designate,,Queens,Asian Americans for Equality,,133187792,,DYCD,260,005,,ocr:amt;ocr:lowconf
4,2008-12-18,"(IOI) Immigrant Opportunities Initiative EIN Agy # UIA MOC, etc) Borough Agency (Council, Organization Number Amount * Status",2009,designate,,Queens,"Centro Hispano Cuzcatlan, Inc.",,113559496,,DYCD,260,005,,*;ocr:amt;ocr:lowconf
4,2008-12-18,"(IOI) Immigrant Opportunities Initiative EIN Agy # UIA MOC, etc) Borough Agency (Council, Organization Number Amount * Status",2009,designate,,Queens,"Dominico-American Society of Queens, Inc.",,061389895,,DYCD,260,005,,ocr:amt;ocr:lowconf
4,2008-12-18,"(IOI) Immigrant Opportunities Initiative EIN Agy # UIA MOC, etc) Borough Agency (Council, Organization Number Amount * Status",2009,designate,,Queens,"Ecuadorian International Center, Inc.",,010627174,,DYCD,260,005,,*;ocr:amt;ocr:lowconf
4,2008-12-18,"(IOI) Immigrant Opportunities Initiative EIN Agy # UIA MOC, etc) Borough Agency (Council, Organization Number Amount * Status",2009,designate,,Queens,"Greater Ridgewood Youth Council, Inc.",,112518141,,DYCD,260,005,,ocr:amt;ocr:lowconf
4,2008-12-18,"(IOI) Immigrant Opportunities Initiative EIN Agy # UIA MOC, etc) Borough Agency (Council, Organization Number Amount * Status",2009,designate,,Queens,"Haitian Americans United for Progress, Inc.",,112423857,,DYCD,260,005,,ocr:amt;ocr:lowconf
4,2008-12-18,"(IOI) Immigrant Opportunities Initiative EIN Agy # UIA MOC, etc) Borough Agency (Council, Organization Number Amount * Status",2009,designate,,Queens,"Hellenic American Neighborhood Action Committee, Inc. (HANAC)",,112290832,,DYCD,260,005,,ocr:amt;ocr:lowconf
4,2008-12-18,"(IOI) Immigrant Opportunities Initiative EIN Agy # UIA MOC, etc) Borough Agency (Council, Organization Number Amount * Status",2009,designate,,Queens,"Korean Community Services of Metropolitan New York, Inc.",,237348989,,DYCD,260,005,,ocr:amt;ocr:lowconf
4,2008-12-18,"(IOI) Immigrant Opportunities Initiative EIN Agy # UIA MOC, etc) Borough Agency (Council, Organization Number Amount * Status",2009,designate,,Queens,Make the Road New York,,113344389,,DYCD,260,005,,ocr:amt
4,2008-12-18,"(IOI) Immigrant Opportunities Initiative EIN Agy # UIA MOC, etc) Borough Agency (Council, Organization Number Amount * Status",2009,designate,,Queens,"Queens Community House, Inc.",,112375583,,DYCD,260,005,,ocr:amt
4,2008-12-18,"(IOI) Immigrant Opportunities Initiative EIN Agy # UIA MOC, etc) Borough Agency (Council, Organization Number Amount * Status",2009,designate,,Queens,St. George's Episcopal Church,,,,DYCD,260,005,,ocr:ein;ocr:amt;ocr:lowconf
4,2008-12-18,"(IOI) Immigrant Opportunities Initiative EIN Agy # UIA MOC, etc) Borough Agency (Council, Organization Number Amount * Status",2009,designate,,Staten Island,"American-ltalian Coalition of Organizations, Inc. (AMICO)",,112488439,10000,DYCD,260,005,,
4,2008-12-18,"(IOI) Immigrant Opportunities Initiative EIN Agy # UIA MOC, etc) Borough Agency (Council, Organization Number Amount * Status",2009,designate,,Staten Island,"Jewish Community Center of Staten Island, Inc.",,135562256,,DYCD,260,005,,ocr:amt;ocr:lowconf
4,2008-12-18,"(IOI) Immigrant Opportunities Initiative EIN Agy # UIA MOC, etc) Borough Agency (Council, Organization Number Amount * Status",2009,designate,,Staten Island,Staten Island Employment Education Consortium,,133097367,,DYCD,260,005,,*;ocr:amt;ocr:lowconf
4,2008-12-18,"(IOI) Immigrant Opportunities Initiative EIN Agy # UIA MOC, etc) Borough Agency (Council, Organization Number Amount * Status",2009,designate,,Adult Literacy/Host,Outreach,,,,,,,,ocr:ein;ocr:amt;ocr:member
4,2008-12-18,"(IOI) Immigrant Opportunities Initiative EIN Agy # UIA MOC, etc) Borough Agency (Council, Organization Number Amount * Status",2009,designate,,Bronx,"Citizens Advice Bureau, Inc., The",,133254484,10000,DYCD,260,005,,
4,2008-12-18,"(IOI) Immigrant Opportunities Initiative EIN Agy # UIA MOC, etc) Borough Agency (Council, Organization Number Amount * Status",2009,designate,,Bronx,"Mosholu-Montefiore Community Center, Inc.",,133622107,10000,DYCD,260,005,,
4,2008-12-18,"(IOI) Immigrant Opportunities Initiative EIN Agy # UIA MOC, etc) Borough Agency (Council, Organization Number Amount * Status",2009,designate,,Brooklyn,Bedford Stuyvesant Restoration Corporation,,116083182,10000,DYCD,260,005,,
4,2008-12-18,"(IOI) Immigrant Opportunities Initiative EIN Agy # UIA MOC, etc) Borough Agency (Council, Organization Number Amount * Status",2009,designate,,Brooklyn,"Council of Jewish Organizations of Flatbush, Inc.",,112864728,10000,DYCD,260,005,,ocr:lowconf
4,2008-12-18,"(IOI) Immigrant Opportunities Initiative EIN Agy # UIA MOC, etc) Borough Agency (Council, Organization Number Amount * Status",2009,designate,,Brooklyn,El Puente de Williamsburg,,112614265,10000,DYCD,260,005,,
4,2008-12-18,"(IOI) Immigrant Opportunities Initiative EIN Agy # UIA MOC, etc) Borough Agency (Council, Organization Number Amount * Status",2009,designate,,Brooklyn,"Flatbush Haitian Center, Inc.",,112758014,10000,DYCD,260,005,,*;ocr:lowconf
4,2008-12-18,"(IOI) Immigrant Opportunities Initiative EIN Agy # UIA MOC, etc) Borough Agency (Council, Organization Number Amount * Status",2009,designate,,Brooklyn,Maura Clarke-Ita Ford Center,,113188470,10000,DYCD,260,005,,*;ocr:lowconf
4,2008-12-18,"(IOI) Immigrant Opportunities Initiative EIN Agy # UIA MOC, etc) Borough Agency (Council, Organization Number Amount * Status",2009,designate,,Brooklyn,SCO Family of Services,,112777066,10000,DYCD,260,005,,ocr:lowconf
4,2008-12-18,"(IOI) Immigrant Opportunities Initiative EIN Agy # UIA MOC, etc) Borough Agency (Council, Organization Number Amount * Status",2009,designate,,Citywide,"Fortune Society, Inc., The",,132645436,10000,DYCD,260,005,,ocr:lowconf
4,2008-12-18,"(IOI) Immigrant Opportunities Initiative EIN Agy # UIA MOC, etc) Borough Agency (Council, Organization Number Amount * Status",2009,designate,,Manhattan,African Services Committee,,133749744,10000,DYCD,260,005,,ocr:lowconf
4,2008-12-18,"(IOI) Immigrant Opportunities Initiative EIN Agy # UIA MOC, etc) Borough Agency (Council, Organization Number Amount * Status",2009,designate,,Manhattan,College of Mount Saint Vincent,,131740445,10000,DYCD,260,005,,*;ocr:lowconf
4,2008-12-18,"(IOI) Immigrant Opportunities Initiative EIN Agy # UIA MOC, etc) Borough Agency (Council, Organization Number Amount * Status",2009,designate,,Manhattan,"Esperanza del Barrio, Inc.",,753128396,10000,DYCD,260,005,,*
4,2008-12-18,"(IOI) Immigrant Opportunities Initiative EIN Agy # UIA MOC, etc) Borough Agency (Council, Organization Number Amount * Status",2009,designate,,Manhattan,Inwood Community Services,,133087407,10000,DYCD,260,005,,
4,2008-12-18,"(IOI) Immigrant Opportunities Initiative EIN Agy # UIA MOC, etc) Borough Agency (Council, Organization Number Amount * Status",2009,designate,,Manhattan,"Little Sisters of the Assumption Family Health Service, Inc.",,132867881,10000,DYCD,260,005,,ocr:lowconf
4,2008-12-18,"(IOI) Immigrant Opportunities Initiative EIN Agy # UIA MOC, etc) Borough Agency (Council, Organization Number Amount * Status",2009,designate,,Manhattan,"Union Settlement Association, Inc.",,131632530,10000,DYCD,260,005,,
4,2008-12-18,"(IOI) Immigrant Opportunities Initiative EIN Agy # UIA MOC, etc) Borough Agency (Council, Organization Number Amount * Status",2009,designate,,Manhattan,Young Men's and Young Women's Hebrew Association of Washington Heights and Inwood,,131635308,10000,DYCD,260,005,,ocr:lowconf
4,2008-12-18,"(IOI) Immigrant Opportunities Initiative EIN Agy # UIA MOC, etc) Borough Agency (Council, Organization Number Amount * Status",2009,designate,,Queens,"Central Queens YM & YWHA, Inc.",,111633509,10000,DYCD,260,005,,*;ocr:lowconf
4,2008-12-18,"(IOI) Immigrant Opportunities Initiative EIN Agy # UIA MOC, etc) Borough Agency (Council, Organization Number Amount * Status",2009,designate,,Queens,"Jacob A. Riis Neighborhood Settlement House, Inc.",,111729398,10000,DYCD,260,005,,
4,2008-12-18,"(IOI) Immigrant Opportunities Initiative EIN Agy # UIA MOC, etc) Borough Agency (Council, Organization Number Amount * Status",2009,designate,,Queens,New Immigrant Community Empowerment (NICE),,113560625,10000,DYCD,260,005,,*;ocr:lowconf
4,2008-12-18,"(IOI) Immigrant Opportunities Initiative EIN Agy # UIA MOC, etc) Borough Agency (Council, Organization Number Amount * Status",2009,designate,,Queens,"Southern Queens Park Association, Inc.",,112432846,10000,DYCD,260,005,,ocr:lowconf
4,2008-12-18,"(IOI) Immigrant Opportunities Initiative EIN Agy # UIA MOC, etc) Borough Agency (Council, Organization Number Amount * Status",2009,designate,,,"National Black Leadership Commission on AIDS, Inc.",,133530740,356151,DOHMH,816,112,,*;ocr:lowconf
4,2008-12-18,"(IOI) Immigrant Opportunities Initiative EIN Agy # UIA MOC, etc) Borough Agency (Council, Organization Number Amount * Status",2009,designate,,,"National Black Leadership Commission on AIDS, Inc.",Abyssinian Baptist Church,133530740,10000,DOHMH!,816,112,,ocr:agency;ocr:lowconf
4,2008-12-18,"(IOI) Immigrant Opportunities Initiative EIN Agy # UIA MOC, etc) Borough Agency (Council, Organization Number Amount * Status",2009,designate,,,"National Black Leadership Commission on AIDS, Inc.",Antioch Baptist Church/Brooklyn,133530740,10000,DOHMH,816,112,,ocr:lowconf
4,2008-12-18,"(IOI) Immigrant Opportunities Initiative EIN Agy # UIA MOC, etc) Borough Agency (Council, Organization Number Amount * Status",2009,designate,,,"National Black Leadership Commission on AIDS, Inc. Antioch Baptist Church/Manhattan",,133530740,10000,DOHMH,816,112,,ocr:lowconf
4,2008-12-18,"(IOI) Immigrant Opportunities Initiative EIN Agy # UIA MOC, etc) Borough Agency (Council, Organization Number Amount * Status",2009,designate,,,"National Black Leadership Commission on AIDS, Inc.",Bedford Central Presbyterian,133530740,10000,DOHMH,816,112,,*;ocr:lowconf
4,2008-12-18,"(IOI) Immigrant Opportunities Initiative EIN Agy # UIA MOC, etc) Borough Agency (Council, Organization Number Amount * Status",2009,designate,,,"National Black Leadership Commission on AIDS, Inc. Berean Baptist Church",,133530740,10000,DOHMH,816,112,,*;ocr:lowconf
4,2008-12-18,"(IOI) Immigrant Opportunities Initiative EIN Agy # UIA MOC, etc) Borough Agency (Council, Organization Number Amount * Status",2009,designate,,,"National Black Leadership Commission on AIDS, Inc.",Bethany Baptist Church/Queens,133530740,10000,DOHMH,816,112,,ocr:lowconf
4,2008-12-18,"(IOI) Immigrant Opportunities Initiative EIN Agy # UIA MOC, etc) Borough Agency (Council, Organization Number Amount * Status",2009,designate,,,"National Black Leadership Commission on AIDS, Inc.",Bethany Baptist Church/Brooklyn,133530740,10000,DOHMH,816,112,,ocr:lowconf
4,2008-12-18,"(IOI) Immigrant Opportunities Initiative EIN Agy # UIA MOC, etc) Borough Agency (Council, Organization Number Amount * Status",2009,designate,,,"National Black Leadership Commission on AIDS, Inc.",Bethesda Missionary Baptist,133530740,10000,DOHMH,816,112,,
4,2008-12-18,"(IOI) Immigrant Opportunities Initiative EIN Agy # UIA MOC, etc) Borough Agency (Council, Organization Number Amount * Status",2009,designate,,,"National Black Leadership Commission on AIDS, Inc. Brown Memorial Baptist Church",,133530740,10000,DOHMH,816,112,,ocr:lowconf
4,2008-12-18,"(IOI) Immigrant Opportunities Initiative EIN Agy # UIA MOC, etc) Borough Agency (Council, Organization Number Amount * Status",2009,designate,,,"National Black Leadership Commission on AIDS, Inc. Cathedral of God's Lighthousé of Power",,133530740,10000,DOHMH,816,112,,ocr:lowconf
4,2008-12-18,"(IOI) Immigrant Opportunities Initiative EIN Agy # UIA MOC, etc) Borough Agency (Council, Organization Number Amount * Status",2009,designate,,,"National Black Leadership Commission on AIDS, Inc. Canaan Baptist Church",,133530740,10000,DOHMH,816,112,,*;ocr:lowconf
4,2008-12-18,"(IOI) Immigrant Opportunities Initiative EIN Agy # UIA MOC, etc) Borough Agency (Council, Organization Number Amount * Status",2009,designate,,,"National Black Leadership Commission on AIDS, Inc. Central Baptist",,133530740,10000,DOHMH,816,112,,ocr:lowconf
4,2008-12-18,"(IOI) Immigrant Opportunities Initiative EIN Agy # UIA MOC, etc) Borough Agency (Council, Organization Number Amount * Status",2009,designate,,,"National Black Leadership Commission on AIDS, Inc. Christ Church",,133530740,10000,DOHMH,816,112,,ocr:lowconf
4,2008-12-18,"(IOI) Immigrant Opportunities Initiative EIN Agy # UIA MOC, etc) Borough Agency (Council, Organization Number Amount * Status",2009,designate,,,"National Black Leadership Commission on AIDS, Inc. Christ the Rock International",,133530740,10000,DOHMH,816,112,,*;ocr:lowconf
4,2008-12-18,"(IOI) Immigrant Opportunities Initiative EIN Agy # UIA MOC, etc) Borough Agency (Council, Organization Number Amount * Status",2009,designate,,,"National Black Leadership Commission on AIDS, Inc. Church of God's Children",,133530740,10000,DOHMH,816,112,,*;ocr:lowconf
4,2008-12-18,"(IOI) Immigrant Opportunities Initiative EIN Agy # UIA MOC, etc) Borough Agency (Council, Organization Number Amount * Status",2009,designate,,,"National Black Leadership Commission on AIDS, Inc. Church of the Open Door",,133530740,10000,DOHMH,816,112,,*;ocr:lowconf
4,2008-12-18,"(IOI) Immigrant Opportunities Initiative EIN Agy # UIA MOC, etc) Borough Agency (Council, Organization Number Amount * Status",2009,designate,,,"National Black Leadership Commission on AIDS, Inc. Concord Baptist Church",,133530740,10000,DOHMH,816,112,,*;ocr:lowconf
4,2008-12-18,"(IOI) Immigrant Opportunities Initiative EIN Agy # UIA MOC, etc) Borough Agency (Council, Organization Number Amount * Status",2009,designate,,,"National Black Leadership Commission on AIDS, Inc. Convent Avenue Baptist Church",,133530740,10000,DOHMH,816,112,,*;ocr:lowconf
4,2008-12-18,"(IOI) Immigrant Opportunities Initiative EIN Agy # UIA MOC, etc) Borough Agency (Council, Organization Number Amount * Status",2009,designate,,,"National Black Leadership Commission on AIDS, Inc.",Day Spring Baptist Church,133530740,10000,DOHMH,816,112,,*
4,2008-12-18,"(IOI) Immigrant Opportunities Initiative EIN Agy # UIA MOC, etc) Borough Agency (Council, Organization Number Amount * Status",2009,designate,,,"National Black Leadership Commission on AIDS, Inc. Emmanuel Baptist Church/Bklyn",,133530740,10000,DOHMH,816,112,,*;ocr:lowconf
4,2008-12-18,"(IOI) Immigrant Opportunities Initiative EIN Agy # UIA MOC, etc) Borough Agency (Council, Organization Number Amount * Status",2009,designate,,,"National Black Leadership Commission on AIDS, Inc. Emmanuel Baptist Church/Bronx",,133530740,10000,DOHMH,816,112,,*;ocr:lowconf
4,2008-12-18,"(IOI) Immigrant Opportunities Initiative EIN Agy # UIA MOC, etc) Borough Agency (Council, Organization Number Amount * Status",2009,designate,,,"National Black Leadership Commission on AIDS, Inc. Fellowship Baptist Church",,133530740,,DOHMH,816,112,,*;ocr:amt;ocr:lowconf
4,2008-12-18,"(IOI) Immigrant Opportunities Initiative EIN Agy # UIA MOC, etc) Borough Agency (Council, Organization Number Amount * Status",2009,designate,,,"National Black Leadership Commission on AIDS, Inc.",First Bethel AME,133530740,10000,DOHMH,816,112,,*;ocr:lowconf
4,2008-12-18,"(IOI) Immigrant Opportunities Initiative EIN Agy # UIA MOC, etc) Borough Agency (Council, Organization Number Amount * Status",2009,designate,,,"National Black Leadership Commission on AIDS, Inc. First Central Baptist Church",,133530740,10000,DOHMH,816,112,,ocr:lowconf
4,2008-12-18,"(IOI) Immigrant Opportunities Initiative EIN Agy # UIA MOC, etc) Borough Agency (Council, Organization Number Amount * Status",2009,designate,,,"National Black Leadership Commission on AIDS, Inc.",Friendship Baptist Church,133530740,10000,DOHMH,816,112,,*;ocr:lowconf
4,2008-12-18,"(IOI) Immigrant Opportunities Initiative EIN Agy # UIA MOC, etc) Borough Agency (Council, Organization Number Amount * Status",2009,designate,,,"National Black Leadership Commission on AIDS, Inc.",FOY HIVIAIDS Ministry,133530740,10000,DOHMH,816,112,,ocr:lowconf
4,2008-12-18,"(IOI) Immigrant Opportunities Initiative EIN Agy # UIA MOC, etc) Borough Agency (Council, Organization Number Amount * Status",2009,designate,,,"National Black Leadership Commission on AIDS, Inc. Greater Allen AME Cathedral Church",,133530740,10000,DOHMH,816,112,,ocr:lowconf
4,2008-12-18,"(IOI) Immigrant Opportunities Initiative EIN Agy # UIA MOC, etc) Borough Agency (Council, Organization Number Amount * Status",2009,designate,,,"National Black Leadership Commission on AIDS, Inc.",Greater Emmanuel,133530740,10000,DOHMH,816,112,,*;ocr:lowconf
4,2008-12-18,"(IOI) Immigrant Opportunities Initiative EIN Agy # UIA MOC, etc) Borough Agency (Council, Organization Number Amount * Status",2009,designate,,,"National Black Leadership Commission on AIDS, Inc.",Judah International,133530740,10000,DOHMH,816,112,,ocr:lowconf
4,2008-12-18,"(IOI) Immigrant Opportunities Initiative EIN Agy # UIA MOC, etc) Borough Agency (Council, Organization Number Amount * Status",2009,designate,,,"National Black Leadership Commission on AIDS, Inc.",Evangelical Christian Center,133530740,10000,DOHMH,816,112,,
4,2008-12-18,"(IOI) Immigrant Opportunities Initiative EIN Agy # UIA MOC, etc) Borough Agency (Council, Organization Number Amount * Status",2009,designate,,,"National Black Leadership Commission on AIDS, Inc.",Macedonia Baptist Church Survivors Fountain of Hope Wellness Initiative,133530740,10000,DOHMH,816,112,,*;ocr:lowconf
4,2008-12-18,"(IOI) Immigrant Opportunities Initiative EIN Agy # UIA MOC, etc) Borough Agency (Council, Organization Number Amount * Status",2009,designate,,,"National Black Leadership Commission on AIDS, Inc. Masjid Malcolm Shabazz",,133530740,10000,DOHMH,816,112,,ocr:lowconf
4,2008-12-18,"(IOI) Immigrant Opportunities Initiative EIN Agy # UIA MOC, etc) Borough Agency (Council, Organization Number Amount * Status",2009,designate,,,"National Black Leadership Commission on AIDS, Inc. Memorial Baptist Church",,133530740,10000,DOHMH,816,112,,*;ocr:lowconf
4,2008-12-18,"(IOI) Immigrant Opportunities Initiative EIN Agy # UIA MOC, etc) Borough Agency (Council, Organization Number Amount * Status",2009,designate,,,"National Black Leadership Commission on AIDS, Inc. Mt. Carmel AME Church Mt. Carmel Youth Development Corporation",,133530740,10000,DOHMH,816,112,,*;ocr:lowconf
4,2008-12-18,"(IOI) Immigrant Opportunities Initiative EIN Agy # UIA MOC, etc) Borough Agency (Council, Organization Number Amount * Status",2009,designate,,,"National Black Leadership Commission on AIDS, Inc.",Mt. Carmel Baptist Church,133530740,10000,DOHMH,816,112,,*;ocr:lowconf
4,2008-12-18,"(IOI) Immigrant Opportunities Initiative EIN Agy # UIA MOC, etc) Borough Agency (Council, Organization Number Amount * Status",2009,designate,,,"National Black Leadership Commission on AIDS, Inc.",Mt. Moriah AME,133530740,10000,DOHMH,816,112,,*;ocr:lowconf
4,2008-12-18,"(IOI) Immigrant Opportunities Initiative EIN Agy # UIA MOC, etc) Borough Agency (Council, Organization Number Amount * Status",2009,designate,,,"National Black Leadership Commission on AIDS, Inc.",Mt. Paran Baptist Church,133530740,10000,DOHMH,816,112,,*;ocr:lowconf
4,2008-12-18,"(IOI) Immigrant Opportunities Initiative EIN Agy # UIA MOC, etc) Borough Agency (Council, Organization Number Amount * Status",2009,designate,,,"National Black Leadership Commission on AIDS, Inc.",Mt. Sinai Baptist Church,133530740,10000,DOHMH,816,112,,*;ocr:lowconf
4,2008-12-18,"(IOI) Immigrant Opportunities Initiative EIN Agy # UIA MOC, etc) Borough Agency (Council, Organization Number Amount * Status",2009,designate,,,"National Black Leadership Commission on AIDS, Inc.",Mt. Sinai United (JAFASI),133530740,10000,DOHMH,816,112,,*;ocr:lowconf
4,2008-12-18,"(IOI) Immigrant Opportunities Initiative EIN Agy # UIA MOC, etc) Borough Agency (Council, Organization Number Amount * Status",2009,designate,,,"National Black Leadership Commission on AIDS, Inc.",Muslim Women's Institute for Research Development,133530740,10000,DOHMH,816,112,,*;ocr:lowconf
4,2008-12-18,"(IOI) Immigrant Opportunities Initiative EIN Agy # UIA MOC, etc) Borough Agency (Council, Organization Number Amount * Status",2009,designate,,,"National Black Leadership Commission on AIDS, Inc.",Mount Olivet Baptist Church,133530740,10000,DOHMH,816,112,,*;ocr:lowconf
4,2008-12-18,"(IOI) Immigrant Opportunities Initiative EIN Agy # UIA MOC, etc) Borough Agency (Council, Organization Number Amount * Status",2009,designate,,,"National Black Leadership Commission on AIDS, Inc. New St. John the Baptist Church",,133530740,10000,DOHMH,816,112,,*;ocr:lowconf
4,2008-12-18,"(IOI) Immigrant Opportunities Initiative EIN Agy # UIA MOC, etc) Borough Agency (Council, Organization Number Amount * Status",2009,designate,,,"National Black Leadership Commission on AIDS, Inc.",New Life Tabernacle,133530740,10000,DOHMH,816,112,,*;ocr:lowconf
4,2008-12-18,"(IOI) Immigrant Opportunities Initiative EIN Agy # UIA MOC, etc) Borough Agency (Council, Organization Number Amount * Status",2009,designate,,,"National Black Leadership Commission on AIDS, Inc. New Mt. Zion Baptist Church",,133530740,10000,DOHMH,816,112,,*;ocr:lowconf
4,2008-12-18,"(IOI) Immigrant Opportunities Initiative EIN Agy # UIA MOC, etc) Borough Agency (Council, Organization Number Amount * Status",2009,designate,,,"National Black Leadership Commission on AIDS, Inc.",Paradise Baptist Church,133530740,10000,DOHMH,816,112,,*;ocr:lowconf
4,2008-12-18,"(IOI) Immigrant Opportunities Initiative EIN Agy # UIA MOC, etc) Borough Agency (Council, Organization Number Amount * Status",2009,designate,,,"National Black Leadership Commission on AIDS, Inc. Pleasant Grove Full Gospel Baptist Tabernacle",,133530740,1000000,DOHMH,816,112,,*;ocr:lowconf
4,2008-12-18,"(IOI) Immigrant Opportunities Initiative EIN Agy # UIA MOC, etc) Borough Agency (Council, Organization Number Amount * Status",2009,designate,,,"National Black Leadership Commission on AIDS, Inc.",Powerful Praise Tabernacle,133530740,10000,DOHMH!,816,112,,*;ocr:agency;ocr:lowconf
4,2008-12-18,"(IOI) Immigrant Opportunities Initiative EIN Agy # UIA MOC, etc) Borough Agency (Council, Organization Number Amount * Status",2009,designate,,,"National Black Leadership Commission on AIDS, Inc.",Rehoboth Church International,133530740,10000,DOHMH,816,112,,*;ocr:lowconf
4,2008-12-18,"(IOI) Immigrant Opportunities Initiative EIN Agy # UIA MOC, etc) Borough Agency (Council, Organization Number Amount * Status",2009,designate,,,"National Black Leadership Commission on AIDS, Inc. Raising Star Baptist Church",,133530740,10000,DOHMH,816,112,,*
4,2008-12-18,"(IOI) Immigrant Opportunities Initiative EIN Agy # UIA MOC, etc) Borough Agency (Council, Organization Number Amount * Status",2009,designate,,,"National Black Leadership Commission on AIDS, Inc. Redemption Outreach",,133530740,10000,DOHMH,816,112,,ocr:lowconf
4,2008-12-18,"(IOI) Immigrant Opportunities Initiative EIN Agy # UIA MOC, etc) Borough Agency (Council, Organization Number Amount * Status",2009,designate,,,"National Black Leadership Commission on AIDS, Inc. St. Phillips AME Church",,133530740,10000,DOHMH,816,112,,*;ocr:lowconf
4,2008-12-18,"(IOI) Immigrant Opportunities Initiative EIN Agy # UIA MOC, etc) Borough Agency (Council, Organization Number Amount * Status",2009,designate,,,"National Black Leadership Commission on AIDS, Inc.",Siloam Presbyterian,133530740,10000,DOHMH,816,112,,ocr:lowconf
4,2008-12-18,"(IOI) Immigrant Opportunities Initiative EIN Agy # UIA MOC, etc) Borough Agency (Council, Organization Number Amount * Status",2009,designate,,,"National Black Leadership Commission on AIDS, Inc.",St. George's Episcopal Church,133530740,10000,DOHMH,816,112,,ocr:lowconf
4,2008-12-18,"(IOI) Immigrant Opportunities Initiative EIN Agy # UIA MOC, etc) Borough Agency (Council, Organization Number Amount * Status",2009,designate,,,"National Black Leadership Commission on AIDS, Inc.",Staten Island Deliverance Temple,133530740,10000,DOHMH,816,112,,*;ocr:lowconf
4,2008-12-18,"(IOI) Immigrant Opportunities Initiative EIN Agy # UIA MOC, etc) Borough Agency (Council, Organization Number Amount * Status",2009,designate,,,"National Black Leadership Commission on AIDS, Inc.",St. Luke's Episcopal Church,133530740,10000,DOHMH,816,112,,*;ocr:lowconf
4,2008-12-18,"(IOI) Immigrant Opportunities Initiative EIN Agy # UIA MOC, etc) Borough Agency (Council, Organization Number Amount * Status",2009,designate,,,"National Black Leadership Commission on AIDS, Inc. St. Phillip's Missionary Baptist Church",,133530740,10000,DOHMH,816,112,,*
4,2008-12-18,"(IOI) Immigrant Opportunities Initiative EIN Agy # UIA MOC, etc) Borough Agency (Council, Organization Number Amount * Status",2009,designate,,,"National Black Leadership Commission on AIDS, Inc. St. Paul' s Community Baptist Church",,133530740,10000,DOHMH,816,112,,*;ocr:lowconf
4,2008-12-18,"(IOI) Immigrant Opportunities Initiative EIN Agy # UIA MOC, etc) Borough Agency (Council, Organization Number Amount * Status",2009,designate,,,"National Black Leadership Commission on AIDS, Inc. St. Johns Baptist Church",,133530740,10000,DOHMH,816,112,,
4,2008-12-18,"(IOI) Immigrant Opportunities Initiative EIN Agy # UIA MOC, etc) Borough Agency (Council, Organization Number Amount * Status",2009,designate,,,"National Black Leadership Commission on AIDS, Inc. Stapleton United AME Methodist Church",,133530740,10000,DOHMH,816,112,,ocr:lowconf
4,2008-12-18,"(IOI) Immigrant Opportunities Initiative EIN Agy # UIA MOC, etc) Borough Agency (Council, Organization Number Amount * Status",2009,designate,,,"National Black Leadership Commission on AIDS, Inc.",Second Providence Baptist Church *Community Health & Awareness Ministry,133530740,10000,DOHMH,816,112,,ocr:lowconf
4,2008-12-18,"(IOI) Immigrant Opportunities Initiative EIN Agy # UIA MOC, etc) Borough Agency (Council, Organization Number Amount * Status",2009,designate,,,"National Black Leadership Commission on AIDS, Inc. St. Luke's AME Church",,133530740,10000,DOHMH,816,112,,*
4,2008-12-18,"(IOI) Immigrant Opportunities Initiative EIN Agy # UIA MOC, etc) Borough Agency (Council, Organization Number Amount * Status",2009,designate,,,"National Black Leadership Commission on AIDS, Inc. St. Stephens Outreach",,133530740,10000,DOHMH,816,112,,
4,2008-12-18,"(IOI) Immigrant Opportunities Initiative EIN Agy # UIA MOC, etc) Borough Agency (Council, Organization Number Amount * Status",2009,designate,,,"National Black Leadership Commission on AIDS, Inc. Tolentine-Zeiser Community Life Center",,133530740,10000,DOHMH,816,112,,
4,2008-12-18,"(IOI) Immigrant Opportunities Initiative EIN Agy # UIA MOC, etc) Borough Agency (Council, Organization Number Amount * Status",2009,designate,,,"National Black Leadership Commission on AIDS, Inc. Unity Fellowship Church",,133530740,10000,DOHMH,816,112,,*;ocr:lowconf
4,2008-12-18,"(IOI) Immigrant Opportunities Initiative EIN Agy # UIA MOC, etc) Borough Agency (Council, Organization Number Amount * Status",2009,designate,,,"Latino Commision on AIDS, Inc.",,133629466,252000,"DOHMH,",816,112,,ocr:agency;ocr:lowconf
4,2008-12-18,"(IOI) Immigrant Opportunities Initiative EIN Agy # UIA MOC, etc) Borough Agency (Council, Organization Number Amount * Status",2009,designate,,,"Latino Commision on AIDS, Inc.",Ministerio Levântate Mujer,133629446,10000,DOHMH,816,112,,ocr:lowconf
4,2008-12-18,"(IOI) Immigrant Opportunities Initiative EIN Agy # UIA MOC, etc) Borough Agency (Council, Organization Number Amount * Status",2009,designate,,,"Latino Commision on AIDS, Inc. Iglesia De Dios ""Roca de Salvacion""",,133629446,10000,DOHMH,816,112,,ocr:lowconf
4,2008-12-18,"(IOI) Immigrant Opportunities Initiative EIN Agy # UIA MOC, etc) Borough Agency (Council, Organization Number Amount * Status",2009,designate,,,"Latino Commision on AIDS, Inc. United Methodist Church ""Broadway Temple""",,133629446,10000,DOHMH,816,112,,ocr:lowconf
4,2008-12-18,"(IOI) Immigrant Opportunities Initiative EIN Agy # UIA MOC, etc) Borough Agency (Council, Organization Number Amount * Status",2009,designate,,,"Latino Commision on AIDS, Inc. Muslim Women' 's Institute for Research and Development, Inc.",,133629446,10000,DOHMH,816,112,,ocr:lowconf
4,2008-12-18,"(IOI) Immigrant Opportunities Initiative EIN Agy # UIA MOC, etc) Borough Agency (Council, Organization Number Amount * Status",2009,designate,,,"Latino Commision on AIDS, Inc. Church of the Immaculate Conception RC",,133629446,10000,DOHMH,816,112,,
4,2008-12-18,"(IOI) Immigrant Opportunities Initiative EIN Agy # UIA MOC, etc) Borough Agency (Council, Organization Number Amount * Status",2009,designate,,,"Latino Commision on AIDS, Inc. Church of Christ the King RC",,133629446,10000,DOHMH,816,112,,ocr:lowconf
4,2008-12-18,"(IOI) Immigrant Opportunities Initiative EIN Agy # UIA MOC, etc) Borough Agency (Council, Organization Number Amount * Status",2009,designate,,,"Latino Commision on AIDS, Inc. The United Methodist Church of the Village",,133629446,10000,DOHMH,816,112,,ocr:lowconf
4,2008-12-18,"(IOI) Immigrant Opportunities Initiative EIN Agy # UIA MOC, etc) Borough Agency (Council, Organization Number Amount * Status",2009,designate,,,"Latino Commision on AIDS, Inc. First United Methodist Church of Corona",,133629446,10000,DOHMH!,816,112,,ocr:agency;ocr:lowconf
4,2008-12-18,"(IOI) Immigrant Opportunities Initiative EIN Agy # UIA MOC, etc) Borough Agency (Council, Organization Number Amount * Status",2009,designate,,,"Latino Commision on AIDS, Inc. Iglesia Cristiana ""Venciendo al Gigante""",,133629446,,DOHMH,816,112,,ocr:amt;ocr:lowconf
4,2008-12-18,"(IOI) Immigrant Opportunities Initiative EIN Agy # UIA MOC, etc) Borough Agency (Council, Organization Number Amount * Status",2009,designate,,,Latino Commision on AIDS. Inc. Instituto Latino de Cuidado Pastoral.,,133629446,10000,DOHMH,816,112,,ocr:lowconf
4,2008-12-18,"(IOI) Immigrant Opportunities Initiative EIN Agy # UIA MOC, etc) Borough Agency (Council, Organization Number Amount * Status",2009,designate,,,"Latino Commision on AIDS, Inc. Fordham Manor Church",,133629446,10000,DOHMH!,816,112,,ocr:agency;ocr:lowconf
4,2008-12-18,"(IOI) Immigrant Opportunities Initiative EIN Agy # UIA MOC, etc) Borough Agency (Council, Organization Number Amount * Status",2009,designate,,,"Latino Commision on AIDS, Inc.",Mision San Juan Bautista,133629446,10000,DOHMH,816,112,,ocr:lowconf
4,2008-12-18,"(IOI) Immigrant Opportunities Initiative EIN Agy # UIA MOC, etc) Borough Agency (Council, Organization Number Amount * Status",2009,designate,,,"Latino Commision on AIDS, Inc. Saint Simon Stock RC",,133629446,10000,DOHMH,816,112,,ocr:lowconf
4,2008-12-18,"(IOI) Immigrant Opportunities Initiative EIN Agy # UIA MOC, etc) Borough Agency (Council, Organization Number Amount * Status",2009,designate,,,"Latino Commision on AIDS, Inc. Transfiguration Church RC",,133629446,10000,DOHMH,816,112,,
4,2008-12-18,"(IOI) Immigrant Opportunities Initiative EIN Agy # UIA MOC, etc) Borough Agency (Council, Organization Number Amount * Status",2009,designate,,,"Latino Commision on AIDS, Inc. Church of the Mediator",,133629446,10000,DOHMH,816,112,,ocr:lowconf
4,2008-12-18,"(IOI) Immigrant Opportunities Initiative EIN Agy # UIA MOC, etc) Borough Agency (Council, Organization Number Amount * Status",2009,designate,,,"Latino Commision on AIDS, Inc.",Iglesia Bautista Misionera,133629446,10000,DOHMH,816,112,,ocr:lowconf
4,2008-12-18,"(IOI) Immigrant Opportunities Initiative EIN Agy # UIA MOC, etc) Borough Agency (Council, Organization Number Amount * Status",2009,designate,,,"Latino Commision on AIDS, Inc. Our Lady of Victory RC",,133629446,10000,DOHMH,816,112,,
4,2008-12-18,"(IOI) Immigrant Opportunities Initiative EIN Agy # UIA MOC, etc) Borough Agency (Council, Organization Number Amount * Status",2009,designate,,,"Latino Commision on AIDS, Inc. Church of the Holy Spirit RC",,133629446,10000,DOHMH,816,112,,ocr:lowconf
4,2008-12-18,"(IOI) Immigrant Opportunities Initiative EIN Agy # UIA MOC, etc) Borough Agency (Council, Organization Number Amount * Status",2009,designate,,,"Latino Commision on AIDS, Inc.",Saint Jerome' 's Church RC,133629446,10000,DOHMH,816,112,,ocr:lowconf
4,2008-12-18,"(IOI) Immigrant Opportunities Initiative EIN Agy # UIA MOC, etc) Borough Agency (Council, Organization Number Amount * Status",2009,designate,,,"Latino Commision on AIDS, Inc. Saint Barbara' s RC",,133629446,10000,DOHMH,816,112,,ocr:lowconf
4,2008-12-18,"(IOI) Immigrant Opportunities Initiative EIN Agy # UIA MOC, etc) Borough Agency (Council, Organization Number Amount * Status",2009,designate,,,"Latino Commision on AIDS, Inc.",Metropolitan Community Church of NY,133629446,10000,DOHMH,816,112,,ocr:lowconf
4,2008-12-18,"(IOI) Immigrant Opportunities Initiative EIN Agy # UIA MOC, etc) Borough Agency (Council, Organization Number Amount * Status",2009,designate,,,"Latino Commision on AIDS, Inc.","Iglesia Pentecostal Jesucristo el Libertador, Inc.",133629446,10000,DOHMH,816,112,,
4,2008-12-18,"(IOI) Immigrant Opportunities Initiative EIN Agy # UIA MOC, etc) Borough Agency (Council, Organization Number Amount * Status",2009,designate,,,"Latino Commision on AIDS, Inc.",Most Holy Trinity/Saint Mary's RC,133629446,10000,DOHMH,816,112,,ocr:lowconf
4,2008-12-18,"(IOI) Immigrant Opportunities Initiative EIN Agy # UIA MOC, etc) Borough Agency (Council, Organization Number Amount * Status",2009,designate,,,"Latino Commision on AIDS, Inc. Center For Peace",,133629446,10000,DOHMH,816,112,,ocr:lowconf
4,2008-12-18,"(IOI) Immigrant Opportunities Initiative EIN Agy # UIA MOC, etc) Borough Agency (Council, Organization Number Amount * Status",2009,designate,,,"Latino Commision on AIDS, Inc. The Church of God",,133629446,10000,DOHMH,816,112,,
4,2008-12-18,"(IOI) Immigrant Opportunities Initiative EIN Agy # UIA MOC, etc) Borough Agency (Council, Organization Number Amount * Status",2009,designate,,,"Latino Commision on AIDS, Inc. Mission in the City Lutheran Church",,133629446,10000,DOHMH,816,112,,ocr:lowconf
4,2008-12-18,"(IOI) Immigrant Opportunities Initiative EIN Agy # UIA MOC, etc) Borough Agency (Council, Organization Number Amount * Status",2009,designate,,,"Latino Commision on AIDS, Inc. Iglesia Metodista 4th Ave.",,133629446,10000,DOHMH,816,112,,ocr:lowconf
4,2008-12-18,"(IOI) Immigrant Opportunities Initiative EIN Agy # UIA MOC, etc) Borough Agency (Council, Organization Number Amount * Status",2009,designate,,,"Latino Commision on AIDS, Inç.","Iglesia Hispana AME ""Saint Luke""",133629446,10000,DOHMH,816,112,,ocr:lowconf
4,2008-12-18,"(IOI) Immigrant Opportunities Initiative EIN Agy # UIA MOC, etc) Borough Agency (Council, Organization Number Amount * Status",2009,designate,,,"Latino Commision on AIDS, Inc.",Iglesia El Calvario,133629446,10000,DOHMH,816,112,,ocr:lowconf
4,2008-12-18,"(IOI) Immigrant Opportunities Initiative EIN Agy # UIA MOC, etc) Borough Agency (Council, Organization Number Amount * Status",2009,designate,,,"Latino Commision on AIDS, Inc.","Ministerio Rescate, Inc.",133629446,10000,DOHMH,816,112,,ocr:lowconf
4,2008-12-18,"(IOI) Immigrant Opportunities Initiative EIN Agy # UIA MOC, etc) Borough Agency (Council, Organization Number Amount * Status",2009,designate,,,"Latino Commision on AIDS, Inc. Reaching Across the World Ministries",,133629446,10000,DOHMH,816,112,,ocr:lowconf
4,2008-12-18,"(IOI) Immigrant Opportunities Initiative EIN Agy # UIA MOC, etc) Borough Agency (Council, Organization Number Amount * Status",2009,designate,,,"Latino Commision on AIDS, Inc. Saint Agustin RC",,133629446,10000,DOHMH,816,112,,ocr:lowconf
4,2008-12-18,"(IOI) Immigrant Opportunities Initiative EIN Agy # UIA MOC, etc) Borough Agency (Council, Organization Number Amount * Status",2009,designate,,,"Latino Commision on AIDS, Inc. Ascension Roman Catholic Church",,133629446,10000,DOHMH,816,112,,ocr:lowconf
4,2008-12-18,"(IOI) Immigrant Opportunities Initiative EIN Agy # UIA MOC, etc) Borough Agency (Council, Organization Number Amount * Status",2009,designate,,,"Latino Commision on AIDS, Inc.",Saint Mark' 's Episcopal Church,133629446,10000,DOHMH,816,112,,ocr:lowconf
4,2008-12-18,"(IOI) Immigrant Opportunities Initiative EIN Agy # UIA MOC, etc) Borough Agency (Council, Organization Number Amount * Status",2009,designate,,,"Latino Commision on AIDS, Inc. Iglesia Pentecostal ""La Cruzada Evangélica""",,133629446,10000,DOHMH,816,112,,
4,2008-12-18,"(IOI) Immigrant Opportunities Initiative EIN Agy # UIA MOC, etc) Borough Agency (Council, Organization Number Amount * Status",2009,designate,,,"Latino Commision on AIDS, Inc.",Iglesia Pentecostal Jehovà Shalom,133629446,10000,DOHMH,816,112,,ocr:lowconf
4,2008-12-18,"(IOI) Immigrant Opportunities Initiative EIN Agy # UIA MOC, etc) Borough Agency (Council, Organization Number Amount * Status",2009,designate,,,Black Veterans for Social Justice,,112608983,145620,DOHMH,816,112,,ocr:lowconf
4,2008-12-18,"(IOI) Immigrant Opportunities Initiative EIN Agy # UIA MOC, etc) Borough Agency (Council, Organization Number Amount * Status",2009,designate,,,"National Black Leadership Commission on AIDS, Inc. AIDS Center of Queens County, Inc.",,133530740,16180,DOHMH,816,112,,ocr:lowconf
4,2008-12-18,"(IOI) Immigrant Opportunities Initiative EIN Agy # UIA MOC, etc) Borough Agency (Council, Organization Number Amount * Status",2009,designate,,,"National Black Leadership Commission on AIDS, Inc. Alpha Phi Alpha Senior Citizens Center, Inc. Youth Programs",,133530740,6472,DOHMH,816,112,,ocr:lowconf
4,2008-12-18,"(IOI) Immigrant Opportunities Initiative EIN Agy # UIA MOC, etc) Borough Agency (Council, Organization Number Amount * Status",2009,designate,,,"National Black Leadership Commission on AIDS, inc. Amethyst Women's Project, Inc.",,133530740,6472,DOHMH,816,112,,*;ocr:lowconf
4,2008-12-18,"(IOI) Immigrant Opportunities Initiative EIN Agy # UIA MOC, etc) Borough Agency (Council, Organization Number Amount * Status",2009,designate,,,"National Black Leadership Commission on AIDS, Inc.","Brooklyn AIDS Task Force, Ind.",133530740,6472,DOHMH,816,112,,*;ocr:lowconf
4,2008-12-18,"(IOI) Immigrant Opportunities Initiative EIN Agy # UIA MOC, etc) Borough Agency (Council, Organization Number Amount * Status",2009,designate,,,"National Black Leadership Commission on AIDS, Inc.","Bronx AIDS Services, inc.",133530740,25888,DOHMH,816,112,,ocr:lowconf
4,2008-12-18,"(IOI) Immigrant Opportunities Initiative EIN Agy # UIA MOC, etc) Borough Agency (Council, Organization Number Amount * Status",2009,designate,,,"National Black Leadership Commission on AIDS, Inc.",Gay Men of African Descent (GMAD),133530740,6472,DOHMH,816,112,,ocr:lowconf
4,2008-12-18,"(IOI) Immigrant Opportunities Initiative EIN Agy # UIA MOC, etc) Borough Agency (Council, Organization Number Amount * Status",2009,designate,,,National Black Leadership Commission on AIDS. Inc. Harlem Congregations for Community Improvement,,133530740,9708,DOHMH!,816,112,,ocr:agency;ocr:lowconf
4,2008-12-18,"(IOI) Immigrant Opportunities Initiative EIN Agy # UIA MOC, etc) Borough Agency (Council, Organization Number Amount * Status",2009,designate,,,"National Black Leadership Commission on AIDS, Inc. Harlem Dowling Westside Center for Children and Family Services",,133530740,6472,DOHMH,816,112,,*;ocr:lowconf
4,2008-12-18,"(IOI) Immigrant Opportunities Initiative EIN Agy # UIA MOC, etc) Borough Agency (Council, Organization Number Amount * Status",2009,designate,,,"National Black Leadership Commission on AIDS, Inc.","Life Force Women Fighting AIDS, Inc.",133530740,19416,DOHMH,816,112,,ocr:lowconf
4,2008-12-18,"(IOI) Immigrant Opportunities Initiative EIN Agy # UIA MOC, etc) Borough Agency (Council, Organization Number Amount * Status",2009,designate,,,"National Black Leadership Commission on AIDS, Inc. Iris House","A Center For Women Living with HIVIAIDS, Inc.",133530740,32360,DOHMH!,816,112,,ocr:agency;ocr:lowconf
4,2008-12-18,"(IOI) Immigrant Opportunities Initiative EIN Agy # UIA MOC, etc) Borough Agency (Council, Organization Number Amount * Status",2009,designate,,,"National Black Leadership Commission on AIDS, Inc. Judah International Christian Center, Inc.",,133530740,9708,DOHMH,816,112,,*;ocr:lowconf
4,2008-12-18,"(IOI) Immigrant Opportunities Initiative EIN Agy # UIA MOC, etc) Borough Agency (Council, Organization Number Amount * Status",2009,designate,,,"National Black Leadership Commission on AIDS, Inc. Mind Builders Creative Arts Center, Inc.",,133530740,6472,DOHMH,816,112,,*;ocr:lowconf
4,2008-12-18,"(IOI) Immigrant Opportunities Initiative EIN Agy # UIA MOC, etc) Borough Agency (Council, Organization Number Amount * Status",2009,designate,,,"National Black Leadership Commission on AIDS, Inc. Provident Clinical Society of Brooklyn, Inc.",,133530740,6472,DOHMH,816,112,,ocr:lowconf
4,2008-12-18,"(IOI) Immigrant Opportunities Initiative EIN Agy # UIA MOC, etc) Borough Agency (Council, Organization Number Amount * Status",2009,designate,,,"National Black Leadership Commission on AIDS, Inc.","Village Care of New York, Inc. - Red Hook Community Service Center",133530740,6472,DOHMH,816,112,,ocr:lowconf
4,2008-12-18,"(IOI) Immigrant Opportunities Initiative EIN Agy # UIA MOC, etc) Borough Agency (Council, Organization Number Amount * Status",2009,designate,,,"National Black Leadership Commission on AIDS, Inc. Community Health Action of Staten Island (formerly SI Aids Taskforce)",,133530740,16180,DOHMH,816,112,,ocr:lowconf
4,2008-12-18,"(IOI) Immigrant Opportunities Initiative EIN Agy # UIA MOC, etc) Borough Agency (Council, Organization Number Amount * Status",2009,designate,,,"National Black Leadership Commission on AIDS, Inc.","Southeast Queens Clergy for Community Empowerment, Inc.",133530740,25888,DOHMH,816,112,,ocr:lowconf
4,2008-12-18,"(IOI) Immigrant Opportunities Initiative EIN Agy # UIA MOC, etc) Borough Agency (Council, Organization Number Amount * Status",2009,designate,,,"National Black Leadership Commission on AIDS, Inc.","Steinway Children and Family Services, Inc.",133530740,19416,DOHMH,816,112,,ocr:lowconf
4,2008-12-18,"(IOI) Immigrant Opportunities Initiative EIN Agy # UIA MOC, etc) Borough Agency (Council, Organization Number Amount * Status",2009,designate,,,"National Black Leadership Commission on AIDS, Inc. Vannguard Urban Improvement Association, Inc.",,133530740,9708,DOHMH,816,112,,*;ocr:lowconf
5,2009-02-11,,2009,rescind,,"CC-Recchia, Gonzalez","Boricua Festival Committee, Inc",,841650571,-40000,DFTA,125,003,,*;ocr:lowconf
5,2009-02-11,,2009,designate,,"CC- Reccha, Gonzalez","United Senior Citizen Center of Sunset Park, Inc",,112358277,40000,DFTA,125,003,,ocr:lowconf
5,2009-02-11,,2009,rescind,,Stewart,Top Development Corp,,113409359,-5000,DYCD,260,312,,*
5,2009-02-11,,2009,designate,,Stewart,Rugby Famly Services,,113223904,5000,DYCD,260,312,,
5,2009-02-11,,2009,rescind,,Viverito,Dawning Vilage. Inc,,133214064,-5000,DYCD,260,312,,ocr:lowconf
5,2009-02-11,,2009,designate,,Viverito,"Musica De Camara, Inc",,133253232,5000,DYCD,260,312,,
5,2009-02-11,,2009,rescind,,Mendez,Village View Garden and Landscape Committee,,136122262,-3500,DPR,846,006,,
5,2009-02-11,,2009,designate,,Mendez,"Village View Senior Services, Ltd.",,562314640,3500,DPR,846,006,,
5,2009-02-11,,2009,rescind,,Gioia,Sunnyside Shorts,,262384342,-1000,DYCD,260,005,,ocr:lowconf
5,2009-02-11,,2009,designate,,Gioia,Sunnyside Shorts,,262384342,1000,DYCD,260,005,,*
5,2009-02-11,,2009,rescind,,CC-Dickens,Abyssinan Development Center,,133552154,-40000,DYCD,260,005,,*;ocr:lowconf
5,2009-02-11,,2009,designate,,CC-Dickens,Abyssinian Development Corporation,,133552154,40000,DYCD,260,005,,*
5,2009-02-11,,2009,rescind,,Gennaro,"Hollis Bellare Queens Village Bellerose Athletic Association, Inc",,237204542,-5000,DYCD,260,312,,ocr:lowconf
5,2009-02-11,,2009,designate,,Gennaro,"Samuel Field YM & YWHA, Inc.",,113071518,5000,DYCD,260,312,,
5,2009-02-11,,2009,rescind,,Gennaro,India Home,,208747291,-10000,DFTA,125,003,,ocr:lowconf
5,2009-02-11,,2009,designate,,Gennaro,"Samuel Field YM & YWHA, inc",,113071518,10000,DFTA,125,003,,ocr:lowconf
5,2009-02-11,,2009,rescind,,Ignizio,Department of Parks and Recreation,,136400434,-10000,DPR,846,006,,ocr:lowconf
5,2009-02-11,,2009,designate,,Ignizio,Yeshiva of Staten Island,,135600419,4000,DYCD,260,005,,ocr:lowconf
5,2009-02-11,,2009,designate,,Ignizio,"Emergency Chidren's Help Organization, Inc",,113828185,6000,DYCD,260,312,,ocr:lowconf
5,2009-02-11,,2009,rescind,,Fidler,Jay Senior Citizens Center,,112297151,-4000,DFTA,125,003,,ocr:lowconf
5,2009-02-11,,2009,designate,,Fidler,"Jewish Community Counci of Greater Coney Island, Inc. Jay-Harama Senior Citizens Center",,112665181,4000,DFTA,125,003,,ocr:lowconf
5,2009-02-11,,2009,rescind,,McMahon,Lt. Lia Park Summer Program,,113108579,-3000,DPR,846,006,,*;ocr:lowconf
5,2009-02-11,,2009,designate,,McMahon,It Lia Park Summer Program,,113108879,3000,DPR,846,006,,ocr:lowconf
5,2009-02-11,,2009,rescind,,James,Merkos L'inyoner Chinuch Inc.,,116001111,-3500,DOHMH,816,113,,ocr:lowconf
5,2009-02-11,,2009,designate,,James,"Herghts Hill Mental Health Service, SBPC, Community Advisory Board, Inc",,112785605,3500,DOHMH,816,120,,ocr:lowconf
5,2009-02-11,,2009,rescind,,Barron,"Approaching Storm Marching Band, Inc The",,204507213,-8900,DYCD,260,312,,
5,2009-02-11,,2009,rescind,,Barron,Linden Plaza Associates,,542193223,-3000,MISC,098,002,,
5,2009-02-11,,2009,rescind,,Barron,"Noble Drew Alt Plaza Tenants Association, Inc.",,900104348,-2000,MISC,098,002,,ocr:lowconf
5,2009-02-11,,2009,rescind,,Barron,"Spring Creek Tenant Association, Inc.",,136400434,-3000,MISC,098,002,,ocr:lowconf
5,2009-02-11,,2009,designate,,Barron,"Approaching Storm Marchng Band, Inc The",,204507213,8900,DYCD,260,312,,ocr:lowconf
5,2009-02-11,,2009,designate,,Barron,Linden Plaza Assocates,,542193223,3000,MISC,098,002,,ocr:lowconf
5,2009-02-11,,2009,designate,,Barron,"Noble Drew Al Plaza Tenants Association, Inc.",,900104348,2000,MISC,098,002,,ocr:lowconf
5,2009-02-11,,2009,designate,,Barron,"Spring Creek Tenant Assocation, Inc",,136400434,3000,MISC,098,002,,ocr:lowconf
5,2009-02-11,,2009,designate,,CC. Seabrook,Junor High School 113X,,136400434,525000,DOE,040,402,,ocr:lowconf
5,2009-02-11,,2009,designate,,CC- Seabrook,Young Scholars Academy of the Bronx (X289),,136400434,25000,DOE,040,402,,ocr:lowconf
5,2009-02-11,,2009,rescind,,James,Raizes do Brasi! Capoena Brooklyn,,208865066,-3500,DYCD,260,312,,*;ocr:lowconf
5,2009-02-11,,2009,designate,,James,Emmanuel Baptist Church,,111665232,3500,DYCD,260,312,,*
5,2009-02-11,,2009,rescind,,Comre,103rd Precinct Community Councit,,205484666,-6000,DYCD,260,312,,*;ocr:lowconf
5,2009-02-11,,2009,designate,,Comrie,103rd Precinct Community Council,,205484666,6000,DYCD,260,312,,*;ocr:lowconf
5,2009-02-11,,2009,rescind,,Comre,113th Precinct Community Counci,,113218377,-6000,DYCD,260,312,,ocr:lowconf
5,2009-02-11,,2009,designate,,Comre,113th Preginct Community Council,,113218377,,DYCD,260,312,,ocr:amt;ocr:lowconf
5,2009-02-11,,2009,rescind,,Comrie,Brothers Aganst Klling Each Other (BAKE),,113314475,-15000,DYCD,260,312,,*;ocr:lowconf
5,2009-02-11,,2009,designate,,Comne,Brothers Against Killing Each Other (BAKE),,113314475,15000,DYCD,260,312,,-;ocr:lowconf
5,2009-02-11,,2009,rescind,,Comrie,Springfield Rifles and Riflettes,,113250488,-5000,DYCD,260,312,,ocr:lowconf
5,2009-02-11,,2009,designate,,Comrie,Springfield Rifles and Riflettes,,113250488,5000,DYCD,260,312,,ocr:lowconf
5,2009-02-11,,2009,rescind,,Yassky,"ACCIO ON New York, Inc",,113317234,-10000,DSBS,801,002,,
5,2009-02-11,,2009,designate,,Yassky,ACCION U SA Inc,,043219159,10000,DSBS,801,002,,
5,2009-02-11,,2009,designate,,Mealy,368A 429 Decatur Street Block Association,,562677341,,DSBS,801,002,,ocr:amt;ocr:lowconf
5,2009-02-11,,2009,designate,,Mealy,"368A-429 Decatur, Inc",,562677341,2500,DSBS,801,002,,
5,2009-02-11,,2009,designate,,Comire,Maranatha Baptist Church Leadership Program (CW Mixon Senior Outreach Center),,562625535,,DFTA,125,003,,ocr:amt
5,2009-02-11,,2009,designate,,Comne,"CW Mixon Sernor Outreach Center, inc.",,562625535,6000,DFTA,125,003,,ocr:lowconf
5,2009-02-11,,2009,rescind,,"Addabbo, Jr",St Thomas Moore-St Edmund,,EX124290,-3500,DFTA,125,003,,ocr:ein;ocr:lowconf
5,2009-02-11,,2009,designate,,"Addabbo, Jr","Blessed Trinity Parish with the churches of St. Genevieve, St Thomas More and St Edmund",,262885471,3500,DFTA,125,003,,ocr:lowconf
5,2009-02-11,,2009,rescind,,"Sanders, Jr",Association of Mnonty Enterprises of New York,,112418986,-150000,DSBS,801,002,,*;ocr:lowconf
5,2009-02-11,,2009,designate,,"Sanders, Jr",Rockaway Deyelopment and Revitalization Corporation,,112575794,150000,DSBS,801,002,,ocr:lowconf
5,2009-02-11,,2009,rescind,,James,"Atlantic Terminal Tenants Association, Inc",,awaitingnewiFEIN,-5000,MISC,098,002,,ocr:ein;ocr:lowconf
5,2009-02-11,,2009,designate,,James,Atlantic Terminal Tenants Association. Inc,,112905605,5000,MISC,098,002,,ocr:lowconf
5,2009-02-11,,2009,rescind,,Vivento,East Harlem Preservation,,261523871,-5500,DYCD,260,005,,ocr:lowconf
5,2009-02-11,,2009,designate,,Viverito,"Union Settlement. Association, Inc.",,131632530,5500,DYCD,260,005,,ocr:lowconf
5,2009-02-11,,2009,rescind,,Felder,National Society for Hebrew Day Schools,,135564128,-3500,DYCD,260,312,,ocr:lowconf
5,2009-02-11,,2009,designate,,Fidier,"Crown Heights Jewish Community Council, Inc",,237390996,3500,DYCD,260,312,,ocr:lowconf
5,2009-02-11,,2009,designate,,Nelson,Jay Senior Citizens Center,,112297151,,DFTA,125,003,,ocr:amt;ocr:lowconf
5,2009-02-11,,2009,designate,,Nelson,"Jewish Community Council of Greater Coney island, Inc Jay- -Harama Senior Citizens Center",,112665181,10000,DFTA,125,003,,
5,2009-02-11,,2009,rescind,,Dickens,FoodChange. Inc,,133036532,-5000,DFTA,125,003,,ocr:lowconf
5,2009-02-11,,2009,designate,,Mendez,FoodChange. Inc.,,133036532,,DFTA,125,003,,ocr:amt;ocr:lowconf
5,2009-02-11,,2009,designate,,Dickens,"Food Bank for New York City, The",,133179546,5000,DFTA,125,003,,
5,2009-02-11,,2009,designate,,Mendez,"Food Bank for New York City, The",,133179546,8000,DFTA,125,003,,
5,2009-02-11,,2009,rescind,,Mealy,Mount Ararat Baptist Church,,116033456,-20000,DFTA,125,003,,ocr:lowconf
5,2009-02-11,,2009,designate,,Mealy,"Wayside Out Reach Development, Inc -Mount Ararat Presentation Semor Center",,113528680,5000,DFTA,125,003,,ocr:lowconf
5,2009-02-11,,2009,designate,,Mealy,"Wayside Out- Reach Development, Inc -Rosetta Gaston Senior Center",,113528680,5000,DFTA,125,003,,ocr:lowconf
5,2009-02-11,,2009,designate,,Mealy,"Clothed with Love, Inc.",,061621793,5250,DFTA,125,003,,ocr:lowconf
5,2009-02-11,,2009,designate,,Mealy,Mt Sion Baptis! Church Eiders,,112471950,4750,DFTA,125,003,,ocr:lowconf
5,2009-02-11,,2009,rescind,,Mealy,"Brooklyn United for Innovative Local Development, Inc",,050597727,-10000,DFTA,125,003,,*;ocr:lowconf
5,2009-02-11,,2009,designate,,Mealy,"Fort Greene Senior Citizens Counci, Inc. -Jazz 966",,112300840,5000,DFTA,125,003,,ocr:lowconf
5,2009-02-11,,2009,designate,,Mealy,New Life Evangelistic Church of Christ (d/bla New Life Cathedral),,112996487,5000,DFTA,125,003,,ocr:lowconf
5,2009-02-11,,2009,rescind,,Recchia,Contello Towers Senior Citizen Club,,113442626,-3000,DFTA,125,003,,ocr:lowconf
5,2009-02-11,,2009,designate,,Recchia,"BrooH lyn Arts Counci, Inc",,237072915,3000,DFTA,125,003,,ocr:lowconf
5,2009-02-11,,2009,rescind,,DeBlasio,"Counci of Jewish Organzations of Flatbush, Inc.",,112864728,-5000,DFTA,125,003,,ocr:lowconf
5,2009-02-11,,2009,designate,,DeBlasio,"Council of Jewish Organizations of Flatbush, Inc",,112864728,5000,DFTA,125,003,,ocr:lowconf
5,2009-02-11,,2009,rescind,,Stewart,GEM Educational Program,,432038355,-10000,DYCD,260,312,,ocr:lowconf
5,2009-02-11,,2009,designate,,Stewart,lfetayo Cultural Arts Facility.Inc,,113027538,10000,DYCD,260,312,,ocr:lowconf
5,2009-02-11,,2009,designate,,Stewart,"Unted Relef Association, Inc",,112708452,,DYCD,260,312,,*;ocr:amt;ocr:lowconf
5,2009-02-11,,2009,designate,,Stewart,Caribbean American Sports and Cuitural Youth Movement (CASYM). Inc.,,112778372,5000,DYCD,260,312,,ocr:lowconf
5,2009-02-11,,2009,designate,,Stewart,St Augustine's Episcopal Church,,112602182,5000,DYCD,260,312,,*;ocr:lowconf
5,2009-02-11,,2009,rescind,,Stewart,"Kids, Etcetera Daycare Center",,113295520,-10000,DYCD,260,312,,ocr:lowconf
5,2009-02-11,,2009,designate,,Stewart,"United States Steelband Association, Inc.",,113612068,6000,DYCD,260,312,,*
5,2009-02-11,,2009,designate,,Stewart,New Life Tabernacle Church,,113168615,4000,DYCD,260,312,,*
5,2009-02-11,,2009,rescind,,Viverto,Juice Jones Hoops 4 Kids,,223977490,-5000,DYCD,260,312,,*;ocr:lowconf
5,2009-02-11,,2009,designate,,Viverito,Westside Crime Prevention Program,,133087186,5000,DYCD,260,312,,ocr:lowconf
5,2009-02-11,,2009,rescind,,Viverito,"Youth Action Programs and Homes, Inc.",,133203701,-5000,DYCD,260,312,,ocr:lowconf
5,2009-02-11,,2009,designate,,Viverito,Dawning Village. Inc,,133214064,5000,DYCD,260,312,,ocr:lowconf
5,2009-02-11,,2009,rescind,,Dickens,"Dominican Sunday, Inc",,134188781,-3500,DYCD,260,312,,ocr:lowconf
5,2009-02-11,,2009,designate,,Dickens,"National Foundation for Teaching Entrepreneurship to Handicapped and Disadvantaged Youth, Inc.",,133408731,3500,DYCD,260,312,,ocr:lowconf
5,2009-02-11,,2009,rescind,,DeBlasio,Fast Brooklyn Day Care Center,,112226621,-5000,DYCD,260,312,,ocr:lowconf
5,2009-02-11,,2009,designate,,DeBlasio,East BrooklynDay Care Center,,112266221,5000,DYCD,260,312,,ocr:lowconf
5,2009-02-11,,2009,rescind,,Nelson,Lev Bais Yaakov,,113371981,-10000,DYCD,260,312,,*;ocr:lowconf
5,2009-02-11,,2009,rescind,,Nelson,Yeshiva Rabbi Cham BernFund,,200635057,-5714,DYCD,260,312,,*;ocr:lowconf
5,2009-02-11,,2009,designate,,Nelson,East Midwood Volunteer Ambulance Corps. Inc,,112655466,7714,DYCD,260,312,,ocr:lowconf
5,2009-02-11,,2009,designate,,Nelson,"Brghton Nerghborhood Association, Inc",,112435523,8000,DYCD,260,312,,ocr:lowconf
5,2009-02-11,,2009,rescind,,Barron,Gorman Youth Group,,061590185,-1000,DYCD,260,312,,ocr:lowconf
5,2009-02-11,,2009,rescind,,Barron,"Linden Plaza Self -Defense Academy, The",,061833593,-3500,DYCD,260,312,,ocr:lowconf
5,2009-02-11,,2009,rescind,,Barron,Pine Street Block Association and Community Garden,,113805241,-3500,DYCD,260,312,,ocr:lowconf
5,2009-02-11,,2009,rescind,,Barron,"Sports Aganst Vioience Through Education, Inc",,364628696,-4000,DYCD,260,312,,*;ocr:lowconf
5,2009-02-11,,2009,designate,,Barron,Gorman Youth Group,,061590185,1000,DYCD,260,312,,ocr:lowconf
5,2009-02-11,,2009,designate,,Barron,"Linden Plaza Self Defense Academy, The",,061833593,3500,DYCD,260,312,,ocr:lowconf
5,2009-02-11,,2009,designate,,Barron,Pine Street Block Association and Community Garden,,113805241,3500,DYCD,260,312,,*;ocr:lowconf
5,2009-02-11,,2009,designate,,Barron,"Sports Against Violence Through Education, Inc.",,364628696,4000,DYCD,260,312,,ocr:lowconf
5,2009-02-11,,2009,rescind,,Sears,"Chian Federation, The",,510207719,-6000,DYCD,260,312,,ocr:lowconf
5,2009-02-11,,2009,designate,,Sears,"Dominico Amencan Society of Queens, Inc",,061389895,4000,DYCD,260,312,,ocr:lowconf
5,2009-02-11,,2009,designate,,Sears,"Latin Women in Action, Inc",,113093642,,DYCD,260,312,,ocr:amt;ocr:lowconf
5,2009-02-11,,2009,rescind,,Comne,103d Precinct Community Council,,205484666,-7000,DYCD,260,312,,ocr:lowconf
5,2009-02-11,,2009,designate,,Comne,103rd Precinct Community Council,,205484666,7000,DYCD,260,312,,*;ocr:lowconf
5,2009-02-11,,2009,rescind,,Comrie,113th Preuinct Community Council,,113218377,-6000,DYCD,260,312,,*;ocr:lowconf
5,2009-02-11,,2009,designate,,Comrie,113th Preuinct Community Council,,113218377,6000,DYCD,260,312,,ocr:lowconf
5,2009-02-11,,2009,rescind,,Lappin,"Association to Benefit Children, Inc",,133942646,-10000,DYCD,260,312,,ocr:lowconf
5,2009-02-11,,2009,rescind,,Viverito,"Association to Benefit Children, Inc",,133942646,-5000,DYCD,260,312,,ocr:lowconf
5,2009-02-11,,2009,designate,,Lappin,"Association to Benefit Chidren, Inc",,133303089,10000,DYCD,260,312,,ocr:lowconf
5,2009-02-11,,2009,designate,,Vivento,"Association to Benefit Children, Inc",,133303089,5000,DYCD,260,312,,ocr:lowconf
5,2009-02-11,,2009,designate,,Dickens,American Legion Colonel Charles Young Post #398 Amencan Legion Colonel Charles Young Post #398,,134161655132933391,,DYCD DYCD,260,312,,ocr:ein;ocr:amt;ocr:agency;ocr:lowconf
5,2009-02-11,,2009,rescind,,Monserrate,"First Baptist Church of Corona NY, Inc",,112009943,-10000,DYCD,260,312,,ocr:lowconf
5,2009-02-11,,2009,designate,,Monserrate,"First Baptist Church of Corona NY, Inc.",,311767167,10000,DYCD,260,312,,ocr:lowconf
5,2009-02-11,,2009,rescind,,Mealy,"Family and Life Center of Mt Ararat, The",,582441703,-3500,DYCD,260,312,,ocr:lowconf
5,2009-02-11,,2009,designate,,Mealy,"Famly and Life Center of Mt Ararat, The",,582441203,3500,DYCD,260,312,,ocr:lowconf
5,2009-02-11,,2009,rescind,,Nelson,Yeshuva Ohr Yitzchok,,204839379,-10000,DYCD,260,312,,ocr:lowconf
5,2009-02-11,,2009,rescind,,McMahon,Tabernacle Community Learning and Resource Center,,237214095,-3714,DYCD,260,312,,ocr:lowconf
5,2009-02-11,,2009,designate,,McMahon,Tabernacle Community Learning and Resource Center,,237214095,3714,DYCD,260,312,,ocr:lowconf
5,2009-02-11,,2009,rescind,,Mealy,Man Up'. Inc,,030553092,-40000,DYCD,260,312,,*;ocr:lowconf
5,2009-02-11,,2009,designate,,Mealy,"Trucked Out, Inc",,201203603,5000,DYCD,260,312,,
5,2009-02-11,,2009,designate,,Mealy,73rd Precinct Youth Council,,262552213,5000,DYCD,260,312,,ocr:lowconf
5,2009-02-11,,2009,designate,,Mealy,Oasis Community Corporation,,113599459,5000,DYCD,260,312,,ocr:lowconf
5,2009-02-11,,2009,designate,,Mealy,ScO Family of Services,,112777066,5000,DYCD,260,312,,ocr:lowconf
5,2009-02-11,,2009,designate,,Mealy,"Building Blocs Foundation, Inc.",,421719612,10000,DYCD,260,312,,ocr:lowconf
5,2009-02-11,,2009,designate,,Mealy,"Flatbush Youth Association, Inc",,113287922,2000,DYCD,260,312,,
5,2009-02-11,,2009,designate,,Mealy,"Episcopal Social Services of New York, Inc",,133709095,8000,DYCD,260,312,,ocr:lowconf
5,2009-02-11,,2009,rescind,,Felder,Ohr Halmud The Multi- Sensory Learning Center,,050548204,-5000,DYCD,260,312,,ocr:lowconf
5,2009-02-11,,2009,designate,,Fidler,"Crown Heights Jewish Community Counci., Inc",,237390996,5000,DYCD,260,312,,ocr:lowconf
5,2009-02-11,,2009,designate,,Weprin,"Queens Theatre in the Park, Inc.-Public School 205Q",,113381629,,DYCD,260,312,,ocr:amt;ocr:lowconf
5,2009-02-11,,2009,designate,,Weprin,"Queens Theatre in the Park, Inc.-Public School 46Q",,113381629,,DYCD,260,312,,ocr:amt;ocr:lowconf
5,2009-02-11,,2009,designate,,Arroyo,"Ballet Hsipanico of New York, Inc. South Bronx Charter School for International Cultures and the Arts",,132685755,,DYCD,260,312,,*;ocr:amt;ocr:lowconf
5,2009-02-11,,2009,designate,,Arroyo,"Learning Through and Expanded Arts Program, Inc.",South Bronx Charter School for International Cultures and the Arts,132925233,1936274,DYCD,260,312,,ocr:lowconf
5,2009-02-11,,2009,designate,,Arroyo,Mudbone Theatre Company-Bronx Charter School for the Arts,,134192780,,DYCD,260,312,,*;ocr:amt;ocr:lowconf
5,2009-02-11,,2009,designate,,Arroyo,"Striking Viking Story Pirates, Inc.-Bronx Charter School for the Arts",,020720786,,DYCD,260,312,,ocr:amt
5,2009-02-11,"Immigrant Opportunities Initiative EIN Borough Agency Agy # Status (Council, MOC, etc) Number Amount UIA Organization *",2009,rescind,,Bronx,"City University of New York School of Law Foundation, Inc.",CUNY Citizenship and Immigration Project,113235349),-85000,DYCD,260,005,,ocr:ein;ocr:lowconf
5,2009-02-11,"Immigrant Opportunities Initiative EIN Borough Agency Agy # Status (Council, MOC, etc) Number Amount UIA Organization *",2009,rescind,,Brooklyn,"City University of New York School of Law Foundation, Inc.",CUNY Citizenship and Immigration Project,113235349,-65000,DYCD,260,005,,ocr:lowconf
5,2009-02-11,"Immigrant Opportunities Initiative EIN Borough Agency Agy # Status (Council, MOC, etc) Number Amount UIA Organization *",2009,designate,,Manhattan,"City University of New York School of Law Foundation, Inc. CUNY Citizenship and Immigration Project",,113235349,,DYCD,260,005,,ocr:amt;ocr:lowconf
5,2009-02-11,"Immigrant Opportunities Initiative EIN Borough Agency Agy # Status (Council, MOC, etc) Number Amount UIA Organization *",2009,designate,,Manhattan,"City University of New York School of Law Foundation, Inc.",CUNY Citizenship and Immigration Project,113235349,,DYCD,260,005,,ocr:amt;ocr:lowconf
5,2009-02-11,"Immigrant Opportunities Initiative EIN Borough Agency Agy # Status (Council, MOC, etc) Number Amount UIA Organization *",2009,designate,,Bronx,Research Foundation of the City University of New York CUNY Citizenship and Immigration Project,,131988190,85000,DYCD,260,005,,
5,2009-02-11,"Immigrant Opportunities Initiative EIN Borough Agency Agy # Status (Council, MOC, etc) Number Amount UIA Organization *",2009,designate,,Brooklyn,Research Foundation of the City University of New York,CUNY Citizenship and Immigration Project,131988190,65000,DYCD,260,005,,ocr:lowconf
5,2009-02-11,"Immigrant Opportunities Initiative EIN Borough Agency Agy # Status (Council, MOC, etc) Number Amount UIA Organization *",2009,designate,,Manhattan,Research Foundation of the City University of New York,CUNY Citizenship and Immigration Project,131988190,25000,DYCD,260,005,,ocr:lowconf
5,2009-02-11,"Immigrant Opportunities Initiative EIN Borough Agency Agy # Status (Council, MOC, etc) Number Amount UIA Organization *",2009,designate,,Manhattan,Research Foundation of the City University of New York CUNY Citizenship and Immigration Project,,131988190,25000,DYCD,260,005,,ocr:lowconf
5,2009-02-11,"Immigrant Opportunities Initiative EIN Borough Agency Agy # Status (Council, MOC, etc) Number Amount UIA Organization *",2009,rescind,,Staten Island,"American-ltalian Coalition of Organizations, Inc. (AMICO)",,112488439,-35000,DYCD,260,005,,ocr:lowconf
5,2009-02-11,"Immigrant Opportunities Initiative EIN Borough Agency Agy # Status (Council, MOC, etc) Number Amount UIA Organization *",2009,designate,,Staten Island,"Jewish Community Center of Staten Island, Inc.",,135562256,20000,DYCD,260,005,,ocr:lowconf
5,2009-02-11,"Immigrant Opportunities Initiative EIN Borough Agency Agy # Status (Council, MOC, etc) Number Amount UIA Organization *",2009,designate,,Staten Island,Staten Island Employment Education Consortium,,133097367,15000,DYCD,260,005,,
5,2009-02-11,"Immigrant Opportunities Initiative EIN Borough Agency Agy # Status (Council, MOC, etc) Number Amount UIA Organization *",2009,rescind,,Staten Island,"Polonians Organized to Minister Our Community (POMOC), Inc.",St. Stanislaus Kostka Church,112594500,-37500,DYCD,260,005,,ocr:lowconf
5,2009-02-11,"Immigrant Opportunities Initiative EIN Borough Agency Agy # Status (Council, MOC, etc) Number Amount UIA Organization *",2009,designate,,Staten Island,"Polonians Organized to Minister Our Community (POMOC), Inc. WILL ACT AS A FISCAL CONDUIT FOR: St. Stanislaus Kostka Church",,112594500,37500,DYCD,260,005,,ocr:lowconf
5,2009-02-11,"Immigrant Opportunities Initiative EIN Borough Agency Agy # Status (Council, MOC, etc) Number Amount UIA Organization *",2009,rescind,,Queens,Community Legal Resource Network (CLRN),,113235349,-160000,DYCD,260,005,,ocr:lowconf
5,2009-02-11,"Immigrant Opportunities Initiative EIN Borough Agency Agy # Status (Council, MOC, etc) Number Amount UIA Organization *",2009,designate,,Queens,"City Univeristy of New York School of Law Foundation, Inc., The WILL ACT AS A FISCAL CONDUIT FOR: Community Legal Resource Network (CLRN)",,113235349,160000,DYCD,260,005,,ocr:lowconf
5,2009-02-11,"Immigrant Opportunities Initiative EIN Borough Agency Agy # Status (Council, MOC, etc) Number Amount UIA Organization *",2009,rescind,,Bronx,Legal Aid Society,,135562265,-80000,DYCD,260,005,,ocr:lowconf
5,2009-02-11,"Immigrant Opportunities Initiative EIN Borough Agency Agy # Status (Council, MOC, etc) Number Amount UIA Organization *",2009,rescind,,Bronx,Legal Services NYC,Bronx,132600199,-95000,DYCD,260,005,,ocr:lowconf
5,2009-02-11,"Immigrant Opportunities Initiative EIN Borough Agency Agy # Status (Council, MOC, etc) Number Amount UIA Organization *",2009,designate,,Brooklyn,Legal Aid Society I Civil Division- Brooklyn,,135562265,,DYCD,260,005,,ocr:amt;ocr:lowconf
5,2009-02-11,"Immigrant Opportunities Initiative EIN Borough Agency Agy # Status (Council, MOC, etc) Number Amount UIA Organization *",2009,rescind,,Brooklyn,Legal Aid Society / Civil Division- Brooklyn,,135562265,-25000,DYCD,260,005,,ocr:lowconf
5,2009-02-11,"Immigrant Opportunities Initiative EIN Borough Agency Agy # Status (Council, MOC, etc) Number Amount UIA Organization *",2009,rescind,,Brooklyn,Legal Services NYC,Bedford Stuyvesant Community Legal Services Corporation,112149962,-61677,DYCD,260,005,,ocr:lowconf
5,2009-02-11,"Immigrant Opportunities Initiative EIN Borough Agency Agy # Status (Council, MOC, etc) Number Amount UIA Organization *",2009,designate,,Manhattan,Legal Aid Society,,135562265,85000,DYCD,260,005,,ocr:lowconf
5,2009-02-11,"Immigrant Opportunities Initiative EIN Borough Agency Agy # Status (Council, MOC, etc) Number Amount UIA Organization *",2009,rescind,,Queens,Legal Services NYC,Queens Legal Services Corporation,132605604,-160000,DYCD,260,005,,ocr:lowconf
5,2009-02-11,"Immigrant Opportunities Initiative EIN Borough Agency Agy # Status (Council, MOC, etc) Number Amount UIA Organization *",2009,designate,,Staten Island,Legal Services NYC,Staten Island Legal Services,132600199,140000,DYCD,260,005,,
5,2009-02-11,"Immigrant Opportunities (continued) Initiative UIA etc) # (Council, MOC, Organization EIN Number Amount Agy Status Borough Agency *",2009,designate,,Brooklyn,South Brooklyn Legai Services,,132605605,,DYCD,260,005,,ocr:amt;ocr:lowconf
5,2009-02-11,"Immigrant Opportunities (continued) Initiative UIA etc) # (Council, MOC, Organization EIN Number Amount Agy Status Borough Agency *",2009,designate,,Bronx,Legal Aid Society,,135562265,87500,DYCD,260,005,,ocr:lowconf
5,2009-02-11,"Immigrant Opportunities (continued) Initiative UIA etc) # (Council, MOC, Organization EIN Number Amount Agy Status Borough Agency *",2009,designate,,Manhattan,Legal Aid Society,,135562265,42500,DYCD,260,005,,ocr:lowconf
5,2009-02-11,"Immigrant Opportunities (continued) Initiative UIA etc) # (Council, MOC, Organization EIN Number Amount Agy Status Borough Agency *",2009,designate,,Queens,Legal Aid Society,,135562265,,DYCD,260,005,,ocr:amt;ocr:lowconf
5,2009-02-11,"Immigrant Opportunities (continued) Initiative UIA etc) # (Council, MOC, Organization EIN Number Amount Agy Status Borough Agency *",2009,designate,,Staten Island,Legal Aid Society,,135562265,70000,DYCD,260,005,,
5,2009-02-11,"Immigrant Opportunities (continued) Initiative UIA etc) # (Council, MOC, Organization EIN Number Amount Agy Status Borough Agency *",2009,designate,,Brooklyn,Legal Aid Society / Civil Division- Brooklyn,,135562265,55838,DYCD,260,005,,ocr:lowconf
5,2009-02-11,"Immigrant Opportunities (continued) Initiative UIA etc) # (Council, MOC, Organization EIN Number Amount Agy Status Borough Agency *",2009,designate,,Brooklyn,Legal Services NYC,Bedford Stuyvesant Community Legal Services Corporation,112149962,,DYCD,260,005,,ocr:amt;ocr:lowconf
5,2009-02-11,"Immigrant Opportunities (continued) Initiative UIA etc) # (Council, MOC, Organization EIN Number Amount Agy Status Borough Agency *",2009,designate,,Queens,Legal Services NYC,Queens Legal Services Corporation,132605604,,DYCD,260,005,,ocr:amt
5,2009-02-11,"Immigrant Opportunities (continued) Initiative UIA etc) # (Council, MOC, Organization EIN Number Amount Agy Status Borough Agency *",2009,designate,,Staten Island,Legal Services NYC,Staten Island Legal Services,132600199,70000,DYCD,260,005,,
5,2009-02-11,"Immigrant Opportunities (continued) Initiative UIA etc) # (Council, MOC, Organization EIN Number Amount Agy Status Borough Agency *",2009,designate,,Brooklyn,South Brooklyn Legal Services,,132605605,,DYCD,260,005,,ocr:amt
5,2009-02-11,"Immigrant Opportunities (continued) Initiative UIA etc) # (Council, MOC, Organization EIN Number Amount Agy Status Borough Agency *",2009,designate,,Bronx,Legal Services NYC,Bronx,132600199,87500,DYCD,260,005,,
5,2009-02-11,"Immigrant Opportunities (continued) Initiative UIA etc) # (Council, MOC, Organization EIN Number Amount Agy Status Borough Agency *",2009,designate,,Manhattan,Legal Services NYC,Manhattan,132600199,42500,DYCD,260,005,,ocr:lowconf
5,2009-02-11,"Immigrant Opportunities (continued) Initiative UIA etc) # (Council, MOC, Organization EIN Number Amount Agy Status Borough Agency *",2009,designate,,,"Research and Evaluation Center, John Jay College/CUNY",,131988190),160317,DJJ,130,002,,ocr:ein;ocr:lowconf
5,2009-02-11,"Immigrant Opportunities (continued) Initiative UIA etc) # (Council, MOC, Organization EIN Number Amount Agy Status Borough Agency *",2009,designate,,,"Research and Evaluation Center, John Jay College/CUNY",,131988190,69100,DJJ,130,002,,ocr:lowconf
5,2009-02-11,"Immigrant Opportunities (continued) Initiative UIA etc) # (Council, MOC, Organization EIN Number Amount Agy Status Borough Agency *",2009,designate,,,John Jay College/CUNY,,131988190,9660,DJJ,130,002,,ocr:lowconf
5,2009-02-11,"Immigrant Opportunities (continued) Initiative UIA etc) # (Council, MOC, Organization EIN Number Amount Agy Status Borough Agency *",2009,designate,,,"Urban Dove, inc.",,133997718,41000,DJJ,130,002,,ocr:lowconf
5,2009-02-11,"Immigrant Opportunities (continued) Initiative UIA etc) # (Council, MOC, Organization EIN Number Amount Agy Status Borough Agency *",2009,designate,,,Afrikan Poetry Theatre,,112515828,45000,DJJ,130,002,,ocr:lowconf
5,2009-02-11,"Immigrant Opportunities (continued) Initiative UIA etc) # (Council, MOC, Organization EIN Number Amount Agy Status Borough Agency *",2009,designate,,,"Hospital Audiences, Inc.",,136277895,39000,DJJ,130,002,,ocr:lowconf
5,2009-02-11,"Immigrant Opportunities (continued) Initiative UIA etc) # (Council, MOC, Organization EIN Number Amount Agy Status Borough Agency *",2009,designate,,,"Rise Up and Walk Youth Outreach Center, Inc.",,043707153,60000,DJJ,130,002,,
5,2009-02-11,"Immigrant Opportunities (continued) Initiative UIA etc) # (Council, MOC, Organization EIN Number Amount Agy Status Borough Agency *",2009,designate,,,Correctional Association of New York,,135562324,7000,DJJ,130,002,,ocr:lowconf
5,2009-02-11,"Immigrant Opportunities (continued) Initiative UIA etc) # (Council, MOC, Organization EIN Number Amount Agy Status Borough Agency *",2009,designate,,,Community Counseling and Mediation,,112675243,47700,DJJ,130,002,,ocr:lowconf
5,2009-02-11,"Immigrant Opportunities (continued) Initiative UIA etc) # (Council, MOC, Organization EIN Number Amount Agy Status Borough Agency *",2009,designate,,,Violence Prevention for Boys in Secure Detention (VENDOR TO BE SELECTED BY DJJ),,,78000,DJJ,130,002,,ocr:ein;ocr:lowconf
5,2009-02-11,"Immigrant Opportunities (continued) Initiative UIA etc) # (Council, MOC, Organization EIN Number Amount Agy Status Borough Agency *",2009,designate,,,Spirituality and Stress Reduction (VENDOR TO BE SELECTED BY DJJ),,,25000,DJJ,130,002,,ocr:ein
5,2009-02-11,"Immigrant Opportunities (continued) Initiative UIA etc) # (Council, MOC, Organization EIN Number Amount Agy Status Borough Agency *",2009,designate,,,Mentoring for Youth in Non-Secure Detention (VENDOR TO BE SELECTED BY DJJ),,,30000,DJJ,130,002,,ocr:ein;ocr:lowconf
5,2009-02-11,"Immigrant Opportunities (continued) Initiative UIA etc) # (Council, MOC, Organization EIN Number Amount Agy Status Borough Agency *",2009,designate,,,Expressive Arts for Youth in Secure Detention and Group Homes (VENDOR TO BE SELECTED BY DJJ),,,28223,DJJ,130,002,,ocr:ein;ocr:lowconf
5,2009-02-11,"Immigrant Opportunities (continued) Initiative UIA etc) # (Council, MOC, Organization EIN Number Amount Agy Status Borough Agency *",2009,designate,,,"Agudath Israel of America Community Services, Inc",Boro Park Senior Citizens Center,133975090,14614,DFTA,125,003,,ocr:lowconf
5,2009-02-11,"Immigrant Opportunities (continued) Initiative UIA etc) # (Council, MOC, Organization EIN Number Amount Agy Status Borough Agency *",2009,designate,,,"Alpha Phi Alpha Senior Citizens Center, Inc.",Alpha Phi Alpha Senior Center,237436147,75000,DFTA,125,003,,ocr:lowconf
5,2009-02-11,"Immigrant Opportunities (continued) Initiative UIA etc) # (Council, MOC, Organization EIN Number Amount Agy Status Borough Agency *",2009,designate,,,ARC XVI Fort Washington. Inc.,ARC FtWashington Senior Center,132745426,12000,DFTA,125,003,,ocr:lowconf
5,2009-02-11,"Immigrant Opportunities (continued) Initiative UIA etc) # (Council, MOC, Organization EIN Number Amount Agy Status Borough Agency *",2009,designate,,,"Bedford Park Multi- Service Center for Senior Citizens, Inc..",Bedford Park/Sister Annunciata,132745303,,DFTA,125,003,,ocr:amt;ocr:lowconf
5,2009-02-11,"Immigrant Opportunities (continued) Initiative UIA etc) # (Council, MOC, Organization EIN Number Amount Agy Status Borough Agency *",2009,designate,,,"Caring Community. Inc., The",Caring Community 1st Presbyterian,132980755,,DFTA,125,003,,ocr:amt;ocr:lowconf
5,2009-02-11,"Immigrant Opportunities (continued) Initiative UIA etc) # (Council, MOC, Organization EIN Number Amount Agy Status Borough Agency *",2009,designate,,,"Caring Community, Inc. The",Center on the Square Senior Center,132980755,30600,DFTA,125,003,,
5,2009-02-11,"Immigrant Opportunities (continued) Initiative UIA etc) # (Council, MOC, Organization EIN Number Amount Agy Status Borough Agency *",2009,designate,,,"Carter Burden Center for the Aging, Inc., The",Carter Burden Luncheon Club,237129499,25000,DFTA,125,003,,ocr:lowconf
5,2009-02-11,"Immigrant Opportunities (continued) Initiative UIA etc) # (Council, MOC, Organization EIN Number Amount Agy Status Borough Agency *",2009,designate,,,"Catholic Charities Neighborhood Services, Inc.",CCNS Bayside,112047151,15000,DFTA,125,003,,ocr:lowconf
5,2009-02-11,"Immigrant Opportunities (continued) Initiative UIA etc) # (Council, MOC, Organization EIN Number Amount Agy Status Borough Agency *",2009,designate,,,"Catholic Charities Neighborhood Services, Inc.",CCNS Hillcrest,112047151,17000,DFTA,125,003,,ocr:lowconf
5,2009-02-11,"Immigrant Opportunities (continued) Initiative UIA etc) # (Council, MOC, Organization EIN Number Amount Agy Status Borough Agency *",2009,designate,,,"Catholic Charities Neighborhood Services, Inc",CCNS Northside Senior Center,112047151,28000,DFTA,125,003,,
5,2009-02-11,"Immigrant Opportunities (continued) Initiative UIA etc) # (Council, MOC, Organization EIN Number Amount Agy Status Borough Agency *",2009,designate,,,"Catholic Charities Neighborhood Services, Inc.",CCNS St. Louis Senior Center,112047151,29000,DFTA,125,003,,
5,2009-02-11,"Immigrant Opportunities (continued) Initiative UIA etc) # (Council, MOC, Organization EIN Number Amount Agy Status Borough Agency *",2009,designate,,,"Catholic Charities Neighborhood Services, Inc.",CCNS Steinway,112047151,13000,DFTA,125,003,,
5,2009-02-11,"Immigrant Opportunities (continued) Initiative UIA etc) # (Council, MOC, Organization EIN Number Amount Agy Status Borough Agency *",2009,designate,,,"Centrai Harlem Senior Citizens Coalition, Inc",Kennedy Senior Center,132754783,36000,DFTA,125,003,,ocr:lowconf
5,2009-02-11,"Immigrant Opportunities (continued) Initiative UIA etc) # (Council, MOC, Organization EIN Number Amount Agy Status Borough Agency *",2009,designate,,,"Church on the Hill Older Adult (COTHOA) Luncheon Club, Inc.",COTHOA Luncheon Club,133608860,21000,DFTA,125,003,,ocr:lowconf
5,2009-02-11,"Immigrant Opportunities (continued) Initiative UIA etc) # (Council, MOC, Organization EIN Number Amount Agy Status Borough Agency *",2009,designate,,,"Council of Belmont Organizations, Inc.",COBO/Mt. Carmel,132755323,35000,DFTA,125,003,,ocr:lowconf
5,2009-02-11,"Immigrant Opportunities (continued) Initiative UIA etc) # (Council, MOC, Organization EIN Number Amount Agy Status Borough Agency *",2009,designate,,,Crown Heights Preservation Committee Corp.,Shalom Senior Center,112322490,3000,DFTA,125,003,,ocr:lowconf
5,2009-02-11,"Immigrant Opportunities (continued) Initiative UIA etc) # (Council, MOC, Organization EIN Number Amount Agy Status Borough Agency *",2009,designate,,,"East Side Community Group for Senior Services, Inc.",Stein Senior Center,237378342,17500,DFTA,125,003,,
5,2009-02-11,"Immigrant Opportunities (continued) Initiative UIA etc) # (Council, MOC, Organization EIN Number Amount Agy Status Borough Agency *",2009,designate,,,Eileen Dugan Senior Citizens Center,Eileen Dugan,112301785,19646,DFTA,125,003,,ocr:lowconf
5,2009-02-11,"Immigrant Opportunities (continued) Initiative UIA etc) # (Council, MOC, Organization EIN Number Amount Agy Status Borough Agency *",2009,designate,,,"Elmcor Youth and Adult Activities, Inc.",Elmcor Lefrak Senior Center,112224539,65000,DFTA,125,003,,ocr:lowconf
5,2009-02-11,"Immigrant Opportunities (continued) Initiative UIA etc) # (Council, MOC, Organization EIN Number Amount Agy Status Borough Agency *",2009,designate,,,Family Care Services,VNS,133213081,10000,DFTA,125,003,,
5,2009-02-11,"Immigrant Opportunities (continued) Initiative UIA etc) # (Council, MOC, Organization EIN Number Amount Agy Status Borough Agency *",2009,designate,,,"Fort Greene Senior Citizens Council, Inc",Ft Greene Senior Action Center,112300840,99074,DFTA,125,003,,ocr:lowconf
5,2009-02-11,"Immigrant Opportunities (continued) Initiative UIA etc) # (Council, MOC, Organization EIN Number Amount Agy Status Borough Agency *",2009,designate,,,"Glenridge Senior Citizen Multi-Service & Advisory Center, Inc.",Glenridge Senior Citizens,112327136,40800,DFTA,125,003,,ocr:lowconf
5,2009-02-11,"Immigrant Opportunities (continued) Initiative UIA etc) # (Council, MOC, Organization EIN Number Amount Agy Status Borough Agency *",2009,designate,,,"Hope of Israel Senior Center, Inc.",Hope of israel Senior Citizens Center,132749857,15000,DFTA,125,003,,ocr:lowconf
5,2009-02-11,"Immigrant Opportunities (continued) Initiative UIA etc) # (Council, MOC, Organization EIN Number Amount Agy Status Borough Agency *",2009,designate,,,"Italian Senior Citizens Center, Inc",Newtown Italian Senior Center,112308129,8000,DFTA,125,003,,ocr:lowconf
5,2009-02-11,"Immigrant Opportunities (continued) Initiative UIA etc) # (Council, MOC, Organization EIN Number Amount Agy Status Borough Agency *",2009,designate,,,"Jamaica Service Program for Older Adults, Inc (JSPOA)",JSPOA Transportation,510204121,2436,DFTA,125,003,,ocr:lowconf
5,2009-02-11,"Immigrant Opportunities (continued) Initiative UIA etc) # (Council, MOC, Organization EIN Number Amount Agy Status Borough Agency *",2009,designate,,,Jewish Association for Services for the Aged (JASA),JASA HES,132620896,4500,DFTA,125,003,,
5,2009-02-11,"Immigrant Opportunities (continued) Initiative UIA etc) # (Council, MOC, Organization EIN Number Amount Agy Status Borough Agency *",2009,designate,,,Jewish Association for Services for the Aged (JASA),JASA MANHATTAN Beach,132620896,1400,DFTA,125,003,,ocr:lowconf
5,2009-02-11,"Immigrant Opportunities (continued) Initiative UIA etc) # (Council, MOC, Organization EIN Number Amount Agy Status Borough Agency *",2009,designate,,,Jewish Association for Services for the Aged (JASA),JASA Roy Reuther,132620896,62000,DFTA,125,003,,ocr:lowconf
5,2009-02-11,"Immigrant Opportunities (continued) Initiative UIA etc) # (Council, MOC, Organization EIN Number Amount Agy Status Borough Agency *",2009,designate,,,Jewish Association for Services for the Aged (JASA),JASA Starrett City,132620896,,DFTA,125,003,,ocr:amt;ocr:lowconf
5,2009-02-11,"Immigrant Opportunities (continued) Initiative UIA etc) # (Council, MOC, Organization EIN Number Amount Agy Status Borough Agency *",2009,designate,,,"Jewish Community Council of Greater Coney Island, Inc.",Jay Senior Center,112665181,15000,DFTA,125,003,,ocr:lowconf
5,2009-02-11,"Immigrant Opportunities (continued) Initiative UIA etc) # (Council, MOC, Organization EIN Number Amount Agy Status Borough Agency *",2009,designate,,,"Korean Community Services of Metropolitan New York, Inc.",Korean American of Corona,237348989,,DFTA,125,003,,ocr:amt;ocr:lowconf
5,2009-02-11,"Immigrant Opportunities (continued) Initiative UIA etc) # (Council, MOC, Organization EIN Number Amount Agy Status Borough Agency *",2009,designate,,,"Korean Community Services of Metropolitan New York, Inc.",Korean American of Flushing,237348989,35000,DFTA,125,003,,ocr:lowconf
5,2009-02-11,"Immigrant Opportunities (continued) Initiative UIA etc) # (Council, MOC, Organization EIN Number Amount Agy Status Borough Agency *",2009,designate,,,"Lenox Hill Neighborhood House, Inc.",Lenox Hill Senior Center II,131628180,5000,DFTA,125,003,,ocr:lowconf
5,2009-02-11,"Immigrant Opportunities (continued) Initiative UIA etc) # (Council, MOC, Organization EIN Number Amount Agy Status Borough Agency *",2009,designate,,,Manhattan Valley Golden Age Senior Center. Inc,Manhattan Valley,132751935,,DFTA,125,003,,ocr:amt;ocr:lowconf
5,2009-02-11,"Immigrant Opportunities (continued) Initiative UIA etc) # (Council, MOC, Organization EIN Number Amount Agy Status Borough Agency *",2009,designate,,,Merrill Park Civic Association of Springfield Gardens,Robert Couche,112304928,46000,DFTA,125,003,,ocr:lowconf
5,2009-02-11,"Immigrant Opportunities (continued) Initiative UIA etc) # (Council, MOC, Organization EIN Number Amount Agy Status Borough Agency *",2009,designate,,,"North East Bronx Senior Citizens Center, Inc.",Northeast Bronx Senior Citizens Center,132759045,74200,DFTA,125,003,,*
5,2009-02-11,"Immigrant Opportunities (continued) Initiative UIA etc) # (Council, MOC, Organization EIN Number Amount Agy Status Borough Agency *",2009,designate,,,One Stop Senior Services,One-Stop,133174492,60000,DFTA,125,003,,
5,2009-02-11,"Space Costs for (continued) Senior Centers Sponsor Name Name Agy UIA Status (Councit, MOC. Program Number Agency Amount # EIN * etc)",2009,designate,,,Park Slope Senior Citizens Center,Park Slope Senior Citizens Center,112334269,3500,DFTA,125,003,,
5,2009-02-11,"Space Costs for (continued) Senior Centers Sponsor Name Name Agy UIA Status (Councit, MOC. Program Number Agency Amount # EIN * etc)",2009,designate,,,"Peter Cardella Senior Citizen Center, Inc.",Peter Cardella Senior Citizen Center,112328536,,DFTA,125,003,,ocr:amt;ocr:lowconf
5,2009-02-11,"Space Costs for (continued) Senior Centers Sponsor Name Name Agy UIA Status (Councit, MOC. Program Number Agency Amount # EIN * etc)",2009,designate,,,Rabbi Israei Meyer Hacohen Rabbinical Seminary of America,Middle Village,111752021,40000,DFTA,125,003,,ocr:lowconf
5,2009-02-11,"Space Costs for (continued) Senior Centers Sponsor Name Name Agy UIA Status (Councit, MOC. Program Number Agency Amount # EIN * etc)",2009,designate,,,"Regional Aid for Interim Needs, Inc.",RAIN/Boston East Senior Center,136213586,29200,DFTA,125,003,,ocr:lowconf
5,2009-02-11,"Space Costs for (continued) Senior Centers Sponsor Name Name Agy UIA Status (Councit, MOC. Program Number Agency Amount # EIN * etc)",2009,designate,,,Regional Aid for Interim Needs. Inc.,RAIN/East Tremont Senior Center,136213586,21400,DFTA,125,003,,ocr:lowconf
5,2009-02-11,"Space Costs for (continued) Senior Centers Sponsor Name Name Agy UIA Status (Councit, MOC. Program Number Agency Amount # EIN * etc)",2009,designate,,,"Regional Aid for Interim Needs, Inc.",RAIN/Inwood Senior Center,136213586,6500,DFTA,125,003,,ocr:lowconf
5,2009-02-11,"Space Costs for (continued) Senior Centers Sponsor Name Name Agy UIA Status (Councit, MOC. Program Number Agency Amount # EIN * etc)",2009,designate,,,"Regional Aid for Interim Needs, Inc.",RAIN/Nereid Senior Center,136213586,45000,DFTA,125,003,,ocr:lowconf
5,2009-02-11,"Space Costs for (continued) Senior Centers Sponsor Name Name Agy UIA Status (Councit, MOC. Program Number Agency Amount # EIN * etc)",2009,designate,,,"Ridgewood Bushwick Senior Citizens Council, Inc.",Atlantic Senior Center,112453853,85000,DFTA,125,003,,ocr:lowconf
5,2009-02-11,"Space Costs for (continued) Senior Centers Sponsor Name Name Agy UIA Status (Councit, MOC. Program Number Agency Amount # EIN * etc)",2009,designate,,,"Ridgewood Older Adult Center and Services, Inc",Ridgewood Older Adult Center & Services,050607283,75000,DFTA,125,003,,ocr:lowconf
5,2009-02-11,"Space Costs for (continued) Senior Centers Sponsor Name Name Agy UIA Status (Councit, MOC. Program Number Agency Amount # EIN * etc)",2009,designate,,,"Riverdale Senior Services, Inc.","Riverdale Senior Services, Inc.",237357997,24000,DFTA,125,003,,ocr:lowconf
5,2009-02-11,"Space Costs for (continued) Senior Centers Sponsor Name Name Agy UIA Status (Councit, MOC. Program Number Agency Amount # EIN * etc)",2009,designate,,,Selfhelp Community Services. inc.,Selfhelp Austin Street Senior Center,131624178,7000,DFTA,125,003,,ocr:lowconf
5,2009-02-11,"Space Costs for (continued) Senior Centers Sponsor Name Name Agy UIA Status (Councit, MOC. Program Number Agency Amount # EIN * etc)",2009,designate,,,"Selfhelp Community Services, Inc.",Selfhelp Clearview,131624178,11000,DFTA,125,003,,
5,2009-02-11,"Space Costs for (continued) Senior Centers Sponsor Name Name Agy UIA Status (Councit, MOC. Program Number Agency Amount # EIN * etc)",2009,designate,,,"Selfhelp Community Services, Inc.",Selfhelp Maspeth Senior Center,131624178,25000,DFTA,125,003,,ocr:lowconf
5,2009-02-11,"Space Costs for (continued) Senior Centers Sponsor Name Name Agy UIA Status (Councit, MOC. Program Number Agency Amount # EIN * etc)",2009,designate,,,"Senior Citizens League of Flatbush, Inc.",Midwood Senior League Sateilite,112347331,10000,DFTA,125,003,,ocr:lowconf
5,2009-02-11,"Space Costs for (continued) Senior Centers Sponsor Name Name Agy UIA Status (Councit, MOC. Program Number Agency Amount # EIN * etc)",2009,designate,,,"Sephardic Multi Service Senior Citizens Center, Inc.",Sephardic Multi Service Senior Center,112301220,4000,DFTA,125,003,,ocr:lowconf
5,2009-02-11,"Space Costs for (continued) Senior Centers Sponsor Name Name Agy UIA Status (Councit, MOC. Program Number Agency Amount # EIN * etc)",2009,designate,,,"Services Now for Adult Persons (SNAP), inc.",SNAP,112591783,21212,DFTA,125,003,,ocr:lowconf
5,2009-02-11,"Space Costs for (continued) Senior Centers Sponsor Name Name Agy UIA Status (Councit, MOC. Program Number Agency Amount # EIN * etc)",2009,designate,,,Southeast Queens Multiservice Senior Center,Howard Beach,237187548,4202,DFTA,125,003,,ocr:lowconf
5,2009-02-11,"Space Costs for (continued) Senior Centers Sponsor Name Name Agy UIA Status (Councit, MOC. Program Number Agency Amount # EIN * etc)",2009,designate,,,Southside United Housing Development Fund Corp,Los Sures,112268359,33500,DFTA,125,003,,ocr:lowconf
5,2009-02-11,"Space Costs for (continued) Senior Centers Sponsor Name Name Agy UIA Status (Councit, MOC. Program Number Agency Amount # EIN * etc)",2009,designate,,,Spanish Speaking Elderly Council- -RAICES,RAICES Corona (utilities-moving expenses),112730462,18000,DFTA,125,003,,ocr:lowconf
5,2009-02-11,"Space Costs for (continued) Senior Centers Sponsor Name Name Agy UIA Status (Councit, MOC. Program Number Agency Amount # EIN * etc)",2009,designate,,,Spanish Speaking Elderly Council-RAICES,RAICES/Corona Senior Center,112730462,120000,DFTA,125,003,,ocr:lowconf
5,2009-02-11,"Space Costs for (continued) Senior Centers Sponsor Name Name Agy UIA Status (Councit, MOC. Program Number Agency Amount # EIN * etc)",2009,designate,,,St. Gabriel's Episcopal Church Senior Center,St. Gabriels Senior Center,112463892,18000,DFTA,125,003,,ocr:lowconf
5,2009-02-11,"Space Costs for (continued) Senior Centers Sponsor Name Name Agy UIA Status (Councit, MOC. Program Number Agency Amount # EIN * etc)",2009,designate,,,St. John-St. Matthew Emanuel Lutheran Church,Prospect Hill,112252582,58284,DFTA,125,003,,ocr:lowconf
5,2009-02-11,"Space Costs for (continued) Senior Centers Sponsor Name Name Agy UIA Status (Councit, MOC. Program Number Agency Amount # EIN * etc)",2009,designate,,,St. Matthew's and St. Timothy's Neighborhood Center,WEME Mainstream Nutrition,132587904,7200,DFTA,125,003,,ocr:lowconf
5,2009-02-11,"Space Costs for (continued) Senior Centers Sponsor Name Name Agy UIA Status (Councit, MOC. Program Number Agency Amount # EIN * etc)",2009,designate,,,"Staten Island Community Services Fnendship Clubs, Inc.",Arrochar Friendship Club Senior Center,132778244,5000,DFTA,125,003,,ocr:lowconf
5,2009-02-11,"Space Costs for (continued) Senior Centers Sponsor Name Name Agy UIA Status (Councit, MOC. Program Number Agency Amount # EIN * etc)",2009,designate,,,"Staten Island Community Services Friendship Clubs, Inc.",Mt. Loretto Friendship Club Senior Center,132778244,,DFTA,125,003,,ocr:amt;ocr:lowconf
5,2009-02-11,"Space Costs for (continued) Senior Centers Sponsor Name Name Agy UIA Status (Councit, MOC. Program Number Agency Amount # EIN * etc)",2009,designate,,,"Sunnyside Community Services Center, inc.",Sunnyside Community Senior Center,510189327,,DFTA,125,003,,ocr:amt;ocr:lowconf
5,2009-02-11,"Space Costs for (continued) Senior Centers Sponsor Name Name Agy UIA Status (Councit, MOC. Program Number Agency Amount # EIN * etc)",2009,designate,,,"Tolentine- Zeiser Community Life Center, Inc.",Tolentine Zeiser Nutrition Program,133131888,,DFTA,125,003,,ocr:amt;ocr:lowconf
5,2009-02-11,"Space Costs for (continued) Senior Centers Sponsor Name Name Agy UIA Status (Councit, MOC. Program Number Agency Amount # EIN * etc)",2009,designate,,,"United Hindu Cultural Council of USA, North America, Inc.",United Hindu,113451990,6000,DFTA,125,003,,ocr:lowconf
5,2009-02-11,"Space Costs for (continued) Senior Centers Sponsor Name Name Agy UIA Status (Councit, MOC. Program Number Agency Amount # EIN * etc)",2009,designate,,,"United Senior Citizen Center of Sunset Park, Inc.",United Senior Citizens Center,112358277,10000,DFTA,125,003,,ocr:lowconf
5,2009-02-11,"Space Costs for (continued) Senior Centers Sponsor Name Name Agy UIA Status (Councit, MOC. Program Number Agency Amount # EIN * etc)",2009,designate,,,Young israel Programs,Young Israel Forest Hills Senior League,112582218,20000,DFTA,125,003,,ocr:lowconf
5,2009-02-11,"Space Costs for (continued) Senior Centers Sponsor Name Name Agy UIA Status (Councit, MOC. Program Number Agency Amount # EIN * etc)",2009,designate,,,Young Israel Programs,Young israel Queens Valley,133613262,6000,DFTA,125,003,,ocr:lowconf
5,2009-02-11,"Space Costs for (continued) Senior Centers Sponsor Name Name Agy UIA Status (Councit, MOC. Program Number Agency Amount # EIN * etc)",2009,designate,,,Young Israel Programs,Young Israel Wavecreast Bayswater,112342565,8000,DFTA,125,003,,ocr:lowconf
6,2009-04-02,,2009,rescind,,Gentile,"ArtAid, Inc.",,651201664,-2250,DYCD,260,005,,*;ocr:lowconf
6,2009-04-02,,2009,rescind,,Gentile,"Italic Institute of America, Inc.",,112859975,-1000,DYCD,260,312,,ocr:lowconf
6,2009-04-02,,2009,rescind,,Gentile,Veterans of Foreign Wars Post #4785 Memorial Association,,116023481,-2000,DYCD,260,005,,ocr:lowconf
6,2009-04-02,,2009,designate,,Gentile,"Reaching- -Out Community Services, Inc.",,113615625,2250,DYCD,260,005,,ocr:lowconf
6,2009-04-02,,2009,designate,,Gentile,"Brooklyn Generals Football, Inc.",,260312488,1500,DYCD,260,312,,ocr:lowconf
6,2009-04-02,,2009,designate,,Gentie,Saint Rosalia- -Regina Pacis Neighborhood,,112697931,1500,DYCD,260,005,,ocr:lowconf
6,2009-04-02,,2009,rescind,,Viverito,"Jets of Harlem, Inc.",,203556368,-1000,DYCD,260,312,,
6,2009-04-02,,2009,designate,,Viverito,"Manna House Workshops, Inc.",,132615433,1000,DYCD,260,312,,ocr:lowconf
6,2009-04-02,,2009,rescind,,"Sanders, Jr","Lammies Day Care, Inc.",,113470759,-12500,DYCD,260,312,,*;ocr:lowconf
6,2009-04-02,,2009,designate,,"Sanders, Jr","Business Outreach Center Network, Inc.",,113306111,12500,DSBS,801,002,,
6,2009-04-02,,2009,rescind,,Dickens,New Mount Zion Baptist Church,,133976609,-25000,DYCD,260,312,,
6,2009-04-02,,2009,designate,,Dickens,"Community Works, Inc.",,133580813,22000,DYCD,260,312,,
6,2009-04-02,,2009,designate,,Dickens,"Take Wing and Soar Productions, Inc.",,141885605,3000,DCA,126,003,,ocr:lowconf
6,2009-04-02,,2009,rescind,,Mitchell,William A. Epps Community Center of St. Phillips Baptist Church,,133451547,-10000,DYCD,260,312,,ocr:lowconf
6,2009-04-02,,2009,designate,,Mitchell,William A. Epps Community Center of St. Phillips Baptist Church,,861074714,10000,DYCD,260,312,,
6,2009-04-02,,2009,rescind,,Weprin,Mosdos Bnos Frima,,113505190,-10000,DYCD,260,312,,ocr:lowconf
6,2009-04-02,,2009,designate,,Weprin,"Labor and Industry for Education, Inc.",,114088055,10000,DYCD,260,312,,ocr:lowconf
6,2009-04-02,,2009,rescind,,Yassky,Department of Tanspotaton.DUMBO: Historic District,,136400434,-8000,DOT,841,014,,ocr:lowconf
6,2009-04-02,,2009,designate,,Yassky,Groundswell Community Mural Project,,113427213,8000,DYCD,260,312,,
6,2009-04-02,,2009,rescind,,DeBlasio,Albermarle Neighborhood Association,,116266473,-750,DYCD,260,312,,ocr:lowconf
6,2009-04-02,,2009,designate,,DeBlasio,Young Men's Christian Association of Greater New York,Prospect Park,131624288,750,DYCD,260,312,,ocr:lowconf
6,2009-04-02,,2009,rescind,,Mitchell,LLia Park Summer Program,,113108879,-3000,DPR,846,006,,*;ocr:lowconf
6,2009-04-02,,2009,designate,,Mitchell,Department of Parks and Recreation-Lt Lia Summer Program,,136400434,3000,DPR,846,006,,ocr:lowconf
6,2009-04-02,,2009,rescind,,Rivera,"Davidson Community Center, inc.",,237010206,-10000,DFTA,125,003,,*;ocr:lowconf
6,2009-04-02,,2009,designate,,Rivera,"Tremont Community Senior Citizen Service Center, Inc.",,132745417,10000,DFTA,125,003,,
6,2009-04-02,,2009,rescind,,Rivera,Goodwill Baptist Church,,133230568,-5000,DYCD,260,312,,*;ocr:lowconf
6,2009-04-02,,2009,designate,,Rivera,Northwest Bronx Community and Clergy Coalition for Sistas and Brothas United,,132806160,5000,DYCD,260,312,,ocr:lowconf
6,2009-04-02,,2009,rescind,,Gennaro,New York United Jewish Association,,262647383,-15000,DFTA,125,003,,*;ocr:lowconf
6,2009-04-02,,2009,designate,,Gennaro,United Community Houses and Services Corporation d/bla United Community Services of Boro Park,,953696596,15000,DFTA,125,003,,*;ocr:lowconf
6,2009-04-02,,2009,rescind,,"Sanders, Jr",Torah Academy for Giris,,112017032,-15000,DYCD,260,312,,ocr:lowconf
6,2009-04-02,,2009,rescind,,"Sanders, Jr",Yeshiva ofFar Rockaway,,112205623,-4000,DYCD,260,312,,*
6,2009-04-02,,2009,designate,,"Sanders, Jr","Rosedale Little League Baseball, inc.",,521251209,14000,DYCD,260,312,,*;ocr:lowconf
6,2009-04-02,,2009,designate,,"Sanders, Jr","Parodneck Foundation for Self-Help Housing and Community Development, Inc., The",,112229635,5000,DYCD,260,005,,ocr:lowconf
6,2009-04-02,,2009,rescind,,"Sanders, Jr",Laurelton Lions Club,,112990142,-8500,DYCD,260,312,,*;ocr:lowconf
6,2009-04-02,,2009,designate,,"Sanders, Jr","Kickers Youth Sports Association of South East Queens, Inc.",,112988905,8500,DYCD,260,312,,
6,2009-04-02,,2009,rescind,,Recchia,"Concemed Tenants of Sea Park East, Inc",,030456953,-2000,DYCD,260,005,,*;ocr:lowconf
6,2009-04-02,,2009,designate,,Recchia,Grace Gravesend Athletic Association,,113019763,2000,DYCD,260,312,,ocr:lowconf
6,2009-04-02,,2009,rescind,,Gioia,Sunnyside Shorts,,262384342,-1000,DYCD,260,005,,*;ocr:lowconf
6,2009-04-02,,2009,designate,,Gioia,"Sunnyside Community Services Center, Inc.",,510189327,1000,DYCD,260,312,,ocr:lowconf
6,2009-04-02,,2009,rescind,,Garodnick,Waterside Tenants Association,,562596903,-3500,DYCD,260,005,,*;ocr:lowconf
6,2009-04-02,,2009,designate,,Garodnick,"Food Bank for New York City, The",,133179546,3500,DYCD,260,005,,ocr:lowconf
6,2009-04-02,,2009,rescind,,Weprin,Crystal Foundation,,113540759,-20000,DYCD,260,312,,*;ocr:lowconf
6,2009-04-02,,2009,designate,,Weprin,"Afikim Foundation, The",,710866051,20000,DYCD,260,312,,ocr:lowconf
6,2009-04-02,,2009,rescind,,Dilan,"Quebradillas Baseball Organization, Inc.",,,-10000,DYCD,260,312,,ocr:ein;ocr:lowconf
6,2009-04-02,,2009,designate,,Dilan,"Ridgewood Bushwick Senior Citizens Council, Inc.",,112453853,10000,DYCD,260,312,,
6,2009-04-02,,2009,rescind,,Dilan,St. Rita's Roman Catholic Church,,111711002,-25000,DYCD,260,312,,ocr:lowconf
6,2009-04-02,,2009,designate,,Dilan,"Salvation Army of Greater New York, The",Bushwick Corps.,135562351,25000,DYCD,260,312,,ocr:lowconf
6,2009-04-02,,2009,rescind,,Koppell,"City Solve Systems, Inc.",,133864712,-7500,DYCD,260,005,,*;ocr:lowconf
6,2009-04-02,,2009,designate,,Koppell,Mosholu Preservation Corporation,,133109387,7500,DYCD,260,005,,
6,2009-04-02,,2009,rescind,,DeBlasio,"United Jewish Community. Advocacy Relations and Enrichment (UJ CARE), Inc.",,262057862,-5000,DYCD,260,005,,ocr:lowconf
6,2009-04-02,,2009,designate,,DeBlasio,Borough Park. Jewish Community Council,,113475993,5000,DYCD,260,312,,ocr:lowconf
6,2009-04-02,,2009,rescind,,Fidler,New York United Jewish Association,,262647383,-6500,DFTA,125,003,,*;ocr:lowconf
6,2009-04-02,,2009,designate,,Fidler,United Community Houses and Services Corporation d/bla United Community Services of Boro Park,,953696596,6500,DFTA,125,003,,ocr:lowconf
6,2009-04-02,,2009,rescind,,Martinez,Upper Manhattan Council Assisting Neighbors,,134042093,-175000,DSBS,801,002,,*
6,2009-04-02,,2009,rescind,,MN Delegation,Upper Manhattan Council Assisting Neighbors,,134042093,-3500,DSBS,801,002,,*;ocr:lowconf
6,2009-04-02,,2009,designate,,Martinez,Washington Heights and Inwood Development Corporation,,132950346,175000,DSBS,801,002,,ocr:lowconf
6,2009-04-02,,2009,designate,,MN Delegation,"Washington Heights Business Improvement District Management Association, Inc.",,133348873,3500,DSBS,801,002,,ocr:lowconf
6,2009-04-02,,2009,rescind,,Comrie,Abolish the N Word,,205137804,-5000,DYCD,260,312,,*;ocr:lowconf
6,2009-04-02,,2009,designate,,Comrie,Hollis Presbyterian Church,,111631786,5000,DYCD,260,312,,ocr:lowconf
6,2009-04-02,,2009,rescind,,Comrie,Millennium Minds,,134075488,-5000,DYCD,260,312,,*;ocr:lowconf
6,2009-04-02,,2009,designate,,Comrie,"Harvest Life Center, Inc., The",,202735233,5000,DYCD,260,312,,:;ocr:lowconf
6,2009-04-02,,2009,rescind,,Comrie,Brothers Against Killing Each Other (BAKE),,113314475,-15000,DYCD,260,312,,ocr:lowconf
6,2009-04-02,,2009,rescind,,Comrie,Cambria Heights Sports Association,,237316051,-6000,DYCD,260,312,,*;ocr:lowconf
6,2009-04-02,,2009,rescind,,Comrie,Jazz Knights,,112394796,-3500,DYCD,260,312,,*;ocr:lowconf
6,2009-04-02,,2009,designate,,Comrie,"Police Athletic League, Inc.",,135596811,24500,DYCD,260,312,,
6,2009-04-02,,2009,rescind,,Mealy,368A-429 Decatur Street Block Association,,562677341,-2500,DSBS,801,002,,ocr:lowconf
6,2009-04-02,,2009,designate,,Mealy,"368A-429 Decatur, Inc.",,562677341,2500,DSBS,801,002,,ocr:lowconf
6,2009-04-02,,2009,rescind,,Recchia,"S.P.A.R.E., Inc.",,680546091,-20000,DYCD,260,312,,ocr:lowconf
6,2009-04-02,,2009,designate,,Recchia,"Metropolitan New York Coordinating Council on. Jewish Poverty, Inc.",,132738818,10000,DYCD,260,312,,ocr:lowconf
6,2009-04-02,,2009,designate,,Recchia,"New 42nd Street, Inc., The",,133584032,10000,DYCD,260,312,,ocr:lowconf
6,2009-04-02,,2009,rescind,,"Vallone, Jr","ICYP Youth Program of Astoria, Inc,",,113227409,-8000,DYCD,260,312,,ocr:lowconf
6,2009-04-02,,2009,rescind,,"Vallone, Jr","ICYP Youth Program of Astoria, Inc,",,113227409,-10000,DYCD,260,312,,ocr:lowconf
6,2009-04-02,,2009,designate,,"Vallone, Jr",St Margaret Mary R.C. Church,,111990941,5000,DYCD,260,312,,ocr:lowconf
6,2009-04-02,,2009,designate,,"Vallone, Jr",Ansob Center for Refugees,,113534833,5000,DYCD,260,312,,
6,2009-04-02,,2009,designate,,"Vallone, Jr",St. Joseph R. C. Church,,111631815,8000,DYCD,260,312,,ocr:lowconf
6,2009-04-02,,2009,rescind,,Mitchell,Central Family Life Center,,133626127,-20000,DYCD,260,312,,ocr:lowconf
6,2009-04-02,,2009,rescind,,Mitchell,St. Peter's Elementary School,,132688406,-5000,DYCD,260,312,,ocr:lowconf
6,2009-04-02,,2009,rescind,,Mitchell,St Teresa School,,132693081,-5000,DYCD,260,312,,*;ocr:lowconf
6,2009-04-02,,2009,rescind,,Mitchell,New Direction Services Food Pantry,,134118080,-10000,DYCD,260,005,,ocr:lowconf
6,2009-04-02,,2009,designate,,Mitchell,"Art Lab, Inc. The Art School at Snug Harbor",,132977495,7000,DYCD,260,312,,ocr:lowconf
6,2009-04-02,,2009,designate,,Mitchell,Island Voice,,208287369,2000,DYCD,260,312,,
6,2009-04-02,,2009,designate,,Mitchell,"Serving Those Who Serve, Inc.",,200069773,4000,DYCD,260,005,,ocr:lowconf
6,2009-04-02,,2009,designate,,Mitchell,St. Stanislaus Kostka Church,,135564133,10000,DYCD,260,312,,ocr:lowconf
6,2009-04-02,,2009,designate,,Mitchell,"United Activities Unlimited, Inc.",,132921483,,DYCD,260,312,,ocr:amt;ocr:lowconf;ocr:cellspan
6,2009-04-02,,2009,designate,,Mitchell,Dr. Theodore A. Atlas Foundation,,134012789,10000,DYCD,260,005,,*;ocr:lowconf
6,2009-04-02,,2009,rescind,,"CC, Koppell",Fordham University Biological Science Research Laboratory,,131740451,-40000,DOHMH,816,113,,ocr:lowconf
6,2009-04-02,,2009,designate,,"CC, BLAC, Dickens, Viverito",Harlem United Community AIDS Center,,133461695,20000,DOHMH,816,112,,ocr:lowconf
6,2009-04-02,,2009,designate,,"CC,WM","Gilda's Club New York, Inc.",,134046652,20000,DOHMH,816,113,,ocr:lowconf
6,2009-04-02,,2009,rescind,,"CC, Martinez",Upper Manhattan Council Assisting Neighbors,,134042093,-160000,DSBS,801,002,,
6,2009-04-02,,2009,designate,,"CC, Martinez",Audubon Partnership for Economic Development LDC,,133927797,85000,DSBS,801,002,,ocr:lowconf
6,2009-04-02,,2009,designate,,"CC, Weprin",New York Industrial Retention Network,,510178586,25000,DSBS,801,002,,
6,2009-04-02,,2009,designate,,CC,SBS-clean streets program,,136400434,50000,DSBS,801,002,,
6,2009-04-02,,2009,rescind,,"CC, Felder, Weprin",Congregation Mifal Chavrisa,,113515495,-30000,DYCD,260,312,,
6,2009-04-02,,2009,rescind,,"CC, Yassky, Felder, DeBlasio","United Jewish Community Advocacy Relations and Enrichment (UJ CARE), inc.",,262057862,-200000,DYCD,260,005,,ocr:lowconf
6,2009-04-02,,2009,rescind,,CC,Spirituality for Kids,,912162623,-15000,DYCD,260,312,,*;ocr:lowconf
6,2009-04-02,,2009,designate,,"CC, Felder, Weprin, Recchia","Yeled V'Yalda Early Childhood Center, Inc.",,113050340,50000,DYCD,260,312,,ocr:lowconf
6,2009-04-02,,2009,designate,,"CC, Felder","Agudath Israel of America Community Services, Inc.",,133975090,100000,DYCD,260,005,,ocr:lowconf
6,2009-04-02,,2009,designate,,"CC, DeBlasio, Brewer, Weprin, Recchia, Eugene","Metropolitan New York Coordinating Council on Jewish Poverty, Inc.",,132738818,80000,DYCD,260,005,,ocr:lowconf
6,2009-04-02,,2009,designate,,"CC, Weprin",Hudson Guild,,135562989,7500,DYCD,260,312,,ocr:lowconf
6,2009-04-02,,2009,designate,,CC,"Downtown United Soccer Club, inc.",,134130051,7500,DYCD,260,312,,:;ocr:lowconf
6,2009-04-02,"Discretionary Aav# UIA FiscalConduit/SponsoringOrganization EIN Status (Council, MOC, etc) Member Organization EINI Number Agency Amount FiscalConduit! *",2009,rescind,,Gentile,Kings County Lodge #168 Loyal Order of Moose,,101689901,-2500,DFTA,125,003,,ocr:lowconf
6,2009-04-02,"Discretionary Aav# UIA FiscalConduit/SponsoringOrganization EIN Status (Council, MOC, etc) Member Organization EINI Number Agency Amount FiscalConduit! *",2009,rescind,,Gentile,St. Finbar's Golden Age Club,,111631812,-1000,DFTA,125,003,,ocr:lowconf
6,2009-04-02,"Discretionary Aav# UIA FiscalConduit/SponsoringOrganization EIN Status (Council, MOC, etc) Member Organization EINI Number Agency Amount FiscalConduit! *",2009,designate,,Gentile,Saint Rosalia- -Regina Pacis Neighborhood Improvement Association,,112697931,3500,DFTA,125,003,,ocr:lowconf
6,2009-04-02,"Discretionary Aav# UIA FiscalConduit/SponsoringOrganization EIN Status (Council, MOC, etc) Member Organization EINI Number Agency Amount FiscalConduit! *",2009,rescind,,Brewer,Joint Public Affairs Committee for Older Aduits (JPAC),,132620896,-3500,DFTA,125,003,,ocr:lowconf
6,2009-04-02,"Discretionary Aav# UIA FiscalConduit/SponsoringOrganization EIN Status (Council, MOC, etc) Member Organization EINI Number Agency Amount FiscalConduit! *",2009,designate,,Brewer,Joint Public Affairs Committee for Older Adults (JPAC),,132620896,3500,DFTA,125,003,,ocr:lowconf
6,2009-04-02,"Discretionary Aav# UIA FiscalConduit/SponsoringOrganization EIN Status (Council, MOC, etc) Member Organization EINI Number Agency Amount FiscalConduit! *",2009,rescind,,Avella,Blessed Sacrament Church Senior Club,,113232246,-3500,DFTA,125,003,,
6,2009-04-02,"Discretionary Aav# UIA FiscalConduit/SponsoringOrganization EIN Status (Council, MOC, etc) Member Organization EINI Number Agency Amount FiscalConduit! *",2009,designate,,Avella,"North Flushing Senior Center, Inc.",,112741128,3500,DFTA,125,003,,
6,2009-04-02,"Discretionary Aav# UIA FiscalConduit/SponsoringOrganization EIN Status (Council, MOC, etc) Member Organization EINI Number Agency Amount FiscalConduit! *",2009,rescind,,Katz,Congregation Shaare Tova Senior Center,,112478780,-2500,DFTA,125,003,,*
6,2009-04-02,"Discretionary Aav# UIA FiscalConduit/SponsoringOrganization EIN Status (Council, MOC, etc) Member Organization EINI Number Agency Amount FiscalConduit! *",2009,designate,,Katz,"Queens Jewish Community Council, Inc.",,237172152,2500,DFTA,125,003,,ocr:lowconf
6,2009-04-02,"Discretionary Aav# UIA FiscalConduit/SponsoringOrganization EIN Status (Council, MOC, etc) Member Organization EINI Number Agency Amount FiscalConduit! *",2009,rescind,,Mitchell,Centrai Family Life Center,,133626127,-4000,DFTA,125,003,,ocr:lowconf
6,2009-04-02,"Discretionary Aav# UIA FiscalConduit/SponsoringOrganization EIN Status (Council, MOC, etc) Member Organization EINI Number Agency Amount FiscalConduit! *",2009,designate,,Mitchell,"Community Agency for Senior Citizens, Inc.",,133263537,4000,DFTA,125,003,,ocr:lowconf
6,2009-04-02,"Youth (continued) Discretionary Number UIA FiscalConduit/SponsoringOrganization Status (Council, MOC, etc) Member Organization EINI Agencv Amount Aav # Fiscal Conduit EIN *",2009,rescind,,"Sanders, Jr","Independent Learners, Inc. Ready,Set, GoToo!",,830473957,-5000,DYCD,260,312,,:;ocr:lowconf;ocr:cellspan
6,2009-04-02,"Youth (continued) Discretionary Number UIA FiscalConduit/SponsoringOrganization Status (Council, MOC, etc) Member Organization EINI Agencv Amount Aav # Fiscal Conduit EIN *",2009,designate,,"Sanders, Jr","Jewish Community Council of the Rockaway Peninsula, Inc.",,112425813,5000,DYCD,260,312,,ocr:lowconf
6,2009-04-02,"Youth (continued) Discretionary Number UIA FiscalConduit/SponsoringOrganization Status (Council, MOC, etc) Member Organization EINI Agencv Amount Aav # Fiscal Conduit EIN *",2009,rescind,,Comrie,Cambria Heights Sports Association,,237316051,-12500,DYCD,260,312,,ocr:lowconf
6,2009-04-02,"Youth (continued) Discretionary Number UIA FiscalConduit/SponsoringOrganization Status (Council, MOC, etc) Member Organization EINI Agencv Amount Aav # Fiscal Conduit EIN *",2009,rescind,,Comrie,Jazz Knights,,112394796,-6000,DYCD,260,312,,*;ocr:lowconf
6,2009-04-02,"Youth (continued) Discretionary Number UIA FiscalConduit/SponsoringOrganization Status (Council, MOC, etc) Member Organization EINI Agencv Amount Aav # Fiscal Conduit EIN *",2009,designate,,Comrie,"Police Athletic League, Inc.",,135596811,18500,DYCD,260,312,,
6,2009-04-02,"Youth (continued) Discretionary Number UIA FiscalConduit/SponsoringOrganization Status (Council, MOC, etc) Member Organization EINI Agencv Amount Aav # Fiscal Conduit EIN *",2009,rescind,,"Vallone, Jr","ICYP Youth Program of Astoria, Inc,",,113227409,-7000,DYCD,260,312,,ocr:lowconf
6,2009-04-02,"Youth (continued) Discretionary Number UIA FiscalConduit/SponsoringOrganization Status (Council, MOC, etc) Member Organization EINI Agencv Amount Aav # Fiscal Conduit EIN *",2009,designate,,"Vallone, Jr",St. Margaret Mary R.C. Church,,111990941,7000,DYCD,260,312,,
6,2009-04-02,"Youth (continued) Discretionary Number UIA FiscalConduit/SponsoringOrganization Status (Council, MOC, etc) Member Organization EINI Agencv Amount Aav # Fiscal Conduit EIN *",2009,rescind,,Mitchell,St. Peter's Girls High School Track Team,,132688406,-3000,DYCD,260,312,,*
6,2009-04-02,"Youth (continued) Discretionary Number UIA FiscalConduit/SponsoringOrganization Status (Council, MOC, etc) Member Organization EINI Agencv Amount Aav # Fiscal Conduit EIN *",2009,rescind,,Mitchell,"New York City Junior Golf Club, Inc.",,133945192,-4000,DYCD,260,312,,*;ocr:lowconf
6,2009-04-02,"Youth (continued) Discretionary Number UIA FiscalConduit/SponsoringOrganization Status (Council, MOC, etc) Member Organization EINI Agencv Amount Aav # Fiscal Conduit EIN *",2009,rescind,,Mitchel!,Rosebank Boys Association,,208926577,-3000,DYCD,260,312,,ocr:member;ocr:lowconf
6,2009-04-02,"Youth (continued) Discretionary Number UIA FiscalConduit/SponsoringOrganization Status (Council, MOC, etc) Member Organization EINI Agencv Amount Aav # Fiscal Conduit EIN *",2009,designate,,Mitchell,Universal Temple oft the Arts,,133335286,2500,DYCD,260,312,,ocr:lowconf
6,2009-04-02,"Youth (continued) Discretionary Number UIA FiscalConduit/SponsoringOrganization Status (Council, MOC, etc) Member Organization EINI Agencv Amount Aav # Fiscal Conduit EIN *",2009,designate,,Mitchell,"Children's Aid Society, The",,135562191,7500,DYCD,260,312,,ocr:lowconf
6,2009-04-02,"Youth (continued) Discretionary Number UIA FiscalConduit/SponsoringOrganization Status (Council, MOC, etc) Member Organization EINI Agencv Amount Aav # Fiscal Conduit EIN *",2009,rescind,,Lappin,New York Center for Children,,954502444,-13000,DYCD,260,312,,ocr:lowconf
6,2009-04-02,"Youth (continued) Discretionary Number UIA FiscalConduit/SponsoringOrganization Status (Council, MOC, etc) Member Organization EINI Agencv Amount Aav # Fiscal Conduit EIN *",2009,designate,,Lappin,"Lenox Hil Neighborhood House, Inc.",,131628180,13000,DYCD,260,312,,ocr:lowconf
6,2009-04-02,"Youth (continued) Discretionary Number UIA FiscalConduit/SponsoringOrganization Status (Council, MOC, etc) Member Organization EINI Agencv Amount Aav # Fiscal Conduit EIN *",2009,rescind,,Mealy,Vgumbs Family Advocacy & Pre-Trial Services,,550894064,-5000,DYCD,260,312,,ocr:lowconf
6,2009-04-02,"Youth (continued) Discretionary Number UIA FiscalConduit/SponsoringOrganization Status (Council, MOC, etc) Member Organization EINI Agencv Amount Aav # Fiscal Conduit EIN *",2009,designate,,Mealy,"Episcopal Social Services of New York, Inc.",,133709095,2000,DYCD,260,312,,ocr:lowconf
6,2009-04-02,"Youth (continued) Discretionary Number UIA FiscalConduit/SponsoringOrganization Status (Council, MOC, etc) Member Organization EINI Agencv Amount Aav # Fiscal Conduit EIN *",2009,designate,,Mealy,"Cool Culture, Inc.",,161636968,3000,DYCD,260,312,,
6,2009-04-02,"Youth (continued) Discretionary Number UIA FiscalConduit/SponsoringOrganization Status (Council, MOC, etc) Member Organization EINI Agencv Amount Aav # Fiscal Conduit EIN *",2009,rescind,,Stewart,New Life Tabernacle Church,,113168615,-19000,DYCD,260,312,,ocr:lowconf
6,2009-04-02,"Youth (continued) Discretionary Number UIA FiscalConduit/SponsoringOrganization Status (Council, MOC, etc) Member Organization EINI Agencv Amount Aav # Fiscal Conduit EIN *",2009,designate,,Stewart,"New York Junior Tennis League, Inc.",,237442256,5000,DYCD,260,312,,
6,2009-04-02,"Youth (continued) Discretionary Number UIA FiscalConduit/SponsoringOrganization Status (Council, MOC, etc) Member Organization EINI Agencv Amount Aav # Fiscal Conduit EIN *",2009,designate,,Stewart,"Sesame Flyers International, Inc.",,112692485,4000,DYCD,260,312,,ocr:lowconf
6,2009-04-02,"Youth (continued) Discretionary Number UIA FiscalConduit/SponsoringOrganization Status (Council, MOC, etc) Member Organization EINI Agencv Amount Aav # Fiscal Conduit EIN *",2009,designate,,Stewart,Brooklyn Knights Pathfinders,,113390715,2000,DYCD,260,312,,ocr:lowconf
6,2009-04-02,"Youth (continued) Discretionary Number UIA FiscalConduit/SponsoringOrganization Status (Council, MOC, etc) Member Organization EINI Agencv Amount Aav # Fiscal Conduit EIN *",2009,designate,,Stewart,St. Paul's Lutheran Church,,411568278,2000,DYCD,260,312,,
6,2009-04-02,"Youth (continued) Discretionary Number UIA FiscalConduit/SponsoringOrganization Status (Council, MOC, etc) Member Organization EINI Agencv Amount Aav # Fiscal Conduit EIN *",2009,designate,,Stewart,Caribbean American Sports and Cultural Youth Movem,,112778372,5000,DYCD,260,312,,*;ocr:lowconf
6,2009-04-02,"Youth (continued) Discretionary Number UIA FiscalConduit/SponsoringOrganization Status (Council, MOC, etc) Member Organization EINI Agencv Amount Aav # Fiscal Conduit EIN *",2009,designate,,Stewart,Vanderveer Park United Methodist Church,,111667776,1000,DYCD,260,312,,ocr:lowconf
6,2009-04-02,"Youth (continued) Discretionary Number UIA FiscalConduit/SponsoringOrganization Status (Council, MOC, etc) Member Organization EINI Agencv Amount Aav # Fiscal Conduit EIN *",2009,rescind,,Weprin,Mosdos Bnos Frima,,113505190,-10000,DYCD,260,312,,
6,2009-04-02,"Youth (continued) Discretionary Number UIA FiscalConduit/SponsoringOrganization Status (Council, MOC, etc) Member Organization EINI Agencv Amount Aav # Fiscal Conduit EIN *",2009,designate,,Weprin,"Labor and Industry for Education, Inc.",,114088055,10000,DYCD,260,312,,
6,2009-04-02,"Youth (continued) Discretionary Number UIA FiscalConduit/SponsoringOrganization Status (Council, MOC, etc) Member Organization EINI Agencv Amount Aav # Fiscal Conduit EIN *",2009,rescind,,Rivera,"Ranger Corps, inc.",,133864898,-17500,DYCD,260,312,,ocr:lowconf
6,2009-04-02,"Youth (continued) Discretionary Number UIA FiscalConduit/SponsoringOrganization Status (Council, MOC, etc) Member Organization EINI Agencv Amount Aav # Fiscal Conduit EIN *",2009,designate,,Rivera,"Tanima Productions, Inc.",,133780465,4375,DYCD,260,312,,ocr:lowconf
6,2009-04-02,"Youth (continued) Discretionary Number UIA FiscalConduit/SponsoringOrganization Status (Council, MOC, etc) Member Organization EINI Agencv Amount Aav # Fiscal Conduit EIN *",2009,designate,,Rivera,Phipps Community Development Corporation,,132707665,4375,DYCD,260,312,,ocr:lowconf
6,2009-04-02,"Youth (continued) Discretionary Number UIA FiscalConduit/SponsoringOrganization Status (Council, MOC, etc) Member Organization EINI Agencv Amount Aav # Fiscal Conduit EIN *",2009,designate,,Rivera,"Mary Mitchell Youth and Family Center, Inc.",,133385032,4375,DYCD,260,312,,ocr:lowconf
6,2009-04-02,"Youth (continued) Discretionary Number UIA FiscalConduit/SponsoringOrganization Status (Council, MOC, etc) Member Organization EINI Agencv Amount Aav # Fiscal Conduit EIN *",2009,designate,,Rivera,Fordham Bedford -Children's Services,,133805049,4375,DYCD,260,312,,
6,2009-04-02,"Youth (continued) Discretionary Number UIA FiscalConduit/SponsoringOrganization Status (Council, MOC, etc) Member Organization EINI Agencv Amount Aav # Fiscal Conduit EIN *",2009,rescind,,"Sanders, Jr",Laurelton Little league,,233128419,-8000,DYCD,260,312,,*
6,2009-04-02,"Youth (continued) Discretionary Number UIA FiscalConduit/SponsoringOrganization Status (Council, MOC, etc) Member Organization EINI Agencv Amount Aav # Fiscal Conduit EIN *",2009,designate,,"Sanders, Jr","Southern Queens Park Association, Inc.",,112432846,8000,DYCD,260,312,,ocr:lowconf
6,2009-04-02,"Youth (continued) Discretionary Number UIA FiscalConduit/SponsoringOrganization Status (Council, MOC, etc) Member Organization EINI Agencv Amount Aav # Fiscal Conduit EIN *",2009,rescind,,Yassky,Ichud Mosdos Hachinuch of Brooklyn,,030500351,-15000,DYCD,260,312,,*;ocr:lowconf
6,2009-04-02,"Youth (continued) Discretionary Number UIA FiscalConduit/SponsoringOrganization Status (Council, MOC, etc) Member Organization EINI Agencv Amount Aav # Fiscal Conduit EIN *",2009,designate,,Yassky,Groundswell Community! Mural Project,,113427213,15000,DYCD,260,312,,ocr:lowconf
6,2009-04-02,"Youth (continued) Discretionary Number UIA FiscalConduit/SponsoringOrganization Status (Council, MOC, etc) Member Organization EINI Agencv Amount Aav # Fiscal Conduit EIN *",2009,rescind,,Palma,"Ranger Corps, Inc.",,133864898,-3500,DYCD,260,312,,*;ocr:lowconf
6,2009-04-02,"Youth (continued) Discretionary Number UIA FiscalConduit/SponsoringOrganization Status (Council, MOC, etc) Member Organization EINI Agencv Amount Aav # Fiscal Conduit EIN *",2009,designate,,Palma,"Kips Bay Boys and Giris Club, Inc.",,131623850,3500,DYCD,260,312,,ocr:lowconf
6,2009-04-02,"Youth (continued) Discretionary Number UIA FiscalConduit/SponsoringOrganization Status (Council, MOC, etc) Member Organization EINI Agencv Amount Aav # Fiscal Conduit EIN *",2009,rescind,,Sears,Indian. Jewish Congregation of USA,,010842939,-5000,DYCD,260,312,,ocr:lowconf
6,2009-04-02,"Youth (continued) Discretionary Number UIA FiscalConduit/SponsoringOrganization Status (Council, MOC, etc) Member Organization EINI Agencv Amount Aav # Fiscal Conduit EIN *",2009,designate,,Sears,"Renaissance Charter School, The",,113550391,1000,DYCD,260,312,,ocr:lowconf
6,2009-04-02,"Youth (continued) Discretionary Number UIA FiscalConduit/SponsoringOrganization Status (Council, MOC, etc) Member Organization EINI Agencv Amount Aav # Fiscal Conduit EIN *",2009,designate,,Sears,"Elmjack Community Little League, Inc.",,112733609,2000,DYCD,260,312,,*;ocr:lowconf
6,2009-04-02,"Youth (continued) Discretionary Number UIA FiscalConduit/SponsoringOrganization Status (Council, MOC, etc) Member Organization EINI Agencv Amount Aav # Fiscal Conduit EIN *",2009,designate,,Sears,Jewish Center of Jackson Heights,,111681124,2000,DYCD,260,312,,*;ocr:lowconf
6,2009-04-02,"Youth (continued) Discretionary Number UIA FiscalConduit/SponsoringOrganization Status (Council, MOC, etc) Member Organization EINI Agencv Amount Aav # Fiscal Conduit EIN *",2009,rescind,,Martinez,Upper Manhattan Council Assisting Neighbors,,134042093,-30214,DYCD,260,312,,*;ocr:lowconf
6,2009-04-02,"Youth (continued) Discretionary Number UIA FiscalConduit/SponsoringOrganization Status (Council, MOC, etc) Member Organization EINI Agencv Amount Aav # Fiscal Conduit EIN *",2009,rescind,,Martinez,"Inwood-Manhattan Littie League Baseball, Inc.",,136271595,-3500,DYCD,260,312,,ocr:lowconf
6,2009-04-02,"Youth (continued) Discretionary Number UIA FiscalConduit/SponsoringOrganization Status (Council, MOC, etc) Member Organization EINI Agencv Amount Aav # Fiscal Conduit EIN *",2009,rescind,,Martinez,"Worid Vision, Inc.",,951922279,-10000,DYCD,260,312,,ocr:lowconf
6,2009-04-02,"Youth (continued) Discretionary Number UIA FiscalConduit/SponsoringOrganization Status (Council, MOC, etc) Member Organization EINI Agencv Amount Aav # Fiscal Conduit EIN *",2009,rescind,,Martinez,"Padres Abogando Por Los Ninos (PAN), Inc.",,202428666,-15000,DYCD,260,312,,ocr:lowconf
6,2009-04-02,"Youth (continued) Discretionary Number UIA FiscalConduit/SponsoringOrganization Status (Council, MOC, etc) Member Organization EINI Agencv Amount Aav # Fiscal Conduit EIN *",2009,designate,,Martinez,"Vocational Foundation, Inc.",,131878246,43714,DYCD,260,312,,ocr:lowconf
6,2009-04-02,"Youth (continued) Discretionary Number UIA FiscalConduit/SponsoringOrganization Status (Council, MOC, etc) Member Organization EINI Agencv Amount Aav # Fiscal Conduit EIN *",2009,designate,,Martinez,"Alianza Dominicana, Inc.-Conjunto Foiklorico Dance Group",,133402057,15000,DYCD,260,312,,ocr:lowconf
6,2009-04-02,"Youth (continued) Discretionary Number UIA FiscalConduit/SponsoringOrganization Status (Council, MOC, etc) Member Organization EINI Agencv Amount Aav # Fiscal Conduit EIN *",2009,rescind,,Avella,Dwarf-Giraffe Athletic League,,112523053,-11000,DYCD,260,312,,ocr:lowconf
6,2009-04-02,"Youth (continued) Discretionary Number UIA FiscalConduit/SponsoringOrganization Status (Council, MOC, etc) Member Organization EINI Agencv Amount Aav # Fiscal Conduit EIN *",2009,designate,,Avella,"New York Junior Tennis League, Inc.",,237442256,11000,DYCD,260,312,,ocr:lowconf
6,2009-04-02,"Youth (continued) Discretionary Number UIA FiscalConduit/SponsoringOrganization Status (Council, MOC, etc) Member Organization EINI Agencv Amount Aav # Fiscal Conduit EIN *",2009,designate,,,Legal Services NYC,Bedford Stuyvesant Community Legal Services Corporation,112149962,,HPD,806,009,,ocr:amt;ocr:lowconf
6,2009-04-02,"Youth (continued) Discretionary Number UIA FiscalConduit/SponsoringOrganization Status (Council, MOC, etc) Member Organization EINI Agencv Amount Aav # Fiscal Conduit EIN *",2009,rescind,,,Legal Services NYC Bronx,,132600199,-87500,HPD,806,009,,ocr:lowconf
6,2009-04-02,"Youth (continued) Discretionary Number UIA FiscalConduit/SponsoringOrganization Status (Council, MOC, etc) Member Organization EINI Agencv Amount Aav # Fiscal Conduit EIN *",2009,rescind,,,Legal Services NYC Brooklyn Legal Services Corporation A,,132605599,-98074,HPD,806,009,,ocr:lowconf
6,2009-04-02,"Youth (continued) Discretionary Number UIA FiscalConduit/SponsoringOrganization Status (Council, MOC, etc) Member Organization EINI Agencv Amount Aav # Fiscal Conduit EIN *",2009,rescind,,,Legal Services NYC Manhattan,,132600199,-95488,HPD,806,009,,ocr:lowconf
6,2009-04-02,"Youth (continued) Discretionary Number UIA FiscalConduit/SponsoringOrganization Status (Council, MOC, etc) Member Organization EINI Agencv Amount Aav # Fiscal Conduit EIN *",2009,rescind,,,Legal Services NYC,Manhattan Legal Services-Harlem Office,132613958,-64068,HPD,806,009,,
6,2009-04-02,"Youth (continued) Discretionary Number UIA FiscalConduit/SponsoringOrganization Status (Council, MOC, etc) Member Organization EINI Agencv Amount Aav # Fiscal Conduit EIN *",2009,rescind,,,Legal Services NYC,Queens Legal Services Corporation,132605604,-122294,HPD,806,009,,
6,2009-04-02,"Youth (continued) Discretionary Number UIA FiscalConduit/SponsoringOrganization Status (Council, MOC, etc) Member Organization EINI Agencv Amount Aav # Fiscal Conduit EIN *",2009,rescind,,,Legal Services NYC,South Brooklyn Legal Services,132605605,-180571,HPD,806,009,,ocr:lowconf
6,2009-04-02,"Youth (continued) Discretionary Number UIA FiscalConduit/SponsoringOrganization Status (Council, MOC, etc) Member Organization EINI Agencv Amount Aav # Fiscal Conduit EIN *",2009,designate,,,LSNY Bronx Corporation d/b/a Legal Services NYC- Bronx,,161759590,87500,HPD,806,009,,ocr:lowconf
6,2009-04-02,"Youth (continued) Discretionary Number UIA FiscalConduit/SponsoringOrganization Status (Council, MOC, etc) Member Organization EINI Agencv Amount Aav # Fiscal Conduit EIN *",2009,designate,,,Bedford-Sltuyvesant Community Legal Services Corporation,,112149962,84888,HPD,806,009,,ocr:lowconf
6,2009-04-02,"Youth (continued) Discretionary Number UIA FiscalConduit/SponsoringOrganization Status (Council, MOC, etc) Member Organization EINI Agencv Amount Aav # Fiscal Conduit EIN *",2009,designate,,,Brooklyn Legal Services Corporation A,,132605599,98074,HPD,806,009,,ocr:lowconf
6,2009-04-02,"Youth (continued) Discretionary Number UIA FiscalConduit/SponsoringOrganization Status (Council, MOC, etc) Member Organization EINI Agencv Amount Aav # Fiscal Conduit EIN *",2009,designate,,,"South Brooklyn Legal Services, Inc.",,132605605,180571,HPD,806,009,,ocr:lowconf
6,2009-04-02,"Youth (continued) Discretionary Number UIA FiscalConduit/SponsoringOrganization Status (Council, MOC, etc) Member Organization EINI Agencv Amount Aav # Fiscal Conduit EIN *",2009,designate,,,Queens Legal Services Corporation,,132605604,122294,HPD,806,009,,
6,2009-04-02,"Youth (continued) Discretionary Number UIA FiscalConduit/SponsoringOrganization Status (Council, MOC, etc) Member Organization EINI Agencv Amount Aav # Fiscal Conduit EIN *",2009,designate,,,Manhattan Legal Services,,132613958,159556,HPD,806,009,,
6,2009-04-02,"Discharge Planning/In-Detention Services EIN Agy # Status (Council, MOC, etc) UIA Organization Number Agency Amount",2009,rescind,,,Violence Prevention for Boys in Secure Detention (VENDOR TO BE SELECTED BY DJJ),,,-78000,DJJ,130,002,,ocr:ein
6,2009-04-02,"Discharge Planning/In-Detention Services EIN Agy # Status (Council, MOC, etc) UIA Organization Number Agency Amount",2009,rescind,,,Spirituality and Stress Reduction (VENDOR TO BE SELECTED BY DJJ),,,-25000,DJJ,130,002,,ocr:ein;ocr:lowconf
6,2009-04-02,"Discharge Planning/In-Detention Services EIN Agy # Status (Council, MOC, etc) UIA Organization Number Agency Amount",2009,rescind,,,Mentoring for Youth in Non-Secure Detention (VENDOR TO BE SELECTED BY DJJ),,,-30000,DJJ,130,002,,ocr:ein
6,2009-04-02,"Discharge Planning/In-Detention Services EIN Agy # Status (Council, MOC, etc) UIA Organization Number Agency Amount",2009,rescind,,,Expressive Arts for Youth in Secure Detention and Group Homes (VENDOR TO BE SELECTED BY DJJ),,,-28223,DJJ,130,002,,ocr:ein
6,2009-04-02,"Discharge Planning/In-Detention Services EIN Agy # Status (Council, MOC, etc) UIA Organization Number Agency Amount",2009,designate,,,"Council for Unity, Inc.",,112880221,78000,DJJ,130,002,,
6,2009-04-02,"Discharge Planning/In-Detention Services EIN Agy # Status (Council, MOC, etc) UIA Organization Number Agency Amount",2009,designate,,,Your Own Greatness Affirmed (Y. .O.G.A for Youth),,311623552,25000,DJJ,130,002,,
6,2009-04-02,"Discharge Planning/In-Detention Services EIN Agy # Status (Council, MOC, etc) UIA Organization Number Agency Amount",2009,designate,,,Research Foundation of the City University of New York/CUNY Medgar Evers,,131988190,30000,DJJ,130,002,,ocr:lowconf
6,2009-04-02,"Discharge Planning/In-Detention Services EIN Agy # Status (Council, MOC, etc) UIA Organization Number Agency Amount",2009,designate,,,Doing Art Together,,133363579,28223,DJJ,130,002,,*
6,2009-04-02,"Discharge Planning/In-Detention Services EIN Agy # Status (Council, MOC, etc) UIA Organization Number Agency Amount",2009,designate,,,"National Black Leadership Commission on AIDS, Inc.",,133530740,10076,DOHMH,816,112,,ocr:lowconf
6,2009-04-02,"Discharge Planning/In-Detention Services EIN Agy # Status (Council, MOC, etc) UIA Organization Number Agency Amount",2009,rescind,,,"National Black Leadership Commission on AIDS, Inc. Abyssinian Baptist Church",,133530740,-3528,DOHMH,816,112,,ocr:lowconf
6,2009-04-02,"Discharge Planning/In-Detention Services EIN Agy # Status (Council, MOC, etc) UIA Organization Number Agency Amount",2009,rescind,,,"National Black Leadership Commission on AIDS, Inc. Antioch Baptist Church/Brooklyn",,133530740,-3528,DOHMH,816,112,,ocr:lowconf
6,2009-04-02,"Discharge Planning/In-Detention Services EIN Agy # Status (Council, MOC, etc) UIA Organization Number Agency Amount",2009,rescind,,,"National Black Leadership Commission on AIDS, Inc. Antioch Baptist Church/Manhattan",,133530740,-3528,DOHMH,816,112,,
6,2009-04-02,"Discharge Planning/In-Detention Services EIN Agy # Status (Council, MOC, etc) UIA Organization Number Agency Amount",2009,rescind,,,"National Black Leadership Commission on AIDS, Inc. Bedford Central Presbyterian",,133530740,-3528,DOHMH,816,112,,ocr:lowconf
6,2009-04-02,"Discharge Planning/In-Detention Services EIN Agy # Status (Council, MOC, etc) UIA Organization Number Agency Amount",2009,rescind,,,"National Black Leadership Commission on AIDS, Inc. Berean Baptist Church",,133530740,-3528,DOHMH,816,112,,ocr:lowconf
6,2009-04-02,"Discharge Planning/In-Detention Services EIN Agy # Status (Council, MOC, etc) UIA Organization Number Agency Amount",2009,rescind,,,"National Black Leadership Commission on AIDS, Inc. Bethany Baptist Church/Queens",,133530740,-10000,DOHMH,816,112,,
6,2009-04-02,"Discharge Planning/In-Detention Services EIN Agy # Status (Council, MOC, etc) UIA Organization Number Agency Amount",2009,rescind,,,"National Black Leadership Commission on AIDS, Inc. Bethany Baptist Church/Brooklyn",,133530740,-10000,DOHMH,816,112,,ocr:lowconf
6,2009-04-02,"Discharge Planning/In-Detention Services EIN Agy # Status (Council, MOC, etc) UIA Organization Number Agency Amount",2009,rescind,,,"National Black Leadership Commission on AIDS, Inc.",Bethesda Missionary Baptist,133530740,-3528,DOHMH,816,112,,ocr:lowconf
6,2009-04-02,"Discharge Planning/In-Detention Services EIN Agy # Status (Council, MOC, etc) UIA Organization Number Agency Amount",2009,rescind,,,"National Black Leadership Commission on AIDS, Inc. Brown Memorial Baptist Church",,133530740,-3528,DOHMH,816,112,,ocr:lowconf
6,2009-04-02,"Discharge Planning/In-Detention Services EIN Agy # Status (Council, MOC, etc) UIA Organization Number Agency Amount",2009,rescind,,,"National Black Leadership Commission on AIDS, Inc. Cathedral of God's Lighthousé of Power",,133530740,-3528,DOHMH,816,112,,ocr:lowconf
6,2009-04-02,"Discharge Planning/In-Detention Services EIN Agy # Status (Council, MOC, etc) UIA Organization Number Agency Amount",2009,rescind,,,"National Black Leadership Commission on AIDS, Inc.",Canaan Baptist Church,133530740,-3528,DOHMH,816,112,,ocr:lowconf
6,2009-04-02,"Discharge Planning/In-Detention Services EIN Agy # Status (Council, MOC, etc) UIA Organization Number Agency Amount",2009,rescind,,,"National Black Leadership Commission on AIDS, Inc.",Central Baptist,133530740,-10000,DOHMH,816,112,,
6,2009-04-02,"Discharge Planning/In-Detention Services EIN Agy # Status (Council, MOC, etc) UIA Organization Number Agency Amount",2009,rescind,,,"National Black Leadership Commission on AIDS, inc. Christ Church",,133530740,-3528,DOHMH,816,112,,
6,2009-04-02,"Discharge Planning/In-Detention Services EIN Agy # Status (Council, MOC, etc) UIA Organization Number Agency Amount",2009,rescind,,,"National Black Leadership Commission on AIDS, Inc.",Christ the Rock International,133530740,-3528,DOHMH,816,112,,ocr:lowconf
6,2009-04-02,"Discharge Planning/In-Detention Services EIN Agy # Status (Council, MOC, etc) UIA Organization Number Agency Amount",2009,rescind,,,"National Black Leadership Commission on AIDS, Inc. Church of God's Children",,133530740,-3528,DOHMH,816,112,,ocr:lowconf
6,2009-04-02,"Discharge Planning/In-Detention Services EIN Agy # Status (Council, MOC, etc) UIA Organization Number Agency Amount",2009,rescind,,,"National Black Leadership Commission on AIDS, Inc.",Church of the Open Door,133530740,-10000,DOHMH,816,112,,ocr:lowconf
6,2009-04-02,"Discharge Planning/In-Detention Services EIN Agy # Status (Council, MOC, etc) UIA Organization Number Agency Amount",2009,rescind,,,"National Black Leadership Commission on AIDS, Inc.",Concord Baptist Church,133530740,-3528,DOHMH,816,112,,ocr:lowconf
6,2009-04-02,"Discharge Planning/In-Detention Services EIN Agy # Status (Council, MOC, etc) UIA Organization Number Agency Amount",2009,rescind,,,"National Black Leadership Commission on AIDS, Inc. Convent Avenue Baptist Church",,133530740,-3528,DOHMH,816,112,,ocr:lowconf
6,2009-04-02,"Discharge Planning/In-Detention Services EIN Agy # Status (Council, MOC, etc) UIA Organization Number Agency Amount",2009,rescind,,,"National Black Leadership Commission on AIDS, Inc.",Day Spring Baptist Church,133530740,-10000,DOHMH,816,112,,
6,2009-04-02,"Discharge Planning/In-Detention Services EIN Agy # Status (Council, MOC, etc) UIA Organization Number Agency Amount",2009,rescind,,,"National Black Leadership Commission on AIDS, Inc.",Emmanuel Baptist Church/Bklyn,133530740,-3528,DOHMH,816,112,,ocr:lowconf
6,2009-04-02,"Discharge Planning/In-Detention Services EIN Agy # Status (Council, MOC, etc) UIA Organization Number Agency Amount",2009,rescind,,,"National Black Leadership Commission on AIDS, Inc. Emmanuel Baptist Church/Bronx",,133530740,-3528,DOHMH,816,112,,ocr:lowconf
6,2009-04-02,"Discharge Planning/In-Detention Services EIN Agy # Status (Council, MOC, etc) UIA Organization Number Agency Amount",2009,rescind,,,"National Black Leadership Commission on AIDS, Inc. Fellowship Baptist Church",,133530740,-3528,DOHMH,816,112,,
6,2009-04-02,"Discharge Planning/In-Detention Services EIN Agy # Status (Council, MOC, etc) UIA Organization Number Agency Amount",2009,rescind,,,"National Black Leadership Commission on AIDS, Inc.",First Baptist of Crown Heights,133530740,-3528,DOHMH,816,112,,ocr:lowconf
6,2009-04-02,"HIVIAIDS Faith Based Initiative Agy # Status MOC, etc) EIN UIA Organization Number Agency Amount (Council,",2009,rescind,,,"National Black Leadership Commission on AIDS, Inc.",First Bethel AME,133530749,-3528,DOHMH,816,112,,ocr:lowconf
6,2009-04-02,"HIVIAIDS Faith Based Initiative Agy # Status MOC, etc) EIN UIA Organization Number Agency Amount (Council,",2009,rescind,,,"National Black Leadership Commission on AIDS, Inc.",First Central Baptist Church,133530740,-3528,DOHMH,816,112,,ocr:lowconf
6,2009-04-02,"HIVIAIDS Faith Based Initiative Agy # Status MOC, etc) EIN UIA Organization Number Agency Amount (Council,",2009,rescind,,,"National Black Leadership Commission on AIDS, Inc. Friendship Baptist Church",,133530740,-3528,DOHMH,816,112,,
6,2009-04-02,"HIVIAIDS Faith Based Initiative Agy # Status MOC, etc) EIN UIA Organization Number Agency Amount (Council,",2009,rescind,,,"National Black Leadership Commission on AIDS, Inc. FOY HIVIAIDS Ministry",,133530740,-3528,DOHMH,816,112,,ocr:lowconf
6,2009-04-02,"HIVIAIDS Faith Based Initiative Agy # Status MOC, etc) EIN UIA Organization Number Agency Amount (Council,",2009,rescind,,,"National Black Leadership Commission on AIDS, Inc.",Greater Allen AME Cathedral Church,133530740,-3528,DOHMH,816,112,,ocr:lowconf
6,2009-04-02,"HIVIAIDS Faith Based Initiative Agy # Status MOC, etc) EIN UIA Organization Number Agency Amount (Council,",2009,rescind,,,"National Black Leadership Commission on AIDS, Inc. Greater Emmanuel",,133530740,-3528,DOHMH,816,112,,ocr:lowconf
6,2009-04-02,"HIVIAIDS Faith Based Initiative Agy # Status MOC, etc) EIN UIA Organization Number Agency Amount (Council,",2009,rescind,,,"National Black Leadership Commission on AIDS, Inc. Judah International",,133530740,-3528,DOHMH,816,112,,ocr:lowconf
6,2009-04-02,"HIVIAIDS Faith Based Initiative Agy # Status MOC, etc) EIN UIA Organization Number Agency Amount (Council,",2009,rescind,,,"National Black Leadership Commission on AIDS, Inc.",Evangelical Christian Center,133530740,-3528,DOHMH,816,112,,ocr:lowconf
6,2009-04-02,"HIVIAIDS Faith Based Initiative Agy # Status MOC, etc) EIN UIA Organization Number Agency Amount (Council,",2009,rescind,,,"National Black Leadership Commission on AIDS, inc.",Macedonia Baptist Church Survivors Fountain of Hope Wellness Initiative,133530740,-3528,DOHMH,816,112,,ocr:lowconf
6,2009-04-02,"HIVIAIDS Faith Based Initiative Agy # Status MOC, etc) EIN UIA Organization Number Agency Amount (Council,",2009,rescind,,,"National Black Leadership Commission on AIDS, Inc. Masjid Malcolm Shabazz",,133530740,-10000,DOHMH,816,112,,ocr:lowconf
6,2009-04-02,"HIVIAIDS Faith Based Initiative Agy # Status MOC, etc) EIN UIA Organization Number Agency Amount (Council,",2009,rescind,,,"National Black Leadership Commission on AIDS, Inc. Memorial Baptist Church",,133530740,-3528,DOHMH,816,112,,ocr:lowconf
6,2009-04-02,"HIVIAIDS Faith Based Initiative Agy # Status MOC, etc) EIN UIA Organization Number Agency Amount (Council,",2009,rescind,,,"National Black Leadership Commission on AIDS, Inc. Mt. Carmel AME Church Mt. Carmel Youth Development Corporation",,133530740,-3528,DOHMH,816,112,,ocr:lowconf
6,2009-04-02,"HIVIAIDS Faith Based Initiative Agy # Status MOC, etc) EIN UIA Organization Number Agency Amount (Council,",2009,rescind,,,"National Black Leadership Commission on AIDS, Inc.",Mt. Carmel Baptist Church,133530740,-3528,DOHMH,816,112,,ocr:lowconf
6,2009-04-02,"HIVIAIDS Faith Based Initiative Agy # Status MOC, etc) EIN UIA Organization Number Agency Amount (Council,",2009,rescind,,,"National Black Leadership Commission on AIDS, Inc.",Mt. Moriah AME,133530740,-3528,DOHMH,816,112,,ocr:lowconf
6,2009-04-02,"HIVIAIDS Faith Based Initiative Agy # Status MOC, etc) EIN UIA Organization Number Agency Amount (Council,",2009,rescind,,,"National Black Leadership Commission on AIDS, Inc.",Mt. Paran Baptist Çhurch,133530740,-3528,DOHMH,816,112,,ocr:lowconf
6,2009-04-02,"HIVIAIDS Faith Based Initiative Agy # Status MOC, etc) EIN UIA Organization Number Agency Amount (Council,",2009,rescind,,,"National Black Leadership Commission on AIDS, Inc.",Mt. Sinai Baptist Church,133530740,-3528,DOHMH,816,112,,ocr:lowconf
6,2009-04-02,"HIVIAIDS Faith Based Initiative Agy # Status MOC, etc) EIN UIA Organization Number Agency Amount (Council,",2009,rescind,,,"National Black Leadership Commission on AIDS, Inc.",Mt. Sinai United (JAFASI),133530740,-3528,DOHMH,816,112,,ocr:lowconf
6,2009-04-02,"HIVIAIDS Faith Based Initiative Agy # Status MOC, etc) EIN UIA Organization Number Agency Amount (Council,",2009,rescind,,,"National Black Leadership Commission on AIDS, Inc. Muslim Women's Institute for Research Development",,133530740,-3528,DOHMH,816,112,,ocr:lowconf
6,2009-04-02,"HIVIAIDS Faith Based Initiative Agy # Status MOC, etc) EIN UIA Organization Number Agency Amount (Council,",2009,rescind,,,"National Black Leadership Commission on AIDS, Inc.",Mount Olivet Baptist Church,133530740,-10000,DOHMH,816,112,,ocr:lowconf
6,2009-04-02,"HIVIAIDS Faith Based Initiative Agy # Status MOC, etc) EIN UIA Organization Number Agency Amount (Council,",2009,rescind,,,"National Black Leadership Commission on AIDS, Inc. New St. John the Baptist Church",,133530740,-3528,DOHMH,816,112,,ocr:lowconf
6,2009-04-02,"HIVIAIDS Faith Based Initiative Agy # Status MOC, etc) EIN UIA Organization Number Agency Amount (Council,",2009,rescind,,,"National Black Leadership Commission on AIDS, Inc.",New Life Tabernacle,133530740,-3528,DOHMH,816,112,,ocr:lowconf
6,2009-04-02,"HIVIAIDS Faith Based Initiative Agy # Status MOC, etc) EIN UIA Organization Number Agency Amount (Council,",2009,rescind,,,"National Black Leadership Commission on AIDS, Inc. New Mt. Zion Baptist Church",,133530740,-3528,DOHMH,816,112,,ocr:lowconf
6,2009-04-02,"HIVIAIDS Faith Based Initiative Agy # Status MOC, etc) EIN UIA Organization Number Agency Amount (Council,",2009,rescind,,,"National Black Leadership Commission on AIDS, Inc. Paradise Baptist Church",,133530740,-3528,DOHMH,816,112,,ocr:lowconf
6,2009-04-02,"HIVIAIDS Faith Based Initiative Agy # Status MOC, etc) EIN UIA Organization Number Agency Amount (Council,",2009,rescind,,,"National Black Leadership Commission on AIDS, Inc.",Pleasant Grove Full Gospel Baptist Tabernacle,133530740,-3528,DOHMH,816,112,,ocr:lowconf
6,2009-04-02,"HIVIAIDS Faith Based Initiative Agy # Status MOC, etc) EIN UIA Organization Number Agency Amount (Council,",2009,rescind,,,"National Black Leadership Commission on AIDS, inc.",Powerful Praise Tabernacle,133530740,-3528,DOHMH,816,112,,ocr:lowconf
6,2009-04-02,"HIVIAIDS Faith Based Initiative Agy # Status MOC, etc) EIN UIA Organization Number Agency Amount (Council,",2009,rescind,,,"National Black Leadership Commission on AIDS, Inc.",Rehoboth Church International,133530740,-3528,DOHMH,816,112,,ocr:lowconf
6,2009-04-02,"HIVIAIDS Faith Based Initiative Agy # Status MOC, etc) EIN UIA Organization Number Agency Amount (Council,",2009,designate,,,"National Black Leadership Commission on AIDS, Inc. Raising Star Baptist Church",,133530740,,DOHMH,816,112,,ocr:amt;ocr:lowconf
6,2009-04-02,"HIVIAIDS Faith Based Initiative Agy # Status MOC, etc) EIN UIA Organization Number Agency Amount (Council,",2009,rescind,,,"National Black Leadership Commission on AIDS, Inc. Redemption Outreach",,133530740,-3528,DOHMH,816,112,,ocr:lowconf
6,2009-04-02,"HIVIAIDS Faith Based Initiative Agy # Status MOC, etc) EIN UIA Organization Number Agency Amount (Council,",2009,designate,,,"National Black Leadership Commission on AIDS, Inc. St. Phillips AME Church",,133530740,,DOHMH,816,112,,ocr:amt;ocr:lowconf
6,2009-04-02,"HIVIAIDS Faith Based Initiative Agy # Status MOC, etc) EIN UIA Organization Number Agency Amount (Council,",2009,rescind,,,"National Black Leadership Commission on AIDS, Inc.",Siloam Presbyterian,133530740,-3528,DOHMH,816,112,,ocr:lowconf
6,2009-04-02,"HIVIAIDS Faith Based Initiative Agy # Status MOC, etc) EIN UIA Organization Number Agency Amount (Council,",2009,rescind,,,"National Black Leadership Commission on AIDS, Inc. St. George's Episcopal Church",,133530740,-3528,DOHMH,816,112,,ocr:lowconf
6,2009-04-02,"HIVIAIDS Faith Based Initiative Agy # Status MOC, etc) EIN UIA Organization Number Agency Amount (Council,",2009,rescind,,,"National Black Leadership Commission on AIDS, Inc. Staten island Deliverance Temple",,133530740,-3528,DOHMH,816,112,,ocr:lowconf
6,2009-04-02,"HIVIAIDS Faith Based Initiative Agy # Status MOC, etc) EIN UIA Organization Number Agency Amount (Council,",2009,rescind,,,"National Black Leadership Commission on AIDS, Inc. St. Luke's Episcopal Church",,133530740,-3528,DOHMH,816,112,,ocr:lowconf
6,2009-04-02,"HIVIAIDS Faith Based Initiative Agy # Status MOC, etc) EIN UIA Organization Number Agency Amount (Council,",2009,rescind,,,"National Black Leadership Commission on AIDS, Inc. St. Phillip's Missionary Baptist Church",,133530740,-3528,DOHMH,816,112,,ocr:lowconf
6,2009-04-02,"HIVIAIDS Faith Based Initiative Agy # Status MOC, etc) EIN UIA Organization Number Agency Amount (Council,",2009,rescind,,,"National Black Leadership Commission on AIDS, Inc. St. Paul's Community Baptist Church",,133530740,-3528,DOHMH,816,112,,ocr:lowconf
6,2009-04-02,"HIVIAIDS Faith Based Initiative Agy # Status MOC, etc) EIN UIA Organization Number Agency Amount (Council,",2009,rescind,,,"National Black Leadership Commission on AIDS, Inc. St. Johns Baptist Church",,133530749,-3528,DOHMH,816,112,,ocr:lowconf
6,2009-04-02,"HIVIAIDS Faith Based Initiative Agy # Status MOC, etc) EIN UIA Organization Number Agency Amount (Council,",2009,rescind,,,"National Black Leadership Commission on AIDS, Inc. Stapleton United AME Methodist Church",,133530740,-3528,DOHMH,816,112,,ocr:lowconf
6,2009-04-02,"HIVIAIDS Faith Based Initiative Agy # Status MOC, etc) EIN UIA Organization Number Agency Amount (Council,",2009,rescind,,,"National Black Leadership Commission on AIDS, Inc. Second Providence Baptist Church *Community Health & Awareness Ministry",,133530740,-3528,"DOHMH,",816,112,,ocr:agency;ocr:lowconf
6,2009-04-02,"HIVIAIDS Faith Based Initiative Agy # Status MOC, etc) EIN UIA Organization Number Agency Amount (Council,",2009,rescind,,,"National Black Leadership Commission on AIDS, Inc.",St. Luke's AME Church,133530740,-3528,DOHMH,816,112,,ocr:lowconf
6,2009-04-02,"HIVIAIDS Faith Based Initiative Agy # Status MOC, etc) EIN UIA Organization Number Agency Amount (Council,",2009,rescind,,,"National Black Leadership Commission on AIDS, Inc. St. Stephens Outreach",,133530740,-3528,DOHMH,816,112,,ocr:lowconf
6,2009-04-02,"HIVIAIDS Faith Based Initiative Agy # Status MOC, etc) EIN UIA Organization Number Agency Amount (Council,",2009,rescind,,,"National Black Leadership Commission on AIDS, Inc. Tolentine-Zeiser Community Life Center",,133530740,-3528,DOHMH,816,112,,ocr:lowconf
6,2009-04-02,"HIVIAIDS Faith Based Initiative Agy # Status MOC, etc) EIN UIA Organization Number Agency Amount (Council,",2009,rescind,,,"National Black Leadership Commission on AIDS, Inc.",Unity Fellowship Church,133530740,-3528,DOHMH,816,112,,ocr:lowconf
6,2009-04-02,"HIVIAIDS Faith Based Initiative Agy # Status MOC, etc) EIN UIA Organization Number Agency Amount (Council,",2009,rescind,,,"Latino Commision on AIDS, Inc.",Ministerio Levântate Mujer,133629446,-3528,DOHMH,816,112,,
6,2009-04-02,"HIVIAIDS Faith Based Initiative Agy # Status MOC, etc) EIN UIA Organization Number Agency Amount (Council,",2009,rescind,,,"Latino Commision on AIDS, Inc.","Iglesia De Dios ""Roca de Salvacion""",133629446,-3528,DOHMH,816,112,,ocr:lowconf
6,2009-04-02,"HIVIAIDS Faith Based Initiative Agy # Status MOC, etc) EIN UIA Organization Number Agency Amount (Council,",2009,rescind,,,"Latino Commision on AIDS, Inc.","United Methodist Church ""Broadway Temple""",133629446,-3528,DOHMH,816,112,,ocr:lowconf
6,2009-04-02,"HIVIAIDS Faith Based Initiative Agy # Status MOC, etc) EIN UIA Organization Number Agency Amount (Council,",2009,rescind,,,"Latino Commision on AIDS, Inc.","Muslim Women' 's Institute for Research and Development, Inc.",133629446,-3528,DOHMH,816,112,,ocr:lowconf
6,2009-04-02,"HIVIAIDS Faith Based Initiative Agy # Status MOC, etc) EIN UIA Organization Number Agency Amount (Council,",2009,rescind,,,"Latino Commision on AIDS, Inc.",Church of the Immaculate Conception RC,133629446,-3528,DOHMH,816,112,,ocr:lowconf
6,2009-04-02,"HIVIAIDS Faith Based Initiative Agy # Status MOC, etc) EIN UIA Organization Number Agency Amount (Council,",2009,rescind,,,"Latino Commision on AIDS, Inc.",Church of Christ the King RC,133629446,-3528,DOHMH,816,112,,ocr:lowconf
6,2009-04-02,"HIVIAIDS Faith Based Initiative Agy # Status MOC, etc) EIN UIA Organization Number Agency Amount (Council,",2009,rescind,,,"Latino Commision on AIDS, Inc. The United Methodist Church of the Village",,133629446,-3528,DOHMH,816,112,,ocr:lowconf
6,2009-04-02,"HIVIAIDS Faith Based Initiative Agy # Status MOC, etc) EIN UIA Organization Number Agency Amount (Council,",2009,rescind,,,"Latino Commision on AIDS, Inc.",First United Methodist Church of Corona,133629446,-3528,DOHMH,816,112,,ocr:lowconf
6,2009-04-02,"HIVIAIDS Faith Based Initiative Agy # Status MOC, etc) EIN UIA Organization Number Agency Amount (Council,",2009,rescind,,,"Latino Commision on AIDS, Inc.","Iglesia Cristiana ""Venciendo al Gigante""",133629446,-3528,DOHMH,816,112,,ocr:lowconf
6,2009-04-02,"HIVIAIDS Faith Based Initiative Agy # Status MOC, etc) EIN UIA Organization Number Agency Amount (Council,",2009,rescind,,,"Latino Commision on AIDS, Inc.- Instituto Latino de Cuidado Pastoral.",,133629446,-3528,DOHMH,816,112,,
6,2009-04-02,"HIVIAIDS Faith Based Initiative Agy # Status MOC, etc) EIN UIA Organization Number Agency Amount (Council,",2009,rescind,,,"Latino Commision on AIDS, inc.",Fordham Manor Church,133629446,-3528,DOHMH,816,112,,ocr:lowconf
6,2009-04-02,"HIVIAIDS Faith Based Initiative Agy # Status MOC, etc) EIN UIA Organization Number Agency Amount (Council,",2009,rescind,,,"Latino Commision on AIDS, Inc. : Mision San Juan Bautista",,133629446,-3528,DOHMH,816,112,,ocr:lowconf
6,2009-04-02,"HIVIAIDS Faith Based Initiative Agy # Status MOC, etc) EIN UIA Organization Number Agency Amount (Council,",2009,rescind,,,"Latino Commision on AIDS, Inc. Saint Simon Stock RC",,133629446,-3528,DOHMH,816,112,,
6,2009-04-02,"HIVIAIDS Faith Based Initiative Agy # Status MOC, etc) EIN UIA Organization Number Agency Amount (Council,",2009,rescind,,,"Latino Commision on AIDS, Inc. Transfiguration Church RC",,133629446,-3528,DOHMH,816,112,,ocr:lowconf
6,2009-04-02,"HIVIAIDS Faith Based Initiative Agy # Status MOC, etc) EIN UIA Organization Number Agency Amount (Council,",2009,rescind,,,"Latino Commision on AIDS, inc.",Church of the Mediator,133629446,-3528,DOHMH,816,112,,ocr:lowconf
6,2009-04-02,"HIVIAIDS Faith Based Initiative Agy # Status MOC, etc) EIN UIA Organization Number Agency Amount (Council,",2009,rescind,,,"Latino Commision on AIDS, Inc.",Iglesia Bautista Misionera,133629446,-3528,DOHMH,816,112,,ocr:lowconf
6,2009-04-02,"HIVIAIDS Faith Based Initiative Agy # Status MOC, etc) EIN UIA Organization Number Agency Amount (Council,",2009,rescind,,,"Latino Commision on AIDS, Inc.",Our Lady of Victory RC,133629446,-3528,DOHMH,816,112,,ocr:lowconf
6,2009-04-02,"HIVIAIDS Faith Based Initiative Agy # Status MOC, etc) EIN UIA Organization Number Agency Amount (Council,",2009,rescind,,,"Latino Commision on AIDS, Inc.",Church of the Holy Spirit RC,133629446,-3528,DOHMH,816,112,,ocr:lowconf
6,2009-04-02,"HIVIAIDS Faith Based Initiative Agy # Status MOC, etc) EIN UIA Organization Number Agency Amount (Council,",2009,rescind,,,"Latino Commision on AIDS, Inc. Saint Jerome' 's Church RC",,133629446,-3528,DOHMH,816,112,,ocr:lowconf
6,2009-04-02,"HIVIAIDS Faith Based Initiative Agy # Status MOC, etc) EIN UIA Organization Number Agency Amount (Council,",2009,rescind,,,"Latino Commision on AIDS, Inc.",Saint Barbara' 's RC,133629446,-3528,DOHMH,816,112,,ocr:lowconf
6,2009-04-02,"HIVIAIDS Faith Based Initiative Agy # Status MOC, etc) EIN UIA Organization Number Agency Amount (Council,",2009,rescind,,,"Latino Commision on AIDS, Inc. Metropolitan Community Church of NY",,133629446,-3528,DOHMH,816,112,,ocr:lowconf
6,2009-04-02,"HIVIAIDS Faith Based Initiative Agy # Status MOC, etc) EIN UIA Organization Number Agency Amount (Council,",2009,rescind,,,"Latino Commision on AIDS, Inc.","Iglesia Pentecostal Jesucristo el Libertador, Inc.",133629446,-3528,DOHMH,816,112,,ocr:lowconf
6,2009-04-02,"HIVIAIDS Faith Based Initiative Agy # Status MOC, etc) EIN UIA Organization Number Agency Amount (Council,",2009,rescind,,,"Latino Commision on AIDS, Inc.",Most Holy Trinity/Saint Mary's RC,133629446,-3528,DOHMH,816,112,,ocr:lowconf
6,2009-04-02,"HIVIAIDS Faith Based Initiative Agy # Status MOC, etc) EIN UIA Organization Number Agency Amount (Council,",2009,rescind,,,"Latino Commision on AIDS, Inc. Center For Peace",,133629446,-3528,DOHMH,816,112,,
6,2009-04-02,"HIVIAIDS Faith Based Initiative Agy # Status MOC, etc) EIN UIA Organization Number Agency Amount (Council,",2009,rescind,,,"Latino Commision on AIDS, Inc. The Church of God",,133629446,-3528,DOHMH,816,112,,ocr:lowconf
6,2009-04-02,"HIVIAIDS Faith Based Initiative Agy # Status MOC, etc) EIN UIA Organization Number Agency Amount (Council,",2009,rescind,,,"Latino Commision on AIDS, Inc.",Mission in the City Lutheran Church,133629446,-3528,DOHMH,816,112,,ocr:lowconf
6,2009-04-02,"HIVIAIDS Faith Based Initiative Agy # Status MOC, etc) EIN UIA Organization Number Agency Amount (Council,",2009,rescind,,,"Latino Commision on AIDS, Inc.",Iglesia Metodista 4th Ave.,133629446,-3528,DOHMH,816,112,,ocr:lowconf
6,2009-04-02,"HIVIAIDS Faith Based Initiative Agy # Status MOC, etc) EIN UIA Organization Number Agency Amount (Council,",2009,rescind,,,"Latino Commision on AIDS, Inc.","Iglesia Hispana AME ""Saint Luke""",133629446,-3528,"DOHMH,",816,112,,ocr:agency;ocr:lowconf
6,2009-04-02,"HIVIAIDS Faith Based Initiative Agy # Status MOC, etc) EIN UIA Organization Number Agency Amount (Council,",2009,rescind,,,"Latino Commision on AIDS, Inc.",Iglesia El Calvario,133629446,-3528,"DOHMH,",816,112,,ocr:agency;ocr:lowconf
6,2009-04-02,"HIVIAIDS Faith Based Initiative Agy # Status MOC, etc) EIN UIA Organization Number Agency Amount (Council,",2009,rescind,,,"Latino Commision on AIDS, Inc.","Ministerio Rescate, Inc.",133629446,-3528,DOHMH,816,112,,ocr:lowconf
6,2009-04-02,"HIVIAIDS Faith Based Initiative Agy # Status MOC, etc) EIN UIA Organization Number Agency Amount (Council,",2009,rescind,,,"Latino Commision on AIDS, Inc.",Reaching Across the World Ministries,133629446,-3528,DOHMH,816,112,,ocr:lowconf
6,2009-04-02,"HIVIAIDS Faith Based Initiative Agy # Status MOC, etc) EIN UIA Organization Number Agency Amount (Council,",2009,rescind,,,"Latino Commision on AIDS, Inc. Saint Agustin RC",,133629446,-3528,DOHMH,816,112,,ocr:lowconf
6,2009-04-02,"HIVIAIDS Faith Based Initiative Agy # Status MOC, etc) EIN UIA Organization Number Agency Amount (Council,",2009,rescind,,,"Latino Commision on AIDS, Inc. Ascension Roman Catholic Church",,133629446,-3528,DOHMH,816,112,,ocr:lowconf
6,2009-04-02,"HIVIAIDS Faith Based Initiative Agy # Status MOC, etc) EIN UIA Organization Number Agency Amount (Council,",2009,rescind,,,"Latino Commision on AIDS, Inc. Saint Mark' s Episcopal Church",,133629446,-3528,DOHMH,816,112,,ocr:lowconf
6,2009-04-02,"HIVIAIDS Faith Based Initiative Agy # Status MOC, etc) EIN UIA Organization Number Agency Amount (Council,",2009,rescind,,,"Latino Commision on AIDS, Inç.","Iglesia Pentecostal ""La Cruzada Evangélica""",133629446,-3528,DOHMH,816,112,,ocr:lowconf
6,2009-04-02,"HIVIAIDS Faith Based Initiative Agy # Status MOC, etc) EIN UIA Organization Number Agency Amount (Council,",2009,rescind,,,"Latino Commision on AIDS, Inc.",Iglesia Pentecostal Jehovà Shalom,133629446,-3528,DOHMH,816,112,,ocr:lowconf
6,2009-04-02,"HIVIAIDS Faith Based Initiative Agy # Status MOC, etc) EIN UIA Organization Number Agency Amount (Council,",2009,designate,,,Black Veterans for Social Justice,,112608983,48540,DOHMH,816,112,,ocr:lowconf
6,2009-04-02,"HIVIAIDS Faith Based Initiative Agy # Status MOC, etc) EIN UIA Organization Number Agency Amount (Council,",2009,designate,,,"National Black Leadership Commission on AIDS, inc. AIDS Center of Queens County, Inc.",,133530740,6472,DOHMH,816,112,,ocr:lowconf
6,2009-04-02,"HIVIAIDS Faith Based Initiative Agy # Status MOC, etc) EIN UIA Organization Number Agency Amount (Council,",2009,designate,,,"National Black Leadership Commission on AIDS, Inc.","Alpha Phi Alpha Senior Citizens Center, Inc. Youth Programs",133530749,6472,DOHMH,816,112,,ocr:lowconf
6,2009-04-02,"HIVIAIDS Faith Based Initiative Agy # Status MOC, etc) EIN UIA Organization Number Agency Amount (Council,",2009,designate,,,"National Black Leadership Commission on AIDS, Inc. Amethyst Women' s Project, Inc.",,133530740,6472,DOHMH,816,112,,ocr:lowconf
6,2009-04-02,"HIVIAIDS Faith Based Initiative Agy # Status MOC, etc) EIN UIA Organization Number Agency Amount (Council,",2009,designate,,,"National Black Leadership Commission on AIDS, Inc.","Brooklyn AIDS Task Force, Inq.",133530740,9708,DOHMH,816,112,,ocr:lowconf
6,2009-04-02,"HIVIAIDS Faith Based Initiative Agy # Status MOC, etc) EIN UIA Organization Number Agency Amount (Council,",2009,designate,,,"National Black Leadership Commission on AIDS, Inc.","Bronx AIDS Services, Inc.",133530740,16180,DOHMH,816,112,,ocr:lowconf
6,2009-04-02,"HIVIAIDS Faith Based Initiative Agy # Status MOC, etc) EIN UIA Organization Number Agency Amount (Council,",2009,designate,,,"National Black Leadership Commission on AIDS, Inc.",Gay Men of African Descent (GMAD),133530740,9708,DOHMH,816,112,,ocr:lowconf
6,2009-04-02,"HIVIAIDS Faith Based Initiative Agy # Status MOC, etc) EIN UIA Organization Number Agency Amount (Council,",2009,designate,,,"National Black Leadership Commission on AIDS, Inc. Harlem Congregations for Community Improvement",,133530740,9708,DOHMH!,816,112,,ocr:agency;ocr:lowconf
6,2009-04-02,"HIVIAIDS Faith Based Initiative Agy # Status MOC, etc) EIN UIA Organization Number Agency Amount (Council,",2009,designate,,,"National Black Leadership Commission on AIDS, Inc.",Harlem Dowling Westside Center for Children and Family Services,133530749,9708,DOHMH,816,112,,ocr:lowconf
6,2009-04-02,"HIVIAIDS Faith Based Initiative Agy # Status MOC, etc) EIN UIA Organization Number Agency Amount (Council,",2009,designate,,,"National Black Leadership Commission on AIDS, Inc. Life Force Women Fighting AIDS, Inc.",,133530740,9708,DOHMH,816,112,,ocr:lowconf
6,2009-04-02,"HIVIAIDS Faith Based Initiative Agy # Status MOC, etc) EIN UIA Organization Number Agency Amount (Council,",2009,designate,,,"National Black Leadership Commission on AIDS, Inc. Iris House","A Center For Women Living with HIVIAIDS, Inc.",133530740,9708,DOHMH,816,112,,ocr:lowconf
6,2009-04-02,"HIVIAIDS Faith Based Initiative Agy # Status MOC, etc) EIN UIA Organization Number Agency Amount (Council,",2009,designate,,,"National Black Leadership Commission on AIDS, Inc. Judah International Christian Center, Inc.",,133530744,3236,DOHMH,816,112,,ocr:lowconf
6,2009-04-02,"HIVIAIDS Faith Based Initiative Agy # Status MOC, etc) EIN UIA Organization Number Agency Amount (Council,",2009,designate,,,"National Black Leadership Commission on AIDS, Inc. Mind Builders Creative Arts Center, Inc.",,133530740,3236,DOHMH,816,112,,ocr:lowconf
6,2009-04-02,"HIVIAIDS Faith Based Initiative Agy # Status MOC, etc) EIN UIA Organization Number Agency Amount (Council,",2009,designate,,,"National Black Leadership Commission on AIDS, Inc. Provident Clinical Society of Brooklyn, Inc.",,133530740,3236,DOHMH,816,112,,
6,2009-04-02,"HIVIAIDS Faith Based Initiative Agy # Status MOC, etc) EIN UIA Organization Number Agency Amount (Council,",2009,designate,,,"National Black Leadership Commission on AIDS, Inc. Village Care of New York, Inc.",Red Hook Community Service Center,133530740,3236,DOHMH,816,112,,ocr:lowconf
6,2009-04-02,"HIVIAIDS Faith Based Initiative Agy # Status MOC, etc) EIN UIA Organization Number Agency Amount (Council,",2009,designate,,,"National Black Leadership Commission on AIDS, Inc. Community Health Action of Staten Island (formerly SI Aids Taskforce)",,133530740,12944,DOHMH,816,112,,ocr:lowconf
6,2009-04-02,"HIVIAIDS Faith Based Initiative Agy # Status MOC, etc) EIN UIA Organization Number Agency Amount (Council,",2009,designate,,,"National Black Leadership Commission on AIDS, Inc.","Southeast Queens Clergy for Community Empowerment, Inc.",133530740,12944,"DOHMH,",816,112,,ocr:agency;ocr:lowconf
6,2009-04-02,"HIVIAIDS Faith Based Initiative Agy # Status MOC, etc) EIN UIA Organization Number Agency Amount (Council,",2009,designate,,,"National Black Leadership Commission on AIDS, Inc. Steinway Children and Family Services, Inc.",,133530740,22652,DOHMH,816,112,,ocr:lowconf
6,2009-04-02,"HIVIAIDS Faith Based Initiative Agy # Status MOC, etc) EIN UIA Organization Number Agency Amount (Council,",2009,designate,,,"National Black Leadership Commission on AIDS, Inc.","Vannguard Urban Improvement Association, Inc.",133530740,3236,DOHMH,816,112,,ocr:lowconf
6,2009-04-02,"HIVIAIDS Faith Based Initiative Agy # Status MOC, etc) EIN UIA Organization Number Agency Amount (Council,",2009,designate,,,"Latino Commision on AIDS, Inc. Beulah Baptist Church",,133629446,6472,DOHMH,816,112,,ocr:lowconf
6,2009-04-02,"HIVIAIDS Faith Based Initiative Agy # Status MOC, etc) EIN UIA Organization Number Agency Amount (Council,",2009,designate,,,"Latino Commision on AIDS, Inc. Coney Island Cathedral",,133629446,6472,DOHMH,816,112,,ocr:lowconf
6,2009-04-02,"HIVIAIDS Faith Based Initiative Agy # Status MOC, etc) EIN UIA Organization Number Agency Amount (Council,",2009,designate,,,"Latino Commision on AIDS, Inc.",First Calvary Baptist,133629446,6472,DOHMH,816,112,,
6,2009-04-02,"HIVIAIDS Faith Based Initiative Agy # Status MOC, etc) EIN UIA Organization Number Agency Amount (Council,",2009,designate,,,"Latino Commision on AIDS, Inc. Grace Baptist Church",,133629446,6472,DOHMH,816,112,,ocr:lowconf
6,2009-04-02,"HIVIAIDS Faith Based Initiative Agy # Status MOC, etc) EIN UIA Organization Number Agency Amount (Council,",2009,designate,,,"Latino Commision on AIDS, Inc. Mosque of Islam Brotherhood",,133629446,6472,DOHMH,816,112,,ocr:lowconf
6,2009-04-02,"HIVIAIDS Faith Based Initiative Agy # Status MOC, etc) EIN UIA Organization Number Agency Amount (Council,",2009,designate,,,"Latino Commision on AIDS, Inc.",Pilgrim Cathedral of Harlem/500,133629446,6472,DOHMH,816,112,,ocr:lowconf
6,2009-04-02,"HIVIAIDS Faith Based Initiative Agy # Status MOC, etc) EIN UIA Organization Number Agency Amount (Council,",2009,designate,,,"Latino Commision on AIDS, Inc.",St. Albans Congregational Church,133629446,6472,DOHMH,816,112,,ocr:lowconf
6,2009-04-02,"HIVIAIDS Faith Based Initiative Agy # Status MOC, etc) EIN UIA Organization Number Agency Amount (Council,",2009,designate,,,"Latino Commision on AIDS, Inc.",United Community Baptist Church,133629446,6472,DOHMH,816,112,,ocr:lowconf
6,2009-04-02,"HIVIAIDS Faith Based Initiative Agy # Status MOC, etc) EIN UIA Organization Number Agency Amount (Council,",2009,designate,,,"National Black Leadership Commission on AIDS, Inc. Abyssinian Development Corp",,133530740,9708,DOHMH,816,112,,ocr:lowconf
6,2009-04-02,"HIVIAIDS Faith Based Initiative Agy # Status MOC, etc) EIN UIA Organization Number Agency Amount (Council,",2009,designate,,,"National Black Leadership Commission on AIDS, Inc. Bedford-Sluyvesant Family Health Center",,133530740,16180,DOHMH,816,112,,ocr:lowconf
6,2009-04-02,"HIVIAIDS Faith Based Initiative Agy # Status MOC, etc) EIN UIA Organization Number Agency Amount (Council,",2009,designate,,,"National Black Leadership Commission on AIDS, Inc.",BronxHIVIAIDS Care Network,133530740,6472,DOHMH,816,112,,ocr:lowconf
6,2009-04-02,"HIVIAIDS Faith Based Initiative Agy # Status MOC, etc) EIN UIA Organization Number Agency Amount (Council,",2009,designate,,,"National Black Leadership Commission on AIDS, Inc.","AIDS Center of Queens County, Inc.",133530740,12944,DOHMH,816,112,,ocr:lowconf
6,2009-04-02,"HIVIAIDS Faith Based Initiative Agy # Status MOC, etc) EIN UIA Organization Number Agency Amount (Council,",2009,designate,,,"National Black Leadership Commission on AIDS, Inc.",Caribbean Women's Health Association,133530740,9708,DOHMH,816,112,,ocr:lowconf
6,2009-04-02,"HIVIAIDS Based Initiative (continued) Agy # Status MOC, etc) EIN Amount UIA Organization Number Agency * (Council,",2009,designate,,,"National Black Leadership Commission on AIDS, Inc. JAFASI",,133530740,6472,DOHMH,816,112,,ocr:lowconf
6,2009-04-02,"HIVIAIDS Based Initiative (continued) Agy # Status MOC, etc) EIN Amount UIA Organization Number Agency * (Council,",2009,designate,,,"National Black Leadership Commission on AIDS, Inc. Manhattan HIVIAIDS Care Network",,133530740,6472,DOHMH,816,112,,
6,2009-04-02,"HIVIAIDS Based Initiative (continued) Agy # Status MOC, etc) EIN Amount UIA Organization Number Agency * (Council,",2009,designate,,,"National Black Leadership Commission on AIDS, Inc. Queens HIVIAIDS Care Network",,133530740,6472,DOHMH,816,112,,
6,2009-04-02,"HIVIAIDS Based Initiative (continued) Agy # Status MOC, etc) EIN Amount UIA Organization Number Agency * (Council,",2009,designate,,,"National Black Leadership Commission on AIDS, Inc. Staten island HIVIAIDS Care Network",,133530740,12944,DOHMH,816,112,,ocr:lowconf
6,2009-04-02,"HIVIAIDS Based Initiative (continued) Agy # Status MOC, etc) EIN Amount UIA Organization Number Agency * (Council,",2009,designate,,,"National Black Leadership Commission on AIDS, Inc. Young Women of Color HIVIAIDS Coalition",,133530740,45304,DOHMH],816,112,,ocr:agency;ocr:lowconf
7,2009-04-22,,2009,rescind,,BX-Baez,"Alliance for Community Services, Inc.",,133995154,-11500,DYCD,260,312,,*
7,2009-04-22,,2009,designate,,BX-Baez,Bronx Community Board #4,,136400434,3500,BXCB,384,002,,ocr:lowconf
7,2009-04-22,,2009,designate,,BX-Baez,Bronx Community Board #5,,136400434,4500,BXCB,385,002,,ocr:lowconf
7,2009-04-22,,2009,designate,,BX-Baez,Bronx Community Board #8,,136400434,3500,BXCB,388,002,,
7,2009-04-22,,2009,rescind,,Baez,46th Precinct Community Council,,,-15000,DYCD,260,312,,ocr:ein;ocr:lowconf
7,2009-04-22,,2009,rescind,,Baez,"Enact, Inc.",,133422660,-5000,DCA,126,003,,
7,2009-04-22,,2009,rescind,,Baez,"Little Sheppard's Community Center, Inc.",,133608977,-10000,DYCD,260,312,,*;ocr:lowconf
7,2009-04-22,,2009,rescind,,Baez,Love Gospel Assembly,,133062521,-10000,DYCD,260,312,,ocr:lowconf
7,2009-04-22,,2009,designate,,Baez,"Brain Tumor Foundation, The",,134009829,5000,DOHMH,816,113,,ocr:lowconf
7,2009-04-22,,2009,designate,,Baez,"Citizens Advice Bureau, Inc., The East Concourse Senior Center",,133254484,5000,DFTA,125,003,,ocr:lowconf
7,2009-04-22,,2009,designate,,Baez,"Citizens Advice Bureau, Inc., The Morris Senior Center",,133254484,5500,DFTA,125,003,,
7,2009-04-22,,2009,designate,,Baez,"Midtown Management Group, inc., The Inside Broadway",,133192793,10000,DCA,126,003,,ocr:lowconf
7,2009-04-22,,2009,designate,,Baez,"Positive Workforce, Inc.",,133459199,9500,DSBS,801,002,,*
7,2009-04-22,,2009,designate,,Baez,"Regional Aid for Interim Needs, Inc.",Bailey Senior Center,136213586,5000,DFTA,125,003,,ocr:lowconf
7,2009-04-22,,2009,rescind,,Gerson,"Battery Park City Community Emergency Response Team, Inc.",,562473707,-3000,OEM,017,002,,ocr:lowconf
7,2009-04-22,,2009,designate,,Gerson,Chinatown Community Emergency Response Team,,841718656,1500,OEM,017,002,,ocr:lowconf
7,2009-04-22,,2009,designate,,Gerson,Tribeca Community Emergency Response Team,,260260476,1500,OEM,017,002,,ocr:lowconf
7,2009-04-22,,2009,rescind,,Recchia,S.P.A.R.E. Inc.,,680546091,-10000,DYCD,260,312,,
7,2009-04-22,,2009,designate,,Recchia,St. Rosalia- Regina Pacis Neighborhood Improvement Association,,112697931,10000,DYCD,260,312,,ocr:lowconf
7,2009-04-22,,2009,rescind,,Lappin,Roosevelt Island Historical Society,,131038935,-5000,DYCD,260,005,,
7,2009-04-22,,2009,designate,,Lappin,Roosevelt Island Historical Society,,133018935,5000,DYCD,260,005,,
7,2009-04-22,,2009,rescind,,Viverito,Connecting to Advantages,,,-5000,DSS,069,105,,ocr:ein;ocr:lowconf
7,2009-04-22,,2009,designate,,Viverito,"Cooper Square Community Development Committee and Businessmen's Association, Inc.",,132666211,5000,DSS,069,105,,ocr:lowconf
7,2009-04-22,,2009,rescind,,"CC-Felder, Weprin",Otsar Family Services,,112061112,-10000,DYCD,260,312,,ocr:lowconf
7,2009-04-22,,2009,designate,,"CC-Felder, Weprin",Otsar Family Services,,112601112,10000,DYCD,260,312,,
7,2009-04-22,,2009,rescind,,Barron,Latin Souls Little League Basebali,,112862821,-6500,DYCD,260,312,,ocr:lowconf
7,2009-04-22,,2009,designate,,Barron,Latin Souls Littie League Baseball,,112862824,6500,DYCD,260,312,,ocr:lowconf
7,2009-04-22,,2009,rescind,,Fidler,Flatbush Park. Jewish Center,,119169900,-3000,DFTA,125,003,,ocr:lowconf
7,2009-04-22,,2009,rescind,,Fidler,Flatbush Park Jewish Center,,119169900,-3500,DYCD,260,312,,
7,2009-04-22,,2009,designate,,Fidier,Flatbush Park Jewish Center,,111969900,3000,DFTA,125,003,,ocr:lowconf
7,2009-04-22,,2009,designate,,Fidler,Flatbush Park Jewish Center,,111969900,3500,DYCD,260,312,,ocr:lowconf
7,2009-04-22,,2009,rescind,,McMahon,Staten Island Liberian Community Association,,383685524,-10000,DYCD,260,005,,ocr:lowconf
7,2009-04-22,,2009,designate,,McMahon,Staten Island Liberian Community Association,,133936101,10000,DYCD,260,005,,ocr:lowconf;ocr:cellspan
7,2009-04-22,,2009,rescind,,"Vallone, Jr",Trinity Lutheran Church,,111666773,-5000,DYCD,260,1005,,ocr:code;ocr:lowconf
7,2009-04-22,,2009,designate,,"Vallone, Jr",Trinity Lutheran Church,,111667773,5000,DYCD,260,005,,
7,2009-04-22,,2009,rescind,,Foster,Highbridge Community Neighborhood Council,,800113136,-500,DYCD,260,005,,ocr:lowconf
7,2009-04-22,,2009,rescind,,Foster,More Garden! Fund,,522415900,-1000,DYCD,260,312,,ocr:lowconf
7,2009-04-22,,2009,rescind,,Foster,Morrisania Concerned Citizens Jackson Forest Garden,,342011905,-2500,DYCD,260,005,,ocr:lowconf
7,2009-04-22,,2009,rescind,,Foster,Truth In Action Coalition,,450559697,-500,DYCD,260,005,,ocr:lowconf
7,2009-04-22,,2009,designate,,Foster,"Alianza Dominicana, Inc.",,133402057,4500,DYCD,260,005,,
7,2009-04-22,,2009,rescind,,"Sanders, Jr",Bnois Bais Yaakov,,113320788,-4000,DYCD,260,312,,ocr:lowconf
7,2009-04-22,,2009,designate,,"Sanders, Jr",Bnois Bais Yaakov,,113220788,4000,DYCD,260,312,,
7,2009-04-22,,2009,rescind,,Comrie,Grace Church Group,,111639812,-5000,DYCD,260,312,,
7,2009-04-22,,2009,designate,,Comrie,Grace Episcopal Church,,111639811,5000,DYCD,260,312,,
7,2009-04-22,,2009,rescind,,"Sanders, Jr",Springfield Gardens United Methodist Church,,112113170,-7500,DYCD,260,005,,ocr:lowconf
7,2009-04-22,,2009,designate,,"Sanders, Jr",Springfield Gardens United Methodist Church,,112161877,7500,DYCD,260,005,,ocr:lowconf
7,2009-04-22,,2009,rescind,,McMahon,Preservation League of Staten Island,,130300486,-5000,DYCD,260,005,,ocr:lowconf
7,2009-04-22,,2009,designate,,McMahon,Preservation League of Staten Island,,133000468,5000,DYCD,260,005,,ocr:lowconf
7,2009-04-22,,2009,rescind,,Arroyo,St. Jerome's HANDS Community Center,,131740204,-10000,DYCD,260,005,,ocr:lowconf
7,2009-04-22,,2009,designate,,Arroyo,St. Jerome's HANDS Community Center,,800247898,10000,DYCD,260,005,,ocr:lowconf
7,2009-04-22,,2009,rescind,,James,"Lincoln Civic Block Association, Inc",,116268175,-3500,DYCD,260,312,,ocr:lowconf
7,2009-04-22,,2009,designate,,James,"Lincoln Civic Block Association, Inc",,116268107,3500,DYCD,260,312,,
7,2009-04-22,,2009,rescind,,McMahon,New Lane Shores Tenant Association,,136400434,-2500,DFTA,125,003,,ocr:lowconf
7,2009-04-22,,2009,designate,,McMahon,New Lane Shores Tenant Association,,331169339,2500,DFTA,125,003,,ocr:lowconf
7,2009-04-22,,2009,rescind,,Oddo,"Staten Isiand Supports Our Soldiers, Inc.",,870759987,-1000,DYCD,260,005,,ocr:lowconf
7,2009-04-22,,2009,rescind,,Oddo,St. Finbar's Golden Age Club,,111631812,-3500,DFTA,125,003,,ocr:lowconf
7,2009-04-22,,2009,rescind,,Oddo,Central Family Life Center,,133626127,-11500,DYCD,260,312,,ocr:lowconf
7,2009-04-22,,2009,rescind,,Oddo,Lady Tigers Fast Pitch Softball,,260211482,-1000,DYCD,260,312,,ocr:lowconf
7,2009-04-22,,2009,designate,,Oddo,"Meals on Wheels of Staten Island, Inc.",,132894978,3500,DFTA,125,003,,ocr:lowconf
7,2009-04-22,,2009,designate,,Oddo,Grace Foundation of New York,,134131863,8500,DYCD,260,312,,
7,2009-04-22,,2009,designate,,Oddo,Boy Scouts of America,Greater New York Council,131624015,5000,DYCD,260,312,,
7,2009-04-22,,2009,rescind,,Barron,"Hudsonic Showstopper Production, Org.",,113196374,-4000,DYCD,260,312,,ocr:lowconf
7,2009-04-22,,2009,designate,,Barron,"Code Foundation, Inc., The",,113301309,4000,DYCD,260,312,,
7,2009-04-22,,2009,rescind,,Recchia,St. Finbar's Golden Age Club,,111631812,-5000,DFTA,125,003,,ocr:lowconf
7,2009-04-22,,2009,designate,,Recchia,"BrooklynArts Counci, Inc.",,237072915,5000,DFTA,125,003,,ocr:lowconf
7,2009-04-22,,2009,rescind,,McMahon,Stapleton Union American Methodist Episcopal Church,,133870800,-3500,DYCD,260,005,,ocr:lowconf
7,2009-04-22,,2009,rescind,,McMahon,Stapleton,Union American Methodist Episcopal Church,133870800,-7500,DYCD,260,312,,
7,2009-04-22,,2009,designate,,Mitchell,Community Health Action of Staten Island (formerly SI Aids Taskforce),,133556132,3500,DYCD,260,005,,ocr:lowconf
7,2009-04-22,,2009,designate,,Mitchell,"BrooklynArts Council, Inc.",,237072915,2500,DYCD,260,312,,ocr:lowconf
7,2009-04-22,,2009,designate,,Mitchell,Staten Island Children's Museum,,237379930,5000,DYCD,260,312,,ocr:lowconf
7,2009-04-22,,2009,rescind,,Monserrate,Etemal Love Baptist Church,,EX212023,-10000,DYCD,260,005,,*;ocr:ein;ocr:lowconf
7,2009-04-22,,2009,designate,,Ferraras,82nd Street Academics,,200788352,10000,DYCD,260,312,,
7,2009-04-22,,2009,rescind,,Seabrook,"Bridgefield Civic League, Inc.",,237410608,-15000,DYCD,260,312,,ocr:lowconf
7,2009-04-22,,2009,designate,,Seabrook,"Unity Neighborhood Center, Inc.",,134085654,15000,DYCD,260,312,,ocr:lowconf
7,2009-04-22,,2009,rescind,,Oddo,"American-litalian Coalition of Organizations, Inc. (AMICO)",,112488439,-3500,DFTA,125,003,,ocr:lowconf
7,2009-04-22,,2009,rescind,,Recchia,"American-Italian Coalition of Organizations, Inc. (AMICO) Extended Services Program",,112488439,-20000,DFTA,125,003,,ocr:lowconf
7,2009-04-22,,2009,designate,,Oddo,"American-Italian Coalition of Organizations, Inc. (AMICO)",,112649513,3500,DFTA,125,003,,ocr:lowconf
7,2009-04-22,,2009,designate,,Recchia,"American-lItalian Coalition of Organizations, Inc. (AMICO)- Extended Services Program",,112649513,20000,DFTA,125,003,,ocr:lowconf
7,2009-04-22,,2009,rescind,,Comrie,Bruce Bishop's Developmental Basketball Camp,,820559599,-5000,DYCD,260,312,,ocr:lowconf
7,2009-04-22,,2009,rescind,,Comrie,Jamaica Maroons Soccer League,,113541665,-5000,DYCD,260,312,,ocr:lowconf
7,2009-04-22,,2009,designate,,Comrie,Black Spectrum Theatre,,510135262,5000,DCA,126,003,,
7,2009-04-22,,2009,designate,,Comrie,York College Performing. Arts Center,,112982841,5000,CUNY,042,001,,ocr:lowconf
7,2009-04-22,,2009,rescind,,Dickens,Kings' Court 139th Street Block Association,,133686769,-20000,DYCD,260,005,,ocr:lowconf
7,2009-04-22,,2009,rescind,,Dickens,Committee for a Better Harlem,,200237779,-5000,DYCD,260,312,,ocr:lowconf
7,2009-04-22,,2009,rescind,,Dickens,Westsiders For Responsible Development,,203046724,-3500,DYCD,260,005,,ocr:lowconf
7,2009-04-22,,2009,designate,,Dickens,131 Saint Nicholas Avenue Tenant's League,,133513113,2000,MISC,098,002,,
7,2009-04-22,,2009,designate,,Dickens,Abraham Lincoin Development Corp,,753260950,2500,MISC,098,002,,ocr:lowconf
7,2009-04-22,,2009,designate,,Dickens,"Colonial Park Senior Citizens, Inc.",,421740315,2000,MISC,098,002,,ocr:lowconf
7,2009-04-22,,2009,designate,,Dickens,"Jackie Robinson Tenant's Association, Inc.",,133420375,6000,MISC,098,002,,ocr:lowconf
7,2009-04-22,,2009,designate,,Dickens,Polo Grounds Tenants,,136400434,6000,MISC,098,002,,ocr:lowconf
7,2009-04-22,,2009,designate,,Dickens,Rev. Dr. Martin Luther King Towers,,133948597,2000,MISC,098,002,,ocr:lowconf
7,2009-04-22,,2009,designate,,Dickens,St. Nicholas Houses Residents Association,,134207136,6000,MISC,098,002,,
7,2009-04-22,,2009,designate,,Dickens,"Taft Tenants Organization, Inc.",,133123843,2000,MISC,098,002,,ocr:lowconf
7,2009-04-22,,2009,rescind,,Addabbo,"Rockaway Music and Arts Council, Inc.",,237082566,-4500,DYCD,260,005,,ocr:lowconf
7,2009-04-22,,2009,designate,,Ulrich,Bobbie and the Strays,,112444285,4500,DYCD,260,312,,ocr:lowconf
7,2009-04-22,,2009,rescind,,Gennaro,"75th Avenue Playground Volunteer Group, Inc.",,113243561,-5000,DYCD,260,312,,ocr:lowconf
7,2009-04-22,,2009,designate,,Gennaro,"Child Center of New York, Inc., The",,111733454,5000,DYCD,260,312,,ocr:lowconf
7,2009-04-22,,2009,rescind,,Brooklyn Del.,Ark of Christ Mission,,113211580,-16875,DYCD,260,312,,ocr:lowconf
7,2009-04-22,,2009,designate,,Brooklyn Del.,"National Black Leadership Commission on AIDS, Inc.",,133530740,16875,DYCD,260,005,,ocr:lowconf
7,2009-04-22,,2009,rescind,,"CC- DeBlasio, Stewart, Fidler, Eugene",Brooklyn Center for the Urban Environment,,112698671,-35000,DYCD,260,005,,ocr:lowconf
7,2009-04-22,,2009,designate,,CC-Comrie,"Police Athletic League, Inc. Foster Laurie Senior Center",,135596811,15000,DFTA,125,003,,ocr:lowconf
7,2009-04-22,,2009,designate,,CC-Arroyo,"Little League Raiders Baseball, Inc.",,421610657,5000,DYCD,260,312,,
7,2009-04-22,,2009,designate,,CC-Recchia,City Parks Foundation,,133561657,15000,DPR,846,006,,
7,2009-04-22,,2009,rescind,,"Sanders, Jr- QN",Metropolitan Eagles Sports Club,,113110973,-4850,DYCD,260,312,,*;ocr:lowconf
7,2009-04-22,,2009,designate,,"Sanders, Jr- QN","Southern Queens Park Association, Inc.",,112432846,4850,DYCD,260,312,,
7,2009-04-22,,2009,rescind,,"Sanders, Jr",Mount Carmel Baptist Church,,012400734,-3500,DYCD,260,312,,
7,2009-04-22,,2009,designate,,"Sanders, Jr","Samaritans Outreach Ministries, Inc.",,113283859,3500,DYCD,260,312,,*;ocr:lowconf
7,2009-04-22,,2009,rescind,,Baez,"Little Sheppard's Community Center, Inc.",,133608977,-20000,DYCD,260,312,,ocr:lowconf
7,2009-04-22,,2009,rescind,,Baez,Love Gospel Assembly,,133062521,-20000,DYCD,260,312,,ocr:lowconf
7,2009-04-22,,2009,designate,,Baez,"Metropolitan New York Coordinating Council on Jewish Poverty, Inc.",,132738818,15000,DYCD,260,312,,ocr:lowconf
7,2009-04-22,,2009,designate,,Baez,"Enact, Inc.",,133422660,9500,DYCD,260,312,,
7,2009-04-22,,2009,designate,,Baez,"Common Cents New York, Inc.",,133613229,5000,DYCD,260,312,,ocr:lowconf
7,2009-04-22,,2009,designate,,Baez,"Committee for Hispanic Children and Families, Inc.,",,112622003,7214,DYCD,260,312,,ocr:lowconf
7,2009-04-22,,2009,designate,,Baez,"Chess-in- -the-Schools, Inc.",,136119036,5000,DYCD,260,312,,
7,2009-04-22,,2009,designate,,Baez,"Tolentine-Zeiser Community Life Center, inc.",,133131888,10000,DYCD,260,312,,ocr:lowconf
7,2009-04-22,,2009,designate,,Baez,"Real World Foundation, Inc.",,571147217,5000,DYCD,260,312,,
7,2009-04-22,,2009,designate,,Baez,"Midori Foundation, Inc., The (d/bla Midori and Friends)",,133682472,10000,DYCD,260,312,,
7,2009-04-22,,2009,designate,,Baez,"Rocking the Boat, Inc.",,134177814,10000,DYCD,260,312,,
7,2009-04-22,,2009,designate,,Baez,"Kingsbridge Heights Community Center, Inc.",,132813809,5000,DYCD,260,312,,ocr:lowconf
7,2009-04-22,,2009,designate,,Baez,"Mount Hope Housing Company, inc., The",,133419970,10000,DYCD,260,312,,ocr:lowconf
7,2009-04-22,,2009,rescind,,Como,"Middle Village Baseball/Softball Camp, Inc.",,760818061,-3500,DYCD,260,312,,*;ocr:lowconf
7,2009-04-22,,2009,designate,,Crowley,"Maspeth Town Hall, Inc.",,237259702,3500,DYCD,260,312,,ocr:lowconf
7,2009-04-22,,2009,rescind,,Lappin,"Lenox Hil Neighborhood House, Inc.",,131628180,-13000,DYCD,260,312,,ocr:lowconf
7,2009-04-22,,2009,designate,,Lappin,New York Center for Children,,954502444,13000,DYCD,260,312,,
7,2009-04-22,,2009,rescind,,Nelson,"Mercaz Gan Yisroel Center, Inc. of Flatbush",,200222173,-5000,DYCD,260,312,,
7,2009-04-22,,2009,designate,,Nelson,"Mercaz Gan Yisroel Center, Inc. of Flatbush",,200222703,5000,DYCD,260,312,,
7,2009-04-22,,2009,rescind,,Nelson,Masores Bais Yaakov,,132902382,-10000,DYCD,260,312,,ocr:lowconf
7,2009-04-22,,2009,designate,,Nelson,Masores Bais Yaakov,,112902382,10000,DYCD,260,312,,
7,2009-04-22,,2009,rescind,,DeBlasio,East Brooklyn Day Care Center,,112266621,-5000,DYCD,260,312,,
7,2009-04-22,,2009,designate,,DeBlasio,East Brooklyn Day Care Center,,112266221,5000,DYCD,260,312,,
7,2009-04-22,,2009,rescind,,Monserrate,East Elmhurst Day Care,,112258437,-3500,DYCD,260,312,,
7,2009-04-22,,2009,designate,,Monserrate,East Elmhurst Day Care,,112250437,3500,DYCD,260,312,,ocr:lowconf
7,2009-04-22,,2009,rescind,,"Sanders, Jr","Ralph's Educational and Recreational Computer Services, Inc.",,743178604,-3500,DYCD,260,312,,
7,2009-04-22,,2009,designate,,"Sanders, Jr","Ralph's Educational and Recreational Computer Services, Inc.",,743178406,3500,DYCD,260,312,,
7,2009-04-22,,2009,rescind,,DeBlasio,Bais Kav Tziporah,,113394116,-5000,DYCD,260,312,,ocr:lowconf
7,2009-04-22,,2009,designate,,DeBlasio,Bais Kav Tziporah,,133044171,5000,DYCD,260,312,,
7,2009-04-22,,2009,rescind,,"Sanders, Jr",Battalion Pentecostal,,113548121,-10000,DYCD,260,312,,ocr:lowconf
7,2009-04-22,,2009,designate,,"Sanders, Jr","Battalion Pentecostal, Assembly",,364391337,10000,DYCD,260,312,,ocr:lowconf
7,2009-04-22,,2009,rescind,,Dickens,African Diaspora Film Festival,,243058513,-3500,DYCD,260,312,,
7,2009-04-22,,2009,designate,,Dickens,African Diaspora Film Festival,,743058513,3500,DYCD,260,312,,
7,2009-04-22,,2009,rescind,,Gerson,Myanmar Chinese Association of New York,,133733064,-4000,DYCD,260,312,,
7,2009-04-22,,2009,designate,,Gerson,Myanmar Chinese Association of New York,,133933064,4000,DYCD,260,312,,ocr:lowconf
7,2009-04-22,,2009,rescind,,Barron,"Unity int the Community Sports Foundation, Inc.",,582532536,-40000,DYCD,260,312,,ocr:lowconf
7,2009-04-22,,2009,designate,,Barron,"East New York Kidspower, Inc.",,113308030,10000,DYCD,260,312,,
7,2009-04-22,,2009,designate,,Barron,"Code Foundation, Inc., The",,113301309,30000,DYCD,260,312,,ocr:lowconf
7,2009-04-22,,2009,rescind,,Monserrate,Eternal Love Baptist Church,,EX212023,-10000,DYCD,260,312,,ocr:ein;ocr:lowconf
7,2009-04-22,,2009,designate,,Ferraras,"First Baptist Church of Corona NY, Inc.",,311767167,10000,DYCD,260,312,,ocr:lowconf
7,2009-04-22,,2009,rescind,,Monserrate,Jackson Heights Early Learning Center,,270141264,-3500,DYCD,260,312,,ocr:lowconf
7,2009-04-22,,2009,designate,,Ferraras,"Centro Comunal Hermanos Unidos De Queens, Inc",,262484175,3500,DYCD,260,312,,
7,2009-04-22,,2009,rescind,,Monserrate,La Javilla Little League,,202726950,-3500,DYCD,260,312,,ocr:lowconf
7,2009-04-22,,2009,designate,,Ferraras,Reconstruct/ Art,,204617044,3500,DYCD,260,312,,ocr:lowconf
7,2009-04-22,,2009,rescind,,Seabrook,Bronx Renaissance Community Theater,,134180117,-15000,DYCD,260,312,,*;ocr:lowconf
7,2009-04-22,,2009,designate,,Seabrook,"Unity Neighborhood Center, Inc.",,134085654,15000,DYCD,260,312,,
7,2009-04-22,,2009,rescind,,Gentile,Fourth Avenue Presbyterian Church/The Children's Community Chorus,,112693994,-3500,DYCD,260,312,,ocr:lowconf
7,2009-04-22,,2009,designate,,Gentile,Fourth Avenue Presbyterian Church/The Children's Community Chorus,,112693994,3500,DYCD,260,312,,ocr:lowconf
7,2009-04-22,,2009,rescind,,Monserrate,"Garden School, Inc.",,111631783,-5000,DYCD,260,312,,ocr:lowconf
7,2009-04-22,,2009,rescind,,Monserrate,"Garden School, Inc. Jackson Heights Poetry Festival",,111631783,-3500,DYCD,260,312,,ocr:lowconf
7,2009-04-22,,2009,designate,,Ferraras,"Helping Our Guys and Giris Succeed, Inc.",,112202969,5000,DYCD,260,312,,ocr:lowconf
7,2009-04-22,,2009,designate,,Ferraras,"Learning Tree Mulit-Cultural Center, The",,113381237,3500,DYCD,260,312,,ocr:lowconf
7,2009-04-22,,2009,rescind,,Avella,St. Andrew Avellino School,,112203300,-5000,DYCD,260,312,,ocr:lowconf
7,2009-04-22,,2009,designate,,Avella,Think Quest NYC,,134064247,5000,DYCD,260,312,,ocr:lowconf
7,2009-04-22,,2009,rescind,,Gennaro,Kehilat Sephardim of Ahavat Achim,,113101774,-7500,DYCD,260,312,,ocr:lowconf
7,2009-04-22,,2009,designate,,Gennaro,"Child Center of New York, Inc., The",,111733454,7500,DYCD,260,312,,ocr:cellspan
7,2009-04-22,,2009,rescind,,Brooklyn,Church of God of East Flatbush,,112939346,-25000,DYCD,260,005,,*
7,2009-04-22,,2009,designate,,Brooklyn,Friends of Crown Heights Educational Center,,112305641,25000,DYCD,260,005,,ocr:lowconf
7,2009-04-22,,2009,rescind,,Queens,"Metropolitan New York Coordinating Council on Jewish Poverty, Inc.",,132738818,-7500,DYCD,260,005,,ocr:lowconf
7,2009-04-22,,2009,rescind,,Brooklyn,"Metropolitan New York Coordinating Council on Jewish Poverty, Inc.",,132738818,-21000,DYCD,260,005,,ocr:lowconf
7,2009-04-22,,2009,designate,,Queens,Flushing Jewish Community Council,,112669559,7500,DYCD,260,005,,**;ocr:lowconf
7,2009-04-22,,2009,designate,,Brooklyn,"Edith and Carl Marks Jewish Community. House of Bensonhurst""",,111633484,15000,DYCD,260,005,,ocr:lowconf
7,2009-04-22,,2009,designate,,Brooklyn,United Jewish Organizations (UJO) of Williamsburg,,112728233,6000,DYCD,260,005,,**;ocr:lowconf
7,2009-04-22,,2009,designate,,Brooklyn,Church Avenue Merchants Block Association (CAMBA),,112480339,30000,DYCD,260,005,,ocr:lowconf
7,2009-04-22,,2009,rescind,,Staten Island,Central Family Life Center,,133626127,-25000,DYCD,260,005,,*
7,2009-04-22,,2009,designate,,Staten Island,St. Stanislaus Kostka Church,,135564133,25000,DYCD,260,005,,ocr:lowconf
7,2009-04-22,,2009,rescind,,Dilan,St. Rita's Roman Catholic Church,,111711002,-75000,MISC,098,002,,*;ocr:lowconf
7,2009-04-22,,2009,designate,,Dilan,District Attorney-Brooklyn,,136400434,75000,MISC,098,002,,ocr:lowconf
7,2009-04-22,,2009,rescind,,Mealy,Brownsville Community Development Corporation (d/bla BMS Family Health Center) (BMSFHC),,112544630,-18750,MISC,098,002,,ocr:lowconf
7,2009-04-22,,2009,rescind,,Mealy,"Jericho Road, Inc.",,113463615,-18750,MISC,098,002,,*;ocr:lowconf
7,2009-04-22,,2009,designate,,Mealy,"Metropolitan New York Coordinating Council on Jewish Poverty, Inc.",,132738818,37500,MISC,098,002,,
7,2009-04-22,,2009,rescind,,McMahon,El Centro de Hospitalidad,,133234441,-26250,MISC,098,002,,ocr:lowconf
7,2009-04-22,,2009,designate,,McMahon,El Centro de Hospitalidad,,134178608,26250,MISC,098,002,,ocr:lowconf
7,2009-04-22,,2009,rescind,,Brooklyn,"Flatbush Haitian Center, Inc.",,112758014,-10000,DYCD,260,005,,**;ocr:lowconf
7,2009-04-22,,2009,designate,,Brooklyn,"Council of Peoples Organization""",,753046891,10000,DYCD,260,005,,*;ocr:lowconf
7,2009-04-22,,2009,designate,,Queens,"Centro Hispano Cuzcatlan, Inc.",,113559496,,DYCD,260,005,,*;ocr:amt;ocr:lowconf
7,2009-04-22,,2009,designate,,Queens,"Central Queens YM & YWHA, Inc.",,111633509,,DYCD,260,005,,ocr:amt;ocr:lowconf
7,2009-04-22,,2009,designate,,Queens,"Jacob A. Riis Neighborhood Settiement House, Inc.",,111729398,,DYCD,260,005,,ocr:amt;ocr:lowconf
7,2009-04-22,,2009,designate,,Queens,New Immigrant Community Empowerment (NICE),,113560625,,DYCD,260,005,,ocr:amt;ocr:lowconf
7,2009-04-22,,2009,designate,,Queens,"Southern Queens Park Association, Inc.",,112432846,,DYCD,260,005,,ocr:amt;ocr:lowconf
7,2009-04-22,,2009,designate,,,Advent Lutheran Church,,,,DYCD,260,005,,ocr:ein;ocr:amt;ocr:lowconf
7,2009-04-22,,2009,designate,,,Evangelical Lutheran Church of the Advent,,131635264,5000,DYCD,260,005,,
7,2009-04-22,,2009,rescind,,,Bethel SHARING Ministries,,112500161,-10000,DYCD,260,005,,
7,2009-04-22,,2009,designate,,,Bethel Seventh Day Adventist Church,,112500161,10000,DYCD,260,005,,ocr:lowconf
7,2009-04-22,,2009,rescind,,,Eben-Ezer Haitian Baptist Church,,,-10000,DYCD,260,005,,ocr:ein
7,2009-04-22,,2009,designate,,,Eben-Ezer Haitian Baptist Church,,112811215,10000,DYCD,260,005,,
7,2009-04-22,,2009,rescind,,,Iglesia Pentecostal Arca De Salvation,,,-10000,DYCD,260,005,,ocr:ein;ocr:lowconf
7,2009-04-22,,2009,designate,,,Iglesia Pentecostal Arca De Salvation,,113260467,10000,DYCD,260,005,,
7,2009-04-22,,2009,rescind,,,Mariners' Temple Baptist Church,,132694850,-5000,DYCD,260,005,,ocr:lowconf
7,2009-04-22,,2009,designate,,,Mariners' Temple Baptist Church,,112694850,5000,DYCD,260,005,,
7,2009-04-22,,2009,rescind,,,Price Memorial Baptist Church,,,-5000,DYCD,260,005,,ocr:ein;ocr:lowconf
7,2009-04-22,,2009,designate,,,Price Memorial Baptist Church,,311762555,5000,DYCD,260,005,,
7,2009-04-22,,2009,rescind,,,Project ORE,,,-5000,DYCD,260,005,,ocr:ein
7,2009-04-22,,2009,designate,,,Educational Alliance,,135562210,5000,DYCD,260,005,,ocr:lowconf
7,2009-04-22,,2009,rescind,,,Queen of All Saints Church/Fort Greene Food Pantry,,,-10000,DYCD,260,005,,ocr:ein;ocr:lowconf
7,2009-04-22,,2009,designate,,,Queen of All Saints Church/Fort Greene Food Pantry,,111657620,10000,DYCD,260,005,,ocr:lowconf
7,2009-04-22,,2009,rescind,,,St. Mary's Episcopal Church,,111672802,-10000,DYCD,260,005,,
7,2009-04-22,,2009,designate,,,St. Mary's Episcopal Church,,760424498,10000,DYCD,260,005,,
7,2009-04-22,,2009,rescind,,,St. Theresa of Avila,,113596619,-10000,DYCD,260,005,,ocr:lowconf
7,2009-04-22,,2009,designate,,,St. Theresa of Avila Human Services,,111667624,10000,DYCD,260,005,,ocr:lowconf
7,2009-04-22,,2009,rescind,,,Stratford Arms Community Council,,133923013,-5000,DYCD,260,005,,ocr:lowconf
7,2009-04-22,,2009,designate,,,Stafford Arms Meals Program,,900140023,5000,DYCD,260,005,,ocr:lowconf
7,2009-04-22,,2009,rescind,,,Zion Shiloh Baptist Church,,,-10000,DYCD,260,005,,ocr:ein
7,2009-04-22,,2009,designate,,,Zion Shiloh Baptist Church,,112419185,10000,DYCD,260,005,,ocr:lowconf
7,2009-04-22,,2009,rescind,,,Zion Temple Apostolic Faith for all People,,112911165,-5000,DYCD,260,005,,
7,2009-04-22,,2009,designate,,,New Day Christian Fellowship Church of Apolistic Faith,,112383972,5000,DYCD,260,005,,ocr:lowconf
7,2009-04-22,,2009,rescind,,,Hanson Place Seventh Day Adventist Church,Community Service Pantry,113260387,-10000,DYCD,260,005,,ocr:lowconf
7,2009-04-22,,2009,rescind,,,Hanson Place Seventh Day Adventist Church,Community Service Food Kitchen,113260387,-10000,DYCD,260,005,,ocr:lowconf
7,2009-04-22,,2009,rescind,,,New Life Tabernacle Church,,113168615,-10000,DYCD,260,005,,ocr:lowconf
7,2009-04-22,,2009,designate,,,Child Development Support Corporation,,112395258,30000,DYCD,260,005,,
7,2009-04-22,,2009,rescind,,,"National Black Leadership Commission on AIDS, Inc. AIDS Center of Queens County, Inc.",,133530740,-12944,DOHMH,816,112,,ocr:lowconf
7,2009-04-22,,2009,rescind,,,"National Black Leadership Commission on AIDS, Inc. Staten Island HIVIAIDS Care Network",,133530740,-6472,"DOHMH,",816,112,,ocr:agency;ocr:lowconf
7,2009-04-22,,2009,rescind,,,"National Black Leadership Commission on AIDS, Inc.",Young Women of Color HIVIAIDS Coalition,133530740,-32360,DOHMH,816,112,,ocr:lowconf
7,2009-04-22,,2009,designate,,,"National Black Leadership Commission on AIDS, Inc. Caribbean Women's Health Association",,133530740,3236,DOHMH,816,112,,ocr:lowconf
7,2009-04-22,,2009,designate,,,"National Black Leadership Commission on AIDS, Inc.",JAFASI,133530740,3236,DOHMH,816,112,,ocr:lowconf
7,2009-04-22,,2009,designate,,,Womens HIV Collaborative of New York,,203115379,45304,DOHMH,816,112,,ocr:lowconf
7,2009-04-22,,2009,rescind,,,"Latino Commision on AIDS, Inc.",Beulah Baptist Church,133629446,-6472,DOHMHI,816,112,,ocr:agency;ocr:lowconf
7,2009-04-22,,2009,rescind,,,"Latino Commision on AIDS, Inc. Coney Island Cathedral",,133629446,-6472,DOHMH,816,112,,ocr:lowconf
7,2009-04-22,,2009,rescind,,,"Latino Commision on AIDS, Inc. First Calvary Baptist",,133629446,-6472,DOHMHI,816,112,,ocr:agency;ocr:lowconf
7,2009-04-22,,2009,rescind,,,"Latino Commision on AIDS, Inc. Grace Baptist Church",,133629446,-6472,DOHMH,816,112,,ocr:lowconf
7,2009-04-22,,2009,rescind,,,"Latino Commision on AIDS, Inc. Mosque of Islam Brotherhood",,133629446,-6472,DOHMH,816,112,,ocr:lowconf
7,2009-04-22,,2009,rescind,,,"Latino Commision on AIDS, Inc.",Pilgrim Cathedral of Harlem/500,133629446,-6472,DOHMH,816,112,,ocr:lowconf
7,2009-04-22,,2009,rescind,,,"Latino Commision on AIDS, Inc. St. Albans Congregational Church",,133629446,-6472,DOHMH,816,112,,ocr:lowconf
7,2009-04-22,,2009,rescind,,,"Latino Commision on AIDS, Inc.",United Community Baptist Church,133629446,-6472,DOHMH,816,112,,ocr:lowconf
7,2009-04-22,,2009,designate,,,"National Black Leadership Commision on AIDS, Inc.",Beulah Baptist Church,133629446,6472,DOHMH,816,112,,
7,2009-04-22,,2009,designate,,,"National Black Leadership Commision on AIDS, Inc.",First Calvary Baptist,133629446,6472,DOHMH,816,112,,ocr:lowconf
7,2009-04-22,,2009,designate,,,"National Black Leadership Commision on AIDS, Inc. Grace Baptist Church",,133629446,6472,DOHMH,816,112,,ocr:lowconf
7,2009-04-22,,2009,designate,,,"National Black Leadership Commision on AIDS, Inc. Mosque of Islam Brotherhood",,133629446,1472,DOHMH!,816,112,,ocr:agency;ocr:lowconf
7,2009-04-22,,2009,designate,,,"National Black Leadership Commision on AIDS, Inc.",Pilgrim Cathedral of Harlem/50D,133629446,6472,DOHMH,816,112,,ocr:lowconf
7,2009-04-22,,2009,designate,,,"National Black Leadership Commision on AIDS, Inc. St. Albans Congregational Church",,133629446,6472,DOHMHI,816,112,,ocr:agency;ocr:lowconf
7,2009-04-22,,2009,designate,,,"National Black Leadership Commision on AIDS, Inc. United Community Baptist Church",,133629446,6472,DOHMH,816,112,,ocr:lowconf
7,2009-04-22,,2009,designate,,,"National Black Leadership Commission on AIDS, Inc.",,133629446,11472,DOHMH,816,112,,ocr:lowconf
7,2009-04-22,"Infant Mortality Reduction UIA Number Agency # Status (Council, MOC, etc.) EIN Amount Agy Organization *",2009,designate,,,Visiting Nurse Service of New York,,133189926,,DOHMH,816,113,,ocr:amt;ocr:lowconf
7,2009-04-22,"Infant Mortality Reduction UIA Number Agency # Status (Council, MOC, etc.) EIN Amount Agy Organization *",2009,designate,,,"Visiting Nurse Service of New York Home Care, Inc.",,131624211,,DOHMH,816,113,,ocr:amt;ocr:lowconf
7,2009-04-22,"Infant Mortality Reduction UIA Number Agency # Status (Council, MOC, etc.) EIN Amount Agy Organization *",2009,designate,,,New Dimensions in Care,,113387105,,DOHMH,816,113,,ocr:amt
7,2009-04-22,"Infant Mortality Reduction UIA Number Agency # Status (Council, MOC, etc.) EIN Amount Agy Organization *",2009,designate,,,Bronx Health Link,,134045022,,DOHMH,816,113,,ocr:amt
7,2009-04-22,"Geriatric Mental Health Initiative EIN Agy # UIA etc.) Status Organization Number Agency Amount (Council, MOC, *",2009,designate,,,Visiting Nurse Service of New York,,133189926,,DOHMHI,816,120,,ocr:amt;ocr:agency;ocr:lowconf
7,2009-04-22,"Geriatric Mental Health Initiative EIN Agy # UIA etc.) Status Organization Number Agency Amount (Council, MOC, *",2009,designate,,,"Visiting Nurse Service of New York Home Care, Inc.",,131624211,95000,DOHMH,816,120,,ocr:lowconf
7,2009-04-22,"Geriatric Mental Health Initiative EIN Agy # UIA etc.) Status Organization Number Agency Amount (Council, MOC, *",2009,rescind,,,Fordham-Tremont Community Mental Health Center,,131740122,-95000,DOHMH,816,120,,ocr:lowconf
7,2009-04-22,"Geriatric Mental Health Initiative EIN Agy # UIA etc.) Status Organization Number Agency Amount (Council, MOC, *",2009,designate,,,St. Barnabas Hospital,,131740122,95000,DOHMH,816,120,,ocr:lowconf
7,2009-04-22,"Geriatric Mental Health Initiative EIN Agy # UIA etc.) Status Organization Number Agency Amount (Council, MOC, *",2009,rescind,,,"Manhattan Valley Golden Age Senior Center, Inc.",,132751935,-27000,DFTA,125,003,,ocr:lowconf
7,2009-04-22,"Geriatric Mental Health Initiative EIN Agy # UIA etc.) Status Organization Number Agency Amount (Council, MOC, *",2009,rescind,,,"Sephardic Multi Service Senior Citizens Center, Inc.",,112301220,-4000,DFTA,125,003,,ocr:lowconf
7,2009-04-22,"Geriatric Mental Health Initiative EIN Agy # UIA etc.) Status Organization Number Agency Amount (Council, MOC, *",2009,designate,,,"Institute for the Puerto Rican/Hispanic Elderly, Inc.",Corona Senior Center,132987263,31000,DFTA,125,003,,
7,2009-04-22,"Geriatric Mental Health Initiative EIN Agy # UIA etc.) Status Organization Number Agency Amount (Council, MOC, *",2009,rescind,,,Southeast Queens Multiservice Senior Center,Howard Beach,237187548,-4202,DFTA,125,003,,ocr:lowconf
7,2009-04-22,"Geriatric Mental Health Initiative EIN Agy # UIA etc.) Status Organization Number Agency Amount (Council, MOC, *",2009,designate,,,"Southeast Queens Multiservice Senior Citizens Center, inc.",Howard Beach,237287548,4202,DFTA,125,003,,ocr:lowconf
7,2009-04-22,"Geriatric Mental Health Initiative EIN Agy # UIA etc.) Status Organization Number Agency Amount (Council, MOC, *",2009,designate,,,"Police Athletic League, Inc. Foster Laurie Senior Center",,135596811,,DFTA,125,003,,ocr:amt
7,2009-04-22,"Geriatric Mental Health Initiative EIN Agy # UIA etc.) Status Organization Number Agency Amount (Council, MOC, *",2009,designate,,,"Police Athletic League, Inc.",Foster Laurie Senior Center,135596811,,DFTA,125,003,,ocr:amt
7,2009-04-22,"Geriatric Mental Health Initiative EIN Agy # UIA etc.) Status Organization Number Agency Amount (Council, MOC, *",2009,rescind,,,Southeast Queens Multiservice Senior Center,Howard Beach Senior Center,237187548,-30000,DFTA,125,003,,ocr:lowconf
7,2009-04-22,"Geriatric Mental Health Initiative EIN Agy # UIA etc.) Status Organization Number Agency Amount (Council, MOC, *",2009,designate,,,"Southeast Queens Multiservice Senior Citizens Center, Inc.",Howard Beach Senior Center,237287548,30000,DFTA,125,003,,ocr:lowconf
7,2009-04-22,"Geriatric Mental Health Initiative EIN Agy # UIA etc.) Status Organization Number Agency Amount (Council, MOC, *",2009,rescind,,,"American-ltalian Coalition of Organizations, Inc. (AMICO)",,112488439,-30000,DFTA,125,003,,ocr:lowconf
7,2009-04-22,"Geriatric Mental Health Initiative EIN Agy # UIA etc.) Status Organization Number Agency Amount (Council, MOC, *",2009,designate,,,"American-ltalian Coalition of Organizations, Inc. (AMICO)",,112649513,30000,DFTA,125,003,,
7,2009-04-22,"Geriatric Mental Health Initiative EIN Agy # UIA etc.) Status Organization Number Agency Amount (Council, MOC, *",2009,rescind,,,Harlem Hospital Center,Hip Hop Stroke Program,133092676,-250000,DOHMH,816,113,,ocr:lowconf
7,2009-04-22,"Geriatric Mental Health Initiative EIN Agy # UIA etc.) Status Organization Number Agency Amount (Council, MOC, *",2009,rescind,,,Lincoln Medical and Mental Health Center,,133040671,-50000,DOHMH,816,113,,ocr:lowconf
7,2009-04-22,"Geriatric Mental Health Initiative EIN Agy # UIA etc.) Status Organization Number Agency Amount (Council, MOC, *",2009,rescind,,,Queens Hospital Center,,132655001,-50000,DOHMH,816,113,,ocr:lowconf
7,2009-04-22,"Geriatric Mental Health Initiative EIN Agy # UIA etc.) Status Organization Number Agency Amount (Council, MOC, *",2009,designate,,,Harlem Hospital Center,Hip Hop Stroke Program,133092676,250000,HHC,819,001,,
7,2009-04-22,"Geriatric Mental Health Initiative EIN Agy # UIA etc.) Status Organization Number Agency Amount (Council, MOC, *",2009,designate,,,Lincoln Medical and Mental Health Center,,133040671,50000,HHC,819,001,,ocr:lowconf
7,2009-04-22,"Geriatric Mental Health Initiative EIN Agy # UIA etc.) Status Organization Number Agency Amount (Council, MOC, *",2009,designate,,,Queens Hospital Center,,132655001,50000,HHC,819,001,,ocr:lowconf
7,2009-04-22,"Geriatric Mental Health Initiative EIN Agy # UIA etc.) Status Organization Number Agency Amount (Council, MOC, *",2009,rescind,,,Upper Manhattan Council Assisting Neighbors,,134042093,-11637,HPD,806,009,,*;ocr:lowconf;ocr:cellspan
7,2009-04-22,"Geriatric Mental Health Initiative EIN Agy # UIA etc.) Status Organization Number Agency Amount (Council, MOC, *",2009,designate,,,Bronx Heights Neighborhood Community Corporation,,132883903,,HPD,806,009,,ocr:amt;ocr:lowconf
7,2009-04-22,"Geriatric Mental Health Initiative EIN Agy # UIA etc.) Status Organization Number Agency Amount (Council, MOC, *",2009,designate,,,"Community League of the Heights, Inc.",,132564241,11637,HPD,806,009,,ocr:lowconf
7,2009-04-22,"Geriatric Mental Health Initiative EIN Agy # UIA etc.) Status Organization Number Agency Amount (Council, MOC, *",2009,designate,,,Belmont Arthur Avenue Local Development Organization,,133020589,,HPD,806,009,,ocr:amt;ocr:lowconf
7,2009-04-22,"Geriatric Mental Health Initiative EIN Agy # UIA etc.) Status Organization Number Agency Amount (Council, MOC, *",2009,designate,,Bronx,"Bronx Community Pride Center, Inc.",,061552851,48540,DOHMH,816,112,,ocr:lowconf
7,2009-04-22,"Geriatric Mental Health Initiative EIN Agy # UIA etc.) Status Organization Number Agency Amount (Council, MOC, *",2009,designate,,Bronx,"New York Harm Reduction Educators, inc.",,133678499,,DOHMH,816,112,,ocr:amt;ocr:lowconf
7,2009-04-22,"Geriatric Mental Health Initiative EIN Agy # UIA etc.) Status Organization Number Agency Amount (Council, MOC, *",2009,designate,,Bronx,"Vocational Instruction Project Community Services, Inc.",,133224700,,DOHMH,816,112,,ocr:amt;ocr:lowconf
7,2009-04-22,"Geriatric Mental Health Initiative EIN Agy # UIA etc.) Status Organization Number Agency Amount (Council, MOC, *",2009,designate,,Bronx,"Bronx Addiction Services Integrated Concepts Systems, Inc. (BASICS)",,133244626,,DOHMH,816,112,,ocr:amt;ocr:lowconf
7,2009-04-22,"Geriatric Mental Health Initiative EIN Agy # UIA etc.) Status Organization Number Agency Amount (Council, MOC, *",2009,designate,,Bronx,"Osborne Association, Inc., The",,135563028,,DOHMH,816,112,,ocr:amt
7,2009-04-22,"Geriatric Mental Health Initiative EIN Agy # UIA etc.) Status Organization Number Agency Amount (Council, MOC, *",2009,designate,,Bronx,"Health People, Inc.",,510418243,,DOHMH,816,112,,ocr:amt;ocr:lowconf
7,2009-04-22,"Geriatric Mental Health Initiative EIN Agy # UIA etc.) Status Organization Number Agency Amount (Council, MOC, *",2009,designate,,Brooklyn,"Bedford Stuyvesant Family Health Center, Inc.",,112412205,,DOHMH,816,112,,ocr:amt;ocr:lowconf
7,2009-04-22,"Geriatric Mental Health Initiative EIN Agy # UIA etc.) Status Organization Number Agency Amount (Council, MOC, *",2009,designate,,Brooklyn,Make the Road New York,,113344389,,DOHMH,816,112,,ocr:amt;ocr:lowconf
7,2009-04-22,"Geriatric Mental Health Initiative EIN Agy # UIA etc.) Status Organization Number Agency Amount (Council, MOC, *",2009,designate,,Brooklyn,"Amethyst Women's Project, Inc.",,113505513,,DOHMH,816,112,,ocr:amt
7,2009-04-22,"Geriatric Mental Health Initiative EIN Agy # UIA etc.) Status Organization Number Agency Amount (Council, MOC, *",2009,designate,,Brooklyn,Housing Works Health Services II,,133818122,,DOHMH,816,112,,ocr:amt;ocr:lowconf
7,2009-04-22,"Geriatric Mental Health Initiative EIN Agy # UIA etc.) Status Organization Number Agency Amount (Council, MOC, *",2009,designate,,Brooklyn,"After Hours Project, Inc.",,331007278,,DOHMH,816,112,,ocr:amt;ocr:lowconf
7,2009-04-22,"Geriatric Mental Health Initiative EIN Agy # UIA etc.) Status Organization Number Agency Amount (Council, MOC, *",2009,designate,,Brooklyn,"Brooklyn AIDS Task Force, Inc.",,113031208,,DOHMH,816,112,,ocr:amt;ocr:lowconf
7,2009-04-22,"Geriatric Mental Health Initiative EIN Agy # UIA etc.) Status Organization Number Agency Amount (Council, MOC, *",2009,designate,,Brooklyn,"Discipleship Outreach Ministries, Inc. (Turning Point)",,112838138,,DOHMH,816,112,,ocr:amt;ocr:lowconf
7,2009-04-22,"Geriatric Mental Health Initiative EIN Agy # UIA etc.) Status Organization Number Agency Amount (Council, MOC, *",2009,designate,,Brooklyn,"Caribbean Women's Health Association, Inc.",,133323168,,DOHMH,816,112,,ocr:amt;ocr:lowconf
7,2009-04-22,"Geriatric Mental Health Initiative EIN Agy # UIA etc.) Status Organization Number Agency Amount (Council, MOC, *",2009,designate,,Brooklyn,"Life Force: Women Fighting AIDS, Inc.",,113060772,,DOHMH,816,112,,ocr:amt;ocr:lowconf
7,2009-04-22,"Geriatric Mental Health Initiative EIN Agy # UIA etc.) Status Organization Number Agency Amount (Council, MOC, *",2009,designate,,Brooklyn,"Haitian Centers Council, Inc.",,112648501,,DOHMH,816,112,,ocr:amt;ocr:lowconf
7,2009-04-22,"Geriatric Mental Health Initiative EIN Agy # UIA etc.) Status Organization Number Agency Amount (Council, MOC, *",2009,designate,,Manhattan,Covenant House New York/Under 21 Inc.,,133076376,48540,DOHMH,816,112,,
7,2009-04-22,"Geriatric Mental Health Initiative EIN Agy # UIA etc.) Status Organization Number Agency Amount (Council, MOC, *",2009,designate,,Manhattan,Ali Forney Center,,300104507,48540,DOHMH,816,112,,ocr:lowconf
7,2009-04-22,"Geriatric Mental Health Initiative EIN Agy # UIA etc.) Status Organization Number Agency Amount (Council, MOC, *",2009,designate,,Manhattan,"Gay Men's Health Crisis, Inc.",,133130146,48540,DOHMH,816,112,,ocr:lowconf
7,2009-04-22,"Geriatric Mental Health Initiative EIN Agy # UIA etc.) Status Organization Number Agency Amount (Council, MOC, *",2009,designate,,Manhattan,"AIDS Service Center of Lower Manhattan, Inc.",,133562071,,DOHMH,816,112,,ocr:amt;ocr:lowconf
7,2009-04-22,"Geriatric Mental Health Initiative EIN Agy # UIA etc.) Status Organization Number Agency Amount (Council, MOC, *",2009,designate,,Manhattan,"Bailey House, Inc.",,133165181,,DOHMH,816,112,,ocr:amt
7,2009-04-22,"Geriatric Mental Health Initiative EIN Agy # UIA etc.) Status Organization Number Agency Amount (Council, MOC, *",2009,designate,,Manhattan,"HELP/PSI, Inc.",,133464470,,DOHMH,816,112,,ocr:amt;ocr:lowconf
7,2009-04-22,"Geriatric Mental Health Initiative EIN Agy # UIA etc.) Status Organization Number Agency Amount (Council, MOC, *",2009,designate,,Manhattan,African Services Committee,,133749744,,DOHMH,816,112,,ocr:amt;ocr:lowconf
7,2009-04-22,"Geriatric Mental Health Initiative EIN Agy # UIA etc.) Status Organization Number Agency Amount (Council, MOC, *",2009,designate,,Manhattan,"Community Healthcare Network, Inc.",,133083068,,DOHMH!,816,112,,ocr:amt;ocr:agency;ocr:lowconf
7,2009-04-22,"Geriatric Mental Health Initiative EIN Agy # UIA etc.) Status Organization Number Agency Amount (Council, MOC, *",2009,designate,,Manhattan,"Asian & Pacific Islander Coalition on HIVIAIDS, Inc.",,133706365,,DOHMH,816,112,,ocr:amt;ocr:lowconf
7,2009-04-22,"Geriatric Mental Health Initiative EIN Agy # UIA etc.) Status Organization Number Agency Amount (Council, MOC, *",2009,designate,,Manhattan,"Latino Commision on AIDS, Inc.",,133629466,,DOHMHI,816,112,,ocr:amt;ocr:agency;ocr:lowconf
7,2009-04-22,"Geriatric Mental Health Initiative EIN Agy # UIA etc.) Status Organization Number Agency Amount (Council, MOC, *",2009,designate,,Manhattan,"Momentum Project, Inc., The",,133556768,,DOHMH:,816,112,,ocr:amt;ocr:agency;ocr:lowconf
7,2009-04-22,"Geriatric Mental Health Initiative EIN Agy # UIA etc.) Status Organization Number Agency Amount (Council, MOC, *",2009,designate,,Manhattan,"Community Research Initiative on AIDS, Inc. (d/bla AIDS Community Research Initiative of America)",,133632234,,DOHMH,816,112,,ocr:amt
7,2009-04-22,"Geriatric Mental Health Initiative EIN Agy # UIA etc.) Status Organization Number Agency Amount (Council, MOC, *",2009,designate,,Manhattan,"FACES NY, Inc.",,133449087,,DOHMH:,816,112,,ocr:amt;ocr:agency;ocr:lowconf
7,2009-04-22,"Geriatric Mental Health Initiative EIN Agy # UIA etc.) Status Organization Number Agency Amount (Council, MOC, *",2009,designate,,Queens,"AIDS Center of Queens County, Inc.",,112837894,42068,DOHMH,816,112,,
7,2009-04-22,"Geriatric Mental Health Initiative EIN Agy # UIA etc.) Status Organization Number Agency Amount (Council, MOC, *",2009,designate,,Queens,"Clergy United for Community Empowerment, Inc.",,113030795,,DOHMH,816,112,,ocr:amt;ocr:lowconf
7,2009-04-22,"Geriatric Mental Health Initiative EIN Agy # UIA etc.) Status Organization Number Agency Amount (Council, MOC, *",2009,designate,,Bronx,"Bronx AIDS Services, Inc.",,133599121,,DOHMH,816,112,,ocr:amt
7,2009-04-22,"Geriatric Mental Health Initiative EIN Agy # UIA etc.) Status Organization Number Agency Amount (Council, MOC, *",2009,designate,,Bronx,"Citiwide Harm Reduction Program, Inc.",,134009817,,DOHMH,816,112,,ocr:amt
7,2009-04-22,"Geriatric Mental Health Initiative EIN Agy # UIA etc.) Status Organization Number Agency Amount (Council, MOC, *",2009,designate,,Bronx,St. Ann's Corner of Harm Reduction,,133724008,,DOHMH,816,112,,ocr:amt;ocr:lowconf
7,2009-04-22,"Geriatric Mental Health Initiative EIN Agy # UIA etc.) Status Organization Number Agency Amount (Council, MOC, *",2009,designate,,Brooklyn,"United Community Centers, Inc.",,111950787,,DOHMH,816,112,,ocr:amt;ocr:lowconf
7,2009-04-22,"Geriatric Mental Health Initiative EIN Agy # UIA etc.) Status Organization Number Agency Amount (Council, MOC, *",2009,designate,,Brooklyn,Black Veterans for Social Justice,,112608983,,DOHMH,816,112,,ocr:amt;ocr:lowconf
7,2009-04-22,"Geriatric Mental Health Initiative EIN Agy # UIA etc.) Status Organization Number Agency Amount (Council, MOC, *",2009,designate,,Brooklyn,Arthur Ashe Institute for Urban Health,,113185372,,DOHMH!,816,112,,ocr:amt;ocr:agency;ocr:lowconf
7,2009-04-22,"Geriatric Mental Health Initiative EIN Agy # UIA etc.) Status Organization Number Agency Amount (Council, MOC, *",2009,designate,,Brooklyn,"La Nueva Esperanza, Inc.",,204393724,,DOHMH,816,112,,ocr:amt;ocr:lowconf
7,2009-04-22,"Geriatric Mental Health Initiative EIN Agy # UIA etc.) Status Organization Number Agency Amount (Council, MOC, *",2009,designate,,Manhattan,Iris House,"A Center For Women Living with HIVIAIDS, Inc.",133699201,,DOHMHI,816,112,,ocr:amt;ocr:agency;ocr:lowconf
7,2009-04-22,"Geriatric Mental Health Initiative EIN Agy # UIA etc.) Status Organization Number Agency Amount (Council, MOC, *",2009,designate,,Manhattan,Gay Men of African Descent (GMAD),,133597820,,DOHMH,816,112,,ocr:amt;ocr:lowconf
7,2009-04-22,"Geriatric Mental Health Initiative EIN Agy # UIA etc.) Status Organization Number Agency Amount (Council, MOC, *",2009,designate,,Manhattan,"Exponents, Inc.",,133572677,,DOHMH,816,112,,ocr:amt
7,2009-04-22,"Geriatric Mental Health Initiative EIN Agy # UIA etc.) Status Organization Number Agency Amount (Council, MOC, *",2009,designate,,Manhattan,Love Heals,,133693776,,DOHMH,816,112,,ocr:amt;ocr:lowconf
7,2009-04-22,"Geriatric Mental Health Initiative EIN Agy # UIA etc.) Status Organization Number Agency Amount (Council, MOC, *",2009,designate,,Queens,Voces Latina Corp.,,202312651,,DOHMH,816,112,,ocr:amt;ocr:lowconf
7,2009-04-22,"Geriatric Mental Health Initiative EIN Agy # UIA etc.) Status Organization Number Agency Amount (Council, MOC, *",2009,designate,,Staten Island,Community Health Action of Staten Island (formerly SI Aids Taskforce),,133556132,,DOHMH,816,112,,ocr:amt;ocr:lowconf
7,2009-04-22,"Geriatric Mental Health Initiative EIN Agy # UIA etc.) Status Organization Number Agency Amount (Council, MOC, *",2009,designate,,Citywide,"Community Resource Exchange, Inc. (CRE)",,133048638,161800,DOHMH,816,112,,ocr:lowconf
7,2009-04-22,"Geriatric Mental Health Initiative EIN Agy # UIA etc.) Status Organization Number Agency Amount (Council, MOC, *",2009,designate,,Administrative,Public Health Solutions,,135669201,124800,DOHMH,816,112,,
7,2009-04-22,"Geriatric Mental Health Initiative EIN Agy # UIA etc.) Status Organization Number Agency Amount (Council, MOC, *",2009,designate,,,Bridge Street Development Corporation,,113250772,30700,MISC,098,002,,
7,2009-04-22,"Geriatric Mental Health Initiative EIN Agy # UIA etc.) Status Organization Number Agency Amount (Council, MOC, *",2009,designate,,,"Bronx Heritage Society, Inc.",,134006621,15179,MISC,098,002,,
7,2009-04-22,"Geriatric Mental Health Initiative EIN Agy # UIA etc.) Status Organization Number Agency Amount (Council, MOC, *",2009,designate,,,Brooklyn Ballers Sports Youth and Education Corp.,,651209020,13544,MISC,098,002,,ocr:lowconf
7,2009-04-22,"Geriatric Mental Health Initiative EIN Agy # UIA etc.) Status Organization Number Agency Amount (Council, MOC, *",2009,designate,,,"Brooklyn Chinese-American Association, Inc.",,113065859,29797,MISC,098,002,,ocr:lowconf
7,2009-04-22,"Geriatric Mental Health Initiative EIN Agy # UIA etc.) Status Organization Number Agency Amount (Council, MOC, *",2009,designate,,,"Casita Maria, Inc.",,131623994,19400,MISC,098,002,,ocr:lowconf
7,2009-04-22,"Geriatric Mental Health Initiative EIN Agy # UIA etc.) Status Organization Number Agency Amount (Council, MOC, *",2009,designate,,,"Centro Hispano Cuzcatlan, Inc.",,113559496,24243,MISC,098,002,,ocr:lowconf
7,2009-04-22,"Geriatric Mental Health Initiative EIN Agy # UIA etc.) Status Organization Number Agency Amount (Council, MOC, *",2009,designate,,,"Council for Unity, Inc.",,112880221,21428,MISC,098,002,,
7,2009-04-22,"Geriatric Mental Health Initiative EIN Agy # UIA etc.) Status Organization Number Agency Amount (Council, MOC, *",2009,designate,,,"East Harlem Employment Services, Inc.",,133255679,,MISC,098,002,,ocr:amt
7,2009-04-22,"Geriatric Mental Health Initiative EIN Agy # UIA etc.) Status Organization Number Agency Amount (Council, MOC, *",2009,designate,,,"East River Development Alliance, Inc.",,861096987,49957,MISC,098,002,,ocr:lowconf
7,2009-04-22,"Geriatric Mental Health Initiative EIN Agy # UIA etc.) Status Organization Number Agency Amount (Council, MOC, *",2009,designate,,,"Family Justice, Inc.",,134164404,22550,MISC,098,002,,
7,2009-04-22,"Geriatric Mental Health Initiative EIN Agy # UIA etc.) Status Organization Number Agency Amount (Council, MOC, *",2009,designate,,,Fordham Bedford,Children's Services,133805049,35000,MISC,098,002,,ocr:lowconf
7,2009-04-22,"Geriatric Mental Health Initiative EIN Agy # UIA etc.) Status Organization Number Agency Amount (Council, MOC, *",2009,designate,,,"Global Kids, Inc.",,133629485,17959,MISC,098,002,,
7,2009-04-22,"Geriatric Mental Health Initiative EIN Agy # UIA etc.) Status Organization Number Agency Amount (Council, MOC, *",2009,designate,,,"Grand Street Settlement, Inc.",,135562230,25000,MISC,098,002,,
7,2009-04-22,"Geriatric Mental Health Initiative EIN Agy # UIA etc.) Status Organization Number Agency Amount (Council, MOC, *",2009,designate,,,"Greater Ridgewood Youth Council, Inc.",,112518141,25413,MISC,098,002,,
7,2009-04-22,"Geriatric Mental Health Initiative EIN Agy # UIA etc.) Status Organization Number Agency Amount (Council, MOC, *",2009,designate,,,Greenhope Services for Women,,132813350,17025,MISC,098,002,,ocr:lowconf
7,2009-04-22,"Geriatric Mental Health Initiative EIN Agy # UIA etc.) Status Organization Number Agency Amount (Council, MOC, *",2009,designate,,,Junior High School 265,Beacon Program,136400434,4000,MISC,098,002,,
7,2009-04-22,"Geriatric Mental Health Initiative EIN Agy # UIA etc.) Status Organization Number Agency Amount (Council, MOC, *",2009,designate,,,"Kingsbridge Heights Community Center, Inc.",,132813809,26250,MISC,098,002,,
7,2009-04-22,"Geriatric Mental Health Initiative EIN Agy # UIA etc.) Status Organization Number Agency Amount (Council, MOC, *",2009,designate,,,"Life Camp, Inc.",,200814999,47224,MISC,098,002,,
7,2009-04-22,"Geriatric Mental Health Initiative EIN Agy # UIA etc.) Status Organization Number Agency Amount (Council, MOC, *",2009,designate,,,Lincoln Square Business Improvement District,,133922300,25000,MISC,098,002,,
7,2009-04-22,"Geriatric Mental Health Initiative EIN Agy # UIA etc.) Status Organization Number Agency Amount (Council, MOC, *",2009,designate,,,"Mary Mitchell Youth and Family Center, Inc.",,133385032,30000,MISC,098,002,,ocr:lowconf
7,2009-04-22,"Geriatric Mental Health Initiative EIN Agy # UIA etc.) Status Organization Number Agency Amount (Council, MOC, *",2009,designate,,,"Maspeth Town Hall, Inc.",,237259702,25594,MISC,098,002,,
7,2009-04-22,"Geriatric Mental Health Initiative EIN Agy # UIA etc.) Status Organization Number Agency Amount (Council, MOC, *",2009,designate,,,"Project Hospitality, Inc.",,133234441,25000,MISC,098,002,,
7,2009-04-22,"Geriatric Mental Health Initiative EIN Agy # UIA etc.) Status Organization Number Agency Amount (Council, MOC, *",2009,designate,,,"Ridgewood Bushwick Senior Citizens Council, Inc.-Hope Gardens Multi-Service Center",,112453853,59417,MISC,098,002,,ocr:lowconf
7,2009-04-22,"Geriatric Mental Health Initiative EIN Agy # UIA etc.) Status Organization Number Agency Amount (Council, MOC, *",2009,designate,,,"Samuel Field YM & YWHA, Inc.",,113071518,25594,MISC,098,002,,
7,2009-04-22,"Geriatric Mental Health Initiative EIN Agy # UIA etc.) Status Organization Number Agency Amount (Council, MOC, *",2009,designate,,,"South Queens Boys and Girls Club, Inc.",,111966067,33935,MISC,098,002,,ocr:lowconf
7,2009-04-22,"Geriatric Mental Health Initiative EIN Agy # UIA etc.) Status Organization Number Agency Amount (Council, MOC, *",2009,designate,,,"Stepping Stones Ministries, Inc.",,,18746,MISC,098,002,,ocr:ein
7,2009-04-22,"Geriatric Mental Health Initiative EIN Agy # UIA etc.) Status Organization Number Agency Amount (Council, MOC, *",2009,designate,,,Supportive Childrens Advocacy Network (SCAN),,132912963,30000,MISC,098,002,,ocr:lowconf
7,2009-04-22,"Geriatric Mental Health Initiative EIN Agy # UIA etc.) Status Organization Number Agency Amount (Council, MOC, *",2009,designate,,,"United Coalition Association, Inc.",,202268752,15435,MISC,098,002,,ocr:lowconf
7,2009-04-22,"Geriatric Mental Health Initiative EIN Agy # UIA etc.) Status Organization Number Agency Amount (Council, MOC, *",2009,designate,,,"United Puerto Rican Organizations of Sunset Park (UPROSE), Inc.",,112490531,19112,MISC,098,002,,
7,2009-04-22,"Geriatric Mental Health Initiative EIN Agy # UIA etc.) Status Organization Number Agency Amount (Council, MOC, *",2009,designate,,,Young Men's Christian Association of Greater New York,Cross Island YMCA,131624228,17272,MISC,098,002,,ocr:lowconf
7,2009-04-22,"Geriatric Mental Health Initiative EIN Agy # UIA etc.) Status Organization Number Agency Amount (Council, MOC, *",2009,designate,,,Young Men's Christian Association of Greater New York,Staten Island YMCA,131624228,75753,MISC,098,002,,
7,2009-04-22,"Geriatric Mental Health Initiative EIN Agy # UIA etc.) Status Organization Number Agency Amount (Council, MOC, *",2009,designate,,,Young Men's Christian Association of Greater New York,West Side YMCA,131624228,789,MISC,098,002,,ocr:lowconf
7,2009-04-22,"Geriatric Mental Health Initiative EIN Agy # UIA etc.) Status Organization Number Agency Amount (Council, MOC, *",2009,designate,,,Youth Ministries For Peace and Justice,,134006535,25000,MISC,098,002,,ocr:lowconf
7,2009-04-22,"Geriatric Mental Health Initiative EIN Agy # UIA etc.) Status Organization Number Agency Amount (Council, MOC, *",2009,designate,,,Yusef Iman Memorial Institute,,550837964,23751,MISC,098,002,,ocr:lowconf
8,2009-05-20,,2009,designate,,Gerson,"Carnegie Council Fund, Inc.",,134185528,,DYCD,260,312,,ocr:amt
8,2009-05-20,,2009,designate,,Gerson,"Carnegie Council for Ethics in International Affairs, Inc.",,131573954,3500,DYCD,260,005,,
8,2009-05-20,,2009,rescind,,"CC, BLAC, Dickens",NAACP New York City ACT-SO,,131998814,-15000,DYCD,260,312,,
8,2009-05-20,,2009,designate,,"Cc, BLAC, Dickens",NAACP New York City ACT-SO,,202538102,15000,DYCD,260,312,,ocr:lowconf
8,2009-05-20,,2009,rescind,,Dickens,"Studio Museum in Harlem, The",,132500805,-5000,DCA,126,021,,
8,2009-05-20,,2009,designate,,Dickens,"Studio Museum in Harlem, The",,132590805,5000,DCA,126,021,,
8,2009-05-20,,2009,rescind,,Arroyo,"Hunts Point Multi-Service Center, Inc.",,132612592,-60000,DFTA,125,003,,
8,2009-05-20,,2009,rescind,,"CC, Arroyo","Hunts Point Multi- Service Center, Inc.",,132612592,-20000,DFTA,125,003,,ocr:lowconf
8,2009-05-20,,2009,designate,,Arroyo,"Hunts Point Mult-Service Center, inc.",,132612532,60000,DFTA,125,003,,ocr:lowconf
8,2009-05-20,,2009,designate,,"CC, Arroyo","Hunts Point Multi- Service Center, Inc.",,132612532,20000,DFTA,125,003,,ocr:lowconf
8,2009-05-20,,2009,rescind,,Ignizio,"Alliance of Guardian Angels, The",,112592739,-20000,DYCD,260,005,,ocr:lowconf
8,2009-05-20,,2009,designate,,Ignizio,"United Activities Unlimited, Inc.",,132921483,20000,DYCD,260,312,,ocr:lowconf
8,2009-05-20,,2009,rescind,,Neison,Chaim Meir Camp Fund,,117169040,-10000,DYCD,260,312,,
8,2009-05-20,,2009,rescind,,Mitchell,St Stanislaus Kostka Church,,135564133,-70000,DYCD,260,312,,ocr:lowconf
8,2009-05-20,,2009,designate,,Mitchell,St Stanislaus Kostka Church,,135564133,70000,DYCD,260,312,,ocr:lowconf
8,2009-05-20,,2009,rescind,,Jackson,"Parodneck Foundation for Self-Help Housing and Community Development, Inc.. The",,112229635,-4000,DYCD,260,005,,ocr:lowconf
8,2009-05-20,,2009,designate,,Jackson,"Community Assisted Tenant Controlled Housing, Inc.",,133706059,4000,DYCD,260,005,,ocr:lowconf
8,2009-05-20,,2009,rescind,,Fidler,"Jewish Community Council of Canarsie, inc.",,112608645,-27500,DFTA,125,003,,ocr:lowconf
8,2009-05-20,,2009,designate,,Fidier,"Jewish Community Council of Canarsie, Inc.",,112608645,27500,DFTA,125,003,,ocr:lowconf
8,2009-05-20,,2009,rescind,,Arroyo,"Hunts Point Multi-Service Center, Inc.","Borinquen Court, Maria Isabel",132612592,-7573,DFTA,125,003,,ocr:lowconf
8,2009-05-20,,2009,designate,,Arroyo,"Hunts Point Multi-Service Center, Inc.","Borinquen Court, Maria Isabel",132612532,7573,DFTA,125,003,,ocr:lowconf
8,2009-05-20,,2009,rescind,,Palma,Temple Emmanuel at Parkchester,Sisterhood,131853772,-5000,DFTA,125,003,,ocr:lowconf
8,2009-05-20,,2009,designate,,Palma,Temple Emmanuel at Parkchester Sisterhood,,131853772,5000,DFTA,125,003,,ocr:lowconf
8,2009-05-20,,2009,rescind,,Mitchell,"Community Agency for Senior Citizens, Inc.",,133263537,-4000,DFTA,125,003,,ocr:lowconf
8,2009-05-20,,2009,designate,,Mitchell,"Community Agency for Senior Citizens, Inc.",New Lane Senior Center,133263537,4000,DFTA,125,003,,
8,2009-05-20,,2009,rescind,,Neison,Bikur Cholim Nefesh Chaya Tiferes Yosef of Flatbush,,112760065,-6000,DFTA,125,003,,
8,2009-05-20,,2009,designate,,Nelson,"Bikur Cholim of Flatbush Nefesh Chaya Tiferes Yosef Yad L'Cholim, Inc.",,112760065,6000,DFTA,125,003,,
8,2009-05-20,,2009,rescind,,Eugene,"Council of Jewish Organizations of Flatbush, Inc.",,112864728,-6000,DFTA,125,003,,
8,2009-05-20,,2009,rescind,,Stewart,"Council of Jewish Organizations of Flatbush, inc.",,112864728,-10000,DFTA,125,003,,ocr:lowconf
8,2009-05-20,,2009,rescind,,Yassky,"Council of Jewish Organizations of Flatbush, Inc.",,112864728,-10000,DFTA,125,003,,ocr:lowconf
8,2009-05-20,,2009,designate,,Eugene,"Counci of Jewish Organizations of Flatbush, Inc.",,112864728,6000,DFTA,125,003,,ocr:lowconf
8,2009-05-20,,2009,designate,,Stewart,"Council of Jewish Organizations of Flatbush, Inc.",,112864728,10000,DFTA,125,003,,ocr:lowconf
8,2009-05-20,,2009,designate,,Yassky,"Council of Jewish Organizations of Flatbush, Inc.",,112864728,10000,DFTA,125,003,,ocr:lowconf
8,2009-05-20,,2009,rescind,,Monserrate,"Jackson Heights-Elmhurst Kehillah, Inc.",,112643410,-25250,DFTA,125,003,,ocr:lowconf
8,2009-05-20,,2009,designate,,Ferraras,"Jackson Heights-E Elmhurst Kehillah, Inc.",,112643410,25250,DFTA,125,003,,ocr:lowconf
8,2009-05-20,,2009,rescind,,Nelson,"Jewish Community Council of Kings Bay, Inc.",,112714997,-6500,I DFTA,125,003,,ocr:agency;ocr:lowconf
8,2009-05-20,,2009,designate,,Nelson,"Jewish Community Council of Kings Bay, Inc.",,112714997,6500,DFTA,125,003,,
8,2009-05-20,,2009,rescind,,Jackson,Washington Heights-Inwood Preservation and Restoration Corporation,,132944830,-8000,DFTA,125,003,,ocr:lowconf
8,2009-05-20,,2009,rescind,,Martinez,Washington Heights-Inwood Preservation and Restoration Corporation,,132944830,-5000,DFTA,125,003,,ocr:lowconf
8,2009-05-20,,2009,designate,,Jackson,Washington Heights-Inwood Preservation and Restoration Corporation,,132944830,8000,DFTA,125,003,,ocr:lowconf
8,2009-05-20,,2009,designate,,Martinez,Washington Heights-Inwood Preservation and Restoration Corporation,,132944830,5000,DFTA,125,003,,ocr:lowconf
8,2009-05-20,"Youth Discretionary Status (Council, MOC, etc) Member Organization EINI Number Agencv Amount Aav# Fiscal Conduit/Sponsoring Organization Fiscal Conduit EIN UIA",2009,rescind,,Ignizio,"Zimmer Club Youth Conservation Program of Staten Island, Inc.",,352262561,-5000,DYCD,260,312,,ocr:lowconf
8,2009-05-20,"Youth Discretionary Status (Council, MOC, etc) Member Organization EINI Number Agencv Amount Aav# Fiscal Conduit/Sponsoring Organization Fiscal Conduit EIN UIA",2009,rescind,,Oddo,"Zimmer Club Youth Conservation Program of Staten Island, Inc.",,352262561,-3500,DYCD,260,312,,ocr:lowconf
8,2009-05-20,"Youth Discretionary Status (Council, MOC, etc) Member Organization EINI Number Agencv Amount Aav# Fiscal Conduit/Sponsoring Organization Fiscal Conduit EIN UIA",2009,designate,,Ignizio,"Zimmer Club Youth Conservation Program of Staten Island, Inc.",,352262651,5000,DYCD,260,312,,ocr:lowconf
8,2009-05-20,"Youth Discretionary Status (Council, MOC, etc) Member Organization EINI Number Agencv Amount Aav# Fiscal Conduit/Sponsoring Organization Fiscal Conduit EIN UIA",2009,designate,,Oddo,"Zimmer Club Youth Conservation Program of Staten Island, inc.",,352262651,3500,DYCD,260,312,,ocr:lowconf
8,2009-05-20,"Youth Discretionary Status (Council, MOC, etc) Member Organization EINI Number Agencv Amount Aav# Fiscal Conduit/Sponsoring Organization Fiscal Conduit EIN UIA",2009,rescind,,Brewer,NAACP New York City ACT-SO,,131998814,-3500,DYCD,260,312,,
8,2009-05-20,"Youth Discretionary Status (Council, MOC, etc) Member Organization EINI Number Agencv Amount Aav# Fiscal Conduit/Sponsoring Organization Fiscal Conduit EIN UIA",2009,rescind,,Eugene,NAACP New York City ACT-SO,,131998814,-20000,DYCD,260,312,,ocr:lowconf
8,2009-05-20,"Youth Discretionary Status (Council, MOC, etc) Member Organization EINI Number Agencv Amount Aav# Fiscal Conduit/Sponsoring Organization Fiscal Conduit EIN UIA",2009,rescind,,Mealy,NAACP New York City ACT-SO,,131998814,-5000,DYCD,260,312,,
8,2009-05-20,"Youth Discretionary Status (Council, MOC, etc) Member Organization EINI Number Agencv Amount Aav# Fiscal Conduit/Sponsoring Organization Fiscal Conduit EIN UIA",2009,designate,,Brewer,NAACP New York City ACT-SO,,202538102,3500,DYCD,260,312,,ocr:lowconf;ocr:cellspan
8,2009-05-20,"Youth Discretionary Status (Council, MOC, etc) Member Organization EINI Number Agencv Amount Aav# Fiscal Conduit/Sponsoring Organization Fiscal Conduit EIN UIA",2009,designate,,Eugene,NAACP New York City ACT-SO,,202538102,20000,DYCD,260,312,,
8,2009-05-20,"Youth Discretionary Status (Council, MOC, etc) Member Organization EINI Number Agencv Amount Aav# Fiscal Conduit/Sponsoring Organization Fiscal Conduit EIN UIA",2009,designate,,Mealy,NAACP New York City ACT-SO,,202538102,5000,DYCD,260,312,,
8,2009-05-20,"Youth Discretionary Status (Council, MOC, etc) Member Organization EINI Number Agencv Amount Aav# Fiscal Conduit/Sponsoring Organization Fiscal Conduit EIN UIA",2009,rescind,,McMahon,Tabernacle Community Leaming and Resource Center,,237214095,-3714,DYCD,260,312,,
8,2009-05-20,"Youth Discretionary Status (Council, MOC, etc) Member Organization EINI Number Agencv Amount Aav# Fiscal Conduit/Sponsoring Organization Fiscal Conduit EIN UIA",2009,designate,,Mitchell,"Children's Aid Society, The",,135562191,3714,DYCD,260,312,,
8,2009-05-20,"Youth Discretionary Status (Council, MOC, etc) Member Organization EINI Number Agencv Amount Aav# Fiscal Conduit/Sponsoring Organization Fiscal Conduit EIN UIA",2009,rescind,,Mealy,"Flatbush Youth Association, Inc.",,113287922,-2000,DYCD,260,312,,ocr:lowconf
8,2009-05-20,"Youth Discretionary Status (Council, MOC, etc) Member Organization EINI Number Agencv Amount Aav# Fiscal Conduit/Sponsoring Organization Fiscal Conduit EIN UIA",2009,rescind,,Katz,"Project Lead, Inc.",,133761446,-10000,DYCD,260,312,,ocr:lowconf
8,2009-05-20,"Youth Discretionary Status (Council, MOC, etc) Member Organization EINI Number Agencv Amount Aav# Fiscal Conduit/Sponsoring Organization Fiscal Conduit EIN UIA",2009,rescind,,Sears,"Project Lead, Inc.",,133761446,-8500,DYCD,260,312,,
8,2009-05-20,"Youth Discretionary Status (Council, MOC, etc) Member Organization EINI Number Agencv Amount Aav# Fiscal Conduit/Sponsoring Organization Fiscal Conduit EIN UIA",2009,rescind,,Weprin,"Project Lead, Inc.",,133761446,-7000,DYCD,260,312,,ocr:lowconf
8,2009-05-20,"Youth Discretionary Status (Council, MOC, etc) Member Organization EINI Number Agencv Amount Aav# Fiscal Conduit/Sponsoring Organization Fiscal Conduit EIN UIA",2009,designate,,Katz,"Project Lead, Inc.",,133761446,10000,DYCD,260,312,,ocr:lowconf
8,2009-05-20,"Youth Discretionary Status (Council, MOC, etc) Member Organization EINI Number Agencv Amount Aav# Fiscal Conduit/Sponsoring Organization Fiscal Conduit EIN UIA",2009,designate,,Sears,"Project Lead, Inc.",,133761446,8500,DYCD,260,312,,ocr:lowconf
8,2009-05-20,"Youth Discretionary Status (Council, MOC, etc) Member Organization EINI Number Agencv Amount Aav# Fiscal Conduit/Sponsoring Organization Fiscal Conduit EIN UIA",2009,designate,,Weprin,"Project Lead, Inc.",,133761446,7000,DYCD,260,312,,ocr:lowconf
8,2009-05-20,"Youth Discretionary Status (Council, MOC, etc) Member Organization EINI Number Agencv Amount Aav# Fiscal Conduit/Sponsoring Organization Fiscal Conduit EIN UIA",2009,designate,,Fidler,Wildlife Conservation Society,Public School 277,131740011,,DYCD,260,312,,ocr:amt;ocr:lowconf
8,2009-05-20,"Youth Discretionary Status (Council, MOC, etc) Member Organization EINI Number Agencv Amount Aav# Fiscal Conduit/Sponsoring Organization Fiscal Conduit EIN UIA",2009,designate,,Fidler,Wildlife Conservation Society,Public School 312,131740011,,DYCD,260,312,,ocr:amt;ocr:lowconf
8,2009-05-20,"Youth Discretionary Status (Council, MOC, etc) Member Organization EINI Number Agencv Amount Aav# Fiscal Conduit/Sponsoring Organization Fiscal Conduit EIN UIA",2009,designate,,Fidler,"Brooklyn Arts Council, Inc.",Public School 277,237072915,,DYCD,260,312,,ocr:amt
8,2009-05-20,"Youth Discretionary Status (Council, MOC, etc) Member Organization EINI Number Agencv Amount Aav# Fiscal Conduit/Sponsoring Organization Fiscal Conduit EIN UIA",2009,designate,,Fidler,"BrooklynArts Council, Inc.",Public School 312,237072915,,DYCD,260,312,,ocr:amt;ocr:lowconf
8,2009-05-20,"Youth Discretionary Status (Council, MOC, etc) Member Organization EINI Number Agencv Amount Aav# Fiscal Conduit/Sponsoring Organization Fiscal Conduit EIN UIA",2009,designate,,Monserrate,"Thaila Spanish Theatre, Inc.",Public School 143,237448611,,DYCD,260,312,,ocr:amt;ocr:lowconf
8,2009-05-20,"Youth Discretionary Status (Council, MOC, etc) Member Organization EINI Number Agencv Amount Aav# Fiscal Conduit/Sponsoring Organization Fiscal Conduit EIN UIA",2009,designate,,Ferraras,"Thaila Spanish Theatre, Inc.",Public School 192,237448611,,DYCD,260,312,,ocr:amt;ocr:lowconf
8,2009-05-20,"Youth Discretionary Status (Council, MOC, etc) Member Organization EINI Number Agencv Amount Aav# Fiscal Conduit/Sponsoring Organization Fiscal Conduit EIN UIA",2009,rescind,,Brooklyn,Church of God of East Flatbush,,112939346,-6000,DYCD,260,005,,*;ocr:lowconf
8,2009-05-20,"Youth Discretionary Status (Council, MOC, etc) Member Organization EINI Number Agencv Amount Aav# Fiscal Conduit/Sponsoring Organization Fiscal Conduit EIN UIA",2009,designate,,Brooklyn,Friends of Crown Heights Educational Center,,112305641,6000,DYCD,260,005,,ocr:lowconf
8,2009-05-20,"Youth Discretionary Status (Council, MOC, etc) Member Organization EINI Number Agencv Amount Aav# Fiscal Conduit/Sponsoring Organization Fiscal Conduit EIN UIA",2009,rescind,,Staten island,St. Stanislaus Kostka Church,,135564133,-62500,DYCD,260,005,,**;ocr:lowconf
8,2009-05-20,"Youth Discretionary Status (Council, MOC, etc) Member Organization EINI Number Agencv Amount Aav# Fiscal Conduit/Sponsoring Organization Fiscal Conduit EIN UIA",2009,designate,,Staten Island,"St. Stanislaus Kostka Church""*",ESL/Civic,135564133,23400,DYCD,260,005,,ocr:lowconf
8,2009-05-20,"Youth Discretionary Status (Council, MOC, etc) Member Organization EINI Number Agencv Amount Aav# Fiscal Conduit/Sponsoring Organization Fiscal Conduit EIN UIA",2009,designate,,Staten Island,St. Stanislaus Kostka Church**,Immigrant Related Legal Services,135564133,39100,DYCD,260,005,,ocr:lowconf
8,2009-05-20,"Youth Discretionary Status (Council, MOC, etc) Member Organization EINI Number Agencv Amount Aav# Fiscal Conduit/Sponsoring Organization Fiscal Conduit EIN UIA",2009,rescind,,Bronx,New York State Defenders Association,Immigrant Defense Project,112461900,-25000,DYCD,260,005,,ocr:lowconf
8,2009-05-20,"Youth Discretionary Status (Council, MOC, etc) Member Organization EINI Number Agencv Amount Aav# Fiscal Conduit/Sponsoring Organization Fiscal Conduit EIN UIA",2009,designate,,Bronx,"Fund for the City of New York, Inc. Immigrant Defense Project",,132612524,25000,DYCD,260,005,,
8,2009-05-20,"Youth Discretionary Status (Council, MOC, etc) Member Organization EINI Number Agencv Amount Aav# Fiscal Conduit/Sponsoring Organization Fiscal Conduit EIN UIA",2009,rescind,,Comrie,"Jamaica Service Program for Older Adults, Inc. (JSPOA)",Robert Couche Senior Center,510204121,-20000,DFTA,125,003,,ocr:lowconf
8,2009-05-20,"Youth Discretionary Status (Council, MOC, etc) Member Organization EINI Number Agencv Amount Aav# Fiscal Conduit/Sponsoring Organization Fiscal Conduit EIN UIA",2009,designate,,Comrie,Merrill Park Civic Association of Springfield Gardens,Robert Couche Senior Center,112304928,20000,DFTA,125,003,,
8,2009-05-20,"Youth Discretionary Status (Council, MOC, etc) Member Organization EINI Number Agencv Amount Aav# Fiscal Conduit/Sponsoring Organization Fiscal Conduit EIN UIA",2009,rescind,,Barron,"Wayside Out-Reach Development, Inc.",,113528680,-30000,DFTA,125,003,,ocr:lowconf
8,2009-05-20,"Youth Discretionary Status (Council, MOC, etc) Member Organization EINI Number Agencv Amount Aav# Fiscal Conduit/Sponsoring Organization Fiscal Conduit EIN UIA",2009,designate,,Barron,"Wayside Out-Reach Development, Inc. Rosetta Gaston Senior Center",,113528680,30000,DFTA,125,003,,ocr:lowconf
