resolution,chart,ein,conduit_organization,conduit_ein,status
1,Local Initiatives Aav# FiscalConduit/Sponsoring Member EIN Number Agencv Amount UIA Conduit EIN Organization Organization Fiscal *,,Neighborhood Initiatives Development Corporation (NIDC),133110811,
1,Local Initiatives Aav# FiscalConduit/Sponsoring Member EIN Number Agencv Amount UIA Conduit EIN Organization Organization Fiscal *,133715149,Neighborhood. Initiatives Development Corporation (NIDC),133110811,
1,Local Initiatives Aav# FiscalConduit/Sponsoring Member EIN Number Agencv Amount UIA Conduit EIN Organization Organization Fiscal *,EX127215,Neighborhood Initiatives Development Corporation (NIDC),133110811,
1,Local Initiatives Aav# FiscalConduit/Sponsoring Member EIN Number Agencv Amount UIA Conduit EIN Organization Organization Fiscal *,132692936,Neighborhood Ihitiatives Development Corporation (NIDC),133110811,
1,Local Initiatives Aav# FiscalConduit/Sponsoring Member EIN Number Agencv Amount UIA Conduit EIN Organization Organization Fiscal *,EX151636,Neighborhood Initiatives Development Corporation (NIDC),133110811,
1,Local Initiatives Aav# FiscalConduit/Sponsoring Member EIN Number Agencv Amount UIA Conduit EIN Organization Organization Fiscal *,800198302,Neighborhood! Initiatives Development Corporation (NIDC),133110811,
1,Local Initiatives Aav# FiscalConduit/Sponsoring Member EIN Number Agencv Amount UIA Conduit EIN Organization Organization Fiscal *,,"Neighborhood, Initiatives Development Corporation (NIDC)",133110811,
1,Local Initiatives Aav# FiscalConduit/Sponsoring Member EIN Number Agencv Amount UIA Conduit EIN Organization Organization Fiscal *,942713639,Neighborhood Initiatives Development Corporation (NIDC),133110811,
1,Local Initiatives Aav# FiscalConduit/Sponsoring Member EIN Number Agencv Amount UIA Conduit EIN Organization Organization Fiscal *,EX102159,Neighborhood initiatives Development Corporation (NIDC),133110811,
1,Local Initiatives Aav# FiscalConduit/Sponsoring Member EIN Number Agencv Amount UIA Conduit EIN Organization Organization Fiscal *,450505551,Neighborhood Initiatives Development Corporation (NIDC),133110811,
1,Local Initiatives Aav# FiscalConduit/Sponsoring Member EIN Number Agencv Amount UIA Conduit EIN Organization Organization Fiscal *,562550868,"Friends of Douglass/Greene Park, Inc.",651278807,
1,Local Initiatives Aav# FiscalConduit/Sponsoring Member EIN Number Agencv Amount UIA Conduit EIN Organization Organization Fiscal *,562550868,"Hoyt Street Association, Inc.",112501329,
1,Aging Discretionary FiscalConduitEIN Member EINI Number Agency Amount Aay: UIA Organization # Fiscat'Conduit/SponsoringOrganization *,111989915,Saint Rosalia- -Regina Pacis Neighborhood Improvement,112697931,
1,Aging Discretionary FiscalConduitEIN Member EINI Number Agency Amount Aay: UIA Organization # Fiscat'Conduit/SponsoringOrganization *,111989915,Metropolitan New York Synod Evangelical Lutheran Church,111989915,
1,Aging Discretionary FiscalConduitEIN Member EINI Number Agency Amount Aay: UIA Organization # Fiscat'Conduit/SponsoringOrganization *,134358769,"YMS Management Associates, Inc.",112756216,
1,Aging Discretionary FiscalConduitEIN Member EINI Number Agency Amount Aay: UIA Organization # Fiscat'Conduit/SponsoringOrganization *,204736648,"Alianza Dominicana, Inc.",133402057,
1,Aging Discretionary FiscalConduitEIN Member EINI Number Agency Amount Aay: UIA Organization # Fiscat'Conduit/SponsoringOrganization *,260246736,Community League oft the Heights,132564241,
1,Aging Discretionary FiscalConduitEIN Member EINI Number Agency Amount Aay: UIA Organization # Fiscat'Conduit/SponsoringOrganization *,562659216,Northern Manhattan improvement Corporation,132972415,
2,,521285097,Harlem Arts Alliance,470873119,
3,,133864712,,,Denial Pending
3,,133864712,Samuel Field YM & YWHA. Inc,113071518,Denal Pending
3,,136400434,,,Government Entty
3,,237010206,,,Application Pending
3,,136400434,,,Government Entity
3,,136400434,,,Government Entity
3,,,,,Missing PQL Application
3,,136400434,,,Government Entity
3,,136400434,,,Government Entity
3,,136400434,,,Government Entty
3,,136400434,,,Government Entity
3,,136400434,,,Government Entity
3,,136400434,,,Government Entity
3,,113314191,"Maspeth Town Hall, Inc.",237259702,Cleared
3,,113314191,,,Cleared
3,,237361016,,,Missing PQL Application
3,,113455774,,,Missing PQL Application
3,,133098397,,,Cleared
3,,237398279,,,Cleared
3,,133098397,,,Cleared
3,,133098397,,,Cleared
3,,119169900,,,S10K PQL Not Required
3,,119169900,Bergen Basin Community Development Corporation d/b/a Millennium Development,113199040,S10K- PQL Not Required
3,,133995154,,,Application Pending
3,,112712761,,,S10K- PQL Not Required
3,,680602829,,,Cleared
3,,111381844,"Maspeth Town Hall, Inc.",237259702,S10K- PQL Not Required
3,,237259702,,,Cleared
3,,133593885,,,Application Pending
3,,132972415,,,Cleared
3,,112412205,,,Cleared
3,,112544630,,,Cleared
3,,113463615,,,Missing PQL Application
3,,431952083,,,Application Pending
3,,132605605,,,Cleared
3,,112622069,,,Missing PQL Application
3,,133166308,,,Missing PQL Application
3,,132735153,,,Cleared
3,,132685755,,,Missing PQL Application
3,,131847137,,,Cleared
3,,135562210,,,Cleared
3,,135562210,,,Cleared
3,,131624178,,,Cleared
3,,131624178,,,Cleared
3,,133652716,,,Application Pending
3,,136204790,,,Cleared
3,,112698671,,,Cleared
3,,112480339,,,Cleared
3,,112047151,,,Cleared
3,,136202692,,,Cleared
3,,133254484,,,Cleared
3,,112663007,,,Cleared
3,,112880221,,,Cleared
3,,112506422,,,Application Pending
3,,112614265,,,Cleared
3,,131624000,,,Cleared
3,,112507910,,,Cleared
3,,133576756,,,Missing PQL Application
3,,135598710,,,Cleared
3,,131562242,,,Cleared
3,,133104537,,,Cleared
3,,111729398,,,Cleared
3,,112548753,,,Missing PQL Appllication
3,,131825918,,,Application Pending
3,,135596792,,,Application Pending
3,,112420752,,,Cleared
3,,132988157,,,Application Pending
3,,133471084,,,Cleared
3,,132707665,,,Cleared
3,,112375583,,,Cleared
3,,112375583,,,Cleared
3,,131740024,,,Cleared
3,,112575794,,,Cleared
3,,132946970,,,Cleared
3,,111646304,,,Application Pending
3,,112777066,,,Cleared
3,,135563010,,,Cleared
3,,132572034,,,Cleared
3,,132912963,,,Application Pending
3,,133131888,,,Cleared
3,,116014770,,,Missing PQL Appllication
3,,132989768,,,Cleared
3,,131624228,,,Cleared
3,,131624228,,,Cleared
3,,131624228,,,Cleared
3,,116083182,,,Cleared
3,,132755214,,,Cleared
3,,133254484,,,Cleared
3,,133850823,,,Government Entity
3,,136127348,,,Cleared
3,,112647339,,,Cleared
3,,131624000,,,Cleared
3,,112475743,,,Cleared
3,,132645436,,,Cleared
3,,132612524,,,Cleared
3,,237021217,,,Cleared
3,,133268539,,,Cleared
3,,112651377,,,Cleared
3,,112934620,,,Cleared
3,,043252955,,,Cleared
3,,,,,Government Entity
3,,112453853,,,Cleared
3,,136400434,,,Government Entity
3,,132736022,,,Cleared
3,,112508370,,,Missing PQL Application
3,,510192170,,,Cleared
3,,133842867,,,Application Pending
3,,133079387,,,Application Pending
3,,112903423,,,Application Pending
3,,133591350,,,Cleared
3,,208574186,,,Missing PQL Application
3,,131671035,,,Did Not Apply for MWBE
3,,141845651,,,Application Pending
3,,237379940,,,Missing PQL Application
3,,136400434,,,Government Entity
3,,132736022,,,Cleared
3,,510192170,,,Cleared
3,,134042093,,,Application Pending
3,,133046424,,,Cleared
3,,112336154,,,Application Pending
3,,510135262,,,Application Pending
3,,112627555,,,Application Pending
3,,133611138,,,Cleared
3,,237212492,,,Cleared
3,,132988157,,,Cleared
3,,132632596,,,Application Pending
3,,132814763,,,Application Pending
3,,132683678,,,Application Pending
3,,237448611,,,Cleared
3,,133882348,,,Application Pending
3,"Community Consultants Agy# Agency Status (Council, MOC, EIN Number Amount UIA Organization * etc)",133542784,,,Missing PQL Application
3,"Community Consultants Agy# Agency Status (Council, MOC, EIN Number Amount UIA Organization * etc)",133098397,,,Cleared
3,"Community Consultants Agy# Agency Status (Council, MOC, EIN Number Amount UIA Organization * etc)",132926433,,,Missing PQL Application
3,"Community Consultants Agy# Agency Status (Council, MOC, EIN Number Amount UIA Organization * etc)",135562989,,,Cleared
3,"Community Consultants Agy# Agency Status (Council, MOC, EIN Number Amount UIA Organization * etc)",133098397,,,Cleared
3,"Community Consultants Agy# Agency Status (Council, MOC, EIN Number Amount UIA Organization * etc)",132926433,,,Application Pending
3,"Transportation Costs Operating - Agency Agy# MOC. EIN Number Amount UIA etc) Organization Status (Council,",134099045,,,Application Pending
3,"Transportation Costs Operating - Agency Agy# MOC. EIN Number Amount UIA etc) Organization Status (Council,",134099045,,,Application Pending
3,"Transportation Costs Operating - Agency Agy# MOC. EIN Number Amount UIA etc) Organization Status (Council,",134099045,,,Application Pending
3,"Transportation Costs Operating - Agency Agy# MOC. EIN Number Amount UIA etc) Organization Status (Council,",133975090,,,Cleared
3,"Transportation Costs Operating - Agency Agy# MOC. EIN Number Amount UIA etc) Organization Status (Council,",133975090,,,Cleared
3,"Transportation Costs Operating - Agency Agy# MOC. EIN Number Amount UIA etc) Organization Status (Council,",133975090,,,Cleared
3,"Transportation Costs Operating - Agency Agy# MOC. EIN Number Amount UIA etc) Organization Status (Council,",112705085,,,Missing PQL Application
3,"Transportation Costs Operating - Agency Agy# MOC. EIN Number Amount UIA etc) Organization Status (Council,",112705085,,,Missing PQL Application
3,"Transportation Costs Operating - Agency Agy# MOC. EIN Number Amount UIA etc) Organization Status (Council,",112326244,,,Missing PQL Application
3,"Transportation Costs Operating - Agency Agy# MOC. EIN Number Amount UIA etc) Organization Status (Council,",132745426,,,Cleared
3,"Transportation Costs Operating - Agency Agy# MOC. EIN Number Amount UIA etc) Organization Status (Council,",132745426,,,Cleared
3,"Transportation Costs Operating - Agency Agy# MOC. EIN Number Amount UIA etc) Organization Status (Council,",132745426,,,Cleared
3,"Transportation Costs Operating - Agency Agy# MOC. EIN Number Amount UIA etc) Organization Status (Council,",132745426,,,Cleared
3,"Transportation Costs Operating - Agency Agy# MOC. EIN Number Amount UIA etc) Organization Status (Council,",132745426,,,Cleared
3,"Transportation Costs Operating - Agency Agy# MOC. EIN Number Amount UIA etc) Organization Status (Council,",132745426,,,Cleared
3,"Transportation Costs Operating - Agency Agy# MOC. EIN Number Amount UIA etc) Organization Status (Council,",132745426,,,Cleared
3,"Transportation Costs Operating - Agency Agy# MOC. EIN Number Amount UIA etc) Organization Status (Council,",132745426,,,Cleared
3,"Transportation Costs Operating - Agency Agy# MOC. EIN Number Amount UIA etc) Organization Status (Council,",132745426,,,Cleared
3,"Transportation Costs Operating - Agency Agy# MOC. EIN Number Amount UIA etc) Organization Status (Council,",132745426,,,Cleared
3,"Transportation Costs Operating - Agency Agy# MOC. EIN Number Amount UIA etc) Organization Status (Council,",116260710,,,Application Pending
3,"Transportation Costs Operating - Agency Agy# MOC. EIN Number Amount UIA etc) Organization Status (Council,",116260710,,,Application Pending
3,"Transportation Costs Operating - Agency Agy# MOC. EIN Number Amount UIA etc) Organization Status (Council,",116260710,,,Application Pending
3,"Transportation Costs Operating - Agency Agy# MOC. EIN Number Amount UIA etc) Organization Status (Council,",116260710,,,Application Pending
3,"Transportation Costs Operating - Agency Agy# MOC. EIN Number Amount UIA etc) Organization Status (Council,",116260710,,,Application Pending
3,"Transportation Costs Operating - Agency Agy# MOC. EIN Number Amount UIA etc) Organization Status (Council,",116260710,,,Application Pending
3,"Transportation Costs Operating - Agency Agy# MOC. EIN Number Amount UIA etc) Organization Status (Council,",116260710,,,Application Pending
3,"Transportation Costs Operating - Agency Agy# MOC. EIN Number Amount UIA etc) Organization Status (Council,",116260710,,,Application Pending
3,"Transportation Costs Operating - Agency Agy# MOC. EIN Number Amount UIA etc) Organization Status (Council,",113060600,,,Application Pending
3,"Transportation Costs Operating - Agency Agy# MOC. EIN Number Amount UIA etc) Organization Status (Council,",131739935,,,Cleared
3,"Transportation Costs Operating - Agency Agy# MOC. EIN Number Amount UIA etc) Organization Status (Council,",131739935,,,Cleared
3,"Transportation Costs Operating - Agency Agy# MOC. EIN Number Amount UIA etc) Organization Status (Council,",131739935,,,Cleared
3,"Transportation Costs Operating - Agency Agy# MOC. EIN Number Amount UIA etc) Organization Status (Council,",131739935,,,Cleared
3,"Transportation Costs Operating - Agency Agy# MOC. EIN Number Amount UIA etc) Organization Status (Council,",132744533,,,Cleared
3,"Transportation Costs Operating - Agency Agy# MOC. EIN Number Amount UIA etc) Organization Status (Council,",111832868,,,Did Not Apply for Seniors
3,"Transportation Costs Operating - Agency Agy# MOC. EIN Number Amount UIA etc) Organization Status (Council,",136013037,,,Cleared
3,"Transportation Costs Operating - Agency Agy# MOC. EIN Number Amount UIA etc) Organization Status (Council,",132980755,,,Cleared
3,"Transportation Costs Operating - Agency Agy# MOC. EIN Number Amount UIA etc) Organization Status (Council,",132980755,,,Cleared
3,"Transportation Costs Operating - Agency Agy# MOC. EIN Number Amount UIA etc) Organization Status (Council,",135562185,,,Cleared
3,"Transportation Costs Operating - Agency Agy# MOC. EIN Number Amount UIA etc) Organization Status (Council,",112047151,,,Cleared
3,"Transportation Costs Operating - Agency Agy# MOC. EIN Number Amount UIA etc) Organization Status (Council,",112047151,,,Cleared
3,"Transportation Costs Operating - Agency Agy# MOC. EIN Number Amount UIA etc) Organization Status (Council,",112047151,,,Cleared
3,"Transportation Costs Operating - Agency Agy# MOC. EIN Number Amount UIA etc) Organization Status (Council,",112047151,,,Cleared
3,"Transportation Costs Operating - Agency Agy# MOC. EIN Number Amount UIA etc) Organization Status (Council,",112047151,,,Cleared
3,"Transportation Costs Operating - Agency Agy# MOC. EIN Number Amount UIA etc) Organization Status (Council,",112047151,,,Cleared
3,"Transportation Costs Operating - Agency Agy# MOC. EIN Number Amount UIA etc) Organization Status (Council,",112047151,,,Cleared
3,"Transportation Costs Operating - Agency Agy# MOC. EIN Number Amount UIA etc) Organization Status (Council,",112047151,,,Cleared
3,"Transportation Costs Operating - Agency Agy# MOC. EIN Number Amount UIA etc) Organization Status (Council,",112047151,,,Cleared
3,"Transportation Costs Operating - Agency Agy# MOC. EIN Number Amount UIA etc) Organization Status (Council,",112047151,,,Cleared
3,"Transportation Costs Operating - Agency Agy# MOC. EIN Number Amount UIA etc) Organization Status (Council,",112047151,,,Cleared
3,"Transportation Costs Operating - Agency Agy# MOC. EIN Number Amount UIA etc) Organization Status (Council,",112047151,,,Cleared
3,"Transportation Costs Operating - Agency Agy# MOC. EIN Number Amount UIA etc) Organization Status (Council,",112047151,,,Cleared
3,"Transportation Costs Operating - Agency Agy# MOC. EIN Number Amount UIA etc) Organization Status (Council,",112047151,,,Cleared
3,"Transportation Costs Operating - Agency Agy# MOC. EIN Number Amount UIA etc) Organization Status (Council,",112047151,,,Cleared
3,"Transportation Costs Operating - Agency Agy# MOC. EIN Number Amount UIA etc) Organization Status (Council,",112047151,,,Cleared
3,"Transportation Costs Operating - Agency Agy# MOC. EIN Number Amount UIA etc) Organization Status (Council,",112047151,,,Cleared
3,"Transportation Costs Operating - Agency Agy# MOC. EIN Number Amount UIA etc) Organization Status (Council,",112047151,,,Cleared
3,"Transportation Costs Operating - Agency Agy# MOC. EIN Number Amount UIA etc) Organization Status (Council,",112047151,,,Cleared
3,"Transportation Costs Operating - Agency Agy# MOC. EIN Number Amount UIA etc) Organization Status (Council,",112047151,,,Cleared
3,"Transportation Costs Operating - Agency Agy# MOC. EIN Number Amount UIA etc) Organization Status (Council,",112047151,,,Cleared
3,"Transportation Costs Operating - Agency Agy# MOC. EIN Number Amount UIA etc) Organization Status (Council,",112047151,,,Cleared
3,"Transportation Costs Operating - Agency Agy# MOC. EIN Number Amount UIA etc) Organization Status (Council,",112047151,,,Cleared
3,"Transportation Costs Operating - Agency Agy# MOC. EIN Number Amount UIA etc) Organization Status (Council,",112047151,,,Cleared
3,"Transportation Costs Operating - Agency Agy# MOC. EIN Number Amount UIA etc) Organization Status (Council,",112047151,,,Cleared
3,"Transportation Costs Operating - Agency Agy# MOC. EIN Number Amount UIA etc) Organization Status (Council,",112047151,,,Cleared
3,"Transportation Costs Operating - Agency Agy# MOC. EIN Number Amount UIA etc) Organization Status (Council,",112047151,,,Cleared
3,"Transportation Costs Operating - Agency Agy# MOC. EIN Number Amount UIA etc) Organization Status (Council,",112047151,,,Cleared
3,"Transportation Costs Operating - Agency Agy# MOC. EIN Number Amount UIA etc) Organization Status (Council,",112047151,,,Cleared
3,"Transportation Costs Operating - Agency Agy# MOC. EIN Number Amount UIA etc) Organization Status (Council,",112047151,,,Cleared
3,"Transportation Costs Operating - Agency Agy# MOC. EIN Number Amount UIA etc) Organization Status (Council,",112047151,,,Cleared
3,"Transportation Costs Operating - Agency Agy# MOC. EIN Number Amount UIA etc) Organization Status (Council,",112047151,,,Cleared
3,"Transportation Costs Operating - Agency Agy# MOC. EIN Number Amount UIA etc) Organization Status (Council,",112047151,,,Cleared
3,"Transportation Costs Operating - Agency Agy# MOC. EIN Number Amount UIA etc) Organization Status (Council,",112047151,,,Cleared
3,"Transportation Costs Operating - Agency Agy# MOC. EIN Number Amount UIA etc) Organization Status (Council,",112047151,,,Cleared
3,"Transportation Costs Operating - Agency Agy# MOC. EIN Number Amount UIA etc) Organization Status (Council,",112047151,,,Cleared
3,"Transportation Costs Operating - Agency Agy# MOC. EIN Number Amount UIA etc) Organization Status (Council,",112047151,,,Cleared
3,"Transportation Costs Operating - Agency Agy# MOC. EIN Number Amount UIA etc) Organization Status (Council,",132754783,,,Application Pending
3,"Transportation Costs Operating - Agency Agy# MOC. EIN Number Amount UIA etc) Organization Status (Council,",237337180,,,Missing PQL Application
3,"Transportation Costs Operating - Agency Agy# MOC. EIN Number Amount UIA etc) Organization Status (Council,",237337180,,,Missing PQL Application
3,"Transportation Costs Operating - Agency Agy# MOC. EIN Number Amount UIA etc) Organization Status (Council,",237337180,,,Missing PQL Application
3,"Transportation Costs Operating - Agency Agy# MOC. EIN Number Amount UIA etc) Organization Status (Council,",237337180,,,Missing PQL Application
3,"Transportation Costs Operating - Agency Agy# MOC. EIN Number Amount UIA etc) Organization Status (Council,",237337180,,,Missing PQL Application
3,"Transportation Costs Operating - Agency Agy# MOC. EIN Number Amount UIA etc) Organization Status (Council,",136202692,,,Cleared
3,"Transportation Costs Operating - Agency Agy# MOC. EIN Number Amount UIA etc) Organization Status (Council,",136202692,,,Cleared
3,"Transportation Costs Operating - Agency Agy# MOC. EIN Number Amount UIA etc) Organization Status (Council,",136202692,,,Cleared
3,"Transportation Costs Operating - Agency Agy# MOC. EIN Number Amount UIA etc) Organization Status (Council,",136202692,,,Cleared
3,"Transportation Costs Operating - Agency Agy# MOC. EIN Number Amount UIA etc) Organization Status (Council,",136202692,,,Cleared
3,"Transportation Costs Operating - Agency Agy# MOC. EIN Number Amount UIA etc) Organization Status (Council,",136202692,,,Cleared
3,"Transportation Costs Operating - Agency Agy# MOC. EIN Number Amount UIA etc) Organization Status (Council,",136202692,,,Cleared
3,"Transportation Costs Operating - Agency Agy# MOC. EIN Number Amount UIA etc) Organization Status (Council,",133608860,,,Cleared
3,"Transportation Costs Operating - Agency Agy# MOC. EIN Number Amount UIA etc) Organization Status (Council,",133254484,,,Cleared
3,"Transportation Costs Operating - Agency Agy# MOC. EIN Number Amount UIA etc) Organization Status (Council,",133254484,,,Cleared
3,"Transportation Costs Operating - Agency Agy# MOC. EIN Number Amount UIA etc) Organization Status (Council,",136179568,,,Missing PQL Application
3,"Transportation Costs Operating - Agency Agy# MOC. EIN Number Amount UIA etc) Organization Status (Council,",133263537,,,Cleared
3,"Transportation Costs Operating - Agency Agy# MOC. EIN Number Amount UIA etc) Organization Status (Council,",133263537,,,Cleared
3,"Transportation Costs Operating - Agency Agy# MOC. EIN Number Amount UIA etc) Organization Status (Council,",133263537,,,Cleared
3,"Transportation Costs Operating - Agency Agy# MOC. EIN Number Amount UIA etc) Organization Status (Council,",133263537,,,Cleared
3,"Transportation Costs Operating - Agency Agy# MOC. EIN Number Amount UIA etc) Organization Status (Council,",133263537,,,Cleared
3,"Transportation Costs Operating - Agency Agy# MOC. EIN Number Amount UIA etc) Organization Status (Council,",133263537,,,Cleared
3,"Transportation Costs Operating - Agency Agy# MOC. EIN Number Amount UIA etc) Organization Status (Council,",133263537,,,Cleared
3,"Transportation Costs Operating - Agency Agy# MOC. EIN Number Amount UIA etc) Organization Status (Council,",133263537,,,Cleared
3,"Transportation Costs Operating - Agency Agy# MOC. EIN Number Amount UIA etc) Organization Status (Council,",133263537,,,Cleared
3,"Transportation Costs Operating - Agency Agy# MOC. EIN Number Amount UIA etc) Organization Status (Council,",133263537,,,Cleared
3,"Transportation Costs Operating - Agency Agy# MOC. EIN Number Amount UIA etc) Organization Status (Council,",133263537,,,Cleared
3,"Transportation Costs Operating - Agency Agy# MOC. EIN Number Amount UIA etc) Organization Status (Council,",133263537,,,Cleared
3,"Transportation Costs Operating - Agency Agy# MOC. EIN Number Amount UIA etc) Organization Status (Council,",133263537,,,Cleared
3,"Transportation Costs Operating - Agency Agy# MOC. EIN Number Amount UIA etc) Organization Status (Council,",133263537,,,Cleared
3,"Transportation Costs Operating - Agency Agy# MOC. EIN Number Amount UIA etc) Organization Status (Council,",133263537,,,Cleared
3,"Transportation Costs Operating - Agency Agy# MOC. EIN Number Amount UIA etc) Organization Status (Council,",132780116,,,Missing PQL Application
3,"Transportation Costs Operating - Agency Agy# MOC. EIN Number Amount UIA etc) Organization Status (Council,",132780116,,,Missing PQL Application
3,"Transportation Costs Operating - Agency Agy# MOC. EIN Number Amount UIA etc) Organization Status (Council,",132780116,,,Missing PQL Application
3,"Transportation Costs Operating - Agency Agy# MOC. EIN Number Amount UIA etc) Organization Status (Council,",113024828,,,Cleared
3,"Transportation Costs Operating - Agency Agy# MOC. EIN Number Amount UIA etc) Organization Status (Council,",113024828,,,Cleared
3,"Transportation Costs Operating - Agency Agy# MOC. EIN Number Amount UIA etc) Organization Status (Council,",113024828,,,Cleared
3,"Transportation Costs Operating - Agency Agy# MOC. EIN Number Amount UIA etc) Organization Status (Council,",113024828,,,Cleared
3,"Transportation Costs Operating - Agency Agy# MOC. EIN Number Amount UIA etc) Organization Status (Council,",113024828,,,Cleared
3,"Transportation Costs Operating - Agency Agy# MOC. EIN Number Amount UIA etc) Organization Status (Council,",113024828,,,Cleared
3,"Transportation Costs Operating - Agency Agy# MOC. EIN Number Amount UIA etc) Organization Status (Council,",132755323,,,Cleared
3,"Transportation Costs Operating - Agency Agy# MOC. EIN Number Amount UIA etc) Organization Status (Council,",112322490,,,Cleared
3,"Transportation Operating Costs (continued) - Amount Agy# Status (Council, MOC. EIN Number UIA etc) Organization Agency",112297647,,,Application Pending
3,"Transportation Operating Costs (continued) - Amount Agy# Status (Council, MOC. EIN Number UIA etc) Organization Agency",133264005,,,Cleared
3,"Transportation Operating Costs (continued) - Amount Agy# Status (Council, MOC. EIN Number UIA etc) Organization Agency",136213532,,,Missing PQL Application
3,"Transportation Operating Costs (continued) - Amount Agy# Status (Council, MOC. EIN Number UIA etc) Organization Agency",113080634,,,Missing PQL Application
3,"Transportation Operating Costs (continued) - Amount Agy# Status (Council, MOC. EIN Number UIA etc) Organization Agency",113080634,,,Missing PQL Application
3,"Transportation Operating Costs (continued) - Amount Agy# Status (Council, MOC. EIN Number UIA etc) Organization Agency",113080634,,,Missing PQL Application
3,"Transportation Operating Costs (continued) - Amount Agy# Status (Council, MOC. EIN Number UIA etc) Organization Agency",113080634,,,Missing PQL Application
3,"Transportation Operating Costs (continued) - Amount Agy# Status (Council, MOC. EIN Number UIA etc) Organization Agency",112301785,,,Cleared
3,"Transportation Operating Costs (continued) - Amount Agy# Status (Council, MOC. EIN Number UIA etc) Organization Agency",112224539,,,Application Pending
3,"Transportation Operating Costs (continued) - Amount Agy# Status (Council, MOC. EIN Number UIA etc) Organization Agency",112224539,,,Application Pending
3,"Transportation Operating Costs (continued) - Amount Agy# Status (Council, MOC. EIN Number UIA etc) Organization Agency",112224539,,,Application Pending
3,"Transportation Operating Costs (continued) - Amount Agy# Status (Council, MOC. EIN Number UIA etc) Organization Agency",112224539,,,Application Pending
3,"Transportation Operating Costs (continued) - Amount Agy# Status (Council, MOC. EIN Number UIA etc) Organization Agency",133213081,,,Cleared
3,"Transportation Operating Costs (continued) - Amount Agy# Status (Council, MOC. EIN Number UIA etc) Organization Agency",133213081,,,Cleared
3,"Transportation Operating Costs (continued) - Amount Agy# Status (Council, MOC. EIN Number UIA etc) Organization Agency",133213081,,,Cleared
3,"Transportation Operating Costs (continued) - Amount Agy# Status (Council, MOC. EIN Number UIA etc) Organization Agency",133213081,,,Cleared
3,"Transportation Operating Costs (continued) - Amount Agy# Status (Council, MOC. EIN Number UIA etc) Organization Agency",112300840,,,Cleared
3,"Transportation Operating Costs (continued) - Amount Agy# Status (Council, MOC. EIN Number UIA etc) Organization Agency",112300840,,,Cleared
3,"Transportation Operating Costs (continued) - Amount Agy# Status (Council, MOC. EIN Number UIA etc) Organization Agency",112300840,,,Cleared
3,"Transportation Operating Costs (continued) - Amount Agy# Status (Council, MOC. EIN Number UIA etc) Organization Agency",112300840,,,Cleared
3,"Transportation Operating Costs (continued) - Amount Agy# Status (Council, MOC. EIN Number UIA etc) Organization Agency",112300840,,,Cleared
3,"Transportation Operating Costs (continued) - Amount Agy# Status (Council, MOC. EIN Number UIA etc) Organization Agency",112300840,,,Cleared
3,"Transportation Operating Costs (continued) - Amount Agy# Status (Council, MOC. EIN Number UIA etc) Organization Agency",112300840,,,Cleared
3,"Transportation Operating Costs (continued) - Amount Agy# Status (Council, MOC. EIN Number UIA etc) Organization Agency",112300840,,,Cleared
3,"Transportation Operating Costs (continued) - Amount Agy# Status (Council, MOC. EIN Number UIA etc) Organization Agency",112300840,,,Cleared
3,"Transportation Operating Costs (continued) - Amount Agy# Status (Council, MOC. EIN Number UIA etc) Organization Agency",112300840,,,Cleared
3,"Transportation Operating Costs (continued) - Amount Agy# Status (Council, MOC. EIN Number UIA etc) Organization Agency",112300840,,,Cleared
3,"Transportation Operating Costs (continued) - Amount Agy# Status (Council, MOC. EIN Number UIA etc) Organization Agency",112327136,,,Cleared
3,"Transportation Operating Costs (continued) - Amount Agy# Status (Council, MOC. EIN Number UIA etc) Organization Agency",112327136,,,Cleared
3,"Transportation Operating Costs (continued) - Amount Agy# Status (Council, MOC. EIN Number UIA etc) Organization Agency",112327136,,,Cleared
3,"Transportation Operating Costs (continued) - Amount Agy# Status (Council, MOC. EIN Number UIA etc) Organization Agency",131893908,,,Cleared
3,"Transportation Operating Costs (continued) - Amount Agy# Status (Council, MOC. EIN Number UIA etc) Organization Agency",135562412,,,Cleared
3,"Transportation Operating Costs (continued) - Amount Agy# Status (Council, MOC. EIN Number UIA etc) Organization Agency",135562412,,,Cleared
3,"Transportation Operating Costs (continued) - Amount Agy# Status (Council, MOC. EIN Number UIA etc) Organization Agency",237237927,,,Cleared
3,"Transportation Operating Costs (continued) - Amount Agy# Status (Council, MOC. EIN Number UIA etc) Organization Agency",237237927,,,Cleared
3,"Transportation Operating Costs (continued) - Amount Agy# Status (Council, MOC. EIN Number UIA etc) Organization Agency",112290832,,,Cleared
3,"Transportation Operating Costs (continued) - Amount Agy# Status (Council, MOC. EIN Number UIA etc) Organization Agency",112290832,,,Cleared
3,"Transportation Operating Costs (continued) - Amount Agy# Status (Council, MOC. EIN Number UIA etc) Organization Agency",112290832,,,Cleared
3,"Transportation Operating Costs (continued) - Amount Agy# Status (Council, MOC. EIN Number UIA etc) Organization Agency",112290832,,,Cleared
3,"Transportation Operating Costs (continued) - Amount Agy# Status (Council, MOC. EIN Number UIA etc) Organization Agency",112290832,,,Cleared
3,"Transportation Operating Costs (continued) - Amount Agy# Status (Council, MOC. EIN Number UIA etc) Organization Agency",112290832,,,Cleared
3,"Transportation Operating Costs (continued) - Amount Agy# Status (Council, MOC. EIN Number UIA etc) Organization Agency",112290832,,,Cleared
3,"Transportation Operating Costs (continued) - Amount Agy# Status (Council, MOC. EIN Number UIA etc) Organization Agency",112290832,,,Cleared
3,"Transportation Operating Costs (continued) - Amount Agy# Status (Council, MOC. EIN Number UIA etc) Organization Agency",112290832,,,Cleared
3,"Transportation Operating Costs (continued) - Amount Agy# Status (Council, MOC. EIN Number UIA etc) Organization Agency",112290832,,,Cleared
3,"Transportation Operating Costs (continued) - Amount Agy# Status (Council, MOC. EIN Number UIA etc) Organization Agency",131562242,,,Cleared
3,"Transportation Operating Costs (continued) - Amount Agy# Status (Council, MOC. EIN Number UIA etc) Organization Agency",131562242,,,Cleared
3,"Transportation Operating Costs (continued) - Amount Agy# Status (Council, MOC. EIN Number UIA etc) Organization Agency",113373115,,,Cleared
3,"Transportation Operating Costs (continued) - Amount Agy# Status (Council, MOC. EIN Number UIA etc) Organization Agency",135562989,,,Cleared
3,"Transportation Operating Costs (continued) - Amount Agy# Status (Council, MOC. EIN Number UIA etc) Organization Agency",132612592,,,Application Pending
3,"Transportation Operating Costs (continued) - Amount Agy# Status (Council, MOC. EIN Number UIA etc) Organization Agency",132987263,,,Cleared
3,"Transportation Operating Costs (continued) - Amount Agy# Status (Council, MOC. EIN Number UIA etc) Organization Agency",132987263,,,Cleared
3,"Transportation Operating Costs (continued) - Amount Agy# Status (Council, MOC. EIN Number UIA etc) Organization Agency",111729398,,,Cleared
3,"Transportation Operating Costs (continued) - Amount Agy# Status (Council, MOC. EIN Number UIA etc) Organization Agency",510204121,,,Cleared
3,"Transportation Operating Costs (continued) - Amount Agy# Status (Council, MOC. EIN Number UIA etc) Organization Agency",510204121,,,Cleared
3,"Transportation Operating Costs (continued) - Amount Agy# Status (Council, MOC. EIN Number UIA etc) Organization Agency",510204121,,,Cleared
3,"Transportation Operating Costs (continued) - Amount Agy# Status (Council, MOC. EIN Number UIA etc) Organization Agency",510204121,,,Cleared
3,"Transportation Operating Costs (continued) - Amount Agy# Status (Council, MOC. EIN Number UIA etc) Organization Agency",510204121,,,Cleared
3,"Transportation Operating Costs (continued) - Amount Agy# Status (Council, MOC. EIN Number UIA etc) Organization Agency",510204121,,,Cleared
3,"Transportation Operating Costs (continued) - Amount Agy# Status (Council, MOC. EIN Number UIA etc) Organization Agency",510204121,,,Cleared
3,"Transportation Operating Costs (continued) - Amount Agy# Status (Council, MOC. EIN Number UIA etc) Organization Agency",510204121,,,Cleared
3,"Transportation Operating Costs (continued) - Amount Agy# Status (Council, MOC. EIN Number UIA etc) Organization Agency",510204121,,,Cleared
3,"Transportation Operating Costs (continued) - Amount Agy# Status (Council, MOC. EIN Number UIA etc) Organization Agency",510204121,,,Cleared
3,"Transportation Operating Costs (continued) - Amount Agy# Status (Council, MOC. EIN Number UIA etc) Organization Agency",132620896,,,Cleared
3,"Transportation Operating Costs (continued) - Amount Agy# Status (Council, MOC. EIN Number UIA etc) Organization Agency",132620896,,,Cleared
3,"Transportation Operating Costs (continued) - Amount Agy# Status (Council, MOC. EIN Number UIA etc) Organization Agency",132620896,,,Cleared
3,"Transportation Operating Costs (continued) - Amount Agy# Status (Council, MOC. EIN Number UIA etc) Organization Agency",132620896,,,Cleared
3,"Transportation Operating Costs (continued) - Amount Agy# Status (Council, MOC. EIN Number UIA etc) Organization Agency",132620896,,,Cleared
3,"Transportation Operating Costs (continued) - Amount Agy# Status (Council, MOC. EIN Number UIA etc) Organization Agency",132620896,,,Cleared
3,"Transportation Operating Costs (continued) - Amount Agy# Status (Council, MOC. EIN Number UIA etc) Organization Agency",132620896,,,Cleared
3,"Transportation Operating Costs (continued) - Amount Agy# Status (Council, MOC. EIN Number UIA etc) Organization Agency",132620896,,,Cleared
3,"Transportation Operating Costs (continued) - Amount Agy# Status (Council, MOC. EIN Number UIA etc) Organization Agency",132620896,,,Cleared
3,"Transportation Operating Costs (continued) - Amount Agy# Status (Council, MOC. EIN Number UIA etc) Organization Agency",132620896,,,Cleared
3,"Transportation Operating Costs (continued) - Amount Agy# Status (Council, MOC. EIN Number UIA etc) Organization Agency",132620896,,,Cleared
3,"Transportation Operating Costs (continued) - Amount Agy# Status (Council, MOC. EIN Number UIA etc) Organization Agency",132620896,,,Cleared
3,"Transportation Operating Costs (continued) - Amount Agy# Status (Council, MOC. EIN Number UIA etc) Organization Agency",132620896,,,Cleared
3,"Transportation Operating Costs (continued) - Amount Agy# Status (Council, MOC. EIN Number UIA etc) Organization Agency",132620896,,,Cleared
3,"Transportation Operating Costs (continued) - Amount Agy# Status (Council, MOC. EIN Number UIA etc) Organization Agency",132620896,,,Cleared
3,"Transportation Operating Costs (continued) - Amount Agy# Status (Council, MOC. EIN Number UIA etc) Organization Agency",132620896,,,Cleared
3,"Transportation Operating Costs (continued) - Amount Agy# Status (Council, MOC. EIN Number UIA etc) Organization Agency",132620896,,,Cleared
3,"Transportation Operating Costs (continued) - Amount Agy# Status (Council, MOC. EIN Number UIA etc) Organization Agency",132620896,,,Cleared
3,"Transportation Operating Costs (continued) - Amount Agy# Status (Council, MOC. EIN Number UIA etc) Organization Agency",132620896,,,Cleared
3,"Transportation Operating Costs (continued) - Amount Agy# Status (Council, MOC. EIN Number UIA etc) Organization Agency",132620896,,,Cleared
3,"Transportation Operating Costs (continued) - Amount Agy# Status (Council, MOC. EIN Number UIA etc) Organization Agency",132620896,,,Cleared
3,"Transportation Operating Costs (continued) - Amount Agy# Status (Council, MOC. EIN Number UIA etc) Organization Agency",132620896,,,Cleared
3,"Transportation Operating Costs (continued) - Amount Agy# Status (Council, MOC. EIN Number UIA etc) Organization Agency",132620896,,,Cleared
3,"Transportation Operating Costs (continued) - Amount Agy# Status (Council, MOC. EIN Number UIA etc) Organization Agency",135562256,,,Cleared
3,"Transportation Operating Costs (continued) - Amount Agy# Status (Council, MOC. EIN Number UIA etc) Organization Agency",135562256,,,Cleared
3,"Transportation Operating Costs (continued) - Amount Agy# Status (Council, MOC. EIN Number UIA etc) Organization Agency",135562256,,,Cleared
3,"Transportation Operating Costs (continued) - Amount Agy# Status (Council, MOC. EIN Number UIA etc) Organization Agency",135562256,,,Cleared
3,"Transportation Operating Costs (continued) - Amount Agy# Status (Council, MOC. EIN Number UIA etc) Organization Agency",135562256,,,Cleared
3,"Transportation Operating Costs (continued) - Amount Agy# Status (Council, MOC. EIN Number UIA etc) Organization Agency",135562256,,,Cleared
3,"Transportation Operating Costs (continued) - Amount Agy# Status (Council, MOC. EIN Number UIA etc) Organization Agency",135562256,,,Cleared
3,"Transportation Operating Costs (continued) - Amount Agy# Status (Council, MOC. EIN Number UIA etc) Organization Agency",135562256,,,Cleared
3,"Transportation Operating Costs (continued) - Amount Agy# Status (Council, MOC. EIN Number UIA etc) Organization Agency",135562256,,,Cleared
3,"Transportation Operating Costs (continued) - Amount Agy# Status (Council, MOC. EIN Number UIA etc) Organization Agency",135562256,,,Cleared
3,"Transportation Operating Costs (continued) - Amount Agy# Status (Council, MOC. EIN Number UIA etc) Organization Agency",112665181,,,Cleared
3,"Transportation Operating Costs (continued) - Amount Agy# Status (Council, MOC. EIN Number UIA etc) Organization Agency",112665181,,,Cleared
3,"Transportation Operating Costs (continued) - Amount Agy# Status (Council, MOC. EIN Number UIA etc) Organization Agency",112665181,,,Cleared
3,"Transportation Operating Costs (continued) - Amount Agy# Status (Council, MOC. EIN Number UIA etc) Organization Agency",112665181,,,Cleared
3,"Transportation Operating Costs (continued) - Amount Agy# Status (Council, MOC. EIN Number UIA etc) Organization Agency",112665181,,,Cleared
3,"Transportation Operating Costs (continued) - Amount Agy# Status (Council, MOC. EIN Number UIA etc) Organization Agency",112665181,,,Cleared
3,"Transportation Operating Costs (continued) - Amount Agy# Status (Council, MOC. EIN Number UIA etc) Organization Agency",112665181,,,Cleared
3,"Transportation Operating Costs (continued) - Amount Agy# Status (Council, MOC. EIN Number UIA etc) Organization Agency",132813809,,,Application Pending
3,"Transportation Operating Costs (continued) - Amount Agy# Status (Council, MOC. EIN Number UIA etc) Organization Agency",131623850,,,Cleared
3,"Transportation Operating Costs (continued) - Amount Agy# Status (Council, MOC. EIN Number UIA etc) Organization Agency",237348989,,,Cleared
3,"Transportation Operating Costs (continued) - Amount Agy# Status (Council, MOC. EIN Number UIA etc) Organization Agency",237348989,,,Cleared
3,"Transportation Costs Operating (continued) - Agy# MOC, EIN UIA (Council, Organization Number Agency Amount Status etc) *",237348989,,,Cleared
3,"Transportation Costs Operating (continued) - Agy# MOC, EIN UIA (Council, Organization Number Agency Amount Status etc) *",237348989,,,Cleared
3,"Transportation Costs Operating (continued) - Agy# MOC, EIN UIA (Council, Organization Number Agency Amount Status etc) *",237348989,,,Cleared
3,"Transportation Costs Operating (continued) - Agy# MOC, EIN UIA (Council, Organization Number Agency Amount Status etc) *",131628180,,,Cleared
3,"Transportation Costs Operating (continued) - Agy# MOC, EIN UIA (Council, Organization Number Agency Amount Status etc) *",131628180,,,Cleared
3,"Transportation Costs Operating (continued) - Agy# MOC, EIN UIA (Council, Organization Number Agency Amount Status etc) *",131628180,,,Cleared
3,"Transportation Costs Operating (continued) - Agy# MOC, EIN UIA (Council, Organization Number Agency Amount Status etc) *",132894978,,,Cleared
3,"Transportation Costs Operating (continued) - Agy# MOC, EIN UIA (Council, Organization Number Agency Amount Status etc) *",132894978,,,Cleared
3,"Transportation Costs Operating (continued) - Agy# MOC, EIN UIA (Council, Organization Number Agency Amount Status etc) *",132894978,,,Cleared
3,"Transportation Costs Operating (continued) - Agy# MOC, EIN UIA (Council, Organization Number Agency Amount Status etc) *",132894978,,,Cleared
3,"Transportation Costs Operating (continued) - Agy# MOC, EIN UIA (Council, Organization Number Agency Amount Status etc) *",132894978,,,Cleared
3,"Transportation Costs Operating (continued) - Agy# MOC, EIN UIA (Council, Organization Number Agency Amount Status etc) *",132894978,,,Cleared
3,"Transportation Costs Operating (continued) - Agy# MOC, EIN UIA (Council, Organization Number Agency Amount Status etc) *",132894978,,,Cleared
3,"Transportation Costs Operating (continued) - Agy# MOC, EIN UIA (Council, Organization Number Agency Amount Status etc) *",132894978,,,Cleared
3,"Transportation Costs Operating (continued) - Agy# MOC, EIN UIA (Council, Organization Number Agency Amount Status etc) *",132894978,,,Cleared
3,"Transportation Costs Operating (continued) - Agy# MOC, EIN UIA (Council, Organization Number Agency Amount Status etc) *",112304928,,,Cleared
3,"Transportation Costs Operating (continued) - Agy# MOC, EIN UIA (Council, Organization Number Agency Amount Status etc) *",112304928,,,Cleared
3,"Transportation Costs Operating (continued) - Agy# MOC, EIN UIA (Council, Organization Number Agency Amount Status etc) *",237354073,,,Cleared
3,"Transportation Costs Operating (continued) - Agy# MOC, EIN UIA (Council, Organization Number Agency Amount Status etc) *",237354073,,,Cleared
3,"Transportation Costs Operating (continued) - Agy# MOC, EIN UIA (Council, Organization Number Agency Amount Status etc) *",237354073,,,Cleared
3,"Transportation Costs Operating (continued) - Agy# MOC, EIN UIA (Council, Organization Number Agency Amount Status etc) *",237354073,,,Cleared
3,"Transportation Costs Operating (continued) - Agy# MOC, EIN UIA (Council, Organization Number Agency Amount Status etc) *",237354073,,,Cleared
3,"Transportation Costs Operating (continued) - Agy# MOC, EIN UIA (Council, Organization Number Agency Amount Status etc) *",237354073,,,Cleared
3,"Transportation Costs Operating (continued) - Agy# MOC, EIN UIA (Council, Organization Number Agency Amount Status etc) *",237354073,,,Cleared
3,"Transportation Costs Operating (continued) - Agy# MOC, EIN UIA (Council, Organization Number Agency Amount Status etc) *",237354073,,,Cleared
3,"Transportation Costs Operating (continued) - Agy# MOC, EIN UIA (Council, Organization Number Agency Amount Status etc) *",237354073,,,Cleared
3,"Transportation Costs Operating (continued) - Agy# MOC, EIN UIA (Council, Organization Number Agency Amount Status etc) *",237354073,,,Cleared
3,"Transportation Costs Operating (continued) - Agy# MOC, EIN UIA (Council, Organization Number Agency Amount Status etc) *",237354073,,,Cleared
3,"Transportation Costs Operating (continued) - Agy# MOC, EIN UIA (Council, Organization Number Agency Amount Status etc) *",237354073,,,Cleared
3,"Transportation Costs Operating (continued) - Agy# MOC, EIN UIA (Council, Organization Number Agency Amount Status etc) *",237354073,,,Cleared
3,"Transportation Costs Operating (continued) - Agy# MOC, EIN UIA (Council, Organization Number Agency Amount Status etc) *",237354073,,,Cleared
3,"Transportation Costs Operating (continued) - Agy# MOC, EIN UIA (Council, Organization Number Agency Amount Status etc) *",237354073,,,Cleared
3,"Transportation Costs Operating (continued) - Agy# MOC, EIN UIA (Council, Organization Number Agency Amount Status etc) *",237354073,,,Cleared
3,"Transportation Costs Operating (continued) - Agy# MOC, EIN UIA (Council, Organization Number Agency Amount Status etc) *",132618568,,,Cleared
3,"Transportation Costs Operating (continued) - Agy# MOC, EIN UIA (Council, Organization Number Agency Amount Status etc) *",132618568,,,Cleared
3,"Transportation Costs Operating (continued) - Agy# MOC, EIN UIA (Council, Organization Number Agency Amount Status etc) *",132618568,,,Cleared
3,"Transportation Costs Operating (continued) - Agy# MOC, EIN UIA (Council, Organization Number Agency Amount Status etc) *",132618568,,,Cleared
3,"Transportation Costs Operating (continued) - Agy# MOC, EIN UIA (Council, Organization Number Agency Amount Status etc) *",132618568,,,Cleared
3,"Transportation Costs Operating (continued) - Agy# MOC, EIN UIA (Council, Organization Number Agency Amount Status etc) *",132618568,,,Cleared
3,"Transportation Costs Operating (continued) - Agy# MOC, EIN UIA (Council, Organization Number Agency Amount Status etc) *",132759045,,,Application Pending
3,"Transportation Costs Operating (continued) - Agy# MOC, EIN UIA (Council, Organization Number Agency Amount Status etc) *",112328536,,,Cleared
3,"Transportation Costs Operating (continued) - Agy# MOC, EIN UIA (Council, Organization Number Agency Amount Status etc) *",112285970,,,Cleared
3,"Transportation Costs Operating (continued) - Agy# MOC, EIN UIA (Council, Organization Number Agency Amount Status etc) *",112285970,,,Cleared
3,"Transportation Costs Operating (continued) - Agy# MOC, EIN UIA (Council, Organization Number Agency Amount Status etc) *",131981482,,,Application Pending
3,"Transportation Costs Operating (continued) - Agy# MOC, EIN UIA (Council, Organization Number Agency Amount Status etc) *",112375583,,,Cleared
3,"Transportation Costs Operating (continued) - Agy# MOC, EIN UIA (Council, Organization Number Agency Amount Status etc) *",112375583,,,Cleared
3,"Transportation Costs Operating (continued) - Agy# MOC, EIN UIA (Council, Organization Number Agency Amount Status etc) *",112375583,,,Cleared
3,"Transportation Costs Operating (continued) - Agy# MOC, EIN UIA (Council, Organization Number Agency Amount Status etc) *",112375583,,,Cleared
3,"Transportation Costs Operating (continued) - Agy# MOC, EIN UIA (Council, Organization Number Agency Amount Status etc) *",112375583,,,Cleared
3,"Transportation Costs Operating (continued) - Agy# MOC, EIN UIA (Council, Organization Number Agency Amount Status etc) *",112375583,,,Cleared
3,"Transportation Costs Operating (continued) - Agy# MOC, EIN UIA (Council, Organization Number Agency Amount Status etc) *",111752021,,,Application Pending
3,"Transportation Costs Operating (continued) - Agy# MOC, EIN UIA (Council, Organization Number Agency Amount Status etc) *",111752021,,,Application Pending
3,"Transportation Costs Operating (continued) - Agy# MOC, EIN UIA (Council, Organization Number Agency Amount Status etc) *",111752021,,,Application Pending
3,"Transportation Costs Operating (continued) - Agy# MOC, EIN UIA (Council, Organization Number Agency Amount Status etc) *",111820725,,,Missing PQL Application
3,"Transportation Costs Operating (continued) - Agy# MOC, EIN UIA (Council, Organization Number Agency Amount Status etc) *",111820725,,,Missing PQL Application
3,"Transportation Costs Operating (continued) - Agy# MOC, EIN UIA (Council, Organization Number Agency Amount Status etc) *",136213586,,,Cleared
3,"Transportation Costs Operating (continued) - Agy# MOC, EIN UIA (Council, Organization Number Agency Amount Status etc) *",136213586,,,Cleared
3,"Transportation Costs Operating (continued) - Agy# MOC, EIN UIA (Council, Organization Number Agency Amount Status etc) *",136213586,,,Cleared
3,"Transportation Costs Operating (continued) - Agy# MOC, EIN UIA (Council, Organization Number Agency Amount Status etc) *",136213586,,,Cleared
3,"Transportation Costs Operating (continued) - Agy# MOC, EIN UIA (Council, Organization Number Agency Amount Status etc) *",136213586,,,Cleared
3,"Transportation Costs Operating (continued) - Agy# MOC, EIN UIA (Council, Organization Number Agency Amount Status etc) *",136213586,,,Cleared
3,"Transportation Costs Operating (continued) - Agy# MOC, EIN UIA (Council, Organization Number Agency Amount Status etc) *",136213586,,,Cleared
3,"Transportation Costs Operating (continued) - Agy# MOC, EIN UIA (Council, Organization Number Agency Amount Status etc) *",136213586,,,Cleared
3,"Transportation Costs Operating (continued) - Agy# MOC, EIN UIA (Council, Organization Number Agency Amount Status etc) *",136213586,,,Cleared
3,"Transportation Costs Operating (continued) - Agy# MOC, EIN UIA (Council, Organization Number Agency Amount Status etc) *",136213586,,,Cleared
3,"Transportation Costs Operating (continued) - Agy# MOC, EIN UIA (Council, Organization Number Agency Amount Status etc) *",136213586,,,Cleared
3,"Transportation Costs Operating (continued) - Agy# MOC, EIN UIA (Council, Organization Number Agency Amount Status etc) *",136213586,,,Cleared
3,"Transportation Costs Operating (continued) - Agy# MOC, EIN UIA (Council, Organization Number Agency Amount Status etc) *",136213586,,,Cleared
3,"Transportation Costs Operating (continued) - Agy# MOC, EIN UIA (Council, Organization Number Agency Amount Status etc) *",136213586,,,Cleared
3,"Transportation Costs Operating (continued) - Agy# MOC, EIN UIA (Council, Organization Number Agency Amount Status etc) *",136213586,,,Cleared
3,"Transportation Costs Operating (continued) - Agy# MOC, EIN UIA (Council, Organization Number Agency Amount Status etc) *",136213586,,,Cleared
3,"Transportation Costs Operating (continued) - Agy# MOC, EIN UIA (Council, Organization Number Agency Amount Status etc) *",136213586,,,Cleared
3,"Transportation Costs Operating (continued) - Agy# MOC, EIN UIA (Council, Organization Number Agency Amount Status etc) *",136213586,,,Cleared
3,"Transportation Costs Operating (continued) - Agy# MOC, EIN UIA (Council, Organization Number Agency Amount Status etc) *",136213586,,,Cleared
3,"Transportation Costs Operating (continued) - Agy# MOC, EIN UIA (Council, Organization Number Agency Amount Status etc) *",136213586,,,Cleared
3,"Transportation Costs Operating (continued) - Agy# MOC, EIN UIA (Council, Organization Number Agency Amount Status etc) *",136213586,,,Cleared
3,"Transportation Costs Operating (continued) . Agency Amount Agy# Status (Council, MOC,etc) EIN Number UIA Organization",136213586,,,Cleared
3,"Transportation Costs Operating (continued) . Agency Amount Agy# Status (Council, MOC,etc) EIN Number UIA Organization",136213586,,,Cleared
3,"Transportation Costs Operating (continued) . Agency Amount Agy# Status (Council, MOC,etc) EIN Number UIA Organization",136213586,,,Cleared
3,"Transportation Costs Operating (continued) . Agency Amount Agy# Status (Council, MOC,etc) EIN Number UIA Organization",136213586,,,Cleared
3,"Transportation Costs Operating (continued) . Agency Amount Agy# Status (Council, MOC,etc) EIN Number UIA Organization",136213586,,,Cleared
3,"Transportation Costs Operating (continued) . Agency Amount Agy# Status (Council, MOC,etc) EIN Number UIA Organization",136213586,,,Cleared
3,"Transportation Costs Operating (continued) . Agency Amount Agy# Status (Council, MOC,etc) EIN Number UIA Organization",136213586,,,Cleared
3,"Transportation Costs Operating (continued) . Agency Amount Agy# Status (Council, MOC,etc) EIN Number UIA Organization",136213586,,,Cleared
3,"Transportation Costs Operating (continued) . Agency Amount Agy# Status (Council, MOC,etc) EIN Number UIA Organization",136213586,,,Cleared
3,"Transportation Costs Operating (continued) . Agency Amount Agy# Status (Council, MOC,etc) EIN Number UIA Organization",112453853,,,Cleared
3,"Transportation Costs Operating (continued) . Agency Amount Agy# Status (Council, MOC,etc) EIN Number UIA Organization",112453853,,,Cleared
3,"Transportation Costs Operating (continued) . Agency Amount Agy# Status (Council, MOC,etc) EIN Number UIA Organization",112453853,,,Cleared
3,"Transportation Costs Operating (continued) . Agency Amount Agy# Status (Council, MOC,etc) EIN Number UIA Organization",112453853,,,Cleared
3,"Transportation Costs Operating (continued) . Agency Amount Agy# Status (Council, MOC,etc) EIN Number UIA Organization",112453853,,,Cleared
3,"Transportation Costs Operating (continued) . Agency Amount Agy# Status (Council, MOC,etc) EIN Number UIA Organization",112453853,,,Cleared
3,"Transportation Costs Operating (continued) . Agency Amount Agy# Status (Council, MOC,etc) EIN Number UIA Organization",112453853,,,Cleared
3,"Transportation Costs Operating (continued) . Agency Amount Agy# Status (Council, MOC,etc) EIN Number UIA Organization",112453853,,,Cleared
3,"Transportation Costs Operating (continued) . Agency Amount Agy# Status (Council, MOC,etc) EIN Number UIA Organization",112453853,,,Cleared
3,"Transportation Costs Operating (continued) . Agency Amount Agy# Status (Council, MOC,etc) EIN Number UIA Organization",112453853,,,Cleared
3,"Transportation Costs Operating (continued) . Agency Amount Agy# Status (Council, MOC,etc) EIN Number UIA Organization",050607283,,,Cleared
3,"Transportation Costs Operating (continued) . Agency Amount Agy# Status (Council, MOC,etc) EIN Number UIA Organization",237357997,,,Cleared
3,"Transportation Costs Operating (continued) . Agency Amount Agy# Status (Council, MOC,etc) EIN Number UIA Organization",113397470,,,Cleared
3,"Transportation Costs Operating (continued) . Agency Amount Agy# Status (Council, MOC,etc) EIN Number UIA Organization",112635374,,,Cleared
3,"Transportation Costs Operating (continued) . Agency Amount Agy# Status (Council, MOC,etc) EIN Number UIA Organization",132944013,,,Cleared
3,"Transportation Costs Operating (continued) . Agency Amount Agy# Status (Council, MOC,etc) EIN Number UIA Organization",131624178,,,Cleared
3,"Transportation Costs Operating (continued) . Agency Amount Agy# Status (Council, MOC,etc) EIN Number UIA Organization",131624178,,,Cleared
3,"Transportation Costs Operating (continued) . Agency Amount Agy# Status (Council, MOC,etc) EIN Number UIA Organization",131624178,,,Cleared
3,"Transportation Costs Operating (continued) . Agency Amount Agy# Status (Council, MOC,etc) EIN Number UIA Organization",131624178,,,Cleared
3,"Transportation Costs Operating (continued) . Agency Amount Agy# Status (Council, MOC,etc) EIN Number UIA Organization",131624178,,,Cleared
3,"Transportation Costs Operating (continued) . Agency Amount Agy# Status (Council, MOC,etc) EIN Number UIA Organization",112347331,,,Application Pending
3,"Transportation Costs Operating (continued) . Agency Amount Agy# Status (Council, MOC,etc) EIN Number UIA Organization",112347331,,,Application Pending
3,"Transportation Costs Operating (continued) . Agency Amount Agy# Status (Council, MOC,etc) EIN Number UIA Organization",112591783,,,Cleared
3,"Transportation Costs Operating (continued) . Agency Amount Agy# Status (Council, MOC,etc) EIN Number UIA Organization",112591783,,,Cleared
3,"Transportation Costs Operating (continued) . Agency Amount Agy# Status (Council, MOC,etc) EIN Number UIA Organization",112591783,,,Cieared
3,"Transportation Costs Operating (continued) . Agency Amount Agy# Status (Council, MOC,etc) EIN Number UIA Organization",112591783,,,Cleared
3,"Transportation Costs Operating (continued) . Agency Amount Agy# Status (Council, MOC,etc) EIN Number UIA Organization",112591783,,,Cleared
3,"Transportation Costs Operating (continued) . Agency Amount Agy# Status (Council, MOC,etc) EIN Number UIA Organization",112591783,,,Cleared
3,"Transportation Costs Operating (continued) . Agency Amount Agy# Status (Council, MOC,etc) EIN Number UIA Organization",112591783,,,Cleared
3,"Transportation Costs Operating (continued) . Agency Amount Agy# Status (Council, MOC,etc) EIN Number UIA Organization",112591783,,,Cleared
3,"Transportation Costs Operating (continued) . Agency Amount Agy# Status (Council, MOC,etc) EIN Number UIA Organization",112268359,,,Application Pending
3,"Transportation Operating Costs (continued) * Agy# MOC, EIN Amount UIA Status (Council, Organization Number Agency * etc)",112730462,,,Cleared
3,"Transportation Operating Costs (continued) * Agy# MOC, EIN Amount UIA Status (Council, Organization Number Agency * etc)",112333919,,,Missing PQL Application
3,"Transportation Operating Costs (continued) * Agy# MOC, EIN Amount UIA Status (Council, Organization Number Agency * etc)",132587904,,,Application Pending
3,"Transportation Operating Costs (continued) * Agy# MOC, EIN Amount UIA Status (Council, Organization Number Agency * etc)",132587904,,,Application Pending
3,"Transportation Operating Costs (continued) * Agy# MOC, EIN Amount UIA Status (Council, Organization Number Agency * etc)",132587904,,,Application Pending
3,"Transportation Operating Costs (continued) * Agy# MOC, EIN Amount UIA Status (Council, Organization Number Agency * etc)",132587904,,,Application Pending
3,"Transportation Operating Costs (continued) * Agy# MOC, EIN Amount UIA Status (Council, Organization Number Agency * etc)",132587904,,,Application Pending
3,"Transportation Operating Costs (continued) * Agy# MOC, EIN Amount UIA Status (Council, Organization Number Agency * etc)",132572034,,,Cleared
3,"Transportation Operating Costs (continued) * Agy# MOC, EIN Amount UIA Status (Council, Organization Number Agency * etc)",132572034,,,Cleared
3,"Transportation Operating Costs (continued) * Agy# MOC, EIN Amount UIA Status (Council, Organization Number Agency * etc)",132572034,,,Cleared
3,"Transportation Operating Costs (continued) * Agy# MOC, EIN Amount UIA Status (Council, Organization Number Agency * etc)",132572034,,,Cleared
3,"Transportation Operating Costs (continued) * Agy# MOC, EIN Amount UIA Status (Council, Organization Number Agency * etc)",132572034,,,Cleared
3,"Transportation Operating Costs (continued) * Agy# MOC, EIN Amount UIA Status (Council, Organization Number Agency * etc)",132778244,,,Cleared
3,"Transportation Operating Costs (continued) * Agy# MOC, EIN Amount UIA Status (Council, Organization Number Agency * etc)",132778244,,,Cleared
3,"Transportation Operating Costs (continued) * Agy# MOC, EIN Amount UIA Status (Council, Organization Number Agency * etc)",132778244,,,Cleared
3,"Transportation Operating Costs (continued) * Agy# MOC, EIN Amount UIA Status (Council, Organization Number Agency * etc)",132778244,,,Cleared
3,"Transportation Operating Costs (continued) * Agy# MOC, EIN Amount UIA Status (Council, Organization Number Agency * etc)",132778244,,,Cleared
3,"Transportation Operating Costs (continued) * Agy# MOC, EIN Amount UIA Status (Council, Organization Number Agency * etc)",132778244,,,Cleared
3,"Transportation Operating Costs (continued) * Agy# MOC, EIN Amount UIA Status (Council, Organization Number Agency * etc)",132778244,,,Cleared
3,"Transportation Operating Costs (continued) * Agy# MOC, EIN Amount UIA Status (Council, Organization Number Agency * etc)",132778244,,,Cleared
3,"Transportation Operating Costs (continued) * Agy# MOC, EIN Amount UIA Status (Council, Organization Number Agency * etc)",132778244,,,Cleared
3,"Transportation Operating Costs (continued) * Agy# MOC, EIN Amount UIA Status (Council, Organization Number Agency * etc)",510189327,,,Cleared
3,"Transportation Operating Costs (continued) * Agy# MOC, EIN Amount UIA Status (Council, Organization Number Agency * etc)",510189327,,,Cleared
3,"Transportation Operating Costs (continued) * Agy# MOC, EIN Amount UIA Status (Council, Organization Number Agency * etc)",510189327,,,Cleared
3,"Transportation Operating Costs (continued) * Agy# MOC, EIN Amount UIA Status (Council, Organization Number Agency * etc)",510189327,,,Cleared
3,"Transportation Operating Costs (continued) * Agy# MOC, EIN Amount UIA Status (Council, Organization Number Agency * etc)",510189327,,,Cleared
3,"Transportation Operating Costs (continued) * Agy# MOC, EIN Amount UIA Status (Council, Organization Number Agency * etc)",510189327,,,Cleared
3,"Transportation Operating Costs (continued) * Agy# MOC, EIN Amount UIA Status (Council, Organization Number Agency * etc)",112439925,,,Cleared
3,"Transportation Operating Costs (continued) * Agy# MOC, EIN Amount UIA Status (Council, Organization Number Agency * etc)",133131888,,,Cleared
3,"Transportation Operating Costs (continued) * Agy# MOC, EIN Amount UIA Status (Council, Organization Number Agency * etc)",132745417,,,Missing PQL Application
3,"Transportation Operating Costs (continued) * Agy# MOC, EIN Amount UIA Status (Council, Organization Number Agency * etc)",113243671,,,Application Pending
3,"Transportation Operating Costs (continued) * Agy# MOC, EIN Amount UIA Status (Council, Organization Number Agency * etc)",131632530,,,Cleared
3,"Transportation Operating Costs (continued) * Agy# MOC, EIN Amount UIA Status (Council, Organization Number Agency * etc)",131632530,,,Cleared
3,"Transportation Operating Costs (continued) * Agy# MOC, EIN Amount UIA Status (Council, Organization Number Agency * etc)",131632530,,,Cleared
3,"Transportation Operating Costs (continued) * Agy# MOC, EIN Amount UIA Status (Council, Organization Number Agency * etc)",131632530,,,Cleared
3,"Transportation Operating Costs (continued) * Agy# MOC, EIN Amount UIA Status (Council, Organization Number Agency * etc)",131632530,,,Cleared
3,"Transportation Operating Costs (continued) . Agy# Status MOC, EIN Number UIA Organization Agency Amount (Council, etc) *",131632530,,,Cleared
3,"Transportation Operating Costs (continued) . Agy# Status MOC, EIN Number UIA Organization Agency Amount (Council, etc) *",113451990,,,Cleared
3,"Transportation Operating Costs (continued) . Agy# Status MOC, EIN Number UIA Organization Agency Amount (Council, etc) *",113451990,,,Cleared
3,"Transportation Operating Costs (continued) . Agy# Status MOC, EIN Number UIA Organization Agency Amount (Council, etc) *",135562374,,,Cleared
3,"Transportation Operating Costs (continued) . Agy# Status MOC, EIN Number UIA Organization Agency Amount (Council, etc) *",132792876,,,Application Pending
3,"Transportation Operating Costs (continued) . Agy# Status MOC, EIN Number UIA Organization Agency Amount (Council, etc) *",132792876,,,Application Pending
3,"Transportation Operating Costs (continued) . Agy# Status MOC, EIN Number UIA Organization Agency Amount (Council, etc) *",113528680,,,Cleared
3,"Transportation Operating Costs (continued) . Agy# Status MOC, EIN Number UIA Organization Agency Amount (Council, etc) *",113528680,,,Cleared
3,"Transportation Operating Costs (continued) . Agy# Status MOC, EIN Number UIA Organization Agency Amount (Council, etc) *",113528680,,,Cleared
3,"Transportation Operating Costs (continued) . Agy# Status MOC, EIN Number UIA Organization Agency Amount (Council, etc) *",113528680,,,Cleared
3,"Transportation Operating Costs (continued) . Agy# Status MOC, EIN Number UIA Organization Agency Amount (Council, etc) *",113528680,,,Cleared
3,"Transportation Operating Costs (continued) . Agy# Status MOC, EIN Number UIA Organization Agency Amount (Council, etc) *",113528680,,,Cleared
3,"Transportation Operating Costs (continued) . Agy# Status MOC, EIN Number UIA Organization Agency Amount (Council, etc) *",113528680,,,Cleared
3,"Transportation Operating Costs (continued) . Agy# Status MOC, EIN Number UIA Organization Agency Amount (Council, etc) *",113528680,,,Cleared
3,"Transportation Operating Costs (continued) . Agy# Status MOC, EIN Number UIA Organization Agency Amount (Council, etc) *",131660334,,,Cleared
3,"Transportation Operating Costs (continued) . Agy# Status MOC, EIN Number UIA Organization Agency Amount (Council, etc) *",112327564,,,Application Pending
3,"Transportation Operating Costs (continued) . Agy# Status MOC, EIN Number UIA Organization Agency Amount (Council, etc) *",112582218,,,Cleared
3,"Transportation Operating Costs (continued) . Agy# Status MOC, EIN Number UIA Organization Agency Amount (Council, etc) *",112582218,,,Cleared
3,"Transportation Operating Costs (continued) . Agy# Status MOC, EIN Number UIA Organization Agency Amount (Council, etc) *",134136312,,,Application Pending
3,"Transportation Operating Costs (continued) . Agy# Status MOC, EIN Number UIA Organization Agency Amount (Council, etc) *",133613262,,,Cleared
3,"Transportation Operating Costs (continued) . Agy# Status MOC, EIN Number UIA Organization Agency Amount (Council, etc) *",112342565,,,Missing PQL Application
3,"Transportation Operating Costs (continued) . Agy# Status MOC, EIN Number UIA Organization Agency Amount (Council, etc) *",131740507,,,Cleared
3,"Transportation Operating Costs (continued) . Agy# Status MOC, EIN Number UIA Organization Agency Amount (Council, etc) *",131635308,,,Cleared
3,"Transportation Operating Costs (continued) . Agy# Status MOC, EIN Number UIA Organization Agency Amount (Council, etc) *",131635308,,,Cleared
3,"Anti-Illegal Eviction and SRO Contracts Services Agy# Number Agency Status (Council, MOC. EIN Amount UIA etc) Organization *",131893908,,,Cleared
3,"Anti-Illegal Eviction and SRO Contracts Services Agy# Number Agency Status (Council, MOC. EIN Amount UIA etc) Organization *",135562265,,,Cleared
3,"Anti-Illegal Eviction and SRO Contracts Services Agy# Number Agency Status (Council, MOC. EIN Amount UIA etc) Organization *",135562265,,,Cleared
3,"Anti-Illegal Eviction and SRO Contracts Services Agy# Number Agency Status (Council, MOC. EIN Amount UIA etc) Organization *",135562265,,,Cleared
3,"Anti-Illegal Eviction and SRO Contracts Services Agy# Number Agency Status (Council, MOC. EIN Amount UIA etc) Organization *",135562265,,,Cleared
3,"Anti-Illegal Eviction and SRO Contracts Services Agy# Number Agency Status (Council, MOC. EIN Amount UIA etc) Organization *",135562265,,,Cleared
3,"Anti-Illegal Eviction and SRO Contracts Services Agy# Number Agency Status (Council, MOC. EIN Amount UIA etc) Organization *",112149962,,,Cleared
3,"Anti-Illegal Eviction and SRO Contracts Services Agy# Number Agency Status (Council, MOC. EIN Amount UIA etc) Organization *",132600199,,,Cleared
3,"Anti-Illegal Eviction and SRO Contracts Services Agy# Number Agency Status (Council, MOC. EIN Amount UIA etc) Organization *",132600199,,,Cleared
3,"Anti-Illegal Eviction and SRO Contracts Services Agy# Number Agency Status (Council, MOC. EIN Amount UIA etc) Organization *",132605599,,,Cleared
3,"Anti-Illegal Eviction and SRO Contracts Services Agy# Number Agency Status (Council, MOC. EIN Amount UIA etc) Organization *",132600199,,,Cleared
3,"Anti-Illegal Eviction and SRO Contracts Services Agy# Number Agency Status (Council, MOC. EIN Amount UIA etc) Organization *",132613958,,,Cleared
3,"Anti-Illegal Eviction and SRO Contracts Services Agy# Number Agency Status (Council, MOC. EIN Amount UIA etc) Organization *",132605604,,,Cleared
3,"Anti-Illegal Eviction and SRO Contracts Services Agy# Number Agency Status (Council, MOC. EIN Amount UIA etc) Organization *",132605605,,,Cleared
3,"Anti-Illegal Eviction and SRO Contracts Services Agy# Number Agency Status (Council, MOC. EIN Amount UIA etc) Organization *",132622748,,,Cleared
3,"Anti-Illegal Eviction and SRO Contracts Services Agy# Number Agency Status (Council, MOC. EIN Amount UIA etc) Organization *",132972415,,,Cleared
4,,050548204,,,Application Pending
4,,112773596,,,Cleared
4,,113473757,,,S10K- PQL Not Required
4,,133918986,,,Missing PQL Application
4,,131878246,,,Cleared
4,,470939800,"Consortium for Haitian Empowerment, Inc.",161701416,S10K- PQL Not Required
4,,470939800,,,S10K- PQL Not Required
4,,593768783,,,S10K- -PQL Not Required
4,,593768783,"Pratt Area Community Council, Inc.",112451752,S10K- PQL Not Required
4,,133864712,"Samuel Field YM & YWHA, Inc.",113071518,Denial Pending
4,,113071518,,,Cleared
4,,116019293,Young Israel of Midwood,134136312,S10K - PQL Not Required
4,,116019293,Jewish Community Council of Greater Coney H,112665181,S10K- PQL Not Required
4,,136400434,,,Goverment Entity
4,,136400434,,,Govemment Entity
4,,237082544,,,Application Pending
4,,132612592,,,Application Pending
4,,131981482,,,Appliçation Pending
4,,237176396,,,Application Pending
4,,133471084,,,Cleared
4,,510178586,,,Cleared
4,,132915659,,,Cleared
4,,131740451,,,Missing PQL Application
4,,136400434,GALAXY,136400434,Govemnment Entity
4,,136400434,St. Rosalia-Regina Pacis Neighborhood Improvement Association,112697931,Government Entity
4,,113283859,,,Missing PQL Application
4,,113470759,,,Application Pending
4,,112990142,"Kickers Youth Sports Association of South East Queens, Inc.",112988905,Missing PQL Appliçation
4,,112534700,,,Missing PQL Application
4,,012400734,,,Missing PQL Application
4,,112623993,,,Application Pending
4,,111665825,,,Missing PQL Application
4,,136400434,,,Government Entity
4,,112652331,,,Cleared
4,,113067330,,,Application Pending
4,,131624124,,,Cleared
4,,203514014,,,Missing PQL Application
4,,112629339,,,Application Pending
4,,112629339,,,Application Pending
4,,112629339,,,Application Pending
4,,112629339,,,Application Pending
4,,112629339,,,Application Pending
4,,112629339,"Maspeth Town Hall, Inc.",237259702,Application Pending
4,,112629339,"Maspeth Town Hall, Inc.",237259702,Application Pending
4,,112629339,"Maspeth Town Hall, Inc.",237259702,Appliçation Pending
4,,112629339,"Maspeth Town Hall, Inc.",237259702,Application Pending
4,,112629339,"Maspeth Town Hall, Inc.",237259702,Application Pending
4,,061690150,"Samuel Field YM & YWHA, Inc.",113071518,S10K - PQL Not Required
4,,061690150,,,S10K- PQL Not Required
4,,262829625,"Carroll Gardens Association, Inc.",112573432,S10K- PQL Not Required
4,,262829625,,,S10K- PQL Not Required
4,,262647383,,,Application Pending
4,,262647383,Bergen Basin Community Development Corporation d/b/a Millennium Development,113199040,Application Pending
4,,542144283,"Samuel Field YM & YWHA, Inc.",113071518,Cleared
4,,542144283,,,Cleared
4,,262647383,,,Application Pending
4,,262647383,Bergen Basin Community Development Corporation d/bla Millennium Development,113199040,Application Pending
4,,133817786,,,Cleared
4,,133613262,"Samuel Field YM & YWHA, Inc.",113071518,Cleared
4,,133613262,,,Cleared
4,,111989915,Metropolitan New York Synod Evangelical Lut,111989915,S10K PQL Not Required
4,,111989915,St Rosalia-Regina Pacis Neighborhood Improi,112697931,S10K- PQL Not Required
4,,,"American-ltalian Coalition of Organizations, Inc. (AMICO)",112488439,S10K- PQL Not Required
4,,112439925,,,Cleared
4,,132977839,,,S10K- PQL Not Required
4,,132987263,,,Cleared
4,,136400434,,,Government Entity
4,,132987263,,,Cleared
4,Youth Discretionary MOC.etc) EIN UIA EIN Status Member Organization Number Agencv Amount Aav# FiscalConduit/Sponsoring Organization Fiscal Conduit (Council. *,113473757,,,S10K- PQL Not Required
4,Youth Discretionary MOC.etc) EIN UIA EIN Status Member Organization Number Agencv Amount Aav# FiscalConduit/Sponsoring Organization Fiscal Conduit (Council. *,050548204,,,Application Pending
4,Youth Discretionary MOC.etc) EIN UIA EIN Status Member Organization Number Agencv Amount Aav# FiscalConduit/Sponsoring Organization Fiscal Conduit (Council. *,112773596,,,Cleared
4,Youth Discretionary MOC.etc) EIN UIA EIN Status Member Organization Number Agencv Amount Aav# FiscalConduit/Sponsoring Organization Fiscal Conduit (Council. *,061629188,,,S10K- PQL Not Required
4,Youth Discretionary MOC.etc) EIN UIA EIN Status Member Organization Number Agencv Amount Aav# FiscalConduit/Sponsoring Organization Fiscal Conduit (Council. *,134181819,,,s10K- PQL Not Required
4,Youth Discretionary MOC.etc) EIN UIA EIN Status Member Organization Number Agencv Amount Aav# FiscalConduit/Sponsoring Organization Fiscal Conduit (Council. *,020712132,,,Application Pending
4,Youth Discretionary MOC.etc) EIN UIA EIN Status Member Organization Number Agencv Amount Aav# FiscalConduit/Sponsoring Organization Fiscal Conduit (Council. *,131878246,,,Cleared
4,Youth Discretionary MOC.etc) EIN UIA EIN Status Member Organization Number Agencv Amount Aav# FiscalConduit/Sponsoring Organization Fiscal Conduit (Council. *,133613262,"Samuel Field YM & YWHA, Inc.",113071518,Cleared
4,Youth Discretionary MOC.etc) EIN UIA EIN Status Member Organization Number Agencv Amount Aav# FiscalConduit/Sponsoring Organization Fiscal Conduit (Council. *,133613262,,,Cleared
4,Youth Discretionary MOC.etc) EIN UIA EIN Status Member Organization Number Agencv Amount Aav# FiscalConduit/Sponsoring Organization Fiscal Conduit (Council. *,201670261,,,S10K- PQL Not Required
4,Youth Discretionary MOC.etc) EIN UIA EIN Status Member Organization Number Agencv Amount Aav# FiscalConduit/Sponsoring Organization Fiscal Conduit (Council. *,131997754,,,Cleared
4,Youth Discretionary MOC.etc) EIN UIA EIN Status Member Organization Number Agencv Amount Aav# FiscalConduit/Sponsoring Organization Fiscal Conduit (Council. *,113376770,"YMS Management Associates, Inc.",,S10K-F PQL Not Required
4,Youth Discretionary MOC.etc) EIN UIA EIN Status Member Organization Number Agencv Amount Aav# FiscalConduit/Sponsoring Organization Fiscal Conduit (Council. *,260276417,"YMS Management Associates, Inc.",,S10K- PQL Not Required
4,Youth Discretionary MOC.etc) EIN UIA EIN Status Member Organization Number Agencv Amount Aav# FiscalConduit/Sponsoring Organization Fiscal Conduit (Council. *,,"YMS Management Associates, Inc.",,S10K PQL Not Required
4,Youth Discretionary MOC.etc) EIN UIA EIN Status Member Organization Number Agencv Amount Aav# FiscalConduit/Sponsoring Organization Fiscal Conduit (Council. *,113376770,"Queens Community House, Inc.",112375583,S10K- PQL Not Required
4,Youth Discretionary MOC.etc) EIN UIA EIN Status Member Organization Number Agencv Amount Aav# FiscalConduit/Sponsoring Organization Fiscal Conduit (Council. *,260276417,"Queens Community House, Inc.",112375583,S10K- PQL Not Required
4,Youth Discretionary MOC.etc) EIN UIA EIN Status Member Organization Number Agencv Amount Aav# FiscalConduit/Sponsoring Organization Fiscal Conduit (Council. *,,"Queens Community House, Inc.",112375583,S10K- PQL Not Required
4,Youth Discretionary MOC.etc) EIN UIA EIN Status Member Organization Number Agencv Amount Aav# FiscalConduit/Sponsoring Organization Fiscal Conduit (Council. *,222183327,"Child Center of New York, Inc., The",111733454,S10K- - PQL Not Required
4,Youth Discretionary MOC.etc) EIN UIA EIN Status Member Organization Number Agencv Amount Aav# FiscalConduit/Sponsoring Organization Fiscal Conduit (Council. *,222183327,,,S10K- PQL Not Required
4,Youth Discretionary MOC.etc) EIN UIA EIN Status Member Organization Number Agencv Amount Aav# FiscalConduit/Sponsoring Organization Fiscal Conduit (Council. *,111948880,"Samuel Field YM & YWHA, inc.",113071518,S10K- - PQL Not Required
4,Youth Discretionary MOC.etc) EIN UIA EIN Status Member Organization Number Agencv Amount Aav# FiscalConduit/Sponsoring Organization Fiscal Conduit (Council. *,111948880,,,S10K- PQL Not Required
4,Youth Discretionary MOC.etc) EIN UIA EIN Status Member Organization Number Agencv Amount Aav# FiscalConduit/Sponsoring Organization Fiscal Conduit (Council. *,,"YMS Management Associates, Inc.",112756216,S10K- PQL Not Required
4,Youth Discretionary MOC.etc) EIN UIA EIN Status Member Organization Number Agencv Amount Aav# FiscalConduit/Sponsoring Organization Fiscal Conduit (Council. *,,"YMS Management Associates, Inc.",112756216,S10K- PQL Not Required
4,Youth Discretionary MOC.etc) EIN UIA EIN Status Member Organization Number Agencv Amount Aav# FiscalConduit/Sponsoring Organization Fiscal Conduit (Council. *,113454392,"YMS Management Associates, Inc.",112756216,S10K- PQL Not Required
4,Youth Discretionary MOC.etc) EIN UIA EIN Status Member Organization Number Agencv Amount Aav# FiscalConduit/Sponsoring Organization Fiscal Conduit (Council. *,113390715,"YMS Management Associates, Inc.",112756216,S10K- PQL Not Required
4,Youth Discretionary MOC.etc) EIN UIA EIN Status Member Organization Number Agencv Amount Aav# FiscalConduit/Sponsoring Organization Fiscal Conduit (Council. *,113598389,"YMS Management Associates, Inc.",112756216,S10K- PQL Not Required
4,Youth Discretionary MOC.etc) EIN UIA EIN Status Member Organization Number Agencv Amount Aav# FiscalConduit/Sponsoring Organization Fiscal Conduit (Council. *,,"YMS Management Associates, Inc.",112756216,S10K- PQL Not Required
4,Youth Discretionary MOC.etc) EIN UIA EIN Status Member Organization Number Agencv Amount Aav# FiscalConduit/Sponsoring Organization Fiscal Conduit (Council. *,342027954,"YMS Management Associates, Inc.",112756216,S10K-PQL Not Required
4,Youth Discretionary MOC.etc) EIN UIA EIN Status Member Organization Number Agencv Amount Aav# FiscalConduit/Sponsoring Organization Fiscal Conduit (Council. *,,"YMS Management Associates, Inc.",112756216,S10K PQL Not Required
4,Youth Discretionary MOC.etc) EIN UIA EIN Status Member Organization Number Agencv Amount Aav# FiscalConduit/Sponsoring Organization Fiscal Conduit (Council. *,,"YMS Management Associates, Inc.",112756216,S10K- PQL Not Required
4,Youth Discretionary MOC.etc) EIN UIA EIN Status Member Organization Number Agencv Amount Aav# FiscalConduit/Sponsoring Organization Fiscal Conduit (Council. *,061483690,"YMS Management Associates, Inc.",112756216,S10K- PQL Not Required
4,Youth Discretionary MOC.etc) EIN UIA EIN Status Member Organization Number Agencv Amount Aav# FiscalConduit/Sponsoring Organization Fiscal Conduit (Council. *,593840756,"YMS Management Associates, Inc.",112756216,S10K- PQL Not Required
4,Youth Discretionary MOC.etc) EIN UIA EIN Status Member Organization Number Agencv Amount Aav# FiscalConduit/Sponsoring Organization Fiscal Conduit (Council. *,113511226,"YMS Management Associates, Inc.",112756216,S10K- PQL Not Required
4,Youth Discretionary MOC.etc) EIN UIA EIN Status Member Organization Number Agencv Amount Aav# FiscalConduit/Sponsoring Organization Fiscal Conduit (Council. *,113168615,"YMS Management Associates, inc.",112756216,Missing PQL Application
4,Youth Discretionary MOC.etc) EIN UIA EIN Status Member Organization Number Agencv Amount Aav# FiscalConduit/Sponsoring Organization Fiscal Conduit (Council. *,112840021,"YMS Management Associates, Inc.",112756216,s10K- PQL Not Required
4,Youth Discretionary MOC.etc) EIN UIA EIN Status Member Organization Number Agencv Amount Aav# FiscalConduit/Sponsoring Organization Fiscal Conduit (Council. *,136400434,"YMS Management Associates, Inc.",112756216,Government Entity
4,Youth Discretionary MOC.etc) EIN UIA EIN Status Member Organization Number Agencv Amount Aav# FiscalConduit/Sponsoring Organization Fiscal Conduit (Council. *,411568278,"YMS Management Associates, Inc.",112756216,S10K-PQL Not Required
4,Youth Discretionary MOC.etc) EIN UIA EIN Status Member Organization Number Agencv Amount Aav# FiscalConduit/Sponsoring Organization Fiscal Conduit (Council. *,111775937,"YMS Management Associates, Inc.",112756216,S10K- PQL Not Required
4,Youth Discretionary MOC.etc) EIN UIA EIN Status Member Organization Number Agencv Amount Aav# FiscalConduit/Sponsoring Organization Fiscal Conduit (Council. *,,"YMS Management Associates, Inc.",112756216,S10K - PQL Not Required
4,Youth Discretionary MOC.etc) EIN UIA EIN Status Member Organization Number Agencv Amount Aav# FiscalConduit/Sponsoring Organization Fiscal Conduit (Council. *,113612068,"YMS Management Associates, Inc.",112756216,Application Pending
4,Youth Discretionary MOC.etc) EIN UIA EIN Status Member Organization Number Agencv Amount Aav# FiscalConduit/Sponsoring Organization Fiscal Conduit (Council. *,,"Council of Jewish Organizations of Flatbush, Inc.",112864728,S10K - PQL Not Required
4,Youth Discretionary MOC.etc) EIN UIA EIN Status Member Organization Number Agencv Amount Aav# FiscalConduit/Sponsoring Organization Fiscal Conduit (Council. *,,"Council of Jewish Organizations of Flatbush, Inc.",112864728,S10K- - PQL Not Required
4,Youth Discretionary MOC.etc) EIN UIA EIN Status Member Organization Number Agencv Amount Aav# FiscalConduit/Sponsoring Organization Fiscal Conduit (Council. *,113454392,"Council of Jewish Organizations of Flatbush, Inc.",112864728,S10K - PQL Not Required
4,Youth Discretionary MOC.etc) EIN UIA EIN Status Member Organization Number Agencv Amount Aav# FiscalConduit/Sponsoring Organization Fiscal Conduit (Council. *,113390715,"Council of Jewish Organizations of Flatbush, Inc",112864728,S10K - PQL Not Required
4,Youth Discretionary MOC.etc) EIN UIA EIN Status Member Organization Number Agencv Amount Aav# FiscalConduit/Sponsoring Organization Fiscal Conduit (Council. *,113598389,"Council of Jewish Organizations of Flatbush, Inc.",112864728,s10K - PQL Not Required
4,"Youth Discretionary (continued) EINI Number Agency Aav# UIA Fiscal Conduit EIN Status (Council, MOC. etc) Member Organization Amount FiscalConduit/Sponsoring Organization *",,"Council of Jewish Organizations of Flatbush, Inc.",112864728,S10K PQL Not Required
4,"Youth Discretionary (continued) EINI Number Agency Aav# UIA Fiscal Conduit EIN Status (Council, MOC. etc) Member Organization Amount FiscalConduit/Sponsoring Organization *",342027954,"Council of Jewish Organizations of Flatbush, Inc.",112864728,S10K PQL Not Required
4,"Youth Discretionary (continued) EINI Number Agency Aav# UIA Fiscal Conduit EIN Status (Council, MOC. etc) Member Organization Amount FiscalConduit/Sponsoring Organization *",,"Council of Jewish Organizations of Flatbush, Inc.",112864728,S10K- PQL Not Required
4,"Youth Discretionary (continued) EINI Number Agency Aav# UIA Fiscal Conduit EIN Status (Council, MOC. etc) Member Organization Amount FiscalConduit/Sponsoring Organization *",,"Council of Jewish Organizations of Flatbush, Inc.",112864728,s10K - PQL Not Required
4,"Youth Discretionary (continued) EINI Number Agency Aav# UIA Fiscal Conduit EIN Status (Council, MOC. etc) Member Organization Amount FiscalConduit/Sponsoring Organization *",061483690,"Council of Jewish Organizations of Flatbush, Inc.",112864728,S10K- PQL Not Required
4,"Youth Discretionary (continued) EINI Number Agency Aav# UIA Fiscal Conduit EIN Status (Council, MOC. etc) Member Organization Amount FiscalConduit/Sponsoring Organization *",593840756,"Council of Jewish Organizations of Flatbush, Inc.",112864728,S10K- PQL Not Required
4,"Youth Discretionary (continued) EINI Number Agency Aav# UIA Fiscal Conduit EIN Status (Council, MOC. etc) Member Organization Amount FiscalConduit/Sponsoring Organization *",113511226,"Council of Jewish Organizations of Flatbush, Inc.",112864728,S10K PQL Not Required
4,"Youth Discretionary (continued) EINI Number Agency Aav# UIA Fiscal Conduit EIN Status (Council, MOC. etc) Member Organization Amount FiscalConduit/Sponsoring Organization *",113168615,"Council of Jewish Organizations of Flatbush, Inc.",112864728,Missing PQL Application
4,"Youth Discretionary (continued) EINI Number Agency Aav# UIA Fiscal Conduit EIN Status (Council, MOC. etc) Member Organization Amount FiscalConduit/Sponsoring Organization *",112840021,"Council of. Jewish Organizations of Flatbush, Inc.",112864728,s10K. - PQL Not Required
4,"Youth Discretionary (continued) EINI Number Agency Aav# UIA Fiscal Conduit EIN Status (Council, MOC. etc) Member Organization Amount FiscalConduit/Sponsoring Organization *",136400434,"Council of Jewish Organizations of Flatbush, inc.",112864728,Govemment Entity
4,"Youth Discretionary (continued) EINI Number Agency Aav# UIA Fiscal Conduit EIN Status (Council, MOC. etc) Member Organization Amount FiscalConduit/Sponsoring Organization *",411568278,"Council of. Jewish Organizations of Flatbush, Inc.",112864728,s10K PQL Not Required
4,"Youth Discretionary (continued) EINI Number Agency Aav# UIA Fiscal Conduit EIN Status (Council, MOC. etc) Member Organization Amount FiscalConduit/Sponsoring Organization *",111775937,"Council of Jewish Organizations of Flatbush, Inc.",112864728,S10K PQL Not Required
4,"Youth Discretionary (continued) EINI Number Agency Aav# UIA Fiscal Conduit EIN Status (Council, MOC. etc) Member Organization Amount FiscalConduit/Sponsoring Organization *",,"Council of Jewish Organizations of Flatbush, Inc.",112864728,S10K- PQL Not Required
4,"Youth Discretionary (continued) EINI Number Agency Aav# UIA Fiscal Conduit EIN Status (Council, MOC. etc) Member Organization Amount FiscalConduit/Sponsoring Organization *",113612068,"Council of Jewish Organizations of Flatbush, Inc.",112864728,Appliçation Pending
4,"(IOI) Immigrant Opportunities Initiative EIN Agy # UIA MOC, etc) Borough Agency (Council, Organization Number Amount * Status",133402057,,,Cleared
4,"(IOI) Immigrant Opportunities Initiative EIN Agy # UIA MOC, etc) Borough Agency (Council, Organization Number Amount * Status",133254484,,,Cleared
4,"(IOI) Immigrant Opportunities Initiative EIN Agy # UIA MOC, etc) Borough Agency (Council, Organization Number Amount * Status",113235349,,,Application Pending
4,"(IOI) Immigrant Opportunities Initiative EIN Agy # UIA MOC, etc) Borough Agency (Council, Organization Number Amount * Status",112622003,,,Cleared
4,"(IOI) Immigrant Opportunities Initiative EIN Agy # UIA MOC, etc) Borough Agency (Council, Organization Number Amount * Status",112932528,,,Cleared
4,"(IOI) Immigrant Opportunities Initiative EIN Agy # UIA MOC, etc) Borough Agency (Council, Organization Number Amount * Status",133904936,,,Missing PQL Application
4,"(IOI) Immigrant Opportunities Initiative EIN Agy # UIA MOC, etc) Borough Agency (Council, Organization Number Amount * Status",131946733,,,Application Pending
4,"(IOI) Immigrant Opportunities Initiative EIN Agy # UIA MOC, etc) Borough Agency (Council, Organization Number Amount * Status",132813809,,,Application Pending
4,"(IOI) Immigrant Opportunities Initiative EIN Agy # UIA MOC, etc) Borough Agency (Council, Organization Number Amount * Status",135562265,,,Cleared
4,"(IOI) Immigrant Opportunities Initiative EIN Agy # UIA MOC, etc) Borough Agency (Council, Organization Number Amount * Status",132600199,,,Cleared
4,"(IOI) Immigrant Opportunities Initiative EIN Agy # UIA MOC, etc) Borough Agency (Council, Organization Number Amount * Status",133385032,,,Cleared
4,"(IOI) Immigrant Opportunities Initiative EIN Agy # UIA MOC, etc) Borough Agency (Council, Organization Number Amount * Status",133622107,,,Cleared
4,"(IOI) Immigrant Opportunities Initiative EIN Agy # UIA MOC, etc) Borough Agency (Council, Organization Number Amount * Status",800010627,,,Application Pending
4,"(IOI) Immigrant Opportunities Initiative EIN Agy # UIA MOC, etc) Borough Agency (Council, Organization Number Amount * Status",133110811,,,Cleared
4,"(IOI) Immigrant Opportunities Initiative EIN Agy # UIA MOC, etc) Borough Agency (Council, Organization Number Amount * Status",133505428,,,Cleared
4,"(IOI) Immigrant Opportunities Initiative EIN Agy # UIA MOC, etc) Borough Agency (Council, Organization Number Amount * Status",112461900,,,Cleared
4,"(IOI) Immigrant Opportunities Initiative EIN Agy # UIA MOC, etc) Borough Agency (Council, Organization Number Amount * Status",132707665,,,Cleared
4,"(IOI) Immigrant Opportunities Initiative EIN Agy # UIA MOC, etc) Borough Agency (Council, Organization Number Amount * Status",133193119,,,Cleared
4,"(IOI) Immigrant Opportunities Initiative EIN Agy # UIA MOC, etc) Borough Agency (Council, Organization Number Amount * Status",132736022,,,Cleared
4,"(IOI) Immigrant Opportunities Initiative EIN Agy # UIA MOC, etc) Borough Agency (Council, Organization Number Amount * Status",132912963,,,Application Pending
4,"(IOI) Immigrant Opportunities Initiative EIN Agy # UIA MOC, etc) Borough Agency (Council, Organization Number Amount * Status",133442022,,,Cleared
4,"(IOI) Immigrant Opportunities Initiative EIN Agy # UIA MOC, etc) Borough Agency (Council, Organization Number Amount * Status",132941841,,,Cleared
4,"(IOI) Immigrant Opportunities Initiative EIN Agy # UIA MOC, etc) Borough Agency (Council, Organization Number Amount * Status",134006535,,,Application Pending
4,"(IOI) Immigrant Opportunities Initiative EIN Agy # UIA MOC, etc) Borough Agency (Council, Organization Number Amount * Status",133975090,,,Cleared
4,"(IOI) Immigrant Opportunities Initiative EIN Agy # UIA MOC, etc) Borough Agency (Council, Organization Number Amount * Status",113475993,,,Cleared
4,"(IOI) Immigrant Opportunities Initiative EIN Agy # UIA MOC, etc) Borough Agency (Council, Organization Number Amount * Status",113065859,,,Cleared
4,"(IOI) Immigrant Opportunities Initiative EIN Agy # UIA MOC, etc) Borough Agency (Council, Organization Number Amount * Status",113065859,,,Cleared
4,"(IOI) Immigrant Opportunities Initiative EIN Agy # UIA MOC, etc) Borough Agency (Council, Organization Number Amount * Status",133323168,,,Application Pending
4,"(IOI) Immigrant Opportunities Initiative EIN Agy # UIA MOC, etc) Borough Agency (Council, Organization Number Amount * Status",113048411,,,Missing PQL Application
4,"(IOI) Immigrant Opportunities Initiative EIN Agy # UIA MOC, etc) Borough Agency (Council, Organization Number Amount * Status",131988190,,,Governement Entity
4,"(IOI) Immigrant Opportunities Initiative EIN Agy # UIA MOC, etc) Borough Agency (Council, Organization Number Amount * Status",112480339,,,Cleared
4,"(IOI) Immigrant Opportunities Initiative EIN Agy # UIA MOC, etc) Borough Agency (Council, Organization Number Amount * Status",112939346,,,Missing PQL Application
4,"(IOI) Immigrant Opportunities Initiative EIN Agy # UIA MOC, etc) Borough Agency (Council, Organization Number Amount * Status",133955736,,,Application Pending
4,"(IOI) Immigrant Opportunities Initiative EIN Agy # UIA MOC, etc) Borough Agency (Council, Organization Number Amount * Status",112864728,,,Cleared
4,"(IOI) Immigrant Opportunities Initiative EIN Agy # UIA MOC, etc) Borough Agency (Council, Organization Number Amount * Status",112864728,,,Cleared
4,"(IOI) Immigrant Opportunities Initiative EIN Agy # UIA MOC, etc) Borough Agency (Council, Organization Number Amount * Status",112683663,,,Cleared
4,"(IOI) Immigrant Opportunities Initiative EIN Agy # UIA MOC, etc) Borough Agency (Council, Organization Number Amount * Status",112932528,,,Cleared
4,"(IOI) Immigrant Opportunities Initiative EIN Agy # UIA MOC, etc) Borough Agency (Council, Organization Number Amount * Status",112490986,,,Application Pending
4,"(IOI) Immigrant Opportunities Initiative EIN Agy # UIA MOC, etc) Borough Agency (Council, Organization Number Amount * Status",112507910,,,Cleared
4,"(IOI) Immigrant Opportunities Initiative EIN Agy # UIA MOC, etc) Borough Agency (Council, Organization Number Amount * Status",112665181,,,Cleared
4,"(IOI) Immigrant Opportunities Initiative EIN Agy # UIA MOC, etc) Borough Agency (Council, Organization Number Amount * Status",113068515,,,Cleared
4,"(IOI) Immigrant Opportunities Initiative EIN Agy # UIA MOC, etc) Borough Agency (Council, Organization Number Amount * Status",135562265,,,Cleared
4,"(IOI) Immigrant Opportunities Initiative EIN Agy # UIA MOC, etc) Borough Agency (Council, Organization Number Amount * Status",135562265,,,Cleared
4,"(IOI) Immigrant Opportunities Initiative EIN Agy # UIA MOC, etc) Borough Agency (Council, Organization Number Amount * Status",112149962,,,Cleared
4,"(IOI) Immigrant Opportunities Initiative EIN Agy # UIA MOC, etc) Borough Agency (Council, Organization Number Amount * Status",132738818,,,Cleared
4,"(IOI) Immigrant Opportunities Initiative EIN Agy # UIA MOC, etc) Borough Agency (Council, Organization Number Amount * Status",132738818,,,Cleared
4,"(IOI) Immigrant Opportunities Initiative EIN Agy # UIA MOC, etc) Borough Agency (Council, Organization Number Amount * Status",132738818,,,Cleared
4,"(IOI) Immigrant Opportunities Initiative EIN Agy # UIA MOC, etc) Borough Agency (Council, Organization Number Amount * Status",112285970,,,Cleared
4,"(IOI) Immigrant Opportunities Initiative EIN Agy # UIA MOC, etc) Borough Agency (Council, Organization Number Amount * Status",132946970,,,Cleared
4,"(IOI) Immigrant Opportunities Initiative EIN Agy # UIA MOC, etc) Borough Agency (Council, Organization Number Amount * Status",133193119,,,Cleared
4,"(IOI) Immigrant Opportunities Initiative EIN Agy # UIA MOC, etc) Borough Agency (Council, Organization Number Amount * Status",133193119,,,Cleared
4,"(IOI) Immigrant Opportunities Initiative EIN Agy # UIA MOC, etc) Borough Agency (Council, Organization Number Amount * Status",132605605,,,Cleared
4,"(IOI) Immigrant Opportunities Initiative EIN Agy # UIA MOC, etc) Borough Agency (Council, Organization Number Amount * Status",112306447,,,Cleared
4,"(IOI) Immigrant Opportunities Initiative EIN Agy # UIA MOC, etc) Borough Agency (Council, Organization Number Amount * Status",113174514,,,Application Pending
4,"(IOI) Immigrant Opportunities Initiative EIN Agy # UIA MOC, etc) Borough Agency (Council, Organization Number Amount * Status",133749744,,,Cleared
4,"(IOI) Immigrant Opportunities Initiative EIN Agy # UIA MOC, etc) Borough Agency (Council, Organization Number Amount * Status",133187792,,,Cleared
4,"(IOI) Immigrant Opportunities Initiative EIN Agy # UIA MOC, etc) Borough Agency (Council, Organization Number Amount * Status",136202692,,,Cleared
4,"(IOI) Immigrant Opportunities Initiative EIN Agy # UIA MOC, etc) Borough Agency (Council, Organization Number Amount * Status",113235349,,,Application Pending
4,"(IOI) Immigrant Opportunities Initiative EIN Agy # UIA MOC, etc) Borough Agency (Council, Organization Number Amount * Status",113235349,,,Application Pending
4,"(IOI) Immigrant Opportunities Initiative EIN Agy # UIA MOC, etc) Borough Agency (Council, Organization Number Amount * Status",112622003,,,Cleared
4,"(IOI) Immigrant Opportunities Initiative EIN Agy # UIA MOC, etc) Borough Agency (Council, Organization Number Amount * Status",133861648,,,Missing PQL Application
4,"(IOI) Immigrant Opportunities Initiative EIN Agy # UIA MOC, etc) Borough Agency (Council, Organization Number Amount * Status",133593885,,,Application Pending
4,"(IOI) Immigrant Opportunities Initiative EIN Agy # UIA MOC, etc) Borough Agency (Council, Organization Number Amount * Status",133593885,,,Application Pending
4,"(IOI) Immigrant Opportunities Initiative EIN Agy # UIA MOC, etc) Borough Agency (Council, Organization Number Amount * Status",133730564,,,Cleared
4,"(IOI) Immigrant Opportunities Initiative EIN Agy # UIA MOC, etc) Borough Agency (Council, Organization Number Amount * Status",133730564,,,Cleared
4,"(IOI) Immigrant Opportunities Initiative EIN Agy # UIA MOC, etc) Borough Agency (Council, Organization Number Amount * Status",510141489,,,Cleared
4,"(IOI) Immigrant Opportunities Initiative EIN Agy # UIA MOC, etc) Borough Agency (Council, Organization Number Amount * Status",510141489,,,Cleared
4,"(IOI) Immigrant Opportunities Initiative EIN Agy # UIA MOC, etc) Borough Agency (Council, Organization Number Amount * Status",135562265,,,Cleared
4,"(IOI) Immigrant Opportunities Initiative EIN Agy # UIA MOC, etc) Borough Agency (Council, Organization Number Amount * Status",131628180,,,Cleared
4,"(IOI) Immigrant Opportunities Initiative EIN Agy # UIA MOC, etc) Borough Agency (Council, Organization Number Amount * Status",131628180,,,Cleared
4,"(IOI) Immigrant Opportunities Initiative EIN Agy # UIA MOC, etc) Borough Agency (Council, Organization Number Amount * Status",132867881,,,Cleared
4,"(IOI) Immigrant Opportunities Initiative EIN Agy # UIA MOC, etc) Borough Agency (Council, Organization Number Amount * Status",132738818,,,Cleared
4,"(IOI) Immigrant Opportunities Initiative EIN Agy # UIA MOC, etc) Borough Agency (Council, Organization Number Amount * Status",132622748,,,Cleared
4,"(IOI) Immigrant Opportunities Initiative EIN Agy # UIA MOC, etc) Borough Agency (Council, Organization Number Amount * Status",132622748,,,Cleared
4,"(IOI) Immigrant Opportunities Initiative EIN Agy # UIA MOC, etc) Borough Agency (Council, Organization Number Amount * Status",061296692,,,Application Pending
4,"(IOI) Immigrant Opportunities Initiative EIN Agy # UIA MOC, etc) Borough Agency (Council, Organization Number Amount * Status",061296692,,,Application Pending
4,"(IOI) Immigrant Opportunities Initiative EIN Agy # UIA MOC, etc) Borough Agency (Council, Organization Number Amount * Status",133255591,,,Application Pending
4,"(IOI) Immigrant Opportunities Initiative EIN Agy # UIA MOC, etc) Borough Agency (Council, Organization Number Amount * Status",133255591,,,Application Pending
4,"(IOI) Immigrant Opportunities Initiative EIN Agy # UIA MOC, etc) Borough Agency (Council, Organization Number Amount * Status",132972415,,,Cleared
4,"(IOI) Immigrant Opportunities Initiative EIN Agy # UIA MOC, etc) Borough Agency (Council, Organization Number Amount * Status",135562308,,,Missing PQL Application
4,"(IOI) Immigrant Opportunities Initiative EIN Agy # UIA MOC, etc) Borough Agency (Council, Organization Number Amount * Status",133280364,,,Cleared
4,"(IOI) Immigrant Opportunities Initiative EIN Agy # UIA MOC, etc) Borough Agency (Council, Organization Number Amount * Status",133280364,,,Cleared
4,"(IOI) Immigrant Opportunities Initiative EIN Agy # UIA MOC, etc) Borough Agency (Council, Organization Number Amount * Status",133193119,,,Cleared
4,"(IOI) Immigrant Opportunities Initiative EIN Agy # UIA MOC, etc) Borough Agency (Council, Organization Number Amount * Status",134042093,,,Application Pending
4,"(IOI) Immigrant Opportunities Initiative EIN Agy # UIA MOC, etc) Borough Agency (Council, Organization Number Amount * Status",133442022,,,Cleared
4,"(IOI) Immigrant Opportunities Initiative EIN Agy # UIA MOC, etc) Borough Agency (Council, Organization Number Amount * Status",133442022,,,Cleared
4,"(IOI) Immigrant Opportunities Initiative EIN Agy # UIA MOC, etc) Borough Agency (Council, Organization Number Amount * Status",136003018,,,Missing PQL Application
4,"(IOI) Immigrant Opportunities Initiative EIN Agy # UIA MOC, etc) Borough Agency (Council, Organization Number Amount * Status",112859151,,,Cleared
4,"(IOI) Immigrant Opportunities Initiative EIN Agy # UIA MOC, etc) Borough Agency (Council, Organization Number Amount * Status",113235349,,,Application Pending
4,"(IOI) Immigrant Opportunities Initiative EIN Agy # UIA MOC, etc) Borough Agency (Council, Organization Number Amount * Status",112932528,,,Cleared
4,"(IOI) Immigrant Opportunities Initiative EIN Agy # UIA MOC, etc) Borough Agency (Council, Organization Number Amount * Status",112290832,,,Cleared
4,"(IOI) Immigrant Opportunities Initiative EIN Agy # UIA MOC, etc) Borough Agency (Council, Organization Number Amount * Status",132605604,,,Cleared
4,"(IOI) Immigrant Opportunities Initiative EIN Agy # UIA MOC, etc) Borough Agency (Council, Organization Number Amount * Status",132738818,,,Cleared
4,"(IOI) Immigrant Opportunities Initiative EIN Agy # UIA MOC, etc) Borough Agency (Council, Organization Number Amount * Status",133505428,,,Çleared
4,"(IOI) Immigrant Opportunities Initiative EIN Agy # UIA MOC, etc) Borough Agency (Council, Organization Number Amount * Status",133193119,,,Cleared
4,"(IOI) Immigrant Opportunities Initiative EIN Agy # UIA MOC, etc) Borough Agency (Council, Organization Number Amount * Status",111966067,,,Cleared
4,"(IOI) Immigrant Opportunities Initiative EIN Agy # UIA MOC, etc) Borough Agency (Council, Organization Number Amount * Status",112710506,,,Application Pending
4,"(IOI) Immigrant Opportunities Initiative EIN Agy # UIA MOC, etc) Borough Agency (Council, Organization Number Amount * Status",112488439,,,Cleared
4,"(IOI) Immigrant Opportunities Initiative EIN Agy # UIA MOC, etc) Borough Agency (Council, Organization Number Amount * Status",133626127,,,Missing PQL Application
4,"(IOI) Immigrant Opportunities Initiative EIN Agy # UIA MOC, etc) Borough Agency (Council, Organization Number Amount * Status",135562256,,,Cleared
4,"(IOI) Immigrant Opportunities Initiative EIN Agy # UIA MOC, etc) Borough Agency (Council, Organization Number Amount * Status",135562256,,,Cleared
4,"(IOI) Immigrant Opportunities Initiative EIN Agy # UIA MOC, etc) Borough Agency (Council, Organization Number Amount * Status",135562256,,,Cleared
4,"(IOI) Immigrant Opportunities Initiative EIN Agy # UIA MOC, etc) Borough Agency (Council, Organization Number Amount * Status",132600199,,,Cleared
4,"(IOI) Immigrant Opportunities Initiative EIN Agy # UIA MOC, etc) Borough Agency (Council, Organization Number Amount * Status",112594500,,,Cleared
4,"(IOI) Immigrant Opportunities Initiative EIN Agy # UIA MOC, etc) Borough Agency (Council, Organization Number Amount * Status",133097367,,,Missing PQL Application
4,"(IOI) Immigrant Opportunities Initiative EIN Agy # UIA MOC, etc) Borough Agency (Council, Organization Number Amount * Status",133097367,,,Missing PQL Application
4,"(IOI) Immigrant Opportunities Initiative EIN Agy # UIA MOC, etc) Borough Agency (Council, Organization Number Amount * Status",133254484,,,Cleared
4,"(IOI) Immigrant Opportunities Initiative EIN Agy # UIA MOC, etc) Borough Agency (Council, Organization Number Amount * Status",133805049,,,Application Pending
4,"(IOI) Immigrant Opportunities Initiative EIN Agy # UIA MOC, etc) Borough Agency (Council, Organization Number Amount * Status",133015539,,,Cleared
4,"(IOI) Immigrant Opportunities Initiative EIN Agy # UIA MOC, etc) Borough Agency (Council, Organization Number Amount * Status",132813809,,,Application Pending
4,"(IOI) Immigrant Opportunities Initiative EIN Agy # UIA MOC, etc) Borough Agency (Council, Organization Number Amount * Status",510180665,,,Application Pending
4,"(IOI) Immigrant Opportunities Initiative EIN Agy # UIA MOC, etc) Borough Agency (Council, Organization Number Amount * Status",133865634,,,Cleared
4,"(IOI) Immigrant Opportunities Initiative EIN Agy # UIA MOC, etc) Borough Agency (Council, Organization Number Amount * Status",132707665,,,Cleared
4,"(IOI) Immigrant Opportunities Initiative EIN Agy # UIA MOC, etc) Borough Agency (Council, Organization Number Amount * Status",132736022,,,Cleared
4,"(IOI) Immigrant Opportunities Initiative EIN Agy # UIA MOC, etc) Borough Agency (Council, Organization Number Amount * Status",133975090,,,Cleared
4,"(IOI) Immigrant Opportunities Initiative EIN Agy # UIA MOC, etc) Borough Agency (Council, Organization Number Amount * Status",112480339,,,Cleared
4,"(IOI) Immigrant Opportunities Initiative EIN Agy # UIA MOC, etc) Borough Agency (Council, Organization Number Amount * Status",112683663,,,Cleared
4,"(IOI) Immigrant Opportunities Initiative EIN Agy # UIA MOC, etc) Borough Agency (Council, Organization Number Amount * Status",112838138,,,Cleared
4,"(IOI) Immigrant Opportunities Initiative EIN Agy # UIA MOC, etc) Borough Agency (Council, Organization Number Amount * Status",111633484,,,Cleared
4,"(IOI) Immigrant Opportunities Initiative EIN Agy # UIA MOC, etc) Borough Agency (Council, Organization Number Amount * Status",112475743,,,Cleared
4,"(IOI) Immigrant Opportunities Initiative EIN Agy # UIA MOC, etc) Borough Agency (Council, Organization Number Amount * Status",111839567,,,Cleared
4,"(IOI) Immigrant Opportunities Initiative EIN Agy # UIA MOC, etc) Borough Agency (Council, Organization Number Amount * Status",112934620,,,Cleared
4,"(IOI) Immigrant Opportunities Initiative EIN Agy # UIA MOC, etc) Borough Agency (Council, Organization Number Amount * Status",112986161,,,Application Pending
4,"(IOI) Immigrant Opportunities Initiative EIN Agy # UIA MOC, etc) Borough Agency (Council, Organization Number Amount * Status",112954971,,,Cleared
4,"(IOI) Immigrant Opportunities Initiative EIN Agy # UIA MOC, etc) Borough Agency (Council, Organization Number Amount * Status",510192170,,,Cleared
4,"(IOI) Immigrant Opportunities Initiative EIN Agy # UIA MOC, etc) Borough Agency (Council, Organization Number Amount * Status",111711002,,,Application Pending
4,"(IOI) Immigrant Opportunities Initiative EIN Agy # UIA MOC, etc) Borough Agency (Council, Organization Number Amount * Status",133402057,,,Cleared
4,"(IOI) Immigrant Opportunities Initiative EIN Agy # UIA MOC, etc) Borough Agency (Council, Organization Number Amount * Status",132755214,,,Cleared
4,"(IOI) Immigrant Opportunities Initiative EIN Agy # UIA MOC, etc) Borough Agency (Council, Organization Number Amount * Status",133584616,,,Missing PQL Application
4,"(IOI) Immigrant Opportunities Initiative EIN Agy # UIA MOC, etc) Borough Agency (Council, Organization Number Amount * Status",510180665,,,Application Pending
4,"(IOI) Immigrant Opportunities Initiative EIN Agy # UIA MOC, etc) Borough Agency (Council, Organization Number Amount * Status",132972415,,,Cleared
4,"(IOI) Immigrant Opportunities Initiative EIN Agy # UIA MOC, etc) Borough Agency (Council, Organization Number Amount * Status",133280364,,,Cleared
4,"(IOI) Immigrant Opportunities Initiative EIN Agy # UIA MOC, etc) Borough Agency (Council, Organization Number Amount * Status",135562374,,,Cleared
4,"(IOI) Immigrant Opportunities Initiative EIN Agy # UIA MOC, etc) Borough Agency (Council, Organization Number Amount * Status",131624228,,,Cleared
4,"(IOI) Immigrant Opportunities Initiative EIN Agy # UIA MOC, etc) Borough Agency (Council, Organization Number Amount * Status",133187792,,,Cleared
4,"(IOI) Immigrant Opportunities Initiative EIN Agy # UIA MOC, etc) Borough Agency (Council, Organization Number Amount * Status",113559496,,,Missing PQL Application
4,"(IOI) Immigrant Opportunities Initiative EIN Agy # UIA MOC, etc) Borough Agency (Council, Organization Number Amount * Status",061389895,,,Cleared
4,"(IOI) Immigrant Opportunities Initiative EIN Agy # UIA MOC, etc) Borough Agency (Council, Organization Number Amount * Status",010627174,,,Application Pending
4,"(IOI) Immigrant Opportunities Initiative EIN Agy # UIA MOC, etc) Borough Agency (Council, Organization Number Amount * Status",112518141,,,Cleared
4,"(IOI) Immigrant Opportunities Initiative EIN Agy # UIA MOC, etc) Borough Agency (Council, Organization Number Amount * Status",112423857,,,Application Pending
4,"(IOI) Immigrant Opportunities Initiative EIN Agy # UIA MOC, etc) Borough Agency (Council, Organization Number Amount * Status",112290832,,,Cleared
4,"(IOI) Immigrant Opportunities Initiative EIN Agy # UIA MOC, etc) Borough Agency (Council, Organization Number Amount * Status",237348989,,,Cleared
4,"(IOI) Immigrant Opportunities Initiative EIN Agy # UIA MOC, etc) Borough Agency (Council, Organization Number Amount * Status",113344389,,,Cleared
4,"(IOI) Immigrant Opportunities Initiative EIN Agy # UIA MOC, etc) Borough Agency (Council, Organization Number Amount * Status",112375583,,,Cleared
4,"(IOI) Immigrant Opportunities Initiative EIN Agy # UIA MOC, etc) Borough Agency (Council, Organization Number Amount * Status",,,,Missing PQL Application
4,"(IOI) Immigrant Opportunities Initiative EIN Agy # UIA MOC, etc) Borough Agency (Council, Organization Number Amount * Status",112488439,,,Cleared
4,"(IOI) Immigrant Opportunities Initiative EIN Agy # UIA MOC, etc) Borough Agency (Council, Organization Number Amount * Status",135562256,,,Cleared
4,"(IOI) Immigrant Opportunities Initiative EIN Agy # UIA MOC, etc) Borough Agency (Council, Organization Number Amount * Status",133097367,,,Missing PQL Application
4,"(IOI) Immigrant Opportunities Initiative EIN Agy # UIA MOC, etc) Borough Agency (Council, Organization Number Amount * Status",133254484,,,Cleared
4,"(IOI) Immigrant Opportunities Initiative EIN Agy # UIA MOC, etc) Borough Agency (Council, Organization Number Amount * Status",133622107,,,Cleared
4,"(IOI) Immigrant Opportunities Initiative EIN Agy # UIA MOC, etc) Borough Agency (Council, Organization Number Amount * Status",116083182,,,Cleared
4,"(IOI) Immigrant Opportunities Initiative EIN Agy # UIA MOC, etc) Borough Agency (Council, Organization Number Amount * Status",112864728,,,Cleared
4,"(IOI) Immigrant Opportunities Initiative EIN Agy # UIA MOC, etc) Borough Agency (Council, Organization Number Amount * Status",112614265,,,Cleared
4,"(IOI) Immigrant Opportunities Initiative EIN Agy # UIA MOC, etc) Borough Agency (Council, Organization Number Amount * Status",112758014,,,Missing PQL Application
4,"(IOI) Immigrant Opportunities Initiative EIN Agy # UIA MOC, etc) Borough Agency (Council, Organization Number Amount * Status",113188470,,,Application Pending
4,"(IOI) Immigrant Opportunities Initiative EIN Agy # UIA MOC, etc) Borough Agency (Council, Organization Number Amount * Status",112777066,,,Cleared
4,"(IOI) Immigrant Opportunities Initiative EIN Agy # UIA MOC, etc) Borough Agency (Council, Organization Number Amount * Status",132645436,,,Cleared
4,"(IOI) Immigrant Opportunities Initiative EIN Agy # UIA MOC, etc) Borough Agency (Council, Organization Number Amount * Status",133749744,,,Cleared
4,"(IOI) Immigrant Opportunities Initiative EIN Agy # UIA MOC, etc) Borough Agency (Council, Organization Number Amount * Status",131740445,,,Application Pending
4,"(IOI) Immigrant Opportunities Initiative EIN Agy # UIA MOC, etc) Borough Agency (Council, Organization Number Amount * Status",753128396,,,Missing PQL Application
4,"(IOI) Immigrant Opportunities Initiative EIN Agy # UIA MOC, etc) Borough Agency (Council, Organization Number Amount * Status",133087407,,,Cleared
4,"(IOI) Immigrant Opportunities Initiative EIN Agy # UIA MOC, etc) Borough Agency (Council, Organization Number Amount * Status",132867881,,,Cleared
4,"(IOI) Immigrant Opportunities Initiative EIN Agy # UIA MOC, etc) Borough Agency (Council, Organization Number Amount * Status",131632530,,,Cleared
4,"(IOI) Immigrant Opportunities Initiative EIN Agy # UIA MOC, etc) Borough Agency (Council, Organization Number Amount * Status",131635308,,,Cleared
4,"(IOI) Immigrant Opportunities Initiative EIN Agy # UIA MOC, etc) Borough Agency (Council, Organization Number Amount * Status",111633509,,,Application Pending
4,"(IOI) Immigrant Opportunities Initiative EIN Agy # UIA MOC, etc) Borough Agency (Council, Organization Number Amount * Status",111729398,,,Cleared
4,"(IOI) Immigrant Opportunities Initiative EIN Agy # UIA MOC, etc) Borough Agency (Council, Organization Number Amount * Status",113560625,,,Application Pending
4,"(IOI) Immigrant Opportunities Initiative EIN Agy # UIA MOC, etc) Borough Agency (Council, Organization Number Amount * Status",112432846,,,Cleared
4,"(IOI) Immigrant Opportunities Initiative EIN Agy # UIA MOC, etc) Borough Agency (Council, Organization Number Amount * Status",133530740,,,Application Pending
4,"(IOI) Immigrant Opportunities Initiative EIN Agy # UIA MOC, etc) Borough Agency (Council, Organization Number Amount * Status",133530740,,,Application Pending
4,"(IOI) Immigrant Opportunities Initiative EIN Agy # UIA MOC, etc) Borough Agency (Council, Organization Number Amount * Status",133530740,,,Application Pending
4,"(IOI) Immigrant Opportunities Initiative EIN Agy # UIA MOC, etc) Borough Agency (Council, Organization Number Amount * Status",133530740,,,Application Pending
4,"(IOI) Immigrant Opportunities Initiative EIN Agy # UIA MOC, etc) Borough Agency (Council, Organization Number Amount * Status",133530740,,,Application Pending
4,"(IOI) Immigrant Opportunities Initiative EIN Agy # UIA MOC, etc) Borough Agency (Council, Organization Number Amount * Status",133530740,,,Application Pending
4,"(IOI) Immigrant Opportunities Initiative EIN Agy # UIA MOC, etc) Borough Agency (Council, Organization Number Amount * Status",133530740,,,Application Pending
4,"(IOI) Immigrant Opportunities Initiative EIN Agy # UIA MOC, etc) Borough Agency (Council, Organization Number Amount * Status",133530740,,,Application Pending
4,"(IOI) Immigrant Opportunities Initiative EIN Agy # UIA MOC, etc) Borough Agency (Council, Organization Number Amount * Status",133530740,,,Application Pending
4,"(IOI) Immigrant Opportunities Initiative EIN Agy # UIA MOC, etc) Borough Agency (Council, Organization Number Amount * Status",133530740,,,Application Pending
4,"(IOI) Immigrant Opportunities Initiative EIN Agy # UIA MOC, etc) Borough Agency (Council, Organization Number Amount * Status",133530740,,,Application Pending
4,"(IOI) Immigrant Opportunities Initiative EIN Agy # UIA MOC, etc) Borough Agency (Council, Organization Number Amount * Status",133530740,,,Application Pending
4,"(IOI) Immigrant Opportunities Initiative EIN Agy # UIA MOC, etc) Borough Agency (Council, Organization Number Amount * Status",133530740,,,Application Pending
4,"(IOI) Immigrant Opportunities Initiative EIN Agy # UIA MOC, etc) Borough Agency (Council, Organization Number Amount * Status",133530740,,,Application Pending
4,"(IOI) Immigrant Opportunities Initiative EIN Agy # UIA MOC, etc) Borough Agency (Council, Organization Number Amount * Status",133530740,,,Application Pending
4,"(IOI) Immigrant Opportunities Initiative EIN Agy # UIA MOC, etc) Borough Agency (Council, Organization Number Amount * Status",133530740,,,Application Pending
4,"(IOI) Immigrant Opportunities Initiative EIN Agy # UIA MOC, etc) Borough Agency (Council, Organization Number Amount * Status",133530740,,,Application Pending
4,"(IOI) Immigrant Opportunities Initiative EIN Agy # UIA MOC, etc) Borough Agency (Council, Organization Number Amount * Status",133530740,,,Application Pending
4,"(IOI) Immigrant Opportunities Initiative EIN Agy # UIA MOC, etc) Borough Agency (Council, Organization Number Amount * Status",133530740,,,Application Pending
4,"(IOI) Immigrant Opportunities Initiative EIN Agy # UIA MOC, etc) Borough Agency (Council, Organization Number Amount * Status",133530740,,,Application Pending
4,"(IOI) Immigrant Opportunities Initiative EIN Agy # UIA MOC, etc) Borough Agency (Council, Organization Number Amount * Status",133530740,,,Application Pending
4,"(IOI) Immigrant Opportunities Initiative EIN Agy # UIA MOC, etc) Borough Agency (Council, Organization Number Amount * Status",133530740,,,Application Pending
4,"(IOI) Immigrant Opportunities Initiative EIN Agy # UIA MOC, etc) Borough Agency (Council, Organization Number Amount * Status",133530740,,,Application Pending
4,"(IOI) Immigrant Opportunities Initiative EIN Agy # UIA MOC, etc) Borough Agency (Council, Organization Number Amount * Status",133530740,,,Application Pending
4,"(IOI) Immigrant Opportunities Initiative EIN Agy # UIA MOC, etc) Borough Agency (Council, Organization Number Amount * Status",133530740,,,Application Pending
4,"(IOI) Immigrant Opportunities Initiative EIN Agy # UIA MOC, etc) Borough Agency (Council, Organization Number Amount * Status",133530740,,,Application Pending
4,"(IOI) Immigrant Opportunities Initiative EIN Agy # UIA MOC, etc) Borough Agency (Council, Organization Number Amount * Status",133530740,,,Application Pending
4,"(IOI) Immigrant Opportunities Initiative EIN Agy # UIA MOC, etc) Borough Agency (Council, Organization Number Amount * Status",133530740,,,Application Pending
4,"(IOI) Immigrant Opportunities Initiative EIN Agy # UIA MOC, etc) Borough Agency (Council, Organization Number Amount * Status",133530740,,,Appliçation Pending
4,"(IOI) Immigrant Opportunities Initiative EIN Agy # UIA MOC, etc) Borough Agency (Council, Organization Number Amount * Status",133530740,,,Application Pending
4,"(IOI) Immigrant Opportunities Initiative EIN Agy # UIA MOC, etc) Borough Agency (Council, Organization Number Amount * Status",133530740,,,Application Pending
4,"(IOI) Immigrant Opportunities Initiative EIN Agy # UIA MOC, etc) Borough Agency (Council, Organization Number Amount * Status",133530740,,,Application Pending
4,"(IOI) Immigrant Opportunities Initiative EIN Agy # UIA MOC, etc) Borough Agency (Council, Organization Number Amount * Status",133530740,,,Application Pending
4,"(IOI) Immigrant Opportunities Initiative EIN Agy # UIA MOC, etc) Borough Agency (Council, Organization Number Amount * Status",133530740,,,Application Pending
4,"(IOI) Immigrant Opportunities Initiative EIN Agy # UIA MOC, etc) Borough Agency (Council, Organization Number Amount * Status",133530740,,,Application Pending
4,"(IOI) Immigrant Opportunities Initiative EIN Agy # UIA MOC, etc) Borough Agency (Council, Organization Number Amount * Status",133530740,,,Application Pending
4,"(IOI) Immigrant Opportunities Initiative EIN Agy # UIA MOC, etc) Borough Agency (Council, Organization Number Amount * Status",133530740,,,Application Pending
4,"(IOI) Immigrant Opportunities Initiative EIN Agy # UIA MOC, etc) Borough Agency (Council, Organization Number Amount * Status",133530740,,,Application Pending
4,"(IOI) Immigrant Opportunities Initiative EIN Agy # UIA MOC, etc) Borough Agency (Council, Organization Number Amount * Status",133530740,,,Application Pending
4,"(IOI) Immigrant Opportunities Initiative EIN Agy # UIA MOC, etc) Borough Agency (Council, Organization Number Amount * Status",133530740,,,Application Pending
4,"(IOI) Immigrant Opportunities Initiative EIN Agy # UIA MOC, etc) Borough Agency (Council, Organization Number Amount * Status",133530740,,,Application Pending
4,"(IOI) Immigrant Opportunities Initiative EIN Agy # UIA MOC, etc) Borough Agency (Council, Organization Number Amount * Status",133530740,,,Application Pending
4,"(IOI) Immigrant Opportunities Initiative EIN Agy # UIA MOC, etc) Borough Agency (Council, Organization Number Amount * Status",133530740,,,Application Pending
4,"(IOI) Immigrant Opportunities Initiative EIN Agy # UIA MOC, etc) Borough Agency (Council, Organization Number Amount * Status",133530740,,,Application Pending
4,"(IOI) Immigrant Opportunities Initiative EIN Agy # UIA MOC, etc) Borough Agency (Council, Organization Number Amount * Status",133530740,,,Application Pending
4,"(IOI) Immigrant Opportunities Initiative EIN Agy # UIA MOC, etc) Borough Agency (Council, Organization Number Amount * Status",133530740,,,Application Pending
4,"(IOI) Immigrant Opportunities Initiative EIN Agy # UIA MOC, etc) Borough Agency (Council, Organization Number Amount * Status",133530740,,,Application Pending
4,"(IOI) Immigrant Opportunities Initiative EIN Agy # UIA MOC, etc) Borough Agency (Council, Organization Number Amount * Status",133530740,,,Application Pending
4,"(IOI) Immigrant Opportunities Initiative EIN Agy # UIA MOC, etc) Borough Agency (Council, Organization Number Amount * Status",133530740,,,Application Pending
4,"(IOI) Immigrant Opportunities Initiative EIN Agy # UIA MOC, etc) Borough Agency (Council, Organization Number Amount * Status",133530740,,,Application Pending
4,"(IOI) Immigrant Opportunities Initiative EIN Agy # UIA MOC, etc) Borough Agency (Council, Organization Number Amount * Status",133530740,,,Application Pending
4,"(IOI) Immigrant Opportunities Initiative EIN Agy # UIA MOC, etc) Borough Agency (Council, Organization Number Amount * Status",133530740,,,Application Pending
4,"(IOI) Immigrant Opportunities Initiative EIN Agy # UIA MOC, etc) Borough Agency (Council, Organization Number Amount * Status",133530740,,,Application Pending
4,"(IOI) Immigrant Opportunities Initiative EIN Agy # UIA MOC, etc) Borough Agency (Council, Organization Number Amount * Status",133530740,,,Application Pending
4,"(IOI) Immigrant Opportunities Initiative EIN Agy # UIA MOC, etc) Borough Agency (Council, Organization Number Amount * Status",133530740,,,Application Pending
4,"(IOI) Immigrant Opportunities Initiative EIN Agy # UIA MOC, etc) Borough Agency (Council, Organization Number Amount * Status",133530740,,,Application Pending
4,"(IOI) Immigrant Opportunities Initiative EIN Agy # UIA MOC, etc) Borough Agency (Council, Organization Number Amount * Status",133530740,,,Application Pending
4,"(IOI) Immigrant Opportunities Initiative EIN Agy # UIA MOC, etc) Borough Agency (Council, Organization Number Amount * Status",133530740,,,Application Pending
4,"(IOI) Immigrant Opportunities Initiative EIN Agy # UIA MOC, etc) Borough Agency (Council, Organization Number Amount * Status",133530740,,,Application Pending
4,"(IOI) Immigrant Opportunities Initiative EIN Agy # UIA MOC, etc) Borough Agency (Council, Organization Number Amount * Status",133530740,,,Application Pending
4,"(IOI) Immigrant Opportunities Initiative EIN Agy # UIA MOC, etc) Borough Agency (Council, Organization Number Amount * Status",133530740,,,Application Pending
4,"(IOI) Immigrant Opportunities Initiative EIN Agy # UIA MOC, etc) Borough Agency (Council, Organization Number Amount * Status",133530740,,,Application Pending
4,"(IOI) Immigrant Opportunities Initiative EIN Agy # UIA MOC, etc) Borough Agency (Council, Organization Number Amount * Status",133530740,,,Application Pending
4,"(IOI) Immigrant Opportunities Initiative EIN Agy # UIA MOC, etc) Borough Agency (Council, Organization Number Amount * Status",133530740,,,Application Pending
4,"(IOI) Immigrant Opportunities Initiative EIN Agy # UIA MOC, etc) Borough Agency (Council, Organization Number Amount * Status",133530740,,,Application Pending
4,"(IOI) Immigrant Opportunities Initiative EIN Agy # UIA MOC, etc) Borough Agency (Council, Organization Number Amount * Status",133629466,,,Cleared
4,"(IOI) Immigrant Opportunities Initiative EIN Agy # UIA MOC, etc) Borough Agency (Council, Organization Number Amount * Status",133629446,,,Cleared
4,"(IOI) Immigrant Opportunities Initiative EIN Agy # UIA MOC, etc) Borough Agency (Council, Organization Number Amount * Status",133629446,,,Cleared
4,"(IOI) Immigrant Opportunities Initiative EIN Agy # UIA MOC, etc) Borough Agency (Council, Organization Number Amount * Status",133629446,,,Cleared
4,"(IOI) Immigrant Opportunities Initiative EIN Agy # UIA MOC, etc) Borough Agency (Council, Organization Number Amount * Status",133629446,,,Cleared
4,"(IOI) Immigrant Opportunities Initiative EIN Agy # UIA MOC, etc) Borough Agency (Council, Organization Number Amount * Status",133629446,,,Cleared
4,"(IOI) Immigrant Opportunities Initiative EIN Agy # UIA MOC, etc) Borough Agency (Council, Organization Number Amount * Status",133629446,,,Cleared
4,"(IOI) Immigrant Opportunities Initiative EIN Agy # UIA MOC, etc) Borough Agency (Council, Organization Number Amount * Status",133629446,,,Cleared
4,"(IOI) Immigrant Opportunities Initiative EIN Agy # UIA MOC, etc) Borough Agency (Council, Organization Number Amount * Status",133629446,,,Cleared
4,"(IOI) Immigrant Opportunities Initiative EIN Agy # UIA MOC, etc) Borough Agency (Council, Organization Number Amount * Status",133629446,,,Cleared
4,"(IOI) Immigrant Opportunities Initiative EIN Agy # UIA MOC, etc) Borough Agency (Council, Organization Number Amount * Status",133629446,,,Cleared
4,"(IOI) Immigrant Opportunities Initiative EIN Agy # UIA MOC, etc) Borough Agency (Council, Organization Number Amount * Status",133629446,,,Cleared
4,"(IOI) Immigrant Opportunities Initiative EIN Agy # UIA MOC, etc) Borough Agency (Council, Organization Number Amount * Status",133629446,,,Cleared
4,"(IOI) Immigrant Opportunities Initiative EIN Agy # UIA MOC, etc) Borough Agency (Council, Organization Number Amount * Status",133629446,,,Cleared
4,"(IOI) Immigrant Opportunities Initiative EIN Agy # UIA MOC, etc) Borough Agency (Council, Organization Number Amount * Status",133629446,,,Cleared
4,"(IOI) Immigrant Opportunities Initiative EIN Agy # UIA MOC, etc) Borough Agency (Council, Organization Number Amount * Status",133629446,,,Cleared
4,"(IOI) Immigrant Opportunities Initiative EIN Agy # UIA MOC, etc) Borough Agency (Council, Organization Number Amount * Status",133629446,,,Cleared
4,"(IOI) Immigrant Opportunities Initiative EIN Agy # UIA MOC, etc) Borough Agency (Council, Organization Number Amount * Status",133629446,,,Cleared
4,"(IOI) Immigrant Opportunities Initiative EIN Agy # UIA MOC, etc) Borough Agency (Council, Organization Number Amount * Status",133629446,,,Cleared
4,"(IOI) Immigrant Opportunities Initiative EIN Agy # UIA MOC, etc) Borough Agency (Council, Organization Number Amount * Status",133629446,,,Cleared
4,"(IOI) Immigrant Opportunities Initiative EIN Agy # UIA MOC, etc) Borough Agency (Council, Organization Number Amount * Status",133629446,,,Cleared
4,"(IOI) Immigrant Opportunities Initiative EIN Agy # UIA MOC, etc) Borough Agency (Council, Organization Number Amount * Status",133629446,,,Cleared
4,"(IOI) Immigrant Opportunities Initiative EIN Agy # UIA MOC, etc) Borough Agency (Council, Organization Number Amount * Status",133629446,,,Cleared
4,"(IOI) Immigrant Opportunities Initiative EIN Agy # UIA MOC, etc) Borough Agency (Council, Organization Number Amount * Status",133629446,,,Cleared
4,"(IOI) Immigrant Opportunities Initiative EIN Agy # UIA MOC, etc) Borough Agency (Council, Organization Number Amount * Status",133629446,,,Cleared
4,"(IOI) Immigrant Opportunities Initiative EIN Agy # UIA MOC, etc) Borough Agency (Council, Organization Number Amount * Status",133629446,,,Cleared
4,"(IOI) Immigrant Opportunities Initiative EIN Agy # UIA MOC, etc) Borough Agency (Council, Organization Number Amount * Status",133629446,,,Cleared
4,"(IOI) Immigrant Opportunities Initiative EIN Agy # UIA MOC, etc) Borough Agency (Council, Organization Number Amount * Status",133629446,,,Cleared
4,"(IOI) Immigrant Opportunities Initiative EIN Agy # UIA MOC, etc) Borough Agency (Council, Organization Number Amount * Status",133629446,,,Cleared
4,"(IOI) Immigrant Opportunities Initiative EIN Agy # UIA MOC, etc) Borough Agency (Council, Organization Number Amount * Status",133629446,,,Cleared
4,"(IOI) Immigrant Opportunities Initiative EIN Agy # UIA MOC, etc) Borough Agency (Council, Organization Number Amount * Status",133629446,,,Cleared
4,"(IOI) Immigrant Opportunities Initiative EIN Agy # UIA MOC, etc) Borough Agency (Council, Organization Number Amount * Status",133629446,,,Cleared
4,"(IOI) Immigrant Opportunities Initiative EIN Agy # UIA MOC, etc) Borough Agency (Council, Organization Number Amount * Status",133629446,,,Cleared
4,"(IOI) Immigrant Opportunities Initiative EIN Agy # UIA MOC, etc) Borough Agency (Council, Organization Number Amount * Status",133629446,,,Cleared
4,"(IOI) Immigrant Opportunities Initiative EIN Agy # UIA MOC, etc) Borough Agency (Council, Organization Number Amount * Status",133629446,,,Cleared
4,"(IOI) Immigrant Opportunities Initiative EIN Agy # UIA MOC, etc) Borough Agency (Council, Organization Number Amount * Status",133629446,,,Cleared
4,"(IOI) Immigrant Opportunities Initiative EIN Agy # UIA MOC, etc) Borough Agency (Council, Organization Number Amount * Status",133629446,,,Cleared
4,"(IOI) Immigrant Opportunities Initiative EIN Agy # UIA MOC, etc) Borough Agency (Council, Organization Number Amount * Status",112608983,,,Application Pending
4,"(IOI) Immigrant Opportunities Initiative EIN Agy # UIA MOC, etc) Borough Agency (Council, Organization Number Amount * Status",133530740,,,Cleared
4,"(IOI) Immigrant Opportunities Initiative EIN Agy # UIA MOC, etc) Borough Agency (Council, Organization Number Amount * Status",133530740,,,Cleared
4,"(IOI) Immigrant Opportunities Initiative EIN Agy # UIA MOC, etc) Borough Agency (Council, Organization Number Amount * Status",133530740,,,Application Pending
4,"(IOI) Immigrant Opportunities Initiative EIN Agy # UIA MOC, etc) Borough Agency (Council, Organization Number Amount * Status",133530740,,,Missing PQL Application
4,"(IOI) Immigrant Opportunities Initiative EIN Agy # UIA MOC, etc) Borough Agency (Council, Organization Number Amount * Status",133530740,,,Cleared
4,"(IOI) Immigrant Opportunities Initiative EIN Agy # UIA MOC, etc) Borough Agency (Council, Organization Number Amount * Status",133530740,,,Application Pending
4,"(IOI) Immigrant Opportunities Initiative EIN Agy # UIA MOC, etc) Borough Agency (Council, Organization Number Amount * Status",133530740,,,Application Pending
4,"(IOI) Immigrant Opportunities Initiative EIN Agy # UIA MOC, etc) Borough Agency (Council, Organization Number Amount * Status",133530740,,,Missing PQL Application
4,"(IOI) Immigrant Opportunities Initiative EIN Agy # UIA MOC, etc) Borough Agency (Council, Organization Number Amount * Status",133530740,,,Cleared
4,"(IOI) Immigrant Opportunities Initiative EIN Agy # UIA MOC, etc) Borough Agency (Council, Organization Number Amount * Status",133530740,,,Cleared
4,"(IOI) Immigrant Opportunities Initiative EIN Agy # UIA MOC, etc) Borough Agency (Council, Organization Number Amount * Status",133530740,,,Missing PQL Application
4,"(IOI) Immigrant Opportunities Initiative EIN Agy # UIA MOC, etc) Borough Agency (Council, Organization Number Amount * Status",133530740,,,Application Pending
4,"(IOI) Immigrant Opportunities Initiative EIN Agy # UIA MOC, etc) Borough Agency (Council, Organization Number Amount * Status",133530740,,,Missing PQL Application
4,"(IOI) Immigrant Opportunities Initiative EIN Agy # UIA MOC, etc) Borough Agency (Council, Organization Number Amount * Status",133530740,,,Missing PQL Application
4,"(IOI) Immigrant Opportunities Initiative EIN Agy # UIA MOC, etc) Borough Agency (Council, Organization Number Amount * Status",133530740,,,Cleared
4,"(IOI) Immigrant Opportunities Initiative EIN Agy # UIA MOC, etc) Borough Agency (Council, Organization Number Amount * Status",133530740,,,Cleared
4,"(IOI) Immigrant Opportunities Initiative EIN Agy # UIA MOC, etc) Borough Agency (Council, Organization Number Amount * Status",133530740,,,Cleared
4,"(IOI) Immigrant Opportunities Initiative EIN Agy # UIA MOC, etc) Borough Agency (Council, Organization Number Amount * Status",133530740,,,Application Pending
5,,262384342,"Woodside on the Move, Inc.",112435565,
5,,262384342,"Sunnyside Community Services Center, Inc",510189327,
5,,237204542,"Samuel Field YM & YWHA, Inc.",113071518,
5,,204507213,"East New York Kidspower, Inc.",113308030,
5,,542193223,"East New York Kidspower, Inc.",113308030,
5,,900104348,"East New York Kidspower, Inc.",113308030,
5,,136400434,"East New York Kidspower, Inc",113308030,
5,,205484666,"Southern Queens Park Association, Inc",112432846,
5,,113218377,Southern Queens Park Association Inc,112432846,
5,,113314475,"Southern Queens Park Association, Inc.",112432846,
5,,113250488,"Southem Queens Park Association, Inc.",112432846,
5,,261523871,Association of Hispanic Arts,132871091,
5,,112864728,"Metropolitan New York Coordinating Council on Jewish Poverty. Inc,",132738818,
5,,432038355,"YMS Management, Associates, Inc",112756216,S10K-F PQL Not Required
5,,113027538,,,Cleared
5,,112708452,"YMS Management Associates, Inc.",112756216,Missing PQL Application
5,,112778372,,,Application Pending
5,,112602182,,,Application Pending
5,,113295520,"YMS Management Associates, inc.",112756216,s10K - PQL Not Required
5,,113612068,,,Application Pending
5,,113168615,,,Missing PQL Application
5,,223977490,Westside Crime Prevention Program,133087186,S10K- PQL Not Required
5,,133087186,,,Cleared
5,,133203701,,,s10K - PQL Not Required
5,,133214064,,,S10K- PQL Not Required
5,,134188781,,,Application Pending
5,,133408731,,,Cleared
5,,112226621,,,10K- PQL Not Required
5,,112266221,,,S10K- PQL Not Required
5,,113371981,,,s10K PQL Not Required
5,,200635057,,,s10K- PQL Not Required
5,,112655466,,,S10K PQL Not Required
5,,112435523,,,Cleared
5,,061590185,,,s10K- PQL Not Required
5,,061833593,,,S10K PQL Not Required
5,,113805241,,,s10K -PQL Not Required
5,,364628696,,,s10K PQL Not Required
5,,061590185,"East New York Kidspower, Inc.",113308030,S10K- - PQL Not Required
5,,061833593,"East New York Kidspower, Inc.",113308030,S10K- PQL Not Required
5,,113805241,"East New York Kidspower, Inc.",113308030,S10K- PQL Not Required
5,,364628696,"East New York Kidspower, Inc.",113308030,S10K- PQL Not Required
5,,510207719,,,Missing PQL Application
5,,061389895,,,Cleared
5,,113093642,,,S10K - PQL Not Required
5,,205484666,,,Application Pending
5,,205484666,"Southern Queens Park Association, Inc.",112432846,Application Pending
5,,113218377,,,Missing PQL Application
5,,113218377,"Southern Queens Park Association, Inc.",112432846,Missing PQL Application
5,,133942646,,,Cleared
5,,133942646,,,Cleared
5,,133303089,,,Cleared
5,,133303089,,,Cleared
5,,134161655132933391,,,S10K- PQL Not Required S10K PQL Not Required
5,,112009943,,,S10K - PQL Not Required
5,,311767167,,,s10K- PQL Not Required
5,,582441703,,,s10K- PQL Not Required
5,,582441203,,,$10K- PQL Not Required
5,,204839379,,,s10K PQL Not Required
5,,237214095,Full Gospel Tabernacle United Hold Church,237214095,
5,,237214095,Full Gospel Tabernacle United Hold Church,300048849,
5,,113381629,,,Cleared
5,,113381629,,,Cleared
5,,132685755,,,Missing PQL Application
5,,132925233,,,Cleared
5,,134192780,,,Missing PQL Application
5,,020720786,,,Cleared
5,"Immigrant Opportunities Initiative EIN Borough Agency Agy # Status (Council, MOC, etc) Number Amount UIA Organization *",113235349),,,Government Entity
5,"Immigrant Opportunities Initiative EIN Borough Agency Agy # Status (Council, MOC, etc) Number Amount UIA Organization *",113235349,,,Government Entity
5,"Immigrant Opportunities Initiative EIN Borough Agency Agy # Status (Council, MOC, etc) Number Amount UIA Organization *",113235349,,,Government Entity
5,"Immigrant Opportunities Initiative EIN Borough Agency Agy # Status (Council, MOC, etc) Number Amount UIA Organization *",113235349,,,Government Entity
5,"Immigrant Opportunities Initiative EIN Borough Agency Agy # Status (Council, MOC, etc) Number Amount UIA Organization *",131988190,,,Government Entity
5,"Immigrant Opportunities Initiative EIN Borough Agency Agy # Status (Council, MOC, etc) Number Amount UIA Organization *",131988190,,,Government Entity
5,"Immigrant Opportunities Initiative EIN Borough Agency Agy # Status (Council, MOC, etc) Number Amount UIA Organization *",131988190,,,Government Entity
5,"Immigrant Opportunities Initiative EIN Borough Agency Agy # Status (Council, MOC, etc) Number Amount UIA Organization *",131988190,,,Government Entity
5,"Immigrant Opportunities Initiative EIN Borough Agency Agy # Status (Council, MOC, etc) Number Amount UIA Organization *",112488439,,,Cleared
5,"Immigrant Opportunities Initiative EIN Borough Agency Agy # Status (Council, MOC, etc) Number Amount UIA Organization *",135562256,,,Cleared
5,"Immigrant Opportunities Initiative EIN Borough Agency Agy # Status (Council, MOC, etc) Number Amount UIA Organization *",133097367,,,Application Pending
5,"Immigrant Opportunities Initiative EIN Borough Agency Agy # Status (Council, MOC, etc) Number Amount UIA Organization *",112594500,,,Cleared
5,"Immigrant Opportunities Initiative EIN Borough Agency Agy # Status (Council, MOC, etc) Number Amount UIA Organization *",112594500,,,Cleared
5,"Immigrant Opportunities Initiative EIN Borough Agency Agy # Status (Council, MOC, etc) Number Amount UIA Organization *",113235349,,,Government Entity
5,"Immigrant Opportunities Initiative EIN Borough Agency Agy # Status (Council, MOC, etc) Number Amount UIA Organization *",113235349,,,Government Entity
5,"Immigrant Opportunities Initiative EIN Borough Agency Agy # Status (Council, MOC, etc) Number Amount UIA Organization *",135562265,,,Cleared
5,"Immigrant Opportunities Initiative EIN Borough Agency Agy # Status (Council, MOC, etc) Number Amount UIA Organization *",132600199,,,Cleared
5,"Immigrant Opportunities Initiative EIN Borough Agency Agy # Status (Council, MOC, etc) Number Amount UIA Organization *",135562265,,,Cleared
5,"Immigrant Opportunities Initiative EIN Borough Agency Agy # Status (Council, MOC, etc) Number Amount UIA Organization *",135562265,,,Cleared
5,"Immigrant Opportunities Initiative EIN Borough Agency Agy # Status (Council, MOC, etc) Number Amount UIA Organization *",112149962,,,Cleared
5,"Immigrant Opportunities Initiative EIN Borough Agency Agy # Status (Council, MOC, etc) Number Amount UIA Organization *",135562265,,,Cleared
5,"Immigrant Opportunities Initiative EIN Borough Agency Agy # Status (Council, MOC, etc) Number Amount UIA Organization *",132605604,,,Cleared
5,"Immigrant Opportunities Initiative EIN Borough Agency Agy # Status (Council, MOC, etc) Number Amount UIA Organization *",132600199,,,Cleared
5,"Immigrant Opportunities (continued) Initiative UIA etc) # (Council, MOC, Organization EIN Number Amount Agy Status Borough Agency *",132605605,,,Cleared
5,"Immigrant Opportunities (continued) Initiative UIA etc) # (Council, MOC, Organization EIN Number Amount Agy Status Borough Agency *",135562265,,,Cleared
5,"Immigrant Opportunities (continued) Initiative UIA etc) # (Council, MOC, Organization EIN Number Amount Agy Status Borough Agency *",135562265,,,Cleared
5,"Immigrant Opportunities (continued) Initiative UIA etc) # (Council, MOC, Organization EIN Number Amount Agy Status Borough Agency *",135562265,,,Cleared
5,"Immigrant Opportunities (continued) Initiative UIA etc) # (Council, MOC, Organization EIN Number Amount Agy Status Borough Agency *",135562265,,,Cleared
5,"Immigrant Opportunities (continued) Initiative UIA etc) # (Council, MOC, Organization EIN Number Amount Agy Status Borough Agency *",135562265,,,Cleared
5,"Immigrant Opportunities (continued) Initiative UIA etc) # (Council, MOC, Organization EIN Number Amount Agy Status Borough Agency *",112149962,,,Cleared
5,"Immigrant Opportunities (continued) Initiative UIA etc) # (Council, MOC, Organization EIN Number Amount Agy Status Borough Agency *",132605604,,,Cleared
5,"Immigrant Opportunities (continued) Initiative UIA etc) # (Council, MOC, Organization EIN Number Amount Agy Status Borough Agency *",132600199,,,Cleared
5,"Immigrant Opportunities (continued) Initiative UIA etc) # (Council, MOC, Organization EIN Number Amount Agy Status Borough Agency *",132605605,,,Cleared
5,"Immigrant Opportunities (continued) Initiative UIA etc) # (Council, MOC, Organization EIN Number Amount Agy Status Borough Agency *",132600199,,,Cleared
5,"Immigrant Opportunities (continued) Initiative UIA etc) # (Council, MOC, Organization EIN Number Amount Agy Status Borough Agency *",132600199,,,Cleared
5,"Immigrant Opportunities (continued) Initiative UIA etc) # (Council, MOC, Organization EIN Number Amount Agy Status Borough Agency *",131988190),,,Government Entity
5,"Immigrant Opportunities (continued) Initiative UIA etc) # (Council, MOC, Organization EIN Number Amount Agy Status Borough Agency *",131988190,,,Government Entity
5,"Immigrant Opportunities (continued) Initiative UIA etc) # (Council, MOC, Organization EIN Number Amount Agy Status Borough Agency *",131988190,,,Government Entity
5,"Immigrant Opportunities (continued) Initiative UIA etc) # (Council, MOC, Organization EIN Number Amount Agy Status Borough Agency *",133997718,,,Cleared
5,"Immigrant Opportunities (continued) Initiative UIA etc) # (Council, MOC, Organization EIN Number Amount Agy Status Borough Agency *",112515828,,,Cleared
5,"Immigrant Opportunities (continued) Initiative UIA etc) # (Council, MOC, Organization EIN Number Amount Agy Status Borough Agency *",136277895,,,Cleared
5,"Immigrant Opportunities (continued) Initiative UIA etc) # (Council, MOC, Organization EIN Number Amount Agy Status Borough Agency *",043707153,,,Cleared
5,"Immigrant Opportunities (continued) Initiative UIA etc) # (Council, MOC, Organization EIN Number Amount Agy Status Borough Agency *",135562324,,,Government Entity
5,"Immigrant Opportunities (continued) Initiative UIA etc) # (Council, MOC, Organization EIN Number Amount Agy Status Borough Agency *",112675243,,,Cleared
5,"Immigrant Opportunities (continued) Initiative UIA etc) # (Council, MOC, Organization EIN Number Amount Agy Status Borough Agency *",133975090,,,Cleared
5,"Immigrant Opportunities (continued) Initiative UIA etc) # (Council, MOC, Organization EIN Number Amount Agy Status Borough Agency *",237436147,,,Cleared
5,"Immigrant Opportunities (continued) Initiative UIA etc) # (Council, MOC, Organization EIN Number Amount Agy Status Borough Agency *",132745426,,,Cleared
5,"Immigrant Opportunities (continued) Initiative UIA etc) # (Council, MOC, Organization EIN Number Amount Agy Status Borough Agency *",132745303,,,Cleared
5,"Immigrant Opportunities (continued) Initiative UIA etc) # (Council, MOC, Organization EIN Number Amount Agy Status Borough Agency *",132980755,,,Cleared
5,"Immigrant Opportunities (continued) Initiative UIA etc) # (Council, MOC, Organization EIN Number Amount Agy Status Borough Agency *",132980755,,,Cleared
5,"Immigrant Opportunities (continued) Initiative UIA etc) # (Council, MOC, Organization EIN Number Amount Agy Status Borough Agency *",237129499,,,Cleared
5,"Immigrant Opportunities (continued) Initiative UIA etc) # (Council, MOC, Organization EIN Number Amount Agy Status Borough Agency *",112047151,,,Cleared
5,"Immigrant Opportunities (continued) Initiative UIA etc) # (Council, MOC, Organization EIN Number Amount Agy Status Borough Agency *",112047151,,,Cleared
5,"Immigrant Opportunities (continued) Initiative UIA etc) # (Council, MOC, Organization EIN Number Amount Agy Status Borough Agency *",112047151,,,Cleared
5,"Immigrant Opportunities (continued) Initiative UIA etc) # (Council, MOC, Organization EIN Number Amount Agy Status Borough Agency *",112047151,,,Cleared
5,"Immigrant Opportunities (continued) Initiative UIA etc) # (Council, MOC, Organization EIN Number Amount Agy Status Borough Agency *",112047151,,,Cleared
5,"Immigrant Opportunities (continued) Initiative UIA etc) # (Council, MOC, Organization EIN Number Amount Agy Status Borough Agency *",132754783,,,Cleared
5,"Immigrant Opportunities (continued) Initiative UIA etc) # (Council, MOC, Organization EIN Number Amount Agy Status Borough Agency *",133608860,,,Cleared
5,"Immigrant Opportunities (continued) Initiative UIA etc) # (Council, MOC, Organization EIN Number Amount Agy Status Borough Agency *",132755323,,,Cleared
5,"Immigrant Opportunities (continued) Initiative UIA etc) # (Council, MOC, Organization EIN Number Amount Agy Status Borough Agency *",112322490,,,Cleared
5,"Immigrant Opportunities (continued) Initiative UIA etc) # (Council, MOC, Organization EIN Number Amount Agy Status Borough Agency *",237378342,,,Cleared
5,"Immigrant Opportunities (continued) Initiative UIA etc) # (Council, MOC, Organization EIN Number Amount Agy Status Borough Agency *",112301785,,,Cleared
5,"Immigrant Opportunities (continued) Initiative UIA etc) # (Council, MOC, Organization EIN Number Amount Agy Status Borough Agency *",112224539,,,Cleared
5,"Immigrant Opportunities (continued) Initiative UIA etc) # (Council, MOC, Organization EIN Number Amount Agy Status Borough Agency *",133213081,,,Cleared
5,"Immigrant Opportunities (continued) Initiative UIA etc) # (Council, MOC, Organization EIN Number Amount Agy Status Borough Agency *",112300840,,,Cleared
5,"Immigrant Opportunities (continued) Initiative UIA etc) # (Council, MOC, Organization EIN Number Amount Agy Status Borough Agency *",112327136,,,Cleared
5,"Immigrant Opportunities (continued) Initiative UIA etc) # (Council, MOC, Organization EIN Number Amount Agy Status Borough Agency *",132749857,,,Cleared
5,"Immigrant Opportunities (continued) Initiative UIA etc) # (Council, MOC, Organization EIN Number Amount Agy Status Borough Agency *",112308129,,,Application Pending
5,"Immigrant Opportunities (continued) Initiative UIA etc) # (Council, MOC, Organization EIN Number Amount Agy Status Borough Agency *",510204121,,,Cleared
5,"Immigrant Opportunities (continued) Initiative UIA etc) # (Council, MOC, Organization EIN Number Amount Agy Status Borough Agency *",132620896,,,Cleared
5,"Immigrant Opportunities (continued) Initiative UIA etc) # (Council, MOC, Organization EIN Number Amount Agy Status Borough Agency *",132620896,,,Cleared
5,"Immigrant Opportunities (continued) Initiative UIA etc) # (Council, MOC, Organization EIN Number Amount Agy Status Borough Agency *",132620896,,,Cleared
5,"Immigrant Opportunities (continued) Initiative UIA etc) # (Council, MOC, Organization EIN Number Amount Agy Status Borough Agency *",132620896,,,Cleared
5,"Immigrant Opportunities (continued) Initiative UIA etc) # (Council, MOC, Organization EIN Number Amount Agy Status Borough Agency *",112665181,,,Cleared
5,"Immigrant Opportunities (continued) Initiative UIA etc) # (Council, MOC, Organization EIN Number Amount Agy Status Borough Agency *",237348989,,,Cleared
5,"Immigrant Opportunities (continued) Initiative UIA etc) # (Council, MOC, Organization EIN Number Amount Agy Status Borough Agency *",237348989,,,Cleared
5,"Immigrant Opportunities (continued) Initiative UIA etc) # (Council, MOC, Organization EIN Number Amount Agy Status Borough Agency *",131628180,,,Cleared
5,"Immigrant Opportunities (continued) Initiative UIA etc) # (Council, MOC, Organization EIN Number Amount Agy Status Borough Agency *",132751935,,,Missing PQL Application
5,"Immigrant Opportunities (continued) Initiative UIA etc) # (Council, MOC, Organization EIN Number Amount Agy Status Borough Agency *",112304928,,,Cleared
5,"Immigrant Opportunities (continued) Initiative UIA etc) # (Council, MOC, Organization EIN Number Amount Agy Status Borough Agency *",132759045,,,Application Pending
5,"Immigrant Opportunities (continued) Initiative UIA etc) # (Council, MOC, Organization EIN Number Amount Agy Status Borough Agency *",133174492,,,Cleared
5,"Space Costs for (continued) Senior Centers Sponsor Name Name Agy UIA Status (Councit, MOC. Program Number Agency Amount # EIN * etc)",112334269,,,Cleared
5,"Space Costs for (continued) Senior Centers Sponsor Name Name Agy UIA Status (Councit, MOC. Program Number Agency Amount # EIN * etc)",112328536,,,Cleared
5,"Space Costs for (continued) Senior Centers Sponsor Name Name Agy UIA Status (Councit, MOC. Program Number Agency Amount # EIN * etc)",111752021,,,Application Pending
5,"Space Costs for (continued) Senior Centers Sponsor Name Name Agy UIA Status (Councit, MOC. Program Number Agency Amount # EIN * etc)",136213586,,,Cleared
5,"Space Costs for (continued) Senior Centers Sponsor Name Name Agy UIA Status (Councit, MOC. Program Number Agency Amount # EIN * etc)",136213586,,,Cleared
5,"Space Costs for (continued) Senior Centers Sponsor Name Name Agy UIA Status (Councit, MOC. Program Number Agency Amount # EIN * etc)",136213586,,,Cleared
5,"Space Costs for (continued) Senior Centers Sponsor Name Name Agy UIA Status (Councit, MOC. Program Number Agency Amount # EIN * etc)",136213586,,,Cleared
5,"Space Costs for (continued) Senior Centers Sponsor Name Name Agy UIA Status (Councit, MOC. Program Number Agency Amount # EIN * etc)",112453853,,,Cleared
5,"Space Costs for (continued) Senior Centers Sponsor Name Name Agy UIA Status (Councit, MOC. Program Number Agency Amount # EIN * etc)",050607283,,,Cleared
5,"Space Costs for (continued) Senior Centers Sponsor Name Name Agy UIA Status (Councit, MOC. Program Number Agency Amount # EIN * etc)",237357997,,,Cleared
5,"Space Costs for (continued) Senior Centers Sponsor Name Name Agy UIA Status (Councit, MOC. Program Number Agency Amount # EIN * etc)",131624178,,,Cleared
5,"Space Costs for (continued) Senior Centers Sponsor Name Name Agy UIA Status (Councit, MOC. Program Number Agency Amount # EIN * etc)",131624178,,,Cleared
5,"Space Costs for (continued) Senior Centers Sponsor Name Name Agy UIA Status (Councit, MOC. Program Number Agency Amount # EIN * etc)",131624178,,,Cleared
5,"Space Costs for (continued) Senior Centers Sponsor Name Name Agy UIA Status (Councit, MOC. Program Number Agency Amount # EIN * etc)",112347331,,,Application Pending
5,"Space Costs for (continued) Senior Centers Sponsor Name Name Agy UIA Status (Councit, MOC. Program Number Agency Amount # EIN * etc)",112301220,,,S10K PQL Not Required
5,"Space Costs for (continued) Senior Centers Sponsor Name Name Agy UIA Status (Councit, MOC. Program Number Agency Amount # EIN * etc)",112591783,,,Cleared
5,"Space Costs for (continued) Senior Centers Sponsor Name Name Agy UIA Status (Councit, MOC. Program Number Agency Amount # EIN * etc)",237187548,,,Cleared
5,"Space Costs for (continued) Senior Centers Sponsor Name Name Agy UIA Status (Councit, MOC. Program Number Agency Amount # EIN * etc)",112268359,,,Cleared
5,"Space Costs for (continued) Senior Centers Sponsor Name Name Agy UIA Status (Councit, MOC. Program Number Agency Amount # EIN * etc)",112730462,,,Cleared
5,"Space Costs for (continued) Senior Centers Sponsor Name Name Agy UIA Status (Councit, MOC. Program Number Agency Amount # EIN * etc)",112730462,,,Cleared
5,"Space Costs for (continued) Senior Centers Sponsor Name Name Agy UIA Status (Councit, MOC. Program Number Agency Amount # EIN * etc)",112463892,,,Application Pending
5,"Space Costs for (continued) Senior Centers Sponsor Name Name Agy UIA Status (Councit, MOC. Program Number Agency Amount # EIN * etc)",112252582,,,Cleared
5,"Space Costs for (continued) Senior Centers Sponsor Name Name Agy UIA Status (Councit, MOC. Program Number Agency Amount # EIN * etc)",132587904,,,Application Pending
5,"Space Costs for (continued) Senior Centers Sponsor Name Name Agy UIA Status (Councit, MOC. Program Number Agency Amount # EIN * etc)",132778244,,,Cleared
5,"Space Costs for (continued) Senior Centers Sponsor Name Name Agy UIA Status (Councit, MOC. Program Number Agency Amount # EIN * etc)",132778244,,,Cleared
5,"Space Costs for (continued) Senior Centers Sponsor Name Name Agy UIA Status (Councit, MOC. Program Number Agency Amount # EIN * etc)",510189327,,,Cleared
5,"Space Costs for (continued) Senior Centers Sponsor Name Name Agy UIA Status (Councit, MOC. Program Number Agency Amount # EIN * etc)",133131888,,,Cleared
5,"Space Costs for (continued) Senior Centers Sponsor Name Name Agy UIA Status (Councit, MOC. Program Number Agency Amount # EIN * etc)",113451990,,,Cleared
5,"Space Costs for (continued) Senior Centers Sponsor Name Name Agy UIA Status (Councit, MOC. Program Number Agency Amount # EIN * etc)",112358277,,,Application Pending
5,"Space Costs for (continued) Senior Centers Sponsor Name Name Agy UIA Status (Councit, MOC. Program Number Agency Amount # EIN * etc)",112582218,,,Cleared
5,"Space Costs for (continued) Senior Centers Sponsor Name Name Agy UIA Status (Councit, MOC. Program Number Agency Amount # EIN * etc)",133613262,,,Cleared
5,"Space Costs for (continued) Senior Centers Sponsor Name Name Agy UIA Status (Councit, MOC. Program Number Agency Amount # EIN * etc)",112342565,,,Missing PQL Application
6,,651201664,,,Application Incomplete at Deadline
6,,112859975,Saint Rosalia- -Regina Pacis Neighborhood Improvement. Association,112697931,Redesignated
6,,116023481,Saint Rosalia- -Regina Pacis Neighborhood Improvement Association,112697931,Redesignated
6,,113615625,,,Approved
6,,260312488,Bay Ridge Bensonhurst Beautification and,113233233,Approved
6,,112697931,,,Approved
6,,203556368,,,Redesignated
6,,132615433,,,Approved
6,,113470759,,,Application Pending
6,,113306111,,,Approved
6,,133976609,,,Application Not Rec'd at Deadline
6,,133580813,,,Approved
6,,141885605,,,Approved
6,,133451547,,,Technical Change
6,,861074714,,,Technical Change
6,,113505190,,,Application Not Rec'd at Deadline
6,,114088055,,,Approved
6,,136400434,,,Government Entity
6,,113427213,,,Approved
6,,116266473,Young Men's Christian Association of Greater New York Prospect Park,131624288,Application incomplete at Deadline
6,,131624288,,,Approved
6,,113108879,,,Technical Change
6,,136400434,,,Government Entity
6,,237010206,,,Denied for Senior Services
6,,132745417,,,Approved
6,,133230568,,,Redesignated
6,,132806160,,,Approved
6,,262647383,,,Application incomplete at Deadline
6,,953696596,,,Application Pending
6,,112017032,,,Application Not Rec'd at Deadline
6,,112205623,,,Redesignated
6,,521251209,,,Application Pending
6,,112229635,,,Approved
6,,112990142,,,Application Incomplete at Deadline
6,,112988905,,,Approved
6,,030456953,"South Brooklyn Youth Consortium, Inc.",030387372,Redesignated
6,,113019763,,,Approved
6,,262384342,"Sunnyside Community Services Center, Inc.",510189327,Application Incomplete at Deadline
6,,510189327,,,Approved
6,,562596903,,,Redesignated
6,,133179546,,,Approved
6,,113540759,,,Application Pending
6,,710866051,,,Approved
6,,,"Ridgewood Bushwick Senior Citizens Council, Inc.",112453853,Application Incomplete at Deadline
6,,112453853,,,Approved
6,,111711002,,,Approved
6,,135562351,,,Approved
6,,133864712,Mosholu Preservation Corporation,133109387,Denied
6,,133109387,,,Approved
6,,262057862,,,Application incomplete at Deadline
6,,113475993,,,Approved
6,,262647383,,,Application Incomplete at Deadline
6,,953696596,,,Application Pending
6,,134042093,,,Denied
6,,134042093,,,Denied
6,,132950346,,,Approved
6,,133348873,,,Approved
6,,205137804,,,Application Incomplete at Deadine
6,,111631786,,,Approved
6,,134075488,,,Application Incomplete at Deadline
6,,202735233,,,Application Pending
6,,113314475,"Southern Queens Park Association, Inc.",112432846,Application Incomplete at Deadine
6,,237316051,,,Application Not Rec'd at Deadline
6,,112394796,,,Application Incomplete at Deadine
6,,135596811,,,Approved
6,,562677341,,,Technical Change
6,,562677341,,,Technical Change
6,,680546091,,,Approved
6,,132738818,,,Approved
6,,133584032,,,Approved
6,,113227409,,,Applivation Incomplete at Deadline
6,,113227409,,,Applivation incomplete at Deadine
6,,111990941,,,Approved
6,,113534833,,,Approved
6,,111631815,,,Application Pending
6,,133626127,,,Application Incomplete at Deadline
6,,132688406,United Activites Unlimited,132921483,Redesignated
6,,132693081,United Activites Unlimited,132921483,Redesignated
6,,134118080,,,Approved
6,,132977495,,,Approved
6,,208287369,,,Approved
6,,200069773,,,Approved
6,,135564133,,,Approved
6,,132921483,,,Approved
6,,134012789,,,Application Pending
6,,131740451,,,Application Not Rec'd at Deadline
6,,133461695,,,Approved
6,,134046652,,,Approved
6,,134042093,,,Denied
6,,133927797,,,Approved
6,,510178586,,,Approved
6,,136400434,,,Government Entity
6,,113515495,,,Application Not Rec'd at Deadine
6,,262057862,,,Application incompiete at Deadline
6,,912162623,,,Application incomplete at Deadline
6,,113050340,,,Approved
6,,133975090,,,Approved
6,,132738818,,,Approved
6,,135562989,,,Approved
6,,134130051,,,Application Pending
6,"Discretionary Aav# UIA FiscalConduit/SponsoringOrganization EIN Status (Council, MOC, etc) Member Organization EINI Number Agency Amount FiscalConduit! *",101689901,Saint Rosalia-Regina Pacis Neighborhood Improvement Association,112697931,Application Incomplete at Deadline
6,"Discretionary Aav# UIA FiscalConduit/SponsoringOrganization EIN Status (Council, MOC, etc) Member Organization EINI Number Agency Amount FiscalConduit! *",111631812,"Saint Rosalia-Regina Pacis Neighborhood Improvement, Association",112697931,Application Incomplete at Deadline
6,"Discretionary Aav# UIA FiscalConduit/SponsoringOrganization EIN Status (Council, MOC, etc) Member Organization EINI Number Agency Amount FiscalConduit! *",112697931,,,Approved
6,"Discretionary Aav# UIA FiscalConduit/SponsoringOrganization EIN Status (Council, MOC, etc) Member Organization EINI Number Agency Amount FiscalConduit! *",132620896,Jewish Association for Services for the Aged (JASA),132620896,Technical Change
6,"Discretionary Aav# UIA FiscalConduit/SponsoringOrganization EIN Status (Council, MOC, etc) Member Organization EINI Number Agency Amount FiscalConduit! *",132620896,,,Technical Change
6,"Discretionary Aav# UIA FiscalConduit/SponsoringOrganization EIN Status (Council, MOC, etc) Member Organization EINI Number Agency Amount FiscalConduit! *",113232246,,,Redesignated
6,"Discretionary Aav# UIA FiscalConduit/SponsoringOrganization EIN Status (Council, MOC, etc) Member Organization EINI Number Agency Amount FiscalConduit! *",112741128,,,Approved
6,"Discretionary Aav# UIA FiscalConduit/SponsoringOrganization EIN Status (Council, MOC, etc) Member Organization EINI Number Agency Amount FiscalConduit! *",112478780,,,Redesignated
6,"Discretionary Aav# UIA FiscalConduit/SponsoringOrganization EIN Status (Council, MOC, etc) Member Organization EINI Number Agency Amount FiscalConduit! *",237172152,,,Approved
6,"Discretionary Aav# UIA FiscalConduit/SponsoringOrganization EIN Status (Council, MOC, etc) Member Organization EINI Number Agency Amount FiscalConduit! *",133626127,,,Application Incompiete at Deadline
6,"Discretionary Aav# UIA FiscalConduit/SponsoringOrganization EIN Status (Council, MOC, etc) Member Organization EINI Number Agency Amount FiscalConduit! *",133263537,,,Approved
6,"Youth (continued) Discretionary Number UIA FiscalConduit/SponsoringOrganization Status (Council, MOC, etc) Member Organization EINI Agencv Amount Aav # Fiscal Conduit EIN *",B30473957_DYCD,,,Redesignated
6,"Youth (continued) Discretionary Number UIA FiscalConduit/SponsoringOrganization Status (Council, MOC, etc) Member Organization EINI Agencv Amount Aav # Fiscal Conduit EIN *",112425813,,,Approved
6,"Youth (continued) Discretionary Number UIA FiscalConduit/SponsoringOrganization Status (Council, MOC, etc) Member Organization EINI Agencv Amount Aav # Fiscal Conduit EIN *",237316051,,,Application Not Rec'd at Deadline
6,"Youth (continued) Discretionary Number UIA FiscalConduit/SponsoringOrganization Status (Council, MOC, etc) Member Organization EINI Agencv Amount Aav # Fiscal Conduit EIN *",112394796,,,Application Incomplete at Deadline
6,"Youth (continued) Discretionary Number UIA FiscalConduit/SponsoringOrganization Status (Council, MOC, etc) Member Organization EINI Agencv Amount Aav # Fiscal Conduit EIN *",135596811,,,Approved
6,"Youth (continued) Discretionary Number UIA FiscalConduit/SponsoringOrganization Status (Council, MOC, etc) Member Organization EINI Agencv Amount Aav # Fiscal Conduit EIN *",113227409,,,Application Incomplete at Deadline
6,"Youth (continued) Discretionary Number UIA FiscalConduit/SponsoringOrganization Status (Council, MOC, etc) Member Organization EINI Agencv Amount Aav # Fiscal Conduit EIN *",111990941,,,Approved
6,"Youth (continued) Discretionary Number UIA FiscalConduit/SponsoringOrganization Status (Council, MOC, etc) Member Organization EINI Agencv Amount Aav # Fiscal Conduit EIN *",132688406,United Activites Unlimited,132921483,Redesignated
6,"Youth (continued) Discretionary Number UIA FiscalConduit/SponsoringOrganization Status (Council, MOC, etc) Member Organization EINI Agencv Amount Aav # Fiscal Conduit EIN *",133945192,,,Redesignated
6,"Youth (continued) Discretionary Number UIA FiscalConduit/SponsoringOrganization Status (Council, MOC, etc) Member Organization EINI Agencv Amount Aav # Fiscal Conduit EIN *",208926577,United Activites Unlimited,132921483,Redesignated
6,"Youth (continued) Discretionary Number UIA FiscalConduit/SponsoringOrganization Status (Council, MOC, etc) Member Organization EINI Agencv Amount Aav # Fiscal Conduit EIN *",133335286,,,Approved
6,"Youth (continued) Discretionary Number UIA FiscalConduit/SponsoringOrganization Status (Council, MOC, etc) Member Organization EINI Agencv Amount Aav # Fiscal Conduit EIN *",135562191,,,Approved
6,"Youth (continued) Discretionary Number UIA FiscalConduit/SponsoringOrganization Status (Council, MOC, etc) Member Organization EINI Agencv Amount Aav # Fiscal Conduit EIN *",954502444,,,Application Incomplete at Deadline
6,"Youth (continued) Discretionary Number UIA FiscalConduit/SponsoringOrganization Status (Council, MOC, etc) Member Organization EINI Agencv Amount Aav # Fiscal Conduit EIN *",131628180,,,Approved
6,"Youth (continued) Discretionary Number UIA FiscalConduit/SponsoringOrganization Status (Council, MOC, etc) Member Organization EINI Agencv Amount Aav # Fiscal Conduit EIN *",550894064,,,Application Incomplete at Deadline
6,"Youth (continued) Discretionary Number UIA FiscalConduit/SponsoringOrganization Status (Council, MOC, etc) Member Organization EINI Agencv Amount Aav # Fiscal Conduit EIN *",133709095,,,Approved
6,"Youth (continued) Discretionary Number UIA FiscalConduit/SponsoringOrganization Status (Council, MOC, etc) Member Organization EINI Agencv Amount Aav # Fiscal Conduit EIN *",161636968,,,Approved
6,"Youth (continued) Discretionary Number UIA FiscalConduit/SponsoringOrganization Status (Council, MOC, etc) Member Organization EINI Agencv Amount Aav # Fiscal Conduit EIN *",113168615,"Council of. Jewish Organizations of Flatbush, Inc.",112864728,Application Not Rec'd at Deadline
6,"Youth (continued) Discretionary Number UIA FiscalConduit/SponsoringOrganization Status (Council, MOC, etc) Member Organization EINI Agencv Amount Aav # Fiscal Conduit EIN *",237442256,,,Approved
6,"Youth (continued) Discretionary Number UIA FiscalConduit/SponsoringOrganization Status (Council, MOC, etc) Member Organization EINI Agencv Amount Aav # Fiscal Conduit EIN *",112692485,,,Approved
6,"Youth (continued) Discretionary Number UIA FiscalConduit/SponsoringOrganization Status (Council, MOC, etc) Member Organization EINI Agencv Amount Aav # Fiscal Conduit EIN *",113390715,,,Approved
6,"Youth (continued) Discretionary Number UIA FiscalConduit/SponsoringOrganization Status (Council, MOC, etc) Member Organization EINI Agencv Amount Aav # Fiscal Conduit EIN *",411568278,"Council of Jewish Organizations of Flatbush,",112864728,Approved
6,"Youth (continued) Discretionary Number UIA FiscalConduit/SponsoringOrganization Status (Council, MOC, etc) Member Organization EINI Agencv Amount Aav # Fiscal Conduit EIN *",112778372,,,Application Pending
6,"Youth (continued) Discretionary Number UIA FiscalConduit/SponsoringOrganization Status (Council, MOC, etc) Member Organization EINI Agencv Amount Aav # Fiscal Conduit EIN *",111667776,,,Approved
6,"Youth (continued) Discretionary Number UIA FiscalConduit/SponsoringOrganization Status (Council, MOC, etc) Member Organization EINI Agencv Amount Aav # Fiscal Conduit EIN *",113505190,,,Application Not Rec'd at Deadline
6,"Youth (continued) Discretionary Number UIA FiscalConduit/SponsoringOrganization Status (Council, MOC, etc) Member Organization EINI Agencv Amount Aav # Fiscal Conduit EIN *",114088055,,,Approved
6,"Youth (continued) Discretionary Number UIA FiscalConduit/SponsoringOrganization Status (Council, MOC, etc) Member Organization EINI Agencv Amount Aav # Fiscal Conduit EIN *",133864898,,,Application Incomplete at Deadline
6,"Youth (continued) Discretionary Number UIA FiscalConduit/SponsoringOrganization Status (Council, MOC, etc) Member Organization EINI Agencv Amount Aav # Fiscal Conduit EIN *",133780465,,,Approved
6,"Youth (continued) Discretionary Number UIA FiscalConduit/SponsoringOrganization Status (Council, MOC, etc) Member Organization EINI Agencv Amount Aav # Fiscal Conduit EIN *",132707665,,,Approved
6,"Youth (continued) Discretionary Number UIA FiscalConduit/SponsoringOrganization Status (Council, MOC, etc) Member Organization EINI Agencv Amount Aav # Fiscal Conduit EIN *",133385032,,,Approved
6,"Youth (continued) Discretionary Number UIA FiscalConduit/SponsoringOrganization Status (Council, MOC, etc) Member Organization EINI Agencv Amount Aav # Fiscal Conduit EIN *",133805049,,,Approved
6,"Youth (continued) Discretionary Number UIA FiscalConduit/SponsoringOrganization Status (Council, MOC, etc) Member Organization EINI Agencv Amount Aav # Fiscal Conduit EIN *",233128419,,,Denied
6,"Youth (continued) Discretionary Number UIA FiscalConduit/SponsoringOrganization Status (Council, MOC, etc) Member Organization EINI Agencv Amount Aav # Fiscal Conduit EIN *",112432846,,,Approved
6,"Youth (continued) Discretionary Number UIA FiscalConduit/SponsoringOrganization Status (Council, MOC, etc) Member Organization EINI Agencv Amount Aav # Fiscal Conduit EIN *",030500351,,,Application Incomplete at Deadine
6,"Youth (continued) Discretionary Number UIA FiscalConduit/SponsoringOrganization Status (Council, MOC, etc) Member Organization EINI Agencv Amount Aav # Fiscal Conduit EIN *",113427213,,,Approved
6,"Youth (continued) Discretionary Number UIA FiscalConduit/SponsoringOrganization Status (Council, MOC, etc) Member Organization EINI Agencv Amount Aav # Fiscal Conduit EIN *",133864898,,,Application Incomplete at Deadline
6,"Youth (continued) Discretionary Number UIA FiscalConduit/SponsoringOrganization Status (Council, MOC, etc) Member Organization EINI Agencv Amount Aav # Fiscal Conduit EIN *",131623850,,,Approved
6,"Youth (continued) Discretionary Number UIA FiscalConduit/SponsoringOrganization Status (Council, MOC, etc) Member Organization EINI Agencv Amount Aav # Fiscal Conduit EIN *",010842939,,,Redesignated
6,"Youth (continued) Discretionary Number UIA FiscalConduit/SponsoringOrganization Status (Council, MOC, etc) Member Organization EINI Agencv Amount Aav # Fiscal Conduit EIN *",113550391,,,Govemmental Entity
6,"Youth (continued) Discretionary Number UIA FiscalConduit/SponsoringOrganization Status (Council, MOC, etc) Member Organization EINI Agencv Amount Aav # Fiscal Conduit EIN *",112733609,,,Application Pending
6,"Youth (continued) Discretionary Number UIA FiscalConduit/SponsoringOrganization Status (Council, MOC, etc) Member Organization EINI Agencv Amount Aav # Fiscal Conduit EIN *",111681124,,,Application Pending
6,"Youth (continued) Discretionary Number UIA FiscalConduit/SponsoringOrganization Status (Council, MOC, etc) Member Organization EINI Agencv Amount Aav # Fiscal Conduit EIN *",134042093,,,Denied
6,"Youth (continued) Discretionary Number UIA FiscalConduit/SponsoringOrganization Status (Council, MOC, etc) Member Organization EINI Agencv Amount Aav # Fiscal Conduit EIN *",136271595,,,Redesignated
6,"Youth (continued) Discretionary Number UIA FiscalConduit/SponsoringOrganization Status (Council, MOC, etc) Member Organization EINI Agencv Amount Aav # Fiscal Conduit EIN *",951922279,,,Application incomplete at Deadline
6,"Youth (continued) Discretionary Number UIA FiscalConduit/SponsoringOrganization Status (Council, MOC, etc) Member Organization EINI Agencv Amount Aav # Fiscal Conduit EIN *",202428666,,,Application Not Rec'd at Deadline
6,"Youth (continued) Discretionary Number UIA FiscalConduit/SponsoringOrganization Status (Council, MOC, etc) Member Organization EINI Agencv Amount Aav # Fiscal Conduit EIN *",131878246,,,Approved
6,"Youth (continued) Discretionary Number UIA FiscalConduit/SponsoringOrganization Status (Council, MOC, etc) Member Organization EINI Agencv Amount Aav # Fiscal Conduit EIN *",133402057,,,Approved
6,"Youth (continued) Discretionary Number UIA FiscalConduit/SponsoringOrganization Status (Council, MOC, etc) Member Organization EINI Agencv Amount Aav # Fiscal Conduit EIN *",112523053,,,Applivation Incomplete at Deadline
6,"Youth (continued) Discretionary Number UIA FiscalConduit/SponsoringOrganization Status (Council, MOC, etc) Member Organization EINI Agencv Amount Aav # Fiscal Conduit EIN *",237442256,,,Approved
6,"Youth (continued) Discretionary Number UIA FiscalConduit/SponsoringOrganization Status (Council, MOC, etc) Member Organization EINI Agencv Amount Aav # Fiscal Conduit EIN *",112149962,,,Approved
6,"Youth (continued) Discretionary Number UIA FiscalConduit/SponsoringOrganization Status (Council, MOC, etc) Member Organization EINI Agencv Amount Aav # Fiscal Conduit EIN *",132600199,,,Approved
6,"Youth (continued) Discretionary Number UIA FiscalConduit/SponsoringOrganization Status (Council, MOC, etc) Member Organization EINI Agencv Amount Aav # Fiscal Conduit EIN *",132605599,,,Approved
6,"Youth (continued) Discretionary Number UIA FiscalConduit/SponsoringOrganization Status (Council, MOC, etc) Member Organization EINI Agencv Amount Aav # Fiscal Conduit EIN *",132600199,,,Approved
6,"Youth (continued) Discretionary Number UIA FiscalConduit/SponsoringOrganization Status (Council, MOC, etc) Member Organization EINI Agencv Amount Aav # Fiscal Conduit EIN *",132613958,,,Approved
6,"Youth (continued) Discretionary Number UIA FiscalConduit/SponsoringOrganization Status (Council, MOC, etc) Member Organization EINI Agencv Amount Aav # Fiscal Conduit EIN *",132605604,,,Approved
6,"Youth (continued) Discretionary Number UIA FiscalConduit/SponsoringOrganization Status (Council, MOC, etc) Member Organization EINI Agencv Amount Aav # Fiscal Conduit EIN *",132605605,,,Approved
6,"Youth (continued) Discretionary Number UIA FiscalConduit/SponsoringOrganization Status (Council, MOC, etc) Member Organization EINI Agencv Amount Aav # Fiscal Conduit EIN *",161759590,,,Approved
6,"Youth (continued) Discretionary Number UIA FiscalConduit/SponsoringOrganization Status (Council, MOC, etc) Member Organization EINI Agencv Amount Aav # Fiscal Conduit EIN *",112149962,,,Approved
6,"Youth (continued) Discretionary Number UIA FiscalConduit/SponsoringOrganization Status (Council, MOC, etc) Member Organization EINI Agencv Amount Aav # Fiscal Conduit EIN *",132605599,,,Approved
6,"Youth (continued) Discretionary Number UIA FiscalConduit/SponsoringOrganization Status (Council, MOC, etc) Member Organization EINI Agencv Amount Aav # Fiscal Conduit EIN *",132605605,,,Approved
6,"Youth (continued) Discretionary Number UIA FiscalConduit/SponsoringOrganization Status (Council, MOC, etc) Member Organization EINI Agencv Amount Aav # Fiscal Conduit EIN *",132605604,,,Approved
6,"Youth (continued) Discretionary Number UIA FiscalConduit/SponsoringOrganization Status (Council, MOC, etc) Member Organization EINI Agencv Amount Aav # Fiscal Conduit EIN *",132613958,,,Approved
6,"Discharge Planning/In-Detention Services EIN Agy # Status (Council, MOC, etc) UIA Organization Number Agency Amount",112880221,,,Approved
6,"Discharge Planning/In-Detention Services EIN Agy # Status (Council, MOC, etc) UIA Organization Number Agency Amount",311623552,,,Application Pending
6,"Discharge Planning/In-Detention Services EIN Agy # Status (Council, MOC, etc) UIA Organization Number Agency Amount",131988190,,,Governement Entity
6,"Discharge Planning/In-Detention Services EIN Agy # Status (Council, MOC, etc) UIA Organization Number Agency Amount",133363579,,,Application Pending
6,"Discharge Planning/In-Detention Services EIN Agy # Status (Council, MOC, etc) UIA Organization Number Agency Amount",133530740,,,Approved
6,"Discharge Planning/In-Detention Services EIN Agy # Status (Council, MOC, etc) UIA Organization Number Agency Amount",133530740,,,Approved
6,"Discharge Planning/In-Detention Services EIN Agy # Status (Council, MOC, etc) UIA Organization Number Agency Amount",133530740,,,Approved
6,"Discharge Planning/In-Detention Services EIN Agy # Status (Council, MOC, etc) UIA Organization Number Agency Amount",133530740,,,Approved
6,"Discharge Planning/In-Detention Services EIN Agy # Status (Council, MOC, etc) UIA Organization Number Agency Amount",133530740,,,Approved
6,"Discharge Planning/In-Detention Services EIN Agy # Status (Council, MOC, etc) UIA Organization Number Agency Amount",133530740,,,Approved
6,"Discharge Planning/In-Detention Services EIN Agy # Status (Council, MOC, etc) UIA Organization Number Agency Amount",133530740,,,Approved
6,"Discharge Planning/In-Detention Services EIN Agy # Status (Council, MOC, etc) UIA Organization Number Agency Amount",133530740,,,Approved
6,"Discharge Planning/In-Detention Services EIN Agy # Status (Council, MOC, etc) UIA Organization Number Agency Amount",133530740,,,Approved
6,"Discharge Planning/In-Detention Services EIN Agy # Status (Council, MOC, etc) UIA Organization Number Agency Amount",133530740,,,Approved
6,"Discharge Planning/In-Detention Services EIN Agy # Status (Council, MOC, etc) UIA Organization Number Agency Amount",133530740,,,Approved
6,"Discharge Planning/In-Detention Services EIN Agy # Status (Council, MOC, etc) UIA Organization Number Agency Amount",133530740,,,Approved
6,"Discharge Planning/In-Detention Services EIN Agy # Status (Council, MOC, etc) UIA Organization Number Agency Amount",133530740,,,Approved
6,"Discharge Planning/In-Detention Services EIN Agy # Status (Council, MOC, etc) UIA Organization Number Agency Amount",133530740,,,Approved
6,"Discharge Planning/In-Detention Services EIN Agy # Status (Council, MOC, etc) UIA Organization Number Agency Amount",133530740,,,Approved
6,"Discharge Planning/In-Detention Services EIN Agy # Status (Council, MOC, etc) UIA Organization Number Agency Amount",133530740,,,Approved
6,"Discharge Planning/In-Detention Services EIN Agy # Status (Council, MOC, etc) UIA Organization Number Agency Amount",133530740,,,Approved
6,"Discharge Planning/In-Detention Services EIN Agy # Status (Council, MOC, etc) UIA Organization Number Agency Amount",133530740,,,Approved
6,"Discharge Planning/In-Detention Services EIN Agy # Status (Council, MOC, etc) UIA Organization Number Agency Amount",133530740,,,Approved
6,"Discharge Planning/In-Detention Services EIN Agy # Status (Council, MOC, etc) UIA Organization Number Agency Amount",133530740,,,Approved
6,"Discharge Planning/In-Detention Services EIN Agy # Status (Council, MOC, etc) UIA Organization Number Agency Amount",133530740,,,Approved
6,"Discharge Planning/In-Detention Services EIN Agy # Status (Council, MOC, etc) UIA Organization Number Agency Amount",133530740,,,Approved
6,"Discharge Planning/In-Detention Services EIN Agy # Status (Council, MOC, etc) UIA Organization Number Agency Amount",133530740,,,Approved
6,"Discharge Planning/In-Detention Services EIN Agy # Status (Council, MOC, etc) UIA Organization Number Agency Amount",133530740,,,Approved
6,"HIVIAIDS Faith Based Initiative Agy # Status MOC, etc) EIN UIA Organization Number Agency Amount (Council,",133530749,,,Approved
6,"HIVIAIDS Faith Based Initiative Agy # Status MOC, etc) EIN UIA Organization Number Agency Amount (Council,",133530740,,,Approved
6,"HIVIAIDS Faith Based Initiative Agy # Status MOC, etc) EIN UIA Organization Number Agency Amount (Council,",133530740,,,Approved
6,"HIVIAIDS Faith Based Initiative Agy # Status MOC, etc) EIN UIA Organization Number Agency Amount (Council,",133530740,,,Approved
6,"HIVIAIDS Faith Based Initiative Agy # Status MOC, etc) EIN UIA Organization Number Agency Amount (Council,",133530740,,,Approved
6,"HIVIAIDS Faith Based Initiative Agy # Status MOC, etc) EIN UIA Organization Number Agency Amount (Council,",133530740,,,Approved
6,"HIVIAIDS Faith Based Initiative Agy # Status MOC, etc) EIN UIA Organization Number Agency Amount (Council,",133530740,,,Approved
6,"HIVIAIDS Faith Based Initiative Agy # Status MOC, etc) EIN UIA Organization Number Agency Amount (Council,",133530740,,,Approved
6,"HIVIAIDS Faith Based Initiative Agy # Status MOC, etc) EIN UIA Organization Number Agency Amount (Council,",133530740,,,Approved
6,"HIVIAIDS Faith Based Initiative Agy # Status MOC, etc) EIN UIA Organization Number Agency Amount (Council,",133530740,,,Approved
6,"HIVIAIDS Faith Based Initiative Agy # Status MOC, etc) EIN UIA Organization Number Agency Amount (Council,",133530740,,,Approved
6,"HIVIAIDS Faith Based Initiative Agy # Status MOC, etc) EIN UIA Organization Number Agency Amount (Council,",133530740,,,Approved
6,"HIVIAIDS Faith Based Initiative Agy # Status MOC, etc) EIN UIA Organization Number Agency Amount (Council,",133530740,,,Approved
6,"HIVIAIDS Faith Based Initiative Agy # Status MOC, etc) EIN UIA Organization Number Agency Amount (Council,",133530740,,,Approved
6,"HIVIAIDS Faith Based Initiative Agy # Status MOC, etc) EIN UIA Organization Number Agency Amount (Council,",133530740,,,Approved
6,"HIVIAIDS Faith Based Initiative Agy # Status MOC, etc) EIN UIA Organization Number Agency Amount (Council,",133530740,,,Approved
6,"HIVIAIDS Faith Based Initiative Agy # Status MOC, etc) EIN UIA Organization Number Agency Amount (Council,",133530740,,,Approved
6,"HIVIAIDS Faith Based Initiative Agy # Status MOC, etc) EIN UIA Organization Number Agency Amount (Council,",133530740,,,Approved
6,"HIVIAIDS Faith Based Initiative Agy # Status MOC, etc) EIN UIA Organization Number Agency Amount (Council,",133530740,,,Approved
6,"HIVIAIDS Faith Based Initiative Agy # Status MOC, etc) EIN UIA Organization Number Agency Amount (Council,",133530740,,,Approved
6,"HIVIAIDS Faith Based Initiative Agy # Status MOC, etc) EIN UIA Organization Number Agency Amount (Council,",133530740,,,Approved
6,"HIVIAIDS Faith Based Initiative Agy # Status MOC, etc) EIN UIA Organization Number Agency Amount (Council,",133530740,,,Approved
6,"HIVIAIDS Faith Based Initiative Agy # Status MOC, etc) EIN UIA Organization Number Agency Amount (Council,",133530740,,,Approved
6,"HIVIAIDS Faith Based Initiative Agy # Status MOC, etc) EIN UIA Organization Number Agency Amount (Council,",133530740,,,Approved
6,"HIVIAIDS Faith Based Initiative Agy # Status MOC, etc) EIN UIA Organization Number Agency Amount (Council,",133530740,,,Approved
6,"HIVIAIDS Faith Based Initiative Agy # Status MOC, etc) EIN UIA Organization Number Agency Amount (Council,",133530740,,,Approved
6,"HIVIAIDS Faith Based Initiative Agy # Status MOC, etc) EIN UIA Organization Number Agency Amount (Council,",133530740,,,Approved
6,"HIVIAIDS Faith Based Initiative Agy # Status MOC, etc) EIN UIA Organization Number Agency Amount (Council,",133530740,,,Approved
6,"HIVIAIDS Faith Based Initiative Agy # Status MOC, etc) EIN UIA Organization Number Agency Amount (Council,",133530740,,,Approved
6,"HIVIAIDS Faith Based Initiative Agy # Status MOC, etc) EIN UIA Organization Number Agency Amount (Council,",133530740,,,Approved
6,"HIVIAIDS Faith Based Initiative Agy # Status MOC, etc) EIN UIA Organization Number Agency Amount (Council,",133530740,,,Approved
6,"HIVIAIDS Faith Based Initiative Agy # Status MOC, etc) EIN UIA Organization Number Agency Amount (Council,",133530740,,,Approved
6,"HIVIAIDS Faith Based Initiative Agy # Status MOC, etc) EIN UIA Organization Number Agency Amount (Council,",133530740,,,Approved
6,"HIVIAIDS Faith Based Initiative Agy # Status MOC, etc) EIN UIA Organization Number Agency Amount (Council,",133530740,,,Approved
6,"HIVIAIDS Faith Based Initiative Agy # Status MOC, etc) EIN UIA Organization Number Agency Amount (Council,",133530740,,,Approved
6,"HIVIAIDS Faith Based Initiative Agy # Status MOC, etc) EIN UIA Organization Number Agency Amount (Council,",133530749,,,Approved
6,"HIVIAIDS Faith Based Initiative Agy # Status MOC, etc) EIN UIA Organization Number Agency Amount (Council,",133530740,,,Approved
6,"HIVIAIDS Faith Based Initiative Agy # Status MOC, etc) EIN UIA Organization Number Agency Amount (Council,",133530740,,,Approved
6,"HIVIAIDS Faith Based Initiative Agy # Status MOC, etc) EIN UIA Organization Number Agency Amount (Council,",133530740,,,Approved
6,"HIVIAIDS Faith Based Initiative Agy # Status MOC, etc) EIN UIA Organization Number Agency Amount (Council,",133530740,,,Approved
6,"HIVIAIDS Faith Based Initiative Agy # Status MOC, etc) EIN UIA Organization Number Agency Amount (Council,",133530740,,,Approved
6,"HIVIAIDS Faith Based Initiative Agy # Status MOC, etc) EIN UIA Organization Number Agency Amount (Council,",133530740,,,Approved
6,"HIVIAIDS Faith Based Initiative Agy # Status MOC, etc) EIN UIA Organization Number Agency Amount (Council,",133629446,,,Approved
6,"HIVIAIDS Faith Based Initiative Agy # Status MOC, etc) EIN UIA Organization Number Agency Amount (Council,",133629446,,,Approved
6,"HIVIAIDS Faith Based Initiative Agy # Status MOC, etc) EIN UIA Organization Number Agency Amount (Council,",133629446,,,Approved
6,"HIVIAIDS Faith Based Initiative Agy # Status MOC, etc) EIN UIA Organization Number Agency Amount (Council,",133629446,,,Approved
6,"HIVIAIDS Faith Based Initiative Agy # Status MOC, etc) EIN UIA Organization Number Agency Amount (Council,",133629446,,,Approved
6,"HIVIAIDS Faith Based Initiative Agy # Status MOC, etc) EIN UIA Organization Number Agency Amount (Council,",133629446,,,Approved
6,"HIVIAIDS Faith Based Initiative Agy # Status MOC, etc) EIN UIA Organization Number Agency Amount (Council,",133629446,,,Approved
6,"HIVIAIDS Faith Based Initiative Agy # Status MOC, etc) EIN UIA Organization Number Agency Amount (Council,",133629446,,,Approved
6,"HIVIAIDS Faith Based Initiative Agy # Status MOC, etc) EIN UIA Organization Number Agency Amount (Council,",133629446,,,Approved
6,"HIVIAIDS Faith Based Initiative Agy # Status MOC, etc) EIN UIA Organization Number Agency Amount (Council,",133629446,,,Approved
6,"HIVIAIDS Faith Based Initiative Agy # Status MOC, etc) EIN UIA Organization Number Agency Amount (Council,",133629446,,,Approved
6,"HIVIAIDS Faith Based Initiative Agy # Status MOC, etc) EIN UIA Organization Number Agency Amount (Council,",133629446,,,Approved
6,"HIVIAIDS Faith Based Initiative Agy # Status MOC, etc) EIN UIA Organization Number Agency Amount (Council,",133629446,,,Approved
6,"HIVIAIDS Faith Based Initiative Agy # Status MOC, etc) EIN UIA Organization Number Agency Amount (Council,",133629446,,,Approved
6,"HIVIAIDS Faith Based Initiative Agy # Status MOC, etc) EIN UIA Organization Number Agency Amount (Council,",133629446,,,Approved
6,"HIVIAIDS Faith Based Initiative Agy # Status MOC, etc) EIN UIA Organization Number Agency Amount (Council,",133629446,,,Approved
6,"HIVIAIDS Faith Based Initiative Agy # Status MOC, etc) EIN UIA Organization Number Agency Amount (Council,",133629446,,,Approved
6,"HIVIAIDS Faith Based Initiative Agy # Status MOC, etc) EIN UIA Organization Number Agency Amount (Council,",133629446,,,Approved
6,"HIVIAIDS Faith Based Initiative Agy # Status MOC, etc) EIN UIA Organization Number Agency Amount (Council,",133629446,,,Approved
6,"HIVIAIDS Faith Based Initiative Agy # Status MOC, etc) EIN UIA Organization Number Agency Amount (Council,",133629446,,,Approved
6,"HIVIAIDS Faith Based Initiative Agy # Status MOC, etc) EIN UIA Organization Number Agency Amount (Council,",133629446,,,Approved
6,"HIVIAIDS Faith Based Initiative Agy # Status MOC, etc) EIN UIA Organization Number Agency Amount (Council,",133629446,,,Approved
6,"HIVIAIDS Faith Based Initiative Agy # Status MOC, etc) EIN UIA Organization Number Agency Amount (Council,",133629446,,,Approved
6,"HIVIAIDS Faith Based Initiative Agy # Status MOC, etc) EIN UIA Organization Number Agency Amount (Council,",133629446,,,Approved
6,"HIVIAIDS Faith Based Initiative Agy # Status MOC, etc) EIN UIA Organization Number Agency Amount (Council,",133629446,,,Approved
6,"HIVIAIDS Faith Based Initiative Agy # Status MOC, etc) EIN UIA Organization Number Agency Amount (Council,",133629446,,,Approved
6,"HIVIAIDS Faith Based Initiative Agy # Status MOC, etc) EIN UIA Organization Number Agency Amount (Council,",133629446,,,Approved
6,"HIVIAIDS Faith Based Initiative Agy # Status MOC, etc) EIN UIA Organization Number Agency Amount (Council,",133629446,,,Approved
6,"HIVIAIDS Faith Based Initiative Agy # Status MOC, etc) EIN UIA Organization Number Agency Amount (Council,",133629446,,,Approved
6,"HIVIAIDS Faith Based Initiative Agy # Status MOC, etc) EIN UIA Organization Number Agency Amount (Council,",133629446,,,Approved
6,"HIVIAIDS Faith Based Initiative Agy # Status MOC, etc) EIN UIA Organization Number Agency Amount (Council,",133629446,,,Approved
6,"HIVIAIDS Faith Based Initiative Agy # Status MOC, etc) EIN UIA Organization Number Agency Amount (Council,",133629446,,,Approved
6,"HIVIAIDS Faith Based Initiative Agy # Status MOC, etc) EIN UIA Organization Number Agency Amount (Council,",133629446,,,Approved
6,"HIVIAIDS Faith Based Initiative Agy # Status MOC, etc) EIN UIA Organization Number Agency Amount (Council,",133629446,,,Approved
6,"HIVIAIDS Faith Based Initiative Agy # Status MOC, etc) EIN UIA Organization Number Agency Amount (Council,",133629446,,,Approved
6,"HIVIAIDS Faith Based Initiative Agy # Status MOC, etc) EIN UIA Organization Number Agency Amount (Council,",133629446,,,Approved
6,"HIVIAIDS Faith Based Initiative Agy # Status MOC, etc) EIN UIA Organization Number Agency Amount (Council,",112608983,,,Approved
6,"HIVIAIDS Faith Based Initiative Agy # Status MOC, etc) EIN UIA Organization Number Agency Amount (Council,",133530740,,,Approved
6,"HIVIAIDS Faith Based Initiative Agy # Status MOC, etc) EIN UIA Organization Number Agency Amount (Council,",133530749,,,Approved
6,"HIVIAIDS Faith Based Initiative Agy # Status MOC, etc) EIN UIA Organization Number Agency Amount (Council,",133530740,,,Approved
6,"HIVIAIDS Faith Based Initiative Agy # Status MOC, etc) EIN UIA Organization Number Agency Amount (Council,",133530740,,,Approved
6,"HIVIAIDS Faith Based Initiative Agy # Status MOC, etc) EIN UIA Organization Number Agency Amount (Council,",133530740,,,Approved
6,"HIVIAIDS Faith Based Initiative Agy # Status MOC, etc) EIN UIA Organization Number Agency Amount (Council,",133530740,,,Approved
6,"HIVIAIDS Faith Based Initiative Agy # Status MOC, etc) EIN UIA Organization Number Agency Amount (Council,",133530740,,,Approved
6,"HIVIAIDS Faith Based Initiative Agy # Status MOC, etc) EIN UIA Organization Number Agency Amount (Council,",133530749,,,Approved
6,"HIVIAIDS Faith Based Initiative Agy # Status MOC, etc) EIN UIA Organization Number Agency Amount (Council,",133530740,,,Approved
6,"HIVIAIDS Faith Based Initiative Agy # Status MOC, etc) EIN UIA Organization Number Agency Amount (Council,",133530740,,,Approved
6,"HIVIAIDS Faith Based Initiative Agy # Status MOC, etc) EIN UIA Organization Number Agency Amount (Council,",133530744,,,Approved
6,"HIVIAIDS Faith Based Initiative Agy # Status MOC, etc) EIN UIA Organization Number Agency Amount (Council,",133530740,,,Approved
6,"HIVIAIDS Faith Based Initiative Agy # Status MOC, etc) EIN UIA Organization Number Agency Amount (Council,",133530740,,,Approved
6,"HIVIAIDS Faith Based Initiative Agy # Status MOC, etc) EIN UIA Organization Number Agency Amount (Council,",133530740,,,Approved
6,"HIVIAIDS Faith Based Initiative Agy # Status MOC, etc) EIN UIA Organization Number Agency Amount (Council,",133530740,,,Approved
6,"HIVIAIDS Faith Based Initiative Agy # Status MOC, etc) EIN UIA Organization Number Agency Amount (Council,",133530740,,,Approved
6,"HIVIAIDS Faith Based Initiative Agy # Status MOC, etc) EIN UIA Organization Number Agency Amount (Council,",133530740,,,Approved
6,"HIVIAIDS Faith Based Initiative Agy # Status MOC, etc) EIN UIA Organization Number Agency Amount (Council,",133530740,,,Approved
6,"HIVIAIDS Faith Based Initiative Agy # Status MOC, etc) EIN UIA Organization Number Agency Amount (Council,",133629446,,,Approved
6,"HIVIAIDS Faith Based Initiative Agy # Status MOC, etc) EIN UIA Organization Number Agency Amount (Council,",133629446,,,Approved
6,"HIVIAIDS Faith Based Initiative Agy # Status MOC, etc) EIN UIA Organization Number Agency Amount (Council,",133629446,,,Approved
6,"HIVIAIDS Faith Based Initiative Agy # Status MOC, etc) EIN UIA Organization Number Agency Amount (Council,",133629446,,,Approved
6,"HIVIAIDS Faith Based Initiative Agy # Status MOC, etc) EIN UIA Organization Number Agency Amount (Council,",133629446,,,Approved
6,"HIVIAIDS Faith Based Initiative Agy # Status MOC, etc) EIN UIA Organization Number Agency Amount (Council,",133629446,,,Approved
6,"HIVIAIDS Faith Based Initiative Agy # Status MOC, etc) EIN UIA Organization Number Agency Amount (Council,",133629446,,,Approved
6,"HIVIAIDS Faith Based Initiative Agy # Status MOC, etc) EIN UIA Organization Number Agency Amount (Council,",133629446,,,Approved
6,"HIVIAIDS Faith Based Initiative Agy # Status MOC, etc) EIN UIA Organization Number Agency Amount (Council,",133530740,,,Approved
6,"HIVIAIDS Faith Based Initiative Agy # Status MOC, etc) EIN UIA Organization Number Agency Amount (Council,",133530740,,,Approved
6,"HIVIAIDS Faith Based Initiative Agy # Status MOC, etc) EIN UIA Organization Number Agency Amount (Council,",133530740,,,Approved
6,"HIVIAIDS Faith Based Initiative Agy # Status MOC, etc) EIN UIA Organization Number Agency Amount (Council,",133530740,,,Approved
6,"HIVIAIDS Faith Based Initiative Agy # Status MOC, etc) EIN UIA Organization Number Agency Amount (Council,",133530740,,,Approved
6,"HIVIAIDS Based Initiative (continued) Agy # Status MOC, etc) EIN Amount UIA Organization Number Agency * (Council,",133530740,,,Approved
6,"HIVIAIDS Based Initiative (continued) Agy # Status MOC, etc) EIN Amount UIA Organization Number Agency * (Council,",133530740,,,Approved
6,"HIVIAIDS Based Initiative (continued) Agy # Status MOC, etc) EIN Amount UIA Organization Number Agency * (Council,",133530740,,,Approved
6,"HIVIAIDS Based Initiative (continued) Agy # Status MOC, etc) EIN Amount UIA Organization Number Agency * (Council,",133530740,,,Approved
6,"HIVIAIDS Based Initiative (continued) Agy # Status MOC, etc) EIN Amount UIA Organization Number Agency * (Council,",133530740,,,Approved
7,,133995154,,,Denied
7,,136400434,,,Government Entity
7,,136400434,,,Government Entity
7,,136400434,,,Govemment Entity
7,,,,,Application Incomplete at Deadline
7,,133422660,,,Approved
7,,133608977,,,Application Incomplete at Deadline
7,,133062521,,,Application Incomplete at Deadline
7,,134009829,,,Approved
7,,133254484,,,Approved
7,,133254484,,,Approved
7,,133192793,,,Approved
7,,133459199,,,Application Pending
7,,136213586,,,Approved
7,,562473707,,,Approved
7,,841718656,,,Approved
7,,260260476,,,Approved
7,,680546091,,,Approved
7,,112697931,,,Approved
7,,131038935,,,Approved
7,,133018935,,,Approved
7,,,Cooper Square Community Development Comm. & Bus,132666211,Approved
7,,132666211,,,Approved
7,,112061112,,,Approved
7,,112601112,,,Approved
7,,112862821,,,Approved
7,,112862824,,,Approved
7,,119169900,,,Approved
7,,119169900,,,Approved
7,,111969900,,,Approved
7,,111969900,,,Approved
7,,383685524,,,Approved
7,,133936101,,,Approved
7,,111666773,,,Approved
7,,111667773,,,Approved
7,,800113136,"Alianza Dominicana, Inc.",133402057,Application incomplete at Deadine
7,,522415900,"Alianza Dominicana, Inc.",133402057,Application Incomplete at Deadline
7,,342011905,"Alianza Dominicana, Inc.",133402057,Application Incomplete at. Deadline
7,,450559697,,,Application Incomplete at Deadline
7,,133402057,,,Approved
7,,113320788,,,Approved
7,,113220788,,,Approved
7,,111639812,,,Approved
7,,111639811,,,Approved
7,,112113170,,,Approved
7,,112161877,,,Approved
7,,130300486,,,Approved
7,,133000468,,,Approved
7,,131740204,,,Approved
7,,800247898,,,Approved
7,,116268175,,,Approved
7,,116268107,,,Approved
7,,136400434,"United Activities Unlimited, Inc.",132921483,Government Entity
7,,331169339,"United Activities Unlimited, Inc.",132921483,Government Entity
7,,870759987,"United Activities Unlimited, Inc.",132921483,Application Incomplete at Deadiine
7,,111631812,"American-I -Italian Coalition of Organizations, Inc. (AMICO)",112488439,Application Incomplete at Deadine
7,,133626127,,,Application Incomplete at Deadline
7,,260211482,"United Activities Unlimited, Inc.",132921483,Application Incomplete at Deadline
7,,132894978,,,Approved
7,,134131863,,,Approved
7,,131624015,,,Approved
7,,113196374,,,Application Incomplete at Deadiine
7,,113301309,,,Approved
7,,111631812,"American- -Italian Coalition of Organizations, Inc. (AMICO)",112488439,Application Incomplete at Deadine
7,,237072915,,,Approved
7,,133870800,,,Application Incomplete at Deadline
7,,133870800,,,Application Incomplete at Deadline
7,,133556132,,,Approved
7,,237072915,,,Approved
7,,237379930,,,Approved
7,,EX212023,,,Application Not Rec'd at Deadline
7,,200788352,,,Application Pending
7,,237410608,,,Application Not Rec'd at Deadline
7,,134085654,,,Approved
7,,112488439,,,Approved
7,,112488439,,,Approved
7,,112649513,,,Approved
7,,112649513,,,Approved
7,,820559599,,,Application Incomplete at Deadline
7,,113541665,,,Application Incomplete at Deadline
7,,510135262,,,Approved
7,,112982841,,,Governmental Entity
7,,133686769,,,Application Incomplete at Deadine
7,,200237779,,,Application Incomplete at Deadline
7,,203046724,,,Application Incomplete at Deadline
7,,133513113,,,Approved
7,,753260950,,,Approved
7,,421740315,,,Approved
7,,133420375,,,Approved
7,,136400434,,,Approved
7,,133948597,,,Approved
7,,134207136,,,Approved
7,,133123843,,,Approved
7,,237082566,,,Application Not Rec'd at Deadine
7,,112444285,,,Approved
7,,113243561,"Samuel Field YM & YWHA, Inc.",113071518,Application Incomplete at Deadline
7,,111733454,,,Approved
7,,113211580,,,Application Not Rec'd at Deadline
7,,133530740,,,Approved
7,,112698671,,,Approved
7,,135596811,,,Approved
7,,421610657,,,Approved
7,,133561657,,,Approved
7,,113110973,,,Application Incomplete by Deadline
7,,112432846,,,Approved
7,,012400734,,,Application Incomplete by Deadine
7,,113283859,,,Application Pending
7,,133608977,,,Application Incomplete at Deadline
7,,133062521,,,Application Incomplete at Deadline
7,,132738818,,,Approved
7,,133422660,,,Approved
7,,133613229,,,Approved
7,,112622003,,,Approved
7,,136119036,,,Approved
7,,133131888,,,Approved
7,,571147217,,,Approved
7,,133682472,,,Approved
7,,134177814,,,Approved
7,,132813809,,,Approved
7,,133419970,,,Approved
7,,760818061,,,Application Incomplete at Deadine
7,,237259702,,,Approved
7,,131628180,,,Approved
7,,954502444,,,Approved
7,,200222173,,,Approved
7,,200222703,,,Approved
7,,132902382,,,Approved
7,,112902382,,,Approved
7,,112266621,,,Approved
7,,112266221,,,Approved
7,,112258437,,,Approved
7,,112250437,,,Approved
7,,743178604,,,Approved
7,,743178406,,,Approved
7,,113394116,,,Approved
7,,133044171,,,Approved
7,,113548121,,,Approved
7,,364391337,,,Approved
7,,243058513,,,Approved
7,,743058513,,,Approved
7,,133733064,,,Approved
7,,133933064,,,Approved
7,,582532536,,,Application Incomplete at Deadine
7,,113308030,,,Application Pending
7,,113301309,,,Approved
7,,EX212023,,,Application Not Rec'd at Deadine
7,,311767167,,,Approved
7,,270141264,,,Application Incomplete at Deadline
7,,262484175,,,Approved
7,,202726950,,,Application Incomplete at Deadline
7,,204617044,,,Approved
7,,134180117,,,Application Not Rec'd at Deadline
7,,134085654,,,Approved
7,,112693994,,,Approved
7,,112693994,Bay Ridge Bensonhurst Beautification and Preservation Alliance,113233233,Approved
7,,111631783,,,Application Incomplete at Deadline
7,,111631783,,,Application Incomplete at Deadline
7,,112202969,,,Approved
7,,113381237,,,Approved
7,,112203300,,,Application Incomplete at Deadine
7,,134064247,,,Approved
7,,113101774,"Samuel Fieid YM & YWHA, Inc.",113071518,Application Incomplete at Deadine
7,,111733454,,,Approved
7,,112939346,,,Application Incomplete at Deadline
7,,112305641,,,Approved
7,,132738818,,,Approved
7,,132738818,,,Approved
7,,112669559,,,Application Pending
7,,111633484,,,Approved
7,,112728233,,,Approved
7,,112480339,,,Approved
7,,133626127,,,Application Not Rec'd at Deadline
7,,135564133,,,Approved
7,,111711002,,,Application Pending
7,,136400434,,,Government Entity
7,,112544630,,,Approved
7,,113463615,,,Application Pending
7,,133234441,,,Approved
7,,134178608,,,Approved
7,,112758014,,,Application Incomplete at Deadline
7,,753046891,,,Approved
7,,113559496,,,Application Incomplete at Deadline
7,,111633509,,,Approved
7,,111729398,,,Approved
7,,113560625,,,Approved
7,,112432846,,,Approved
7,,,,,Approved
7,,131635264,,,Approved
7,,112500161,,,Approved
7,,112500161,,,Approved
7,,,,,Approved
7,,112811215,,,Approved
7,,,,,Approved
7,,113260467,,,Approved
7,,132694850,,,Approved
7,,112694850,,,Approved
7,,,,,Approved
7,,311762555,,,Approved
7,,,,,Approved
7,,135562210,,,Approved
7,,,,,Approved
7,,111657620,,,Approved
7,,111672802,,,Approved
7,,760424498,,,Approved
7,,113596619,,,Approved
7,,111667624,,,Approved
7,,133923013,,,Approved
7,,900140023,,,Approved
7,,,,,Approved
7,,112419185,,,Approved
7,,112911165,,,Approved
7,,112383972,,,Approved
7,,113260387,,,Application Incomplete at Deadline
7,,113260387,,,Application Incomplete at Deadline
7,,113168615,,,Application Incomplete at Deadline
7,,112395258,,,Approved
7,,133530740,,,Approved
7,,133530740,,,Approved
7,,133530740,,,Approved
7,,133530740,,,Approved
7,,133530740,,,Approved
7,,203115379,,,Approved
7,,133629446,,,Approved
7,,133629446,,,Approved
7,,133629446,,,Approved
7,,133629446,,,Approved
7,,133629446,,,Approved
7,,133629446,,,Approved
7,,133629446,,,Approved
7,,133629446,,,Approved
7,,133629446,,,Approved
7,,133629446,,,Approved
7,,133629446,,,Approved
7,,133629446,,,Approved
7,,133629446,,,Approved
7,,133629446,,,Approved
7,,133629446,,,Approved
7,,133629446,,,Approved
7,"Infant Mortality Reduction UIA Number Agency # Status (Council, MOC, etc.) EIN Amount Agy Organization *",133189926,,,Approved
7,"Infant Mortality Reduction UIA Number Agency # Status (Council, MOC, etc.) EIN Amount Agy Organization *",131624211,,,Approved
7,"Infant Mortality Reduction UIA Number Agency # Status (Council, MOC, etc.) EIN Amount Agy Organization *",113387105,,,Denied
7,"Infant Mortality Reduction UIA Number Agency # Status (Council, MOC, etc.) EIN Amount Agy Organization *",134045022,,,Approved
7,"Geriatric Mental Health Initiative EIN Agy # UIA etc.) Status Organization Number Agency Amount (Council, MOC, *",133189926,,,Approved
7,"Geriatric Mental Health Initiative EIN Agy # UIA etc.) Status Organization Number Agency Amount (Council, MOC, *",131624211,,,Approved
7,"Geriatric Mental Health Initiative EIN Agy # UIA etc.) Status Organization Number Agency Amount (Council, MOC, *",131740122,,,Approved
7,"Geriatric Mental Health Initiative EIN Agy # UIA etc.) Status Organization Number Agency Amount (Council, MOC, *",131740122,,,Approved
7,"Geriatric Mental Health Initiative EIN Agy # UIA etc.) Status Organization Number Agency Amount (Council, MOC, *",132751935,,,Application Incomplete at Deadline
7,"Geriatric Mental Health Initiative EIN Agy # UIA etc.) Status Organization Number Agency Amount (Council, MOC, *",112301220,,,Application Incomplete at Deadline
7,"Geriatric Mental Health Initiative EIN Agy # UIA etc.) Status Organization Number Agency Amount (Council, MOC, *",132987263,,,Approved
7,"Geriatric Mental Health Initiative EIN Agy # UIA etc.) Status Organization Number Agency Amount (Council, MOC, *",237187548,,,Approved
7,"Geriatric Mental Health Initiative EIN Agy # UIA etc.) Status Organization Number Agency Amount (Council, MOC, *",237287548,,,Approved
7,"Geriatric Mental Health Initiative EIN Agy # UIA etc.) Status Organization Number Agency Amount (Council, MOC, *",135596811,,,Approved
7,"Geriatric Mental Health Initiative EIN Agy # UIA etc.) Status Organization Number Agency Amount (Council, MOC, *",135596811,,,Approved
7,"Geriatric Mental Health Initiative EIN Agy # UIA etc.) Status Organization Number Agency Amount (Council, MOC, *",237187548,,,Approved
7,"Geriatric Mental Health Initiative EIN Agy # UIA etc.) Status Organization Number Agency Amount (Council, MOC, *",237287548,,,Approved
7,"Geriatric Mental Health Initiative EIN Agy # UIA etc.) Status Organization Number Agency Amount (Council, MOC, *",112488439,,,Approved
7,"Geriatric Mental Health Initiative EIN Agy # UIA etc.) Status Organization Number Agency Amount (Council, MOC, *",112649513,,,Approved
7,"Geriatric Mental Health Initiative EIN Agy # UIA etc.) Status Organization Number Agency Amount (Council, MOC, *",133092676,,,Governmental Entity
7,"Geriatric Mental Health Initiative EIN Agy # UIA etc.) Status Organization Number Agency Amount (Council, MOC, *",133040671,,,Governmental Entity
7,"Geriatric Mental Health Initiative EIN Agy # UIA etc.) Status Organization Number Agency Amount (Council, MOC, *",132655001,,,Governmental Entity
7,"Geriatric Mental Health Initiative EIN Agy # UIA etc.) Status Organization Number Agency Amount (Council, MOC, *",133092676,,,Governmental Entity
7,"Geriatric Mental Health Initiative EIN Agy # UIA etc.) Status Organization Number Agency Amount (Council, MOC, *",133040671,,,Governmental Entity
7,"Geriatric Mental Health Initiative EIN Agy # UIA etc.) Status Organization Number Agency Amount (Council, MOC, *",132655001,,,Governmental Entity
7,"Geriatric Mental Health Initiative EIN Agy # UIA etc.) Status Organization Number Agency Amount (Council, MOC, *",134042093,,,Denied
7,"Geriatric Mental Health Initiative EIN Agy # UIA etc.) Status Organization Number Agency Amount (Council, MOC, *",132883903,,,Application Incomplete at Deadline
7,"Geriatric Mental Health Initiative EIN Agy # UIA etc.) Status Organization Number Agency Amount (Council, MOC, *",132564241,,,Approved
7,"Geriatric Mental Health Initiative EIN Agy # UIA etc.) Status Organization Number Agency Amount (Council, MOC, *",133020589,,,Approved
7,"Geriatric Mental Health Initiative EIN Agy # UIA etc.) Status Organization Number Agency Amount (Council, MOC, *",061552851,,,Application Not Rec'd by] Deadline
7,"Geriatric Mental Health Initiative EIN Agy # UIA etc.) Status Organization Number Agency Amount (Council, MOC, *",133678499,,,Approved
7,"Geriatric Mental Health Initiative EIN Agy # UIA etc.) Status Organization Number Agency Amount (Council, MOC, *",133224700,,,Application Not Rec'd by Deadline
7,"Geriatric Mental Health Initiative EIN Agy # UIA etc.) Status Organization Number Agency Amount (Council, MOC, *",133244626,,,Application Not Rec'd by Deadline
7,"Geriatric Mental Health Initiative EIN Agy # UIA etc.) Status Organization Number Agency Amount (Council, MOC, *",135563028,,,Approved
7,"Geriatric Mental Health Initiative EIN Agy # UIA etc.) Status Organization Number Agency Amount (Council, MOC, *",510418243,,,Approved
7,"Geriatric Mental Health Initiative EIN Agy # UIA etc.) Status Organization Number Agency Amount (Council, MOC, *",112412205,,,Approved
7,"Geriatric Mental Health Initiative EIN Agy # UIA etc.) Status Organization Number Agency Amount (Council, MOC, *",113344389,,,Approved
7,"Geriatric Mental Health Initiative EIN Agy # UIA etc.) Status Organization Number Agency Amount (Council, MOC, *",113505513,,,Approved
7,"Geriatric Mental Health Initiative EIN Agy # UIA etc.) Status Organization Number Agency Amount (Council, MOC, *",133818122,,,Application Not Rec'd by Deadline
7,"Geriatric Mental Health Initiative EIN Agy # UIA etc.) Status Organization Number Agency Amount (Council, MOC, *",331007278,,,Approved
7,"Geriatric Mental Health Initiative EIN Agy # UIA etc.) Status Organization Number Agency Amount (Council, MOC, *",113031208,,,Application Not Rec'd by Deadline
7,"Geriatric Mental Health Initiative EIN Agy # UIA etc.) Status Organization Number Agency Amount (Council, MOC, *",112838138,,,Approved
7,"Geriatric Mental Health Initiative EIN Agy # UIA etc.) Status Organization Number Agency Amount (Council, MOC, *",133323168,,,Approved
7,"Geriatric Mental Health Initiative EIN Agy # UIA etc.) Status Organization Number Agency Amount (Council, MOC, *",113060772,,,Approved
7,"Geriatric Mental Health Initiative EIN Agy # UIA etc.) Status Organization Number Agency Amount (Council, MOC, *",112648501,,,Approved
7,"Geriatric Mental Health Initiative EIN Agy # UIA etc.) Status Organization Number Agency Amount (Council, MOC, *",133076376,,,Approved
7,"Geriatric Mental Health Initiative EIN Agy # UIA etc.) Status Organization Number Agency Amount (Council, MOC, *",300104507,,,Approved
7,"Geriatric Mental Health Initiative EIN Agy # UIA etc.) Status Organization Number Agency Amount (Council, MOC, *",133130146,,,Approved
7,"Geriatric Mental Health Initiative EIN Agy # UIA etc.) Status Organization Number Agency Amount (Council, MOC, *",133562071,,,Approved
7,"Geriatric Mental Health Initiative EIN Agy # UIA etc.) Status Organization Number Agency Amount (Council, MOC, *",133165181,,,Approved
7,"Geriatric Mental Health Initiative EIN Agy # UIA etc.) Status Organization Number Agency Amount (Council, MOC, *",133464470,,,Application Not Rec'di by Deadline
7,"Geriatric Mental Health Initiative EIN Agy # UIA etc.) Status Organization Number Agency Amount (Council, MOC, *",133749744,,,Approved
7,"Geriatric Mental Health Initiative EIN Agy # UIA etc.) Status Organization Number Agency Amount (Council, MOC, *",133083068,,,Approved
7,"Geriatric Mental Health Initiative EIN Agy # UIA etc.) Status Organization Number Agency Amount (Council, MOC, *",133706365,,,Approved
7,"Geriatric Mental Health Initiative EIN Agy # UIA etc.) Status Organization Number Agency Amount (Council, MOC, *",133629466,,,Approved
7,"Geriatric Mental Health Initiative EIN Agy # UIA etc.) Status Organization Number Agency Amount (Council, MOC, *",133556768,,,Approved
7,"Geriatric Mental Health Initiative EIN Agy # UIA etc.) Status Organization Number Agency Amount (Council, MOC, *",133632234,,,Approved
7,"Geriatric Mental Health Initiative EIN Agy # UIA etc.) Status Organization Number Agency Amount (Council, MOC, *",133449087,,,Approved
7,"Geriatric Mental Health Initiative EIN Agy # UIA etc.) Status Organization Number Agency Amount (Council, MOC, *",112837894,,,Approved
7,"Geriatric Mental Health Initiative EIN Agy # UIA etc.) Status Organization Number Agency Amount (Council, MOC, *",113030795,,,Approved
7,"Geriatric Mental Health Initiative EIN Agy # UIA etc.) Status Organization Number Agency Amount (Council, MOC, *",133599121,,,Approved
7,"Geriatric Mental Health Initiative EIN Agy # UIA etc.) Status Organization Number Agency Amount (Council, MOC, *",134009817,,,Approved
7,"Geriatric Mental Health Initiative EIN Agy # UIA etc.) Status Organization Number Agency Amount (Council, MOC, *",133724008,,,Approved
7,"Geriatric Mental Health Initiative EIN Agy # UIA etc.) Status Organization Number Agency Amount (Council, MOC, *",111950787,,,Approved
7,"Geriatric Mental Health Initiative EIN Agy # UIA etc.) Status Organization Number Agency Amount (Council, MOC, *",112608983,,,Approved
7,"Geriatric Mental Health Initiative EIN Agy # UIA etc.) Status Organization Number Agency Amount (Council, MOC, *",113185372,,,Approved
7,"Geriatric Mental Health Initiative EIN Agy # UIA etc.) Status Organization Number Agency Amount (Council, MOC, *",204393724,,,Application Not Rec'd by Deadline
7,"Geriatric Mental Health Initiative EIN Agy # UIA etc.) Status Organization Number Agency Amount (Council, MOC, *",133699201,,,Approved
7,"Geriatric Mental Health Initiative EIN Agy # UIA etc.) Status Organization Number Agency Amount (Council, MOC, *",133597820,,,Approved
7,"Geriatric Mental Health Initiative EIN Agy # UIA etc.) Status Organization Number Agency Amount (Council, MOC, *",133572677,,,Approved
7,"Geriatric Mental Health Initiative EIN Agy # UIA etc.) Status Organization Number Agency Amount (Council, MOC, *",133693776,,,Application Pending
7,"Geriatric Mental Health Initiative EIN Agy # UIA etc.) Status Organization Number Agency Amount (Council, MOC, *",202312651,,,Application Pending
7,"Geriatric Mental Health Initiative EIN Agy # UIA etc.) Status Organization Number Agency Amount (Council, MOC, *",133556132,,,Approved
7,"Geriatric Mental Health Initiative EIN Agy # UIA etc.) Status Organization Number Agency Amount (Council, MOC, *",133048638,,,Approved
7,"Geriatric Mental Health Initiative EIN Agy # UIA etc.) Status Organization Number Agency Amount (Council, MOC, *",135669201,,,Approved
7,"Geriatric Mental Health Initiative EIN Agy # UIA etc.) Status Organization Number Agency Amount (Council, MOC, *",113250772,,,Approved
7,"Geriatric Mental Health Initiative EIN Agy # UIA etc.) Status Organization Number Agency Amount (Council, MOC, *",134006621,,,Approved
7,"Geriatric Mental Health Initiative EIN Agy # UIA etc.) Status Organization Number Agency Amount (Council, MOC, *",651209020,,,Approved
7,"Geriatric Mental Health Initiative EIN Agy # UIA etc.) Status Organization Number Agency Amount (Council, MOC, *",113065859,,,Approved
7,"Geriatric Mental Health Initiative EIN Agy # UIA etc.) Status Organization Number Agency Amount (Council, MOC, *",131623994,,,Approved
7,"Geriatric Mental Health Initiative EIN Agy # UIA etc.) Status Organization Number Agency Amount (Council, MOC, *",113559496,,,Approved
7,"Geriatric Mental Health Initiative EIN Agy # UIA etc.) Status Organization Number Agency Amount (Council, MOC, *",112880221,,,Approved
7,"Geriatric Mental Health Initiative EIN Agy # UIA etc.) Status Organization Number Agency Amount (Council, MOC, *",133255679,,,Approved
7,"Geriatric Mental Health Initiative EIN Agy # UIA etc.) Status Organization Number Agency Amount (Council, MOC, *",861096987,,,Approved
7,"Geriatric Mental Health Initiative EIN Agy # UIA etc.) Status Organization Number Agency Amount (Council, MOC, *",134164404,,,Approved
7,"Geriatric Mental Health Initiative EIN Agy # UIA etc.) Status Organization Number Agency Amount (Council, MOC, *",133805049,,,Approved
7,"Geriatric Mental Health Initiative EIN Agy # UIA etc.) Status Organization Number Agency Amount (Council, MOC, *",133629485,,,Approved
7,"Geriatric Mental Health Initiative EIN Agy # UIA etc.) Status Organization Number Agency Amount (Council, MOC, *",135562230,,,Approved
7,"Geriatric Mental Health Initiative EIN Agy # UIA etc.) Status Organization Number Agency Amount (Council, MOC, *",112518141,,,Approved
7,"Geriatric Mental Health Initiative EIN Agy # UIA etc.) Status Organization Number Agency Amount (Council, MOC, *",132813350,,,Approved
7,"Geriatric Mental Health Initiative EIN Agy # UIA etc.) Status Organization Number Agency Amount (Council, MOC, *",136400434,,,Approved
7,"Geriatric Mental Health Initiative EIN Agy # UIA etc.) Status Organization Number Agency Amount (Council, MOC, *",132813809,,,Approved
7,"Geriatric Mental Health Initiative EIN Agy # UIA etc.) Status Organization Number Agency Amount (Council, MOC, *",200814999,,,Approved
7,"Geriatric Mental Health Initiative EIN Agy # UIA etc.) Status Organization Number Agency Amount (Council, MOC, *",133922300,,,Approved
7,"Geriatric Mental Health Initiative EIN Agy # UIA etc.) Status Organization Number Agency Amount (Council, MOC, *",133385032,,,Approved
7,"Geriatric Mental Health Initiative EIN Agy # UIA etc.) Status Organization Number Agency Amount (Council, MOC, *",237259702,,,Approved
7,"Geriatric Mental Health Initiative EIN Agy # UIA etc.) Status Organization Number Agency Amount (Council, MOC, *",133234441,,,Approved
7,"Geriatric Mental Health Initiative EIN Agy # UIA etc.) Status Organization Number Agency Amount (Council, MOC, *",112453853,,,Approved
7,"Geriatric Mental Health Initiative EIN Agy # UIA etc.) Status Organization Number Agency Amount (Council, MOC, *",113071518,,,Approved
7,"Geriatric Mental Health Initiative EIN Agy # UIA etc.) Status Organization Number Agency Amount (Council, MOC, *",111966067,,,Approved
7,"Geriatric Mental Health Initiative EIN Agy # UIA etc.) Status Organization Number Agency Amount (Council, MOC, *",,,,Approved
7,"Geriatric Mental Health Initiative EIN Agy # UIA etc.) Status Organization Number Agency Amount (Council, MOC, *",132912963,,,Approved
7,"Geriatric Mental Health Initiative EIN Agy # UIA etc.) Status Organization Number Agency Amount (Council, MOC, *",202268752,,,Approved
7,"Geriatric Mental Health Initiative EIN Agy # UIA etc.) Status Organization Number Agency Amount (Council, MOC, *",112490531,,,Approved
7,"Geriatric Mental Health Initiative EIN Agy # UIA etc.) Status Organization Number Agency Amount (Council, MOC, *",131624228,,,Approved
7,"Geriatric Mental Health Initiative EIN Agy # UIA etc.) Status Organization Number Agency Amount (Council, MOC, *",131624228,,,Approved
7,"Geriatric Mental Health Initiative EIN Agy # UIA etc.) Status Organization Number Agency Amount (Council, MOC, *",131624228,,,Approved
7,"Geriatric Mental Health Initiative EIN Agy # UIA etc.) Status Organization Number Agency Amount (Council, MOC, *",134006535,,,Approved
7,"Geriatric Mental Health Initiative EIN Agy # UIA etc.) Status Organization Number Agency Amount (Council, MOC, *",550837964,,,Approved
8,,134185528,,,Approved
8,,131573954,,,Approved
8,,131998814,,,Approved
8,,202538102,,,Approved
8,,132500805,,,Approved
8,,132590805,,,Approved
8,,132612592,,,Approved
8,,132612592,,,Approved
8,,132612532,,,Approved
8,,132612532,,,Approved
8,,112592739,,,Approved
8,,132921483,,,Approved
8,,117169040,,,Approved
8,,135564133,,,Approved
8,,135564133,"Polonians Organized to Minister Our Community (POMOC), inc.",112594500,Approved
8,,112229635,,,Approved
8,,133706059,,,Approved
8,,112608645,,,Approved
8,,112608645,"Metropolitan New York Coordinating Council Jon, Jewish Poverty, Inc.",132738818,Approved
8,,132612592,,,Approved
8,,132612532,,,Approved
8,,131853772,,,Approved
8,,131853772,Jewish Association for Services for the Aged (JASA),132620896,Approved
8,,133263537,,,Approved
8,,133263537,,,Approved
8,,112760065,,,Approved
8,,112760065,,,Approved
8,,112864728,,,Approved
8,,112864728,,,Approved
8,,112864728,,,Approved
8,,112864728,"Metropolitan New York Coordinating Council on Jewish Poverty, Inc.",132738818,Approved
8,,112864728,"Metropolitan New York Coordinating Council on Jewish Poverty, Inc.",132738818,Approved
8,,112864728,"Metropolitan New York Coordinating Council on Jewish Poverty, Inc.",132738818,Approved
8,,112643410,,,Approved
8,,112643410,"Metropolitan New York Coordinating Council on. Jewish Poverty, Inc.",132738818,Approved
8,,112714997,,,Approved
8,,112714997,"Metropolitan New York Coordinating Council on Jewish Poverty, Inc.",132738818,Approved
8,,132944830,,,Approved
8,,132944830,,,Approved
8,,132944830,"Metropolitan New York Coordinating Council on Jewish Poverty, Inc.",132738818,Approved
8,,132944830,"Metropolitan New York Coordinating Council on Jewish Poverty, Inc.",132738818,Approved
8,"Youth Discretionary Status (Council, MOC, etc) Member Organization EINI Number Agencv Amount Aav# Fiscal Conduit/Sponsoring Organization Fiscal Conduit EIN UIA",352262561,,,Approved
8,"Youth Discretionary Status (Council, MOC, etc) Member Organization EINI Number Agencv Amount Aav# Fiscal Conduit/Sponsoring Organization Fiscal Conduit EIN UIA",352262561,,,Approved
8,"Youth Discretionary Status (Council, MOC, etc) Member Organization EINI Number Agencv Amount Aav# Fiscal Conduit/Sponsoring Organization Fiscal Conduit EIN UIA",352262651,,,Approved
8,"Youth Discretionary Status (Council, MOC, etc) Member Organization EINI Number Agencv Amount Aav# Fiscal Conduit/Sponsoring Organization Fiscal Conduit EIN UIA",352262651,,,Approved
8,"Youth Discretionary Status (Council, MOC, etc) Member Organization EINI Number Agencv Amount Aav# Fiscal Conduit/Sponsoring Organization Fiscal Conduit EIN UIA",131998814,,,Approved
8,"Youth Discretionary Status (Council, MOC, etc) Member Organization EINI Number Agencv Amount Aav# Fiscal Conduit/Sponsoring Organization Fiscal Conduit EIN UIA",131998814,,,Approved
8,"Youth Discretionary Status (Council, MOC, etc) Member Organization EINI Number Agencv Amount Aav# Fiscal Conduit/Sponsoring Organization Fiscal Conduit EIN UIA",131998814,,,Approved
8,"Youth Discretionary Status (Council, MOC, etc) Member Organization EINI Number Agencv Amount Aav# Fiscal Conduit/Sponsoring Organization Fiscal Conduit EIN UIA",202538102,,,Approved
8,"Youth Discretionary Status (Council, MOC, etc) Member Organization EINI Number Agencv Amount Aav# Fiscal Conduit/Sponsoring Organization Fiscal Conduit EIN UIA",202538102,,,Approved
8,"Youth Discretionary Status (Council, MOC, etc) Member Organization EINI Number Agencv Amount Aav# Fiscal Conduit/Sponsoring Organization Fiscal Conduit EIN UIA",202538102,,,Approved
8,"Youth Discretionary Status (Council, MOC, etc) Member Organization EINI Number Agencv Amount Aav# Fiscal Conduit/Sponsoring Organization Fiscal Conduit EIN UIA",237214095,,,Approved
8,"Youth Discretionary Status (Council, MOC, etc) Member Organization EINI Number Agencv Amount Aav# Fiscal Conduit/Sponsoring Organization Fiscal Conduit EIN UIA",135562191,,,Approved
8,"Youth Discretionary Status (Council, MOC, etc) Member Organization EINI Number Agencv Amount Aav# Fiscal Conduit/Sponsoring Organization Fiscal Conduit EIN UIA",113287922,,,Approved
8,"Youth Discretionary Status (Council, MOC, etc) Member Organization EINI Number Agencv Amount Aav# Fiscal Conduit/Sponsoring Organization Fiscal Conduit EIN UIA",133761446,,,Approved
8,"Youth Discretionary Status (Council, MOC, etc) Member Organization EINI Number Agencv Amount Aav# Fiscal Conduit/Sponsoring Organization Fiscal Conduit EIN UIA",133761446,,,Approved
8,"Youth Discretionary Status (Council, MOC, etc) Member Organization EINI Number Agencv Amount Aav# Fiscal Conduit/Sponsoring Organization Fiscal Conduit EIN UIA",133761446,,,Approved
8,"Youth Discretionary Status (Council, MOC, etc) Member Organization EINI Number Agencv Amount Aav# Fiscal Conduit/Sponsoring Organization Fiscal Conduit EIN UIA",133761446,"Metropolitan New York Coordinating Council on. Jewish Poverty, Inc.",132738818,Approved
8,"Youth Discretionary Status (Council, MOC, etc) Member Organization EINI Number Agencv Amount Aav# Fiscal Conduit/Sponsoring Organization Fiscal Conduit EIN UIA",133761446,"Metropolitan New York Coordinating Council on. Jewish Poverty, Inc.",132738818,Approved
8,"Youth Discretionary Status (Council, MOC, etc) Member Organization EINI Number Agencv Amount Aav# Fiscal Conduit/Sponsoring Organization Fiscal Conduit EIN UIA",133761446,"Metropolitan New York Coordinating Council on, Jewish Poverty, Inc.",132738818,Approved
8,"Youth Discretionary Status (Council, MOC, etc) Member Organization EINI Number Agencv Amount Aav# Fiscal Conduit/Sponsoring Organization Fiscal Conduit EIN UIA",131740011,,,Approved
8,"Youth Discretionary Status (Council, MOC, etc) Member Organization EINI Number Agencv Amount Aav# Fiscal Conduit/Sponsoring Organization Fiscal Conduit EIN UIA",131740011,,,Approved
8,"Youth Discretionary Status (Council, MOC, etc) Member Organization EINI Number Agencv Amount Aav# Fiscal Conduit/Sponsoring Organization Fiscal Conduit EIN UIA",237072915,,,Approved
8,"Youth Discretionary Status (Council, MOC, etc) Member Organization EINI Number Agencv Amount Aav# Fiscal Conduit/Sponsoring Organization Fiscal Conduit EIN UIA",237072915,,,Approved
8,"Youth Discretionary Status (Council, MOC, etc) Member Organization EINI Number Agencv Amount Aav# Fiscal Conduit/Sponsoring Organization Fiscal Conduit EIN UIA",237448611,,,Approved
8,"Youth Discretionary Status (Council, MOC, etc) Member Organization EINI Number Agencv Amount Aav# Fiscal Conduit/Sponsoring Organization Fiscal Conduit EIN UIA",237448611,,,Approved
8,"Youth Discretionary Status (Council, MOC, etc) Member Organization EINI Number Agencv Amount Aav# Fiscal Conduit/Sponsoring Organization Fiscal Conduit EIN UIA",112939346,,,Application Incomplete at Deadline
8,"Youth Discretionary Status (Council, MOC, etc) Member Organization EINI Number Agencv Amount Aav# Fiscal Conduit/Sponsoring Organization Fiscal Conduit EIN UIA",112305641,,,Approved
8,"Youth Discretionary Status (Council, MOC, etc) Member Organization EINI Number Agencv Amount Aav# Fiscal Conduit/Sponsoring Organization Fiscal Conduit EIN UIA",135564133,,,Approved
8,"Youth Discretionary Status (Council, MOC, etc) Member Organization EINI Number Agencv Amount Aav# Fiscal Conduit/Sponsoring Organization Fiscal Conduit EIN UIA",135564133,,,Approved
8,"Youth Discretionary Status (Council, MOC, etc) Member Organization EINI Number Agencv Amount Aav# Fiscal Conduit/Sponsoring Organization Fiscal Conduit EIN UIA",135564133,,,Approved
8,"Youth Discretionary Status (Council, MOC, etc) Member Organization EINI Number Agencv Amount Aav# Fiscal Conduit/Sponsoring Organization Fiscal Conduit EIN UIA",112461900,,,Approved
8,"Youth Discretionary Status (Council, MOC, etc) Member Organization EINI Number Agencv Amount Aav# Fiscal Conduit/Sponsoring Organization Fiscal Conduit EIN UIA",132612524,,,Approved
8,"Youth Discretionary Status (Council, MOC, etc) Member Organization EINI Number Agencv Amount Aav# Fiscal Conduit/Sponsoring Organization Fiscal Conduit EIN UIA",510204121,,,Approved
8,"Youth Discretionary Status (Council, MOC, etc) Member Organization EINI Number Agencv Amount Aav# Fiscal Conduit/Sponsoring Organization Fiscal Conduit EIN UIA",112304928,,,Approved
8,"Youth Discretionary Status (Council, MOC, etc) Member Organization EINI Number Agencv Amount Aav# Fiscal Conduit/Sponsoring Organization Fiscal Conduit EIN UIA",113528680,,,Approved
8,"Youth Discretionary Status (Council, MOC, etc) Member Organization EINI Number Agencv Amount Aav# Fiscal Conduit/Sponsoring Organization Fiscal Conduit EIN UIA",113528680,,,Approved
