resolution,page,row,column,raw_text,confidence,flag,crop
1,9,0,ein,,1.0,ocr:ein,data/fy09/transparency-resolutions/review-crops/r01-p009-row00-ein.png
1,9,2,ein,,1.0,ocr:ein,data/fy09/transparency-resolutions/review-crops/r01-p009-row02-ein.png
1,9,2,organization,Crown Heights Community Mediation,0.792,ocr:lowconf,data/fy09/transparency-resolutions/review-crops/r01-p009-row02-organization.png
1,9,3,member,Vann,0.759,ocr:lowconf,data/fy09/transparency-resolutions/review-crops/r01-p009-row03-member.png
1,9,4,ein,,1.0,ocr:ein,data/fy09/transparency-resolutions/review-crops/r01-p009-row04-ein.png
1,9,5,member,Vann,0.631,ocr:lowconf,data/fy09/transparency-resolutions/review-crops/r01-p009-row05-member.png
1,9,6,ein,95-369596,0.999,ocr:ein,data/fy09/transparency-resolutions/review-crops/r01-p009-row06-ein.png
1,9,6,organization,United Community Services,0.64,ocr:lowconf,data/fy09/transparency-resolutions/review-crops/r01-p009-row06-organization.png
1,9,6,amount,"($100,000.00)",0.558,ocr:lowconf,data/fy09/transparency-resolutions/review-crops/r01-p009-row06-amount.png
1,9,7,organization,United Community Services,0.547,ocr:lowconf,data/fy09/transparency-resolutions/review-crops/r01-p009-row07-organization.png
1,9,8,amount,"($10,000.00)",0.751,ocr:lowconf,data/fy09/transparency-resolutions/review-crops/r01-p009-row08-amount.png
1,9,10,organization,"Girls' Vacation Fund, Inc. (d/b/a Girls Quest)",0.712,ocr:lowconf,data/fy09/transparency-resolutions/review-crops/r01-p009-row10-organization.png
1,9,11,ein,,1.0,ocr:ein,data/fy09/transparency-resolutions/review-crops/r01-p009-row11-ein.png
1,9,11,organization,Catholic Widows & Widowers of the Bronx,0.695,ocr:lowconf,data/fy09/transparency-resolutions/review-crops/r01-p009-row11-organization.png
1,9,11,agency,DFTA,0.646,ocr:lowconf,data/fy09/transparency-resolutions/review-crops/r01-p009-row11-agency.png
1,9,11,conduit_org,Neighborhood Initiatives Development Corporation (NIDC),0.596,ocr:lowconf,data/fy09/transparency-resolutions/review-crops/r01-p009-row11-conduit_org.png
1,9,12,conduit_org,Neighborhood. Initiatives Development Corporation (NIDC),0.761,ocr:lowconf,data/fy09/transparency-resolutions/review-crops/r01-p009-row12-conduit_org.png
1,9,13,ein,EX127215,0.999,ocr:ein,data/fy09/transparency-resolutions/review-crops/r01-p009-row13-ein.png
1,9,13,organization,Santa Maria Seniors Association,0.701,ocr:lowconf,data/fy09/transparency-resolutions/review-crops/r01-p009-row13-organization.png
1,9,13,conduit_org,Neighborhood Initiatives Development Corporation (NIDC),0.574,ocr:lowconf,data/fy09/transparency-resolutions/review-crops/r01-p009-row13-conduit_org.png
1,9,14,conduit_org,Neighborhood Ihitiatives Development Corporation (NIDC),0.476,ocr:lowconf,data/fy09/transparency-resolutions/review-crops/r01-p009-row14-conduit_org.png
1,9,15,ein,EX151636,0.999,ocr:ein,data/fy09/transparency-resolutions/review-crops/r01-p009-row15-ein.png
1,9,15,organization,Throggs Neck Giris Softball League,0.577,ocr:lowconf,data/fy09/transparency-resolutions/review-crops/r01-p009-row15-organization.png
1,9,15,amount,"($1,000.00)",0.747,ocr:lowconf,data/fy09/transparency-resolutions/review-crops/r01-p009-row15-amount.png
1,9,15,conduit_org,Neighborhood Initiatives Development Corporation (NIDC),0.664,ocr:lowconf,data/fy09/transparency-resolutions/review-crops/r01-p009-row15-conduit_org.png
1,9,16,member,Vacca,0.798,ocr:lowconf,data/fy09/transparency-resolutions/review-crops/r01-p009-row16-member.png
1,9,16,organization,Throggs Neck Girls Softball League,0.627,ocr:lowconf,data/fy09/transparency-resolutions/review-crops/r01-p009-row16-organization.png
1,9,16,conduit_org,Neighborhood! Initiatives Development Corporation (NIDC),0.603,ocr:lowconf,data/fy09/transparency-resolutions/review-crops/r01-p009-row16-conduit_org.png
1,9,17,ein,,1.0,ocr:ein,data/fy09/transparency-resolutions/review-crops/r01-p009-row17-ein.png
1,9,17,conduit_org,"Neighborhood, Initiatives Development Corporation (NIDC)",0.573,ocr:lowconf,data/fy09/transparency-resolutions/review-crops/r01-p009-row17-conduit_org.png
1,9,18,organization,AARP Minneford Chapter,0.535,ocr:lowconf,data/fy09/transparency-resolutions/review-crops/r01-p009-row18-organization.png
1,9,18,conduit_org,Neighborhood Initiatives Development Corporation (NIDC),0.528,ocr:lowconf,data/fy09/transparency-resolutions/review-crops/r01-p009-row18-conduit_org.png
1,9,19,ein,EX102159,1.0,ocr:ein,data/fy09/transparency-resolutions/review-crops/r01-p009-row19-ein.png
1,9,19,conduit_org,Neighborhood initiatives Development Corporation (NIDC),0.711,ocr:lowconf,data/fy09/transparency-resolutions/review-crops/r01-p009-row19-conduit_org.png
1,9,20,conduit_org,Neighborhood Initiatives Development Corporation (NIDC),0.663,ocr:lowconf,data/fy09/transparency-resolutions/review-crops/r01-p009-row20-conduit_org.png
1,9,21,organization,Multi- Talents Incorporated Residential Services,0.676,ocr:lowconf,data/fy09/transparency-resolutions/review-crops/r01-p009-row21-organization.png
1,9,22,member,Fidler,0.505,ocr:lowconf,data/fy09/transparency-resolutions/review-crops/r01-p009-row22-member.png
1,9,23,member,Vassky,0.549,ocr:lowconf,data/fy09/transparency-resolutions/review-crops/r01-p009-row23-member.png
1,9,23,conduit_org,"Friends of Douglass/Greene Park, Inc.",0.495,ocr:lowconf,data/fy09/transparency-resolutions/review-crops/r01-p009-row23-conduit_org.png
1,9,24,member,Yassky,0.749,ocr:lowconf,data/fy09/transparency-resolutions/review-crops/r01-p009-row24-member.png
1,9,24,conduit_org,"Hoyt Street Association, Inc.",0.732,ocr:lowconf,data/fy09/transparency-resolutions/review-crops/r01-p009-row24-conduit_org.png
1,10,0,amount,"($3,500. .00)!",0.542,ocr:amt,data/fy09/transparency-resolutions/review-crops/r01-p010-row00-amount.png
1,10,0,amount,"($3,500. .00)!",0.542,ocr:lowconf,data/fy09/transparency-resolutions/review-crops/r01-p010-row00-amount.png
1,10,1,organization,Schuyler Hill Civic Association,0.567,ocr:lowconf,data/fy09/transparency-resolutions/review-crops/r01-p010-row01-organization.png
1,10,2,conduit_org,Saint Rosalia- -Regina Pacis Neighborhood Improvement,0.577,ocr:lowconf,data/fy09/transparency-resolutions/review-crops/r01-p010-row02-conduit_org.png
1,10,3,organization,Bethany Lutheran Church,0.676,ocr:lowconf,data/fy09/transparency-resolutions/review-crops/r01-p010-row03-organization.png
1,10,3,ua,003,0.731,ocr:lowconf,data/fy09/transparency-resolutions/review-crops/r01-p010-row03-ua.png
1,10,3,conduit_org,Metropolitan New York Synod Evangelical Lutheran Church,0.707,ocr:lowconf,data/fy09/transparency-resolutions/review-crops/r01-p010-row03-conduit_org.png
1,11,0,amount,"($3,000.00)",0.639,ocr:lowconf,data/fy09/transparency-resolutions/review-crops/r01-p011-row00-amount.png
1,11,1,member,Foster,0.637,ocr:lowconf,data/fy09/transparency-resolutions/review-crops/r01-p011-row01-member.png
1,11,1,organization,"TechLINC Project, Inc The",0.779,ocr:lowconf,data/fy09/transparency-resolutions/review-crops/r01-p011-row01-organization.png
1,11,2,ein,13-2612524,0.605,ocr:lowconf,data/fy09/transparency-resolutions/review-crops/r01-p011-row02-ein.png
1,11,2,amount,"($8,000.00)",0.694,ocr:lowconf,data/fy09/transparency-resolutions/review-crops/r01-p011-row02-amount.png
1,11,3,organization,"Fund for the City of New York, Inc.",0.744,ocr:lowconf,data/fy09/transparency-resolutions/review-crops/r01-p011-row03-organization.png
1,11,6,organization,Alliance for Community Services,0.522,ocr:lowconf,data/fy09/transparency-resolutions/review-crops/r01-p011-row06-organization.png
1,11,6,amount,"($51,714.00)",0.564,ocr:lowconf,data/fy09/transparency-resolutions/review-crops/r01-p011-row06-amount.png
1,11,7,organization,Public School 307X,0.647,ocr:lowconf,data/fy09/transparency-resolutions/review-crops/r01-p011-row07-organization.png
1,11,7,ein,13-6400434,0.516,ocr:lowconf,data/fy09/transparency-resolutions/review-crops/r01-p011-row07-ein.png
1,11,7,amount,"$10,000.00",0.644,ocr:lowconf,data/fy09/transparency-resolutions/review-crops/r01-p011-row07-amount.png
1,11,7,star,.,0.516,ocr:lowconf,data/fy09/transparency-resolutions/review-crops/r01-p011-row07-star.png
1,11,9,organization,Public School 33X,0.594,ocr:lowconf,data/fy09/transparency-resolutions/review-crops/r01-p011-row09-organization.png
1,11,10,amount,"$10,000.00",0.58,ocr:lowconf,data/fy09/transparency-resolutions/review-crops/r01-p011-row10-amount.png
1,11,10,ua,312,0.679,ocr:lowconf,data/fy09/transparency-resolutions/review-crops/r01-p011-row10-ua.png
1,11,11,amount,"($3,500.00)",0.637,ocr:lowconf,data/fy09/transparency-resolutions/review-crops/r01-p011-row11-amount.png
1,11,12,amount,"$3,500.00",0.682,ocr:lowconf,data/fy09/transparency-resolutions/review-crops/r01-p011-row12-amount.png
1,11,12,ua,312,0.632,ocr:lowconf,data/fy09/transparency-resolutions/review-crops/r01-p011-row12-ua.png
1,11,15,organization,Boys and Girls Club of Harlem,0.701,ocr:lowconf,data/fy09/transparency-resolutions/review-crops/r01-p011-row15-organization.png
1,11,16,organization,Designed Environment for Experiential Learning,0.679,ocr:lowconf,data/fy09/transparency-resolutions/review-crops/r01-p011-row16-organization.png
1,11,18,member,Jackson,0.791,ocr:lowconf,data/fy09/transparency-resolutions/review-crops/r01-p011-row18-member.png
1,11,19,organization,"Publicolor, Inc.",0.776,ocr:lowconf,data/fy09/transparency-resolutions/review-crops/r01-p011-row19-organization.png
1,11,22,organization,Graham-Windham Beacon Center,0.454,ocr:lowconf,data/fy09/transparency-resolutions/review-crops/r01-p011-row22-organization.png
1,11,23,organization,"Hugs for Harlem, Inc.",0.74,ocr:lowconf,data/fy09/transparency-resolutions/review-crops/r01-p011-row23-organization.png
1,11,24,member,Jackson,0.567,ocr:lowconf,data/fy09/transparency-resolutions/review-crops/r01-p011-row24-member.png
1,11,24,organization,M.L. Wilson Boys and Giris Club of Harlem,0.778,ocr:lowconf,data/fy09/transparency-resolutions/review-crops/r01-p011-row24-organization.png
1,11,24,amount,"($5,000.00)",0.769,ocr:lowconf,data/fy09/transparency-resolutions/review-crops/r01-p011-row24-amount.png
1,11,25,organization,Norther Manhattan Improvement Corporation,0.595,ocr:lowconf,data/fy09/transparency-resolutions/review-crops/r01-p011-row25-organization.png
1,11,25,amount,"($4,000.00)",0.738,ocr:lowconf,data/fy09/transparency-resolutions/review-crops/r01-p011-row25-amount.png
1,11,26,conduit_org,Community League oft the Heights,0.616,ocr:lowconf,data/fy09/transparency-resolutions/review-crops/r01-p011-row26-conduit_org.png
1,11,27,organization,Washington Heights Community Arts Project,0.717,ocr:lowconf,data/fy09/transparency-resolutions/review-crops/r01-p011-row27-organization.png
1,11,28,member,Jackson,0.763,ocr:lowconf,data/fy09/transparency-resolutions/review-crops/r01-p011-row28-member.png
1,11,28,amount,"($3,000.00)",0.557,ocr:lowconf,data/fy09/transparency-resolutions/review-crops/r01-p011-row28-amount.png
1,11,29,organization,Bronx African American Chamber of Commerce,0.532,ocr:lowconf,data/fy09/transparency-resolutions/review-crops/r01-p011-row29-organization.png
1,11,30,organization,Emmanuel Baptist Church,0.629,ocr:lowconf,data/fy09/transparency-resolutions/review-crops/r01-p011-row30-organization.png
1,11,31,amount,"($36,714.00)",0.505,ocr:lowconf,data/fy09/transparency-resolutions/review-crops/r01-p011-row31-amount.png
1,11,32,organization,"UJAMAA Black Theater, Inc.",0.609,ocr:lowconf,data/fy09/transparency-resolutions/review-crops/r01-p011-row32-organization.png
1,12,0,organization,"LaGuardia/Vietnam Veterans of America, Queens Chapter #32",0.63,ocr:lowconf,data/fy09/transparency-resolutions/review-crops/r01-p012-row00-organization.png
1,12,0,ein,11-2629339,0.345,ocr:lowconf,data/fy09/transparency-resolutions/review-crops/r01-p012-row00-ein.png
1,12,2,amount,"$92,831.00",0.706,ocr:lowconf,data/fy09/transparency-resolutions/review-crops/r01-p012-row02-amount.png
1,12,3,organization,Incarcerated Veterans Consortium,0.635,ocr:lowconf,data/fy09/transparency-resolutions/review-crops/r01-p012-row03-organization.png
1,12,4,organization,Staten Island Supports Our Soldiers,0.508,ocr:lowconf,data/fy09/transparency-resolutions/review-crops/r01-p012-row04-organization.png
1,13,0,amount,"$121,934.45",0.999,ocr:amt,data/fy09/transparency-resolutions/review-crops/r01-p013-row00-amount.png
1,13,1,amount,"$128,605.88",1.0,ocr:amt,data/fy09/transparency-resolutions/review-crops/r01-p013-row01-amount.png
1,13,1,ein,11-2480339,0.588,ocr:lowconf,data/fy09/transparency-resolutions/review-crops/r01-p013-row01-ein.png
1,13,2,amount,"$135,036.17",1.0,ocr:amt,data/fy09/transparency-resolutions/review-crops/r01-p013-row02-amount.png
1,13,2,organization,Common Ground,0.736,ocr:lowconf,data/fy09/transparency-resolutions/review-crops/r01-p013-row02-organization.png
1,13,3,amount,"$257,211.75",0.983,ocr:amt,data/fy09/transparency-resolutions/review-crops/r01-p013-row03-amount.png
1,13,4,amount,"$257,211.75",0.998,ocr:amt,data/fy09/transparency-resolutions/review-crops/r01-p013-row04-amount.png
1,14,0,organization,Center for Alternative Sentencing and Employment Services (CASES),0.674,ocr:lowconf,data/fy09/transparency-resolutions/review-crops/r01-p014-row00-organization.png
1,14,1,organization,Center for Community Alternatives' Crossroads Program,0.515,ocr:lowconf,data/fy09/transparency-resolutions/review-crops/r01-p014-row01-organization.png
1,14,2,organization,Center for Employment Opportunities (CEO),0.58,ocr:lowconf,data/fy09/transparency-resolutions/review-crops/r01-p014-row02-organization.png
1,14,3,ein,23-7175609,0.594,ocr:lowconf,data/fy09/transparency-resolutions/review-crops/r01-p014-row03-ein.png
1,14,4,organization,EAC Treatment Alternatives for Safer Communities (TASC),0.662,ocr:lowconf,data/fy09/transparency-resolutions/review-crops/r01-p014-row04-organization.png
1,14,4,ein,23-7175609,0.285,ocr:lowconf,data/fy09/transparency-resolutions/review-crops/r01-p014-row04-ein.png
1,14,4,amount,"$1,338,472.00",0.539,ocr:lowconf,data/fy09/transparency-resolutions/review-crops/r01-p014-row04-amount.png
1,14,7,organization,Osborne Association,0.689,ocr:lowconf,data/fy09/transparency-resolutions/review-crops/r01-p014-row07-organization.png
1,14,7,ein,13-5563028,0.428,ocr:lowconf,data/fy09/transparency-resolutions/review-crops/r01-p014-row07-ein.png
1,15,0,agency,MISC,0.78,ocr:lowconf,data/fy09/transparency-resolutions/review-crops/r01-p015-row00-agency.png
1,15,0,agy_num,098,0.524,ocr:lowconf,data/fy09/transparency-resolutions/review-crops/r01-p015-row00-agy_num.png
1,15,1,organization,Kingsbridge Heights Community Center (Bronx),0.738,ocr:lowconf,data/fy09/transparency-resolutions/review-crops/r01-p015-row01-organization.png
1,15,2,organization,St. Luke's-Roosevelt Crime Victims Treatment Center (Manhattan),0.573,ocr:lowconf,data/fy09/transparency-resolutions/review-crops/r01-p015-row02-organization.png
1,15,2,ein,13-2997301,0.755,ocr:lowconf,data/fy09/transparency-resolutions/review-crops/r01-p015-row02-ein.png
1,15,3,organization,Mt. Sinai Sexual Assault & Violence Intervention Program (Queens),0.656,ocr:lowconf,data/fy09/transparency-resolutions/review-crops/r01-p015-row03-organization.png
1,16,0,organization,Church Avenue Merchants Block Association (CAMBA),0.573,ocr:lowconf,data/fy09/transparency-resolutions/review-crops/r01-p016-row00-organization.png
1,16,2,ein,13-2972415,0.469,ocr:lowconf,data/fy09/transparency-resolutions/review-crops/r01-p016-row02-ein.png
1,17,0,amount,"$246,972.29",1.0,ocr:amt,data/fy09/transparency-resolutions/review-crops/r01-p017-row00-amount.png
1,17,0,organization,Bronx Jewish Community Council Extended Svcs.,0.531,ocr:lowconf,data/fy09/transparency-resolutions/review-crops/r01-p017-row00-organization.png
1,17,1,amount,"$154,633.85",0.997,ocr:amt,data/fy09/transparency-resolutions/review-crops/r01-p017-row01-amount.png
1,17,1,ein,13-2755323,0.572,ocr:lowconf,data/fy09/transparency-resolutions/review-crops/r01-p017-row01-ein.png
1,17,2,amount,"$140,036.59",1.0,ocr:amt,data/fy09/transparency-resolutions/review-crops/r01-p017-row02-amount.png
1,17,3,amount,"$144,117.98",0.68,ocr:amt,data/fy09/transparency-resolutions/review-crops/r01-p017-row03-amount.png
1,17,3,amount,"$144,117.98",0.68,ocr:lowconf,data/fy09/transparency-resolutions/review-crops/r01-p017-row03-amount.png
1,17,4,amount,"$137,378.50",0.86,ocr:amt,data/fy09/transparency-resolutions/review-crops/r01-p017-row04-amount.png
1,17,5,amount,"$212,729.88",0.95,ocr:amt,data/fy09/transparency-resolutions/review-crops/r01-p017-row05-amount.png
1,17,6,amount,"$83,527.64",0.996,ocr:amt,data/fy09/transparency-resolutions/review-crops/r01-p017-row06-amount.png
1,17,7,amount,"$380,603.27",1.0,ocr:amt,data/fy09/transparency-resolutions/review-crops/r01-p017-row07-amount.png
1,18,0,organization,Bronx Jewish Community Council (Pelham Parkway),0.578,ocr:lowconf,data/fy09/transparency-resolutions/review-crops/r01-p018-row00-organization.png
1,18,0,ein,13-2744533,0.507,ocr:lowconf,data/fy09/transparency-resolutions/review-crops/r01-p018-row00-ein.png
1,18,1,ein,13-3254484,0.545,ocr:lowconf,data/fy09/transparency-resolutions/review-crops/r01-p018-row01-ein.png
1,18,2,organization,Morrison Lafayette/Boynton Lafayette,0.537,ocr:lowconf,data/fy09/transparency-resolutions/review-crops/r01-p018-row02-organization.png
1,18,3,organization,South Brooklyn Youth Consortium,0.577,ocr:lowconf,data/fy09/transparency-resolutions/review-crops/r01-p018-row03-organization.png
1,18,4,organization,Spring Creek Senior Partners,0.785,ocr:lowconf,data/fy09/transparency-resolutions/review-crops/r01-p018-row04-organization.png
1,18,6,organization,SAGE,0.779,ocr:lowconf,data/fy09/transparency-resolutions/review-crops/r01-p018-row06-organization.png
1,19,2,ein,54-2177390,0.541,ocr:lowconf,data/fy09/transparency-resolutions/review-crops/r01-p019-row02-ein.png
1,19,5,organization,SCO Family of Services (apartment),0.754,ocr:lowconf,data/fy09/transparency-resolutions/review-crops/r01-p019-row05-organization.png
1,19,6,organization,Girls Educational and Mentoring Services (GEMS),0.637,ocr:lowconf,data/fy09/transparency-resolutions/review-crops/r01-p019-row06-organization.png
1,20,0,ein,13-3187792,0.793,ocr:lowconf,data/fy09/transparency-resolutions/review-crops/r01-p020-row00-ein.png
1,20,2,ein,11-2480339,0.549,ocr:lowconf,data/fy09/transparency-resolutions/review-crops/r01-p020-row02-ein.png
1,20,4,organization,Rockaway Development and Revitalization Corp.,0.514,ocr:lowconf,data/fy09/transparency-resolutions/review-crops/r01-p020-row04-organization.png
1,21,0,amount,"$82,424. 45",0.804,ocr:amt,data/fy09/transparency-resolutions/review-crops/r01-p021-row00-amount.png
1,21,0,agency,DOHMHI,0.785,ocr:agency,data/fy09/transparency-resolutions/review-crops/r01-p021-row00-agency.png
1,21,0,ein,13-4009817,0.534,ocr:lowconf,data/fy09/transparency-resolutions/review-crops/r01-p021-row00-ein.png
1,21,0,agency,DOHMHI,0.785,ocr:lowconf,data/fy09/transparency-resolutions/review-crops/r01-p021-row00-agency.png
1,21,1,amount,"$82,424. 45",0.714,ocr:amt,data/fy09/transparency-resolutions/review-crops/r01-p021-row01-amount.png
1,21,1,organization,New York Harm Reduction Educators,0.797,ocr:lowconf,data/fy09/transparency-resolutions/review-crops/r01-p021-row01-organization.png
1,21,1,ein,13-3678499,0.488,ocr:lowconf,data/fy09/transparency-resolutions/review-crops/r01-p021-row01-ein.png
1,21,1,amount,"$82,424. 45",0.714,ocr:lowconf,data/fy09/transparency-resolutions/review-crops/r01-p021-row01-amount.png
1,21,2,amount,"$82,424. 45",0.801,ocr:amt,data/fy09/transparency-resolutions/review-crops/r01-p021-row02-amount.png
1,21,3,amount,"$100,676. 85",0.994,ocr:amt,data/fy09/transparency-resolutions/review-crops/r01-p021-row03-amount.png
1,21,4,amount,"$80,716.41",0.993,ocr:amt,data/fy09/transparency-resolutions/review-crops/r01-p021-row04-amount.png
1,21,4,ein,13-3387630,0.502,ocr:lowconf,data/fy09/transparency-resolutions/review-crops/r01-p021-row04-ein.png
1,21,5,amount,"$20,000.43",0.99,ocr:amt,data/fy09/transparency-resolutions/review-crops/r01-p021-row05-amount.png
1,21,6,amount,"$51,675.78",0.991,ocr:amt,data/fy09/transparency-resolutions/review-crops/r01-p021-row06-amount.png
1,21,7,amount,"$116,717.19",0.986,ocr:amt,data/fy09/transparency-resolutions/review-crops/r01-p021-row07-amount.png
1,21,7,organization,NYC AIDS Housing Network / VOCAL,0.75,ocr:lowconf,data/fy09/transparency-resolutions/review-crops/r01-p021-row07-organization.png
1,21,8,amount,"$58,275.93",0.997,ocr:amt,data/fy09/transparency-resolutions/review-crops/r01-p021-row08-amount.png
1,21,9,amount,"$80,716.41",0.992,ocr:amt,data/fy09/transparency-resolutions/review-crops/r01-p021-row09-amount.png
1,21,10,amount,"$80,716.41",0.982,ocr:amt,data/fy09/transparency-resolutions/review-crops/r01-p021-row10-amount.png
1,21,11,amount,"$58,275.93",0.969,ocr:amt,data/fy09/transparency-resolutions/review-crops/r01-p021-row11-amount.png
1,21,11,organization,Praxis Housing Initiatives,0.754,ocr:lowconf,data/fy09/transparency-resolutions/review-crops/r01-p021-row11-organization.png
1,21,11,agency,DOHMH,0.598,ocr:lowconf,data/fy09/transparency-resolutions/review-crops/r01-p021-row11-agency.png
1,21,12,amount,"$100,676.85",0.999,ocr:amt,data/fy09/transparency-resolutions/review-crops/r01-p021-row12-amount.png
1,21,12,agency,DOHMH,0.728,ocr:lowconf,data/fy09/transparency-resolutions/review-crops/r01-p021-row12-agency.png
1,21,13,amount,"$80,716.41",0.996,ocr:amt,data/fy09/transparency-resolutions/review-crops/r01-p021-row13-amount.png
1,21,13,agency,DOHMH,0.574,ocr:lowconf,data/fy09/transparency-resolutions/review-crops/r01-p021-row13-agency.png
1,21,14,amount,"$20,000.43",0.997,ocr:amt,data/fy09/transparency-resolutions/review-crops/r01-p021-row14-amount.png
1,21,14,organization,Queens Hospital Center,0.517,ocr:lowconf,data/fy09/transparency-resolutions/review-crops/r01-p021-row14-organization.png
1,21,15,amount,"$80,716.41",0.995,ocr:amt,data/fy09/transparency-resolutions/review-crops/r01-p021-row15-amount.png
1,21,15,organization,AIDS Center of Queens County,0.545,ocr:lowconf,data/fy09/transparency-resolutions/review-crops/r01-p021-row15-organization.png
1,21,16,amount,"$80,716.41",0.977,ocr:amt,data/fy09/transparency-resolutions/review-crops/r01-p021-row16-amount.png
1,21,16,organization,Community Health Action of Staten Island,0.532,ocr:lowconf,data/fy09/transparency-resolutions/review-crops/r01-p021-row16-organization.png
1,21,17,amount,"$137,477.64",0.877,ocr:amt,data/fy09/transparency-resolutions/review-crops/r01-p021-row17-amount.png
1,21,17,organization,Harm Reduction Coalition,0.595,ocr:lowconf,data/fy09/transparency-resolutions/review-crops/r01-p021-row17-organization.png
1,21,18,amount,"$104,651.16",0.998,ocr:amt,data/fy09/transparency-resolutions/review-crops/r01-p021-row18-amount.png
1,21,18,organization,Public Health Solutions Admin 7. 5%,0.505,ocr:lowconf,data/fy09/transparency-resolutions/review-crops/r01-p021-row18-organization.png
1,21,18,agency,DOHMH,0.641,ocr:lowconf,data/fy09/transparency-resolutions/review-crops/r01-p021-row18-agency.png
1,22,1,amount,"$115,000.00",0.566,ocr:lowconf,data/fy09/transparency-resolutions/review-crops/r01-p022-row01-amount.png
1,22,2,organization,"Charles B. Wang Community Health Center, Inc.",0.622,ocr:lowconf,data/fy09/transparency-resolutions/review-crops/r01-p022-row02-organization.png
1,23,0,agency,DOHMH,0.787,ocr:lowconf,data/fy09/transparency-resolutions/review-crops/r01-p023-row00-agency.png
1,23,1,organization,Southeast Queens Clergy for Community Empowerment,0.549,ocr:lowconf,data/fy09/transparency-resolutions/review-crops/r01-p023-row01-organization.png
1,23,1,agency,DOHMH,0.648,ocr:lowconf,data/fy09/transparency-resolutions/review-crops/r01-p023-row01-agency.png
1,23,2,organization,Hope Garden Multi-Service Center AKA Ridgewood,0.541,ocr:lowconf,data/fy09/transparency-resolutions/review-crops/r01-p023-row02-organization.png
1,23,2,star,*,0.754,ocr:lowconf,data/fy09/transparency-resolutions/review-crops/r01-p023-row02-star.png
1,23,3,organization,DOHMH RFP,0.606,ocr:lowconf,data/fy09/transparency-resolutions/review-crops/r01-p023-row03-organization.png
1,23,3,amount,"$389,000.00",0.523,ocr:lowconf,data/fy09/transparency-resolutions/review-crops/r01-p023-row03-amount.png
1,24,0,amount,"$119,591.65",0.999,ocr:amt,data/fy09/transparency-resolutions/review-crops/r01-p024-row00-amount.png
1,24,0,agency,DOHMH,0.677,ocr:lowconf,data/fy09/transparency-resolutions/review-crops/r01-p024-row00-agency.png
1,24,1,amount,"$160,961.15",1.0,ocr:amt,data/fy09/transparency-resolutions/review-crops/r01-p024-row01-amount.png
1,24,2,amount,"$162,913.66",1.0,ocr:amt,data/fy09/transparency-resolutions/review-crops/r01-p024-row02-amount.png
1,24,3,amount,"$160,961.15",1.0,ocr:amt,data/fy09/transparency-resolutions/review-crops/r01-p024-row03-amount.png
1,24,3,ein,13-4156022,0.69,ocr:lowconf,data/fy09/transparency-resolutions/review-crops/r01-p024-row03-ein.png
1,24,4,amount,"$170,725.66",0.997,ocr:amt,data/fy09/transparency-resolutions/review-crops/r01-p024-row04-amount.png
1,24,5,amount,"$160,961.15",0.999,ocr:amt,data/fy09/transparency-resolutions/review-crops/r01-p024-row05-amount.png
1,24,6,amount,"$26,101.13",0.894,ocr:amt,data/fy09/transparency-resolutions/review-crops/r01-p024-row06-amount.png
1,24,6,agency,DOHMH,0.653,ocr:lowconf,data/fy09/transparency-resolutions/review-crops/r01-p024-row06-agency.png
1,24,7,amount,"$26,101.13",0.977,ocr:amt,data/fy09/transparency-resolutions/review-crops/r01-p024-row07-amount.png
1,24,8,amount,"$29,358.57",0.762,ocr:amt,data/fy09/transparency-resolutions/review-crops/r01-p024-row08-amount.png
1,24,8,amount,"$29,358.57",0.762,ocr:lowconf,data/fy09/transparency-resolutions/review-crops/r01-p024-row08-amount.png
1,24,9,amount,"$26,101.13",0.965,ocr:amt,data/fy09/transparency-resolutions/review-crops/r01-p024-row09-amount.png
1,24,9,agency,DOHMH,0.745,ocr:lowconf,data/fy09/transparency-resolutions/review-crops/r01-p024-row09-agency.png
1,24,10,amount,"$29,358.57",0.969,ocr:amt,data/fy09/transparency-resolutions/review-crops/r01-p024-row10-amount.png
1,24,11,amount,"$19,586.25",1.0,ocr:amt,data/fy09/transparency-resolutions/review-crops/r01-p024-row11-amount.png
1,24,12,amount,"$26,101.13",0.986,ocr:amt,data/fy09/transparency-resolutions/review-crops/r01-p024-row12-amount.png
1,24,13,amount,"$16,328.81",0.997,ocr:amt,data/fy09/transparency-resolutions/review-crops/r01-p024-row13-amount.png
1,24,14,amount,"$25,794. 94",1.0,ocr:amt,data/fy09/transparency-resolutions/review-crops/r01-p024-row14-amount.png
1,24,14,ua,113,0.557,ocr:lowconf,data/fy09/transparency-resolutions/review-crops/r01-p024-row14-ua.png
1,24,15,amount,"$26,101.13",0.999,ocr:amt,data/fy09/transparency-resolutions/review-crops/r01-p024-row15-amount.png
1,24,16,amount,"$25,794. 94",0.906,ocr:amt,data/fy09/transparency-resolutions/review-crops/r01-p024-row16-amount.png
1,24,17,amount,"$25,794.94",0.937,ocr:amt,data/fy09/transparency-resolutions/review-crops/r01-p024-row17-amount.png
1,24,17,agency,DOHMH,0.692,ocr:lowconf,data/fy09/transparency-resolutions/review-crops/r01-p024-row17-agency.png
1,24,18,amount,"$26,101.13",1.0,ocr:amt,data/fy09/transparency-resolutions/review-crops/r01-p024-row18-amount.png
1,24,19,amount,"$19,586.25",0.548,ocr:amt,data/fy09/transparency-resolutions/review-crops/r01-p024-row19-amount.png
1,24,19,agency,DOHMH,0.682,ocr:lowconf,data/fy09/transparency-resolutions/review-crops/r01-p024-row19-agency.png
1,24,19,amount,"$19,586.25",0.548,ocr:lowconf,data/fy09/transparency-resolutions/review-crops/r01-p024-row19-amount.png
1,24,20,amount,"$19,586.25",0.875,ocr:amt,data/fy09/transparency-resolutions/review-crops/r01-p024-row20-amount.png
1,24,21,amount,"$26,101.13",1.0,ocr:amt,data/fy09/transparency-resolutions/review-crops/r01-p024-row21-amount.png
1,24,21,organization,Southeast Queens Clergy for Community Empowerment,0.634,ocr:lowconf,data/fy09/transparency-resolutions/review-crops/r01-p024-row21-organization.png
1,24,22,amount,"$26,101.13",0.893,ocr:amt,data/fy09/transparency-resolutions/review-crops/r01-p024-row22-amount.png
1,24,23,amount,"$19,586.25",0.994,ocr:amt,data/fy09/transparency-resolutions/review-crops/r01-p024-row23-amount.png
1,24,23,ein,11-2423857,0.781,ocr:lowconf,data/fy09/transparency-resolutions/review-crops/r01-p024-row23-ein.png
1,24,24,amount,"$26,101.13",0.982,ocr:amt,data/fy09/transparency-resolutions/review-crops/r01-p024-row24-amount.png
1,24,24,organization,Joseph P. Addabbo Family Health Center,0.625,ocr:lowconf,data/fy09/transparency-resolutions/review-crops/r01-p024-row24-organization.png
1,24,25,amount,"$26,101.13",0.992,ocr:amt,data/fy09/transparency-resolutions/review-crops/r01-p024-row25-amount.png
1,24,25,organization,"Northern Queens Health Coalition, Inc.",0.71,ocr:lowconf,data/fy09/transparency-resolutions/review-crops/r01-p024-row25-organization.png
1,24,26,amount,"$26,101.13",0.997,ocr:amt,data/fy09/transparency-resolutions/review-crops/r01-p024-row26-amount.png
1,24,26,organization,Visiting Nurse Service (VNS)/Early Steps Family Center,0.632,ocr:lowconf,data/fy09/transparency-resolutions/review-crops/r01-p024-row26-organization.png
1,24,26,agy_num,816,0.698,ocr:lowconf,data/fy09/transparency-resolutions/review-crops/r01-p024-row26-agy_num.png
1,24,27,amount,"$23,495.18",0.999,ocr:amt,data/fy09/transparency-resolutions/review-crops/r01-p024-row27-amount.png
1,24,28,amount,"$23,495.18",1.0,ocr:amt,data/fy09/transparency-resolutions/review-crops/r01-p024-row28-amount.png
1,24,29,amount,"$23,495.18",0.993,ocr:amt,data/fy09/transparency-resolutions/review-crops/r01-p024-row29-amount.png
1,24,29,organization,Morris Heights Health Center,0.742,ocr:lowconf,data/fy09/transparency-resolutions/review-crops/r01-p024-row29-organization.png
1,24,30,amount,"$23,495.18",0.731,ocr:amt,data/fy09/transparency-resolutions/review-crops/r01-p024-row30-amount.png
1,24,30,organization,African Services Committee,0.638,ocr:lowconf,data/fy09/transparency-resolutions/review-crops/r01-p024-row30-organization.png
1,24,30,ein,13-3749744,0.701,ocr:lowconf,data/fy09/transparency-resolutions/review-crops/r01-p024-row30-ein.png
1,24,30,amount,"$23,495.18",0.731,ocr:lowconf,data/fy09/transparency-resolutions/review-crops/r01-p024-row30-amount.png
1,24,31,amount,"$23,495.18",0.966,ocr:amt,data/fy09/transparency-resolutions/review-crops/r01-p024-row31-amount.png
1,24,31,organization,Citizen Advice Bureau,0.669,ocr:lowconf,data/fy09/transparency-resolutions/review-crops/r01-p024-row31-organization.png
1,24,32,amount,"$23,495.18",0.867,ocr:amt,data/fy09/transparency-resolutions/review-crops/r01-p024-row32-amount.png
1,24,33,amount,"$23,495.18",1.0,ocr:amt,data/fy09/transparency-resolutions/review-crops/r01-p024-row33-amount.png
1,25,0,amount,"$23,495.18",0.996,ocr:amt,data/fy09/transparency-resolutions/review-crops/r01-p025-row00-amount.png
1,25,0,organization,St Barnabas Hospital,0.729,ocr:lowconf,data/fy09/transparency-resolutions/review-crops/r01-p025-row00-organization.png
1,25,1,amount,"$23,495.18",0.999,ocr:amt,data/fy09/transparency-resolutions/review-crops/r01-p025-row01-amount.png
1,25,1,agency,DOHMH,0.791,ocr:lowconf,data/fy09/transparency-resolutions/review-crops/r01-p025-row01-agency.png
1,25,2,amount,"$19,586.25",0.995,ocr:amt,data/fy09/transparency-resolutions/review-crops/r01-p025-row02-amount.png
1,25,2,organization,Healthy Families of Staten Island,0.759,ocr:lowconf,data/fy09/transparency-resolutions/review-crops/r01-p025-row02-organization.png
1,25,3,amount,"$358,360.13",0.998,ocr:amt,data/fy09/transparency-resolutions/review-crops/r01-p025-row03-amount.png
1,25,3,agency,DOHMH,0.554,ocr:lowconf,data/fy09/transparency-resolutions/review-crops/r01-p025-row03-agency.png
1,25,4,amount,"$234,577.37",0.989,ocr:amt,data/fy09/transparency-resolutions/review-crops/r01-p025-row04-amount.png
1,25,5,amount,"$169,428.54",0.756,ocr:amt,data/fy09/transparency-resolutions/review-crops/r01-p025-row05-amount.png
1,25,5,organization,Mount Sinai (Manhattan) - Bayard Rustin SBHC,0.728,ocr:lowconf,data/fy09/transparency-resolutions/review-crops/r01-p025-row05-organization.png
1,25,5,ein,13-1624096,0.638,ocr:lowconf,data/fy09/transparency-resolutions/review-crops/r01-p025-row05-ein.png
1,25,5,amount,"$169,428.54",0.756,ocr:lowconf,data/fy09/transparency-resolutions/review-crops/r01-p025-row05-amount.png
1,25,6,amount,"$32,616.02",0.991,ocr:amt,data/fy09/transparency-resolutions/review-crops/r01-p025-row06-amount.png
1,25,7,amount,"$162,913.66",0.963,ocr:amt,data/fy09/transparency-resolutions/review-crops/r01-p025-row07-amount.png
1,25,7,organization,Cicatelli Associates,0.791,ocr:lowconf,data/fy09/transparency-resolutions/review-crops/r01-p025-row07-organization.png
1,25,8,amount,"$42,388. .34",0.995,ocr:amt,data/fy09/transparency-resolutions/review-crops/r01-p025-row08-amount.png
1,25,9,amount,"$7,533.72",0.928,ocr:amt,data/fy09/transparency-resolutions/review-crops/r01-p025-row09-amount.png
1,25,10,amount,"$853,136.68",0.966,ocr:amt,data/fy09/transparency-resolutions/review-crops/r01-p025-row10-amount.png
1,25,10,organization,"DOHMH Infant, Maternal and Reproductive Health Programs",0.628,ocr:lowconf,data/fy09/transparency-resolutions/review-crops/r01-p025-row10-organization.png
1,26,0,organization,The Foundation for the Advancement of Cardiac Therapies-Health Corp.,0.597,ocr:lowconf,data/fy09/transparency-resolutions/review-crops/r01-p026-row00-organization.png
1,26,0,ein,26-1269358,0.65,ocr:lowconf,data/fy09/transparency-resolutions/review-crops/r01-p026-row00-ein.png
1,26,0,amount,"$960,000.00)",0.563,ocr:lowconf,data/fy09/transparency-resolutions/review-crops/r01-p026-row00-amount.png
1,26,1,organization,Community Health Care Association of New York State,0.588,ocr:lowconf,data/fy09/transparency-resolutions/review-crops/r01-p026-row01-organization.png
1,26,2,amount,"$1,102,000.00",0.508,ocr:lowconf,data/fy09/transparency-resolutions/review-crops/r01-p026-row02-amount.png
1,26,3,organization,Sports & Arts in Schools Foundation (Aviator Program),0.519,ocr:lowconf,data/fy09/transparency-resolutions/review-crops/r01-p026-row03-organization.png
1,26,4,organization,"Cooperative, Health, Active, Motivated, Positive, Students (CHAMPS)",0.674,ocr:lowconf,data/fy09/transparency-resolutions/review-crops/r01-p026-row04-organization.png
1,26,4,amount,"$152,000.00",0.716,ocr:lowconf,data/fy09/transparency-resolutions/review-crops/r01-p026-row04-amount.png
1,26,6,organization,New York Road Runners Foundation,0.726,ocr:lowconf,data/fy09/transparency-resolutions/review-crops/r01-p026-row06-organization.png
1,26,6,amount,"$300,000.00",0.704,ocr:lowconf,data/fy09/transparency-resolutions/review-crops/r01-p026-row06-amount.png
1,26,6,agy_num,816,0.712,ocr:lowconf,data/fy09/transparency-resolutions/review-crops/r01-p026-row06-agy_num.png
1,27,0,organization,"Quality Services for the Autism Community, Inc.",0.679,ocr:lowconf,data/fy09/transparency-resolutions/review-crops/r01-p027-row00-organization.png
1,27,0,ein,11-2482974,0.685,ocr:lowconf,data/fy09/transparency-resolutions/review-crops/r01-p027-row00-ein.png
1,27,0,agency,DOHMH,0.769,ocr:lowconf,data/fy09/transparency-resolutions/review-crops/r01-p027-row00-agency.png
1,27,2,agency,DOHMH,0.769,ocr:lowconf,data/fy09/transparency-resolutions/review-crops/r01-p027-row02-agency.png
1,27,7,ein,13-5600422,0.735,ocr:lowconf,data/fy09/transparency-resolutions/review-crops/r01-p027-row07-ein.png
1,27,10,organization,"Lifespire, INC",0.589,ocr:lowconf,data/fy09/transparency-resolutions/review-crops/r01-p027-row10-organization.png
1,27,12,agency,DOHMH,0.502,ocr:lowconf,data/fy09/transparency-resolutions/review-crops/r01-p027-row12-agency.png
1,27,12,amount,"$50,000.00",0.779,ocr:lowconf,data/fy09/transparency-resolutions/review-crops/r01-p027-row12-amount.png
1,27,13,organization,Grace Foundation,0.511,ocr:lowconf,data/fy09/transparency-resolutions/review-crops/r01-p027-row13-organization.png
1,27,14,organization,Jewish Board of Family and Children/The Shield Institute,0.538,ocr:lowconf,data/fy09/transparency-resolutions/review-crops/r01-p027-row14-organization.png
1,27,15,organization,Moshulu-Montifiore Community Center,0.663,ocr:lowconf,data/fy09/transparency-resolutions/review-crops/r01-p027-row15-organization.png
1,27,17,agency,DOHMH,0.781,ocr:lowconf,data/fy09/transparency-resolutions/review-crops/r01-p027-row17-agency.png
1,27,18,organization,Imagine Academy for Autism,0.621,ocr:lowconf,data/fy09/transparency-resolutions/review-crops/r01-p027-row18-organization.png
1,27,19,agency,DOHMH,0.629,ocr:lowconf,data/fy09/transparency-resolutions/review-crops/r01-p027-row19-agency.png
1,27,20,organization,Jewish Community Council in Manhattan,0.764,ocr:lowconf,data/fy09/transparency-resolutions/review-crops/r01-p027-row20-organization.png
1,27,21,ein,13-1624000,0.631,ocr:lowconf,data/fy09/transparency-resolutions/review-crops/r01-p027-row21-ein.png
1,28,0,organization,Child Center of New York-Youth/Families,0.417,ocr:lowconf,data/fy09/transparency-resolutions/review-crops/r01-p028-row00-organization.png
1,28,0,agy_num,816,0.789,ocr:lowconf,data/fy09/transparency-resolutions/review-crops/r01-p028-row00-agy_num.png
1,28,1,organization,Child Center of New York-lImmigrant/Outpatient,0.729,ocr:lowconf,data/fy09/transparency-resolutions/review-crops/r01-p028-row01-organization.png
1,28,2,organization,St. Lukes Roosevelt,0.611,ocr:lowconf,data/fy09/transparency-resolutions/review-crops/r01-p028-row02-organization.png
1,28,4,organization,Long Island Jewish Hospital/ Far Rockaway,0.567,ocr:lowconf,data/fy09/transparency-resolutions/review-crops/r01-p028-row04-organization.png
1,28,5,amount,"$65,000.00",0.506,ocr:lowconf,data/fy09/transparency-resolutions/review-crops/r01-p028-row05-amount.png
2,7,1,organization,Alliance for Community Services,0.78,ocr:lowconf,data/fy09/transparency-resolutions/review-crops/r02-p007-row01-organization.png
2,7,2,organization,American Museum of Natural History,0.736,ocr:lowconf,data/fy09/transparency-resolutions/review-crops/r02-p007-row02-organization.png
2,7,2,ua,006,0.618,ocr:lowconf,data/fy09/transparency-resolutions/review-crops/r02-p007-row02-ua.png
2,7,3,organization,"Davidson Community Center, Inc",0.661,ocr:lowconf,data/fy09/transparency-resolutions/review-crops/r02-p007-row03-organization.png
2,7,5,agency,DOE,0.51,ocr:lowconf,data/fy09/transparency-resolutions/review-crops/r02-p007-row05-agency.png
2,7,8,organization,City College of New York Center for the Study of Harlem,0.536,ocr:lowconf,data/fy09/transparency-resolutions/review-crops/r02-p007-row08-organization.png
2,7,9,organization,Harlem Mother's SAVE,0.795,ocr:lowconf,data/fy09/transparency-resolutions/review-crops/r02-p007-row09-organization.png
2,7,9,conduit_org,Harlem Arts Alliance,0.59,ocr:lowconf,data/fy09/transparency-resolutions/review-crops/r02-p007-row09-conduit_org.png
2,7,11,ein,13-3853627,0.728,ocr:lowconf,data/fy09/transparency-resolutions/review-crops/r02-p007-row11-ein.png
2,7,12,organization,Queens Community Board #3,0.694,ocr:lowconf,data/fy09/transparency-resolutions/review-crops/r02-p007-row12-organization.png
2,7,12,amount,"($5,000.00)",0.774,ocr:lowconf,data/fy09/transparency-resolutions/review-crops/r02-p007-row12-amount.png
2,7,13,organization,Queens Community Board #6,0.646,ocr:lowconf,data/fy09/transparency-resolutions/review-crops/r02-p007-row13-organization.png
2,7,14,organization,Bergen Basin Community Development Corporation d/bla Miliennium Development,0.654,ocr:lowconf,data/fy09/transparency-resolutions/review-crops/r02-p007-row14-organization.png
2,7,16,organization,"Council of Jewish Organizations of Flatbush, Inc.",0.625,ocr:lowconf,data/fy09/transparency-resolutions/review-crops/r02-p007-row16-organization.png
2,7,17,organization,"Council of Jewish Organizations of Flatbush, Inc.",0.779,ocr:lowconf,data/fy09/transparency-resolutions/review-crops/r02-p007-row17-organization.png
2,7,18,organization,"Town Square, Inc.",0.65,ocr:lowconf,data/fy09/transparency-resolutions/review-crops/r02-p007-row18-organization.png
2,10,1,agency,MISC,0.747,ocr:lowconf,data/fy09/transparency-resolutions/review-crops/r02-p010-row01-agency.png
2,10,2,amount,"$18,750!",0.821,ocr:amt,data/fy09/transparency-resolutions/review-crops/r02-p010-row02-amount.png
2,10,2,ein,11-3302911,0.787,ocr:lowconf,data/fy09/transparency-resolutions/review-crops/r02-p010-row02-ein.png
2,10,3,organization,Battered Women's Resource Center,0.697,ocr:lowconf,data/fy09/transparency-resolutions/review-crops/r02-p010-row03-organization.png
2,10,5,organization,Bedford Stuyvesant Family Health Center,0.677,ocr:lowconf,data/fy09/transparency-resolutions/review-crops/r02-p010-row05-organization.png
2,10,7,organization,Church Avenue Merchants Block Association (CAMBA),0.651,ocr:lowconf,data/fy09/transparency-resolutions/review-crops/r02-p010-row07-organization.png
2,10,7,ein,11-2480339,0.73,ocr:lowconf,data/fy09/transparency-resolutions/review-crops/r02-p010-row07-ein.png
2,10,8,organization,"Citizens Against Recidivism, Inc.",0.524,ocr:lowconf,data/fy09/transparency-resolutions/review-crops/r02-p010-row08-organization.png
2,10,13,organization,Domestic Violence Project oft the Urban Justice Center,0.63,ocr:lowconf,data/fy09/transparency-resolutions/review-crops/r02-p010-row13-organization.png
2,10,13,agency,MISC,0.628,ocr:lowconf,data/fy09/transparency-resolutions/review-crops/r02-p010-row13-agency.png
2,10,15,organization,Dominican Women's Development Center,0.751,ocr:lowconf,data/fy09/transparency-resolutions/review-crops/r02-p010-row15-organization.png
2,10,18,amount,"$26,250!",0.647,ocr:amt,data/fy09/transparency-resolutions/review-crops/r02-p010-row18-amount.png
2,10,18,organization,EI Centro de Hospitalidad,0.533,ocr:lowconf,data/fy09/transparency-resolutions/review-crops/r02-p010-row18-organization.png
2,10,18,ein,13-3234441,0.671,ocr:lowconf,data/fy09/transparency-resolutions/review-crops/r02-p010-row18-ein.png
2,10,18,agency,MISC,0.673,ocr:lowconf,data/fy09/transparency-resolutions/review-crops/r02-p010-row18-agency.png
2,10,18,amount,"$26,250!",0.647,ocr:lowconf,data/fy09/transparency-resolutions/review-crops/r02-p010-row18-amount.png
2,10,19,organization,"Family Renaissance, Inc.",0.575,ocr:lowconf,data/fy09/transparency-resolutions/review-crops/r02-p010-row19-organization.png
2,10,19,ein,11-2777066,0.526,ocr:lowconf,data/fy09/transparency-resolutions/review-crops/r02-p010-row19-ein.png
2,10,23,ein,13-1562242,0.696,ocr:lowconf,data/fy09/transparency-resolutions/review-crops/r02-p010-row23-ein.png
2,10,24,organization,Housing Conservation Coordinators,0.672,ocr:lowconf,data/fy09/transparency-resolutions/review-crops/r02-p010-row24-organization.png
2,10,28,agy_num,098,0.775,ocr:lowconf,data/fy09/transparency-resolutions/review-crops/r02-p010-row28-agy_num.png
2,10,30,organization,Legal Services/Harlem Legal Services for NYC,0.779,ocr:lowconf,data/fy09/transparency-resolutions/review-crops/r02-p010-row30-organization.png
2,10,30,ua,002,0.764,ocr:lowconf,data/fy09/transparency-resolutions/review-crops/r02-p010-row30-ua.png
2,10,32,ein,13-2738818,0.782,ocr:lowconf,data/fy09/transparency-resolutions/review-crops/r02-p010-row32-ein.png
2,10,33,organization,"Metropolitan New York Coordinating Council on Jewish Poverty, Inc.",0.581,ocr:lowconf,data/fy09/transparency-resolutions/review-crops/r02-p010-row33-organization.png
2,10,35,organization,"National Council of Negro Women of Greater New York, Inc.",0.785,ocr:lowconf,data/fy09/transparency-resolutions/review-crops/r02-p010-row35-organization.png
2,10,36,amount,$75.000,0.578,ocr:amt,data/fy09/transparency-resolutions/review-crops/r02-p010-row36-amount.png
2,10,36,organization,North Brooklyn Coalition Against Family Violence,0.535,ocr:lowconf,data/fy09/transparency-resolutions/review-crops/r02-p010-row36-organization.png
2,10,36,amount,$75.000,0.578,ocr:lowconf,data/fy09/transparency-resolutions/review-crops/r02-p010-row36-amount.png
2,10,37,organization,Northern Manhattan Improvement Corporation,0.763,ocr:lowconf,data/fy09/transparency-resolutions/review-crops/r02-p010-row37-organization.png
2,10,41,organization,"Regional Aid for Interim Needs, Inc.",0.64,ocr:lowconf,data/fy09/transparency-resolutions/review-crops/r02-p010-row41-organization.png
2,11,7,member,Mealy,0.626,ocr:lowconf,data/fy09/transparency-resolutions/review-crops/r02-p011-row07-member.png
2,11,8,member,Comrie,0.706,ocr:lowconf,data/fy09/transparency-resolutions/review-crops/r02-p011-row08-member.png
2,11,9,ein,11-1711002,0.772,ocr:lowconf,data/fy09/transparency-resolutions/review-crops/r02-p011-row09-ein.png
2,11,10,ein,,1.0,ocr:ein,data/fy09/transparency-resolutions/review-crops/r02-p011-row10-ein.png
2,11,12,member,"Lappin, Koppell/Citywid e",0.552,ocr:member,data/fy09/transparency-resolutions/review-crops/r02-p011-row12-member.png
2,11,12,member,"Lappin, Koppell/Citywid e",0.552,ocr:lowconf,data/fy09/transparency-resolutions/review-crops/r02-p011-row12-member.png
2,11,12,ein,13-1739971,0.737,ocr:lowconf,data/fy09/transparency-resolutions/review-crops/r02-p011-row12-ein.png
2,11,13,organization,Research Foundation of CUNY (on Behalf of Nancy Reveron Domestic Violence Center at Hostos Community College),0.514,ocr:lowconf,data/fy09/transparency-resolutions/review-crops/r02-p011-row13-organization.png
2,11,14,organization,Thorpe Family Residence,0.748,ocr:lowconf,data/fy09/transparency-resolutions/review-crops/r02-p011-row14-organization.png
2,11,14,ein,13-3502934,0.735,ocr:lowconf,data/fy09/transparency-resolutions/review-crops/r02-p011-row14-ein.png
2,11,17,organization,Trinity Healing Center,0.504,ocr:lowconf,data/fy09/transparency-resolutions/review-crops/r02-p011-row17-organization.png
2,11,18,ein,26-2057862,0.751,ocr:lowconf,data/fy09/transparency-resolutions/review-crops/r02-p011-row18-ein.png
2,12,0,amount,"$19,362.74",0.999,ocr:amt,data/fy09/transparency-resolutions/review-crops/r02-p012-row00-amount.png
2,12,1,amount,"$19,362.74",0.999,ocr:amt,data/fy09/transparency-resolutions/review-crops/r02-p012-row01-amount.png
2,12,2,amount,"$19,362.74",0.545,ocr:amt,data/fy09/transparency-resolutions/review-crops/r02-p012-row02-amount.png
2,12,2,organization,"Alianza Dominicana, Inc.",0.791,ocr:lowconf,data/fy09/transparency-resolutions/review-crops/r02-p012-row02-organization.png
2,12,2,amount,"$19,362.74",0.545,ocr:lowconf,data/fy09/transparency-resolutions/review-crops/r02-p012-row02-amount.png
2,12,3,amount,"$19,362.74",0.996,ocr:amt,data/fy09/transparency-resolutions/review-crops/r02-p012-row03-amount.png
2,12,3,member,Martinez,0.646,ocr:lowconf,data/fy09/transparency-resolutions/review-crops/r02-p012-row03-member.png
2,12,4,amount,"$19,362.74",0.995,ocr:amt,data/fy09/transparency-resolutions/review-crops/r02-p012-row04-amount.png
2,12,5,amount,"$19,362.74",0.999,ocr:amt,data/fy09/transparency-resolutions/review-crops/r02-p012-row05-amount.png
2,12,5,organization,American Museum of Natural History,0.693,ocr:lowconf,data/fy09/transparency-resolutions/review-crops/r02-p012-row05-organization.png
2,12,6,amount,"$19,362.74",0.975,ocr:amt,data/fy09/transparency-resolutions/review-crops/r02-p012-row06-amount.png
2,12,7,amount,"$19,362.74",0.973,ocr:amt,data/fy09/transparency-resolutions/review-crops/r02-p012-row07-amount.png
2,12,8,amount,"$19,362.74",0.894,ocr:amt,data/fy09/transparency-resolutions/review-crops/r02-p012-row08-amount.png
2,12,8,member,Vallone,0.715,ocr:lowconf,data/fy09/transparency-resolutions/review-crops/r02-p012-row08-member.png
2,12,8,organization,American Museum of the Moving Image,0.502,ocr:lowconf,data/fy09/transparency-resolutions/review-crops/r02-p012-row08-organization.png
2,12,9,amount,"$19,362.74",0.997,ocr:amt,data/fy09/transparency-resolutions/review-crops/r02-p012-row09-amount.png
2,12,9,member,McMahon,0.609,ocr:lowconf,data/fy09/transparency-resolutions/review-crops/r02-p012-row09-member.png
2,12,10,amount,"$19,362.74",0.999,ocr:amt,data/fy09/transparency-resolutions/review-crops/r02-p012-row10-amount.png
2,12,11,amount,"$19,362.74",1.0,ocr:amt,data/fy09/transparency-resolutions/review-crops/r02-p012-row11-amount.png
2,12,12,amount,"$19,362.74",0.999,ocr:amt,data/fy09/transparency-resolutions/review-crops/r02-p012-row12-amount.png
2,12,12,ein,65-1209580,0.52,ocr:lowconf,data/fy09/transparency-resolutions/review-crops/r02-p012-row12-ein.png
2,12,13,amount,"$19,362.74",0.999,ocr:amt,data/fy09/transparency-resolutions/review-crops/r02-p012-row13-amount.png
2,12,13,organization,"Ballet Hispanico of New York, Inc.",0.737,ocr:lowconf,data/fy09/transparency-resolutions/review-crops/r02-p012-row13-organization.png
2,12,14,amount,"$19,362.74",0.629,ocr:amt,data/fy09/transparency-resolutions/review-crops/r02-p012-row14-amount.png
2,12,14,amount,"$19,362.74",0.629,ocr:lowconf,data/fy09/transparency-resolutions/review-crops/r02-p012-row14-amount.png
2,12,15,amount,"$19,362.74",0.999,ocr:amt,data/fy09/transparency-resolutions/review-crops/r02-p012-row15-amount.png
2,12,15,organization,"Big Apple Circus, Ltd.",0.791,ocr:lowconf,data/fy09/transparency-resolutions/review-crops/r02-p012-row15-organization.png
2,12,16,amount,"$19,362.74",0.985,ocr:amt,data/fy09/transparency-resolutions/review-crops/r02-p012-row16-amount.png
2,12,16,member,Viverito,0.574,ocr:lowconf,data/fy09/transparency-resolutions/review-crops/r02-p012-row16-member.png
2,12,16,organization,"Big Apple Circus, Ltd.",0.79,ocr:lowconf,data/fy09/transparency-resolutions/review-crops/r02-p012-row16-organization.png
2,12,17,amount,"$19,362.74",0.999,ocr:amt,data/fy09/transparency-resolutions/review-crops/r02-p012-row17-amount.png
2,12,18,amount,"$19,362.74",0.999,ocr:amt,data/fy09/transparency-resolutions/review-crops/r02-p012-row18-amount.png
2,12,19,amount,"$19,362.74",0.999,ocr:amt,data/fy09/transparency-resolutions/review-crops/r02-p012-row19-amount.png
2,12,20,amount,"$19,362.74",0.999,ocr:amt,data/fy09/transparency-resolutions/review-crops/r02-p012-row20-amount.png
2,12,20,ua,312,0.533,ocr:lowconf,data/fy09/transparency-resolutions/review-crops/r02-p012-row20-ua.png
2,12,21,amount,"$19,362.74",0.985,ocr:amt,data/fy09/transparency-resolutions/review-crops/r02-p012-row21-amount.png
2,12,22,amount,"$19,362.74",0.991,ocr:amt,data/fy09/transparency-resolutions/review-crops/r02-p012-row22-amount.png
2,12,23,amount,"$19,362.74",0.998,ocr:amt,data/fy09/transparency-resolutions/review-crops/r02-p012-row23-amount.png
2,12,24,amount,"$19,362.74",0.998,ocr:amt,data/fy09/transparency-resolutions/review-crops/r02-p012-row24-amount.png
2,12,24,organization,"Brooklyn Arts Council, Inc.",0.592,ocr:lowconf,data/fy09/transparency-resolutions/review-crops/r02-p012-row24-organization.png
2,12,24,ein,23-7072915,0.753,ocr:lowconf,data/fy09/transparency-resolutions/review-crops/r02-p012-row24-ein.png
2,12,25,amount,"$19,362.74",0.998,ocr:amt,data/fy09/transparency-resolutions/review-crops/r02-p012-row25-amount.png
2,12,25,member,Dilan,0.666,ocr:lowconf,data/fy09/transparency-resolutions/review-crops/r02-p012-row25-member.png
2,12,25,organization,"Brooklyn Arts Council, Inc.",0.746,ocr:lowconf,data/fy09/transparency-resolutions/review-crops/r02-p012-row25-organization.png
2,12,26,amount,"$19, 362.74",0.937,ocr:amt,data/fy09/transparency-resolutions/review-crops/r02-p012-row26-amount.png
2,12,26,organization,"Brooklyn Arts Council, Inc.",0.755,ocr:lowconf,data/fy09/transparency-resolutions/review-crops/r02-p012-row26-organization.png
2,12,27,amount,"$19,362.74",0.996,ocr:amt,data/fy09/transparency-resolutions/review-crops/r02-p012-row27-amount.png
2,12,28,amount,"$19,362.74",0.995,ocr:amt,data/fy09/transparency-resolutions/review-crops/r02-p012-row28-amount.png
2,12,28,organization,"Brooklyn Arts Council, Inc.",0.79,ocr:lowconf,data/fy09/transparency-resolutions/review-crops/r02-p012-row28-organization.png
2,12,29,amount,"$19,362.74",0.999,ocr:amt,data/fy09/transparency-resolutions/review-crops/r02-p012-row29-amount.png
2,12,30,amount,"$19,362.74",0.972,ocr:amt,data/fy09/transparency-resolutions/review-crops/r02-p012-row30-amount.png
2,12,31,amount,"$19,362. .74",0.94,ocr:amt,data/fy09/transparency-resolutions/review-crops/r02-p012-row31-amount.png
2,12,31,organization,"Brooklyn Arts Council, Inc.",0.529,ocr:lowconf,data/fy09/transparency-resolutions/review-crops/r02-p012-row31-organization.png
2,12,32,amount,"$19,362.7 .74",0.805,ocr:amt,data/fy09/transparency-resolutions/review-crops/r02-p012-row32-amount.png
2,12,33,amount,"$19,362. 74",0.587,ocr:amt,data/fy09/transparency-resolutions/review-crops/r02-p012-row33-amount.png
2,12,33,amount,"$19,362. 74",0.587,ocr:lowconf,data/fy09/transparency-resolutions/review-crops/r02-p012-row33-amount.png
2,12,34,amount,"$19,362.74",0.997,ocr:amt,data/fy09/transparency-resolutions/review-crops/r02-p012-row34-amount.png
2,12,35,amount,"$19,362.74",0.923,ocr:amt,data/fy09/transparency-resolutions/review-crops/r02-p012-row35-amount.png
2,12,35,organization,"Brooklyn Arts Council, Inc.",0.601,ocr:lowconf,data/fy09/transparency-resolutions/review-crops/r02-p012-row35-organization.png
2,12,35,ein,23-7072915,0.596,ocr:lowconf,data/fy09/transparency-resolutions/review-crops/r02-p012-row35-ein.png
2,12,36,amount,"$19,362.74",0.993,ocr:amt,data/fy09/transparency-resolutions/review-crops/r02-p012-row36-amount.png
2,12,37,amount,"$19,362.74",0.999,ocr:amt,data/fy09/transparency-resolutions/review-crops/r02-p012-row37-amount.png
2,12,37,organization,"Brooklyn Arts Council, Inc.",0.557,ocr:lowconf,data/fy09/transparency-resolutions/review-crops/r02-p012-row37-organization.png
2,12,37,ein,23-7072915,0.743,ocr:lowconf,data/fy09/transparency-resolutions/review-crops/r02-p012-row37-ein.png
2,12,38,amount,"$19,362.74",0.996,ocr:amt,data/fy09/transparency-resolutions/review-crops/r02-p012-row38-amount.png
2,12,39,amount,"$19,362.74",0.998,ocr:amt,data/fy09/transparency-resolutions/review-crops/r02-p012-row39-amount.png
2,12,39,organization,"Brooklyn Arts Council, Inc.",0.728,ocr:lowconf,data/fy09/transparency-resolutions/review-crops/r02-p012-row39-organization.png
2,12,40,amount,"$19,362.74",0.999,ocr:amt,data/fy09/transparency-resolutions/review-crops/r02-p012-row40-amount.png
2,12,40,organization,"Brooklyn Arts Council, Inc.",0.609,ocr:lowconf,data/fy09/transparency-resolutions/review-crops/r02-p012-row40-organization.png
2,12,41,amount,"$19,362.74",1.0,ocr:amt,data/fy09/transparency-resolutions/review-crops/r02-p012-row41-amount.png
2,12,41,organization,"Brooklyn Arts Council, Inc.",0.53,ocr:lowconf,data/fy09/transparency-resolutions/review-crops/r02-p012-row41-organization.png
2,12,42,amount,"$19,362.74",0.997,ocr:amt,data/fy09/transparency-resolutions/review-crops/r02-p012-row42-amount.png
2,12,42,organization,"Brooklyn Arts Council, Inc.",0.595,ocr:lowconf,data/fy09/transparency-resolutions/review-crops/r02-p012-row42-organization.png
2,12,43,amount,"$19,362.74",0.949,ocr:amt,data/fy09/transparency-resolutions/review-crops/r02-p012-row43-amount.png
2,12,43,organization,"BrooklynArts Council, Inc.",0.798,ocr:lowconf,data/fy09/transparency-resolutions/review-crops/r02-p012-row43-organization.png
2,12,44,amount,"$19,362.74",0.996,ocr:amt,data/fy09/transparency-resolutions/review-crops/r02-p012-row44-amount.png
2,12,44,organization,"Brooklyn Arts Council, Inc.",0.728,ocr:lowconf,data/fy09/transparency-resolutions/review-crops/r02-p012-row44-organization.png
2,12,44,ein,23-7072915,0.755,ocr:lowconf,data/fy09/transparency-resolutions/review-crops/r02-p012-row44-ein.png
2,12,45,amount,"$19,362. 74",0.985,ocr:amt,data/fy09/transparency-resolutions/review-crops/r02-p012-row45-amount.png
2,12,45,organization,"Brooklyn Arts Council, Inc.",0.679,ocr:lowconf,data/fy09/transparency-resolutions/review-crops/r02-p012-row45-organization.png
2,12,46,amount,"$19,362. .74",0.591,ocr:amt,data/fy09/transparency-resolutions/review-crops/r02-p012-row46-amount.png
2,12,46,amount,"$19,362. .74",0.591,ocr:lowconf,data/fy09/transparency-resolutions/review-crops/r02-p012-row46-amount.png
2,12,47,amount,"$19,362.74",0.996,ocr:amt,data/fy09/transparency-resolutions/review-crops/r02-p012-row47-amount.png
2,12,47,ein,11-2495664,0.798,ocr:lowconf,data/fy09/transparency-resolutions/review-crops/r02-p012-row47-ein.png
2,13,0,amount,"$19,362. 74",0.916,ocr:amt,data/fy09/transparency-resolutions/review-crops/r02-p013-row00-amount.png
2,13,0,organization,"Brooklyn Historical Society, The",0.611,ocr:lowconf,data/fy09/transparency-resolutions/review-crops/r02-p013-row00-organization.png
2,13,1,amount,"$19,362. .74",0.528,ocr:amt,data/fy09/transparency-resolutions/review-crops/r02-p013-row01-amount.png
2,13,1,member,Recchia,0.673,ocr:lowconf,data/fy09/transparency-resolutions/review-crops/r02-p013-row01-member.png
2,13,1,organization,"Brooklyn Historical Society, The",0.686,ocr:lowconf,data/fy09/transparency-resolutions/review-crops/r02-p013-row01-organization.png
2,13,1,ein,11-1630813,0.762,ocr:lowconf,data/fy09/transparency-resolutions/review-crops/r02-p013-row01-ein.png
2,13,1,amount,"$19,362. .74",0.528,ocr:lowconf,data/fy09/transparency-resolutions/review-crops/r02-p013-row01-amount.png
2,13,2,amount,"$19,362.74",0.795,ocr:amt,data/fy09/transparency-resolutions/review-crops/r02-p013-row02-amount.png
2,13,2,amount,"$19,362.74",0.795,ocr:lowconf,data/fy09/transparency-resolutions/review-crops/r02-p013-row02-amount.png
2,13,3,amount,"$19,362. 74",0.733,ocr:amt,data/fy09/transparency-resolutions/review-crops/r02-p013-row03-amount.png
2,13,3,organization,"Brooklyn Philharmonic Symphony Orchestra, Inc.",0.613,ocr:lowconf,data/fy09/transparency-resolutions/review-crops/r02-p013-row03-organization.png
2,13,3,amount,"$19,362. 74",0.733,ocr:lowconf,data/fy09/transparency-resolutions/review-crops/r02-p013-row03-amount.png
2,13,4,amount,"$19,362. .74",0.691,ocr:amt,data/fy09/transparency-resolutions/review-crops/r02-p013-row04-amount.png
2,13,4,amount,"$19,362. .74",0.691,ocr:lowconf,data/fy09/transparency-resolutions/review-crops/r02-p013-row04-amount.png
2,13,5,amount,"$19,362.74",0.999,ocr:amt,data/fy09/transparency-resolutions/review-crops/r02-p013-row05-amount.png
2,13,5,organization,Carnegie Hall Corporation,0.693,ocr:lowconf,data/fy09/transparency-resolutions/review-crops/r02-p013-row05-organization.png
2,13,6,amount,"$19,362.74",0.998,ocr:amt,data/fy09/transparency-resolutions/review-crops/r02-p013-row06-amount.png
2,13,6,member,Comrie,0.737,ocr:lowconf,data/fy09/transparency-resolutions/review-crops/r02-p013-row06-member.png
2,13,6,organization,"Community Works, Inc.",0.571,ocr:lowconf,data/fy09/transparency-resolutions/review-crops/r02-p013-row06-organization.png
2,13,7,amount,"$19,362.74",0.999,ocr:amt,data/fy09/transparency-resolutions/review-crops/r02-p013-row07-amount.png
2,13,7,organization,"Community Works, Inc.",0.594,ocr:lowconf,data/fy09/transparency-resolutions/review-crops/r02-p013-row07-organization.png
2,13,8,amount,"$19,362.74",0.999,ocr:amt,data/fy09/transparency-resolutions/review-crops/r02-p013-row08-amount.png
2,13,9,amount,"$19,362.74",0.999,ocr:amt,data/fy09/transparency-resolutions/review-crops/r02-p013-row09-amount.png
2,13,10,amount,"$19,362.74",0.957,ocr:amt,data/fy09/transparency-resolutions/review-crops/r02-p013-row10-amount.png
2,13,10,organization,"Community Works, Inc.",0.693,ocr:lowconf,data/fy09/transparency-resolutions/review-crops/r02-p013-row10-organization.png
2,13,11,amount,"$19,362.74",0.999,ocr:amt,data/fy09/transparency-resolutions/review-crops/r02-p013-row11-amount.png
2,13,12,amount,"$19,362.74",0.999,ocr:amt,data/fy09/transparency-resolutions/review-crops/r02-p013-row12-amount.png
2,13,13,amount,"$19,362.74",0.998,ocr:amt,data/fy09/transparency-resolutions/review-crops/r02-p013-row13-amount.png
2,13,13,organization,"Community Works, Inc.",0.79,ocr:lowconf,data/fy09/transparency-resolutions/review-crops/r02-p013-row13-organization.png
2,13,14,amount,"$19,362.74",0.999,ocr:amt,data/fy09/transparency-resolutions/review-crops/r02-p013-row14-amount.png
2,13,15,amount,"$19,362.74",0.998,ocr:amt,data/fy09/transparency-resolutions/review-crops/r02-p013-row15-amount.png
2,13,15,organization,Council on the Arts and Humanities for Staten Island,0.513,ocr:lowconf,data/fy09/transparency-resolutions/review-crops/r02-p013-row15-organization.png
2,13,16,amount,"$19,362.74",0.996,ocr:amt,data/fy09/transparency-resolutions/review-crops/r02-p013-row16-amount.png
2,13,16,organization,Creative Outlet Dance Theatre of Brooklyn,0.576,ocr:lowconf,data/fy09/transparency-resolutions/review-crops/r02-p013-row16-organization.png
2,13,17,amount,"$19,362.74",0.999,ocr:amt,data/fy09/transparency-resolutions/review-crops/r02-p013-row17-amount.png
2,13,18,amount,"$19,362.74",0.954,ocr:amt,data/fy09/transparency-resolutions/review-crops/r02-p013-row18-amount.png
2,13,19,amount,"$19,362.74",0.999,ocr:amt,data/fy09/transparency-resolutions/review-crops/r02-p013-row19-amount.png
2,13,20,amount,"$19,362.74",0.999,ocr:amt,data/fy09/transparency-resolutions/review-crops/r02-p013-row20-amount.png
2,13,20,ein,13-3759661,0.765,ocr:lowconf,data/fy09/transparency-resolutions/review-crops/r02-p013-row20-ein.png
2,13,21,amount,"$19,362. .74",0.501,ocr:amt,data/fy09/transparency-resolutions/review-crops/r02-p013-row21-amount.png
2,13,21,organization,"DreamYard Project, Inc.",0.774,ocr:lowconf,data/fy09/transparency-resolutions/review-crops/r02-p013-row21-organization.png
2,13,21,amount,"$19,362. .74",0.501,ocr:lowconf,data/fy09/transparency-resolutions/review-crops/r02-p013-row21-amount.png
2,13,22,amount,"$19,362.74",0.579,ocr:amt,data/fy09/transparency-resolutions/review-crops/r02-p013-row22-amount.png
2,13,22,amount,"$19,362.74",0.579,ocr:lowconf,data/fy09/transparency-resolutions/review-crops/r02-p013-row22-amount.png
2,13,23,amount,"$19,362.74",0.999,ocr:amt,data/fy09/transparency-resolutions/review-crops/r02-p013-row23-amount.png
2,13,23,ein,11-2652182,0.768,ocr:lowconf,data/fy09/transparency-resolutions/review-crops/r02-p013-row23-ein.png
2,13,23,agency,DYCD,0.673,ocr:lowconf,data/fy09/transparency-resolutions/review-crops/r02-p013-row23-agency.png
2,13,24,amount,"$19,362.74",0.999,ocr:amt,data/fy09/transparency-resolutions/review-crops/r02-p013-row24-amount.png
2,13,24,organization,"Friends of Alice Austen House, Inc. (Alice Austen House Museum)",0.608,ocr:lowconf,data/fy09/transparency-resolutions/review-crops/r02-p013-row24-organization.png
2,13,25,amount,"$19,362.74",0.993,ocr:amt,data/fy09/transparency-resolutions/review-crops/r02-p013-row25-amount.png
2,13,25,organization,Groundswell Community Mural Project,0.697,ocr:lowconf,data/fy09/transparency-resolutions/review-crops/r02-p013-row25-organization.png
2,13,26,amount,"$19,362.74",0.999,ocr:amt,data/fy09/transparency-resolutions/review-crops/r02-p013-row26-amount.png
2,13,27,amount,"$19,362.74",0.942,ocr:amt,data/fy09/transparency-resolutions/review-crops/r02-p013-row27-amount.png
2,13,28,amount,"$19,362.74",0.999,ocr:amt,data/fy09/transparency-resolutions/review-crops/r02-p013-row28-amount.png
2,13,28,organization,"H.T. Dance Company, Inc. /Chen Dance Center",0.438,ocr:lowconf,data/fy09/transparency-resolutions/review-crops/r02-p013-row28-organization.png
2,13,29,amount,"$19,362.74",0.763,ocr:amt,data/fy09/transparency-resolutions/review-crops/r02-p013-row29-amount.png
2,13,29,ein,13-3166308,0.775,ocr:lowconf,data/fy09/transparency-resolutions/review-crops/r02-p013-row29-ein.png
2,13,29,amount,"$19,362.74",0.763,ocr:lowconf,data/fy09/transparency-resolutions/review-crops/r02-p013-row29-amount.png
2,13,30,amount,"$19,362.74",0.997,ocr:amt,data/fy09/transparency-resolutions/review-crops/r02-p013-row30-amount.png
2,13,30,member,Jackson,0.614,ocr:lowconf,data/fy09/transparency-resolutions/review-crops/r02-p013-row30-member.png
2,13,31,amount,"$19,362.74",0.995,ocr:amt,data/fy09/transparency-resolutions/review-crops/r02-p013-row31-amount.png
2,13,31,ein,13-1562242,0.732,ocr:lowconf,data/fy09/transparency-resolutions/review-crops/r02-p013-row31-ein.png
2,13,32,amount,"$19,362.74",0.999,ocr:amt,data/fy09/transparency-resolutions/review-crops/r02-p013-row32-amount.png
2,13,33,amount,"$19,362.74",0.983,ocr:amt,data/fy09/transparency-resolutions/review-crops/r02-p013-row33-amount.png
2,13,34,amount,"$19,362.74",0.998,ocr:amt,data/fy09/transparency-resolutions/review-crops/r02-p013-row34-amount.png
2,13,35,amount,"$19,362.74",0.99,ocr:amt,data/fy09/transparency-resolutions/review-crops/r02-p013-row35-amount.png
2,13,35,ein,13-3062419,0.652,ocr:lowconf,data/fy09/transparency-resolutions/review-crops/r02-p013-row35-ein.png
2,13,36,amount,"$19,362. .74",0.825,ocr:amt,data/fy09/transparency-resolutions/review-crops/r02-p013-row36-amount.png
2,13,36,organization,Intrepid Sea Air Space Museum,0.501,ocr:lowconf,data/fy09/transparency-resolutions/review-crops/r02-p013-row36-organization.png
2,13,37,amount,"$19,362.74",0.999,ocr:amt,data/fy09/transparency-resolutions/review-crops/r02-p013-row37-amount.png
2,13,38,amount,"$19,362.74",0.995,ocr:amt,data/fy09/transparency-resolutions/review-crops/r02-p013-row38-amount.png
2,13,39,amount,"$19,362. 74",0.913,ocr:amt,data/fy09/transparency-resolutions/review-crops/r02-p013-row39-amount.png
2,13,39,organization,Intrepid Sea Air Space Museum,0.539,ocr:lowconf,data/fy09/transparency-resolutions/review-crops/r02-p013-row39-organization.png
2,13,40,amount,"$19,362.74",0.992,ocr:amt,data/fy09/transparency-resolutions/review-crops/r02-p013-row40-amount.png
2,13,40,organization,Intrepid Sea Air Space Museum,0.611,ocr:lowconf,data/fy09/transparency-resolutions/review-crops/r02-p013-row40-organization.png
2,13,41,amount,"$19,362.74",0.999,ocr:amt,data/fy09/transparency-resolutions/review-crops/r02-p013-row41-amount.png
2,13,41,agency,DYCD,0.735,ocr:lowconf,data/fy09/transparency-resolutions/review-crops/r02-p013-row41-agency.png
2,13,42,amount,"$19,362.74",0.998,ocr:amt,data/fy09/transparency-resolutions/review-crops/r02-p013-row42-amount.png
2,13,43,amount,"$19,362.74",0.999,ocr:amt,data/fy09/transparency-resolutions/review-crops/r02-p013-row43-amount.png
2,13,43,organization,Jamaica Center for Arts and Learning,0.617,ocr:lowconf,data/fy09/transparency-resolutions/review-crops/r02-p013-row43-organization.png
2,13,44,amount,"$19,362.74",0.999,ocr:amt,data/fy09/transparency-resolutions/review-crops/r02-p013-row44-amount.png
2,13,45,amount,"$19,362.74",0.974,ocr:amt,data/fy09/transparency-resolutions/review-crops/r02-p013-row45-amount.png
2,13,46,amount,"$19,362.74",0.997,ocr:amt,data/fy09/transparency-resolutions/review-crops/r02-p013-row46-amount.png
2,13,47,amount,"$19,362.74",0.88,ocr:amt,data/fy09/transparency-resolutions/review-crops/r02-p013-row47-amount.png
2,13,47,organization,Kerri Edge Chidirens Dance Ensemble,0.666,ocr:lowconf,data/fy09/transparency-resolutions/review-crops/r02-p013-row47-organization.png
2,13,48,amount,"$19,362.74",0.999,ocr:amt,data/fy09/transparency-resolutions/review-crops/r02-p013-row48-amount.png
2,13,48,organization,"Lincoln Center for the Performing Arts, Inc.",0.787,ocr:lowconf,data/fy09/transparency-resolutions/review-crops/r02-p013-row48-organization.png
2,14,0,amount,"$19,362.74",0.999,ocr:amt,data/fy09/transparency-resolutions/review-crops/r02-p014-row00-amount.png
2,14,0,organization,"Lincoln Center for the Performing Arts, Inc.",0.744,ocr:lowconf,data/fy09/transparency-resolutions/review-crops/r02-p014-row00-organization.png
2,14,1,amount,"$19,362.74",0.998,ocr:amt,data/fy09/transparency-resolutions/review-crops/r02-p014-row01-amount.png
2,14,2,amount,"$19,362.74",0.997,ocr:amt,data/fy09/transparency-resolutions/review-crops/r02-p014-row02-amount.png
2,14,3,amount,"$19,362.74",0.999,ocr:amt,data/fy09/transparency-resolutions/review-crops/r02-p014-row03-amount.png
2,14,4,amount,"$19,362.74",0.972,ocr:amt,data/fy09/transparency-resolutions/review-crops/r02-p014-row04-amount.png
2,14,5,amount,"$19,362.74",0.992,ocr:amt,data/fy09/transparency-resolutions/review-crops/r02-p014-row05-amount.png
2,14,6,amount,"$19,362.74",0.987,ocr:amt,data/fy09/transparency-resolutions/review-crops/r02-p014-row06-amount.png
2,14,7,amount,"$19,362.74",0.999,ocr:amt,data/fy09/transparency-resolutions/review-crops/r02-p014-row07-amount.png
2,14,7,ein,13-1681983,0.751,ocr:lowconf,data/fy09/transparency-resolutions/review-crops/r02-p014-row07-ein.png
2,14,7,agy_num,260,0.798,ocr:lowconf,data/fy09/transparency-resolutions/review-crops/r02-p014-row07-agy_num.png
2,14,8,amount,"$19,362.74",0.787,ocr:amt,data/fy09/transparency-resolutions/review-crops/r02-p014-row08-amount.png
2,14,8,ein,13-3682472,0.72,ocr:lowconf,data/fy09/transparency-resolutions/review-crops/r02-p014-row08-ein.png
2,14,8,amount,"$19,362.74",0.787,ocr:lowconf,data/fy09/transparency-resolutions/review-crops/r02-p014-row08-amount.png
2,14,9,amount,"$19,362.74",1.0,ocr:amt,data/fy09/transparency-resolutions/review-crops/r02-p014-row09-amount.png
2,14,10,amount,"$19,362.74",0.999,ocr:amt,data/fy09/transparency-resolutions/review-crops/r02-p014-row10-amount.png
2,14,10,organization,"Midori Foundation, Inc., The (d/b/a Midori and Friends)",0.525,ocr:lowconf,data/fy09/transparency-resolutions/review-crops/r02-p014-row10-organization.png
2,14,10,ein,13-3682472,0.757,ocr:lowconf,data/fy09/transparency-resolutions/review-crops/r02-p014-row10-ein.png
2,14,11,amount,"$19,362.74",0.997,ocr:amt,data/fy09/transparency-resolutions/review-crops/r02-p014-row11-amount.png
2,14,11,ein,13-3682472,0.717,ocr:lowconf,data/fy09/transparency-resolutions/review-crops/r02-p014-row11-ein.png
2,14,12,amount,"$19,362.74",1.0,ocr:amt,data/fy09/transparency-resolutions/review-crops/r02-p014-row12-amount.png
2,14,13,amount,"$19,362.74",0.999,ocr:amt,data/fy09/transparency-resolutions/review-crops/r02-p014-row13-amount.png
2,14,13,organization,"Midori Foundation, Inc., The (d/b/a Midori and Friends)",0.761,ocr:lowconf,data/fy09/transparency-resolutions/review-crops/r02-p014-row13-organization.png
2,14,14,amount,"$19,362.74",0.999,ocr:amt,data/fy09/transparency-resolutions/review-crops/r02-p014-row14-amount.png
2,14,15,amount,"$19,362.74",0.996,ocr:amt,data/fy09/transparency-resolutions/review-crops/r02-p014-row15-amount.png
2,14,15,organization,"Midori Foundation, Inc., The (d/b/a Midori and Friends)",0.523,ocr:lowconf,data/fy09/transparency-resolutions/review-crops/r02-p014-row15-organization.png
2,14,16,amount,"$19,362.74",0.997,ocr:amt,data/fy09/transparency-resolutions/review-crops/r02-p014-row16-amount.png
2,14,16,organization,"Midori Foundation, Inc., The (d/bla Midori and Friends)",0.594,ocr:lowconf,data/fy09/transparency-resolutions/review-crops/r02-p014-row16-organization.png
2,14,17,amount,"$19,362.74",0.999,ocr:amt,data/fy09/transparency-resolutions/review-crops/r02-p014-row17-amount.png
2,14,18,amount,"$19,362.74",0.999,ocr:amt,data/fy09/transparency-resolutions/review-crops/r02-p014-row18-amount.png
2,14,18,agency,DYCD,0.747,ocr:lowconf,data/fy09/transparency-resolutions/review-crops/r02-p014-row18-agency.png
2,14,19,amount,"$19,362.74",1.0,ocr:amt,data/fy09/transparency-resolutions/review-crops/r02-p014-row19-amount.png
2,14,20,amount,"$19,362.74",0.998,ocr:amt,data/fy09/transparency-resolutions/review-crops/r02-p014-row20-amount.png
2,14,21,amount,"$19,362.74",0.988,ocr:amt,data/fy09/transparency-resolutions/review-crops/r02-p014-row21-amount.png
2,14,22,amount,"$19,362.74",0.972,ocr:amt,data/fy09/transparency-resolutions/review-crops/r02-p014-row22-amount.png
2,14,22,organization,"Midtown Management Group, Inc. The - Inside Broadway",0.796,ocr:lowconf,data/fy09/transparency-resolutions/review-crops/r02-p014-row22-organization.png
2,14,23,amount,"$19,362.74",0.999,ocr:amt,data/fy09/transparency-resolutions/review-crops/r02-p014-row23-amount.png
2,14,24,amount,"$19,362.74",0.983,ocr:amt,data/fy09/transparency-resolutions/review-crops/r02-p014-row24-amount.png
2,14,25,amount,"$19,362.74",0.999,ocr:amt,data/fy09/transparency-resolutions/review-crops/r02-p014-row25-amount.png
2,14,25,organization,"Midtown Management Group. Inc., The Inside Broadway",0.536,ocr:lowconf,data/fy09/transparency-resolutions/review-crops/r02-p014-row25-organization.png
2,14,26,amount,"$19,362.74",0.991,ocr:amt,data/fy09/transparency-resolutions/review-crops/r02-p014-row26-amount.png
2,14,26,organization,"Midtown Management Group, Inc., The Inside Broadway",0.721,ocr:lowconf,data/fy09/transparency-resolutions/review-crops/r02-p014-row26-organization.png
2,14,27,amount,"$19,362. .74",0.912,ocr:amt,data/fy09/transparency-resolutions/review-crops/r02-p014-row27-amount.png
2,14,28,amount,"$19,362.74",0.999,ocr:amt,data/fy09/transparency-resolutions/review-crops/r02-p014-row28-amount.png
2,14,28,organization,"Midtown Management Group, Inc.. The Inside Broadway",0.664,ocr:lowconf,data/fy09/transparency-resolutions/review-crops/r02-p014-row28-organization.png
2,14,29,amount,"$19,362.74",0.999,ocr:amt,data/fy09/transparency-resolutions/review-crops/r02-p014-row29-amount.png
2,14,30,amount,"$19,362.74",0.997,ocr:amt,data/fy09/transparency-resolutions/review-crops/r02-p014-row30-amount.png
2,14,31,amount,"$19,362.74",0.662,ocr:amt,data/fy09/transparency-resolutions/review-crops/r02-p014-row31-amount.png
2,14,31,amount,"$19,362.74",0.662,ocr:lowconf,data/fy09/transparency-resolutions/review-crops/r02-p014-row31-amount.png
2,14,32,amount,"$19,362.74",0.999,ocr:amt,data/fy09/transparency-resolutions/review-crops/r02-p014-row32-amount.png
2,14,32,organization,Multicultural Music Group. Inc.,0.6,ocr:lowconf,data/fy09/transparency-resolutions/review-crops/r02-p014-row32-organization.png
2,14,33,amount,"$19, 362.74",0.996,ocr:amt,data/fy09/transparency-resolutions/review-crops/r02-p014-row33-amount.png
2,14,34,amount,"$19, 362.74",0.995,ocr:amt,data/fy09/transparency-resolutions/review-crops/r02-p014-row34-amount.png
2,14,35,amount,"$19, 362.74",0.997,ocr:amt,data/fy09/transparency-resolutions/review-crops/r02-p014-row35-amount.png
2,14,36,amount,"$19, 362. .74",0.967,ocr:amt,data/fy09/transparency-resolutions/review-crops/r02-p014-row36-amount.png
2,14,37,amount,"$19, 362.74",0.932,ocr:amt,data/fy09/transparency-resolutions/review-crops/r02-p014-row37-amount.png
2,14,38,amount,"$19,362. .74",0.968,ocr:amt,data/fy09/transparency-resolutions/review-crops/r02-p014-row38-amount.png
2,14,39,amount,"$19,362.74",0.997,ocr:amt,data/fy09/transparency-resolutions/review-crops/r02-p014-row39-amount.png
2,14,39,organization,"National Dance institute, Inc.",0.675,ocr:lowconf,data/fy09/transparency-resolutions/review-crops/r02-p014-row39-organization.png
2,14,40,amount,"$19,362.74",0.958,ocr:amt,data/fy09/transparency-resolutions/review-crops/r02-p014-row40-amount.png
2,14,41,amount,"$19,362.74",0.999,ocr:amt,data/fy09/transparency-resolutions/review-crops/r02-p014-row41-amount.png
2,14,42,amount,"$19,362.74",0.999,ocr:amt,data/fy09/transparency-resolutions/review-crops/r02-p014-row42-amount.png
2,14,43,amount,"$19,362.74",0.951,ocr:amt,data/fy09/transparency-resolutions/review-crops/r02-p014-row43-amount.png
2,14,44,amount,"$19,362.74",0.999,ocr:amt,data/fy09/transparency-resolutions/review-crops/r02-p014-row44-amount.png
2,14,44,organization,"Noble Maritime Collection, The",0.702,ocr:lowconf,data/fy09/transparency-resolutions/review-crops/r02-p014-row44-organization.png
2,14,45,amount,"$19,362. 74",0.645,ocr:amt,data/fy09/transparency-resolutions/review-crops/r02-p014-row45-amount.png
2,14,45,amount,"$19,362. 74",0.645,ocr:lowconf,data/fy09/transparency-resolutions/review-crops/r02-p014-row45-amount.png
2,14,46,amount,"$ 19,362. .74",0.763,ocr:amt,data/fy09/transparency-resolutions/review-crops/r02-p014-row46-amount.png
2,14,46,ein,11-3271472,0.53,ocr:lowconf,data/fy09/transparency-resolutions/review-crops/r02-p014-row46-ein.png
2,14,46,amount,"$ 19,362. .74",0.763,ocr:lowconf,data/fy09/transparency-resolutions/review-crops/r02-p014-row46-amount.png
2,14,47,amount,"$19,362. 74",0.957,ocr:amt,data/fy09/transparency-resolutions/review-crops/r02-p014-row47-amount.png
2,14,48,amount,"$19,362.74",0.986,ocr:amt,data/fy09/transparency-resolutions/review-crops/r02-p014-row48-amount.png
2,15,0,amount,"$19,362.74",0.998,ocr:amt,data/fy09/transparency-resolutions/review-crops/r02-p015-row00-amount.png
2,15,0,agy_num,260,0.797,ocr:lowconf,data/fy09/transparency-resolutions/review-crops/r02-p015-row00-agy_num.png
2,15,1,amount,"$19,362.74",1.0,ocr:amt,data/fy09/transparency-resolutions/review-crops/r02-p015-row01-amount.png
2,15,2,amount,"$19,362.74",0.52,ocr:amt,data/fy09/transparency-resolutions/review-crops/r02-p015-row02-amount.png
2,15,2,organization,Queens Museum of Art,0.632,ocr:lowconf,data/fy09/transparency-resolutions/review-crops/r02-p015-row02-organization.png
2,15,2,amount,"$19,362.74",0.52,ocr:lowconf,data/fy09/transparency-resolutions/review-crops/r02-p015-row02-amount.png
2,15,3,amount,"$19,362.74",0.999,ocr:amt,data/fy09/transparency-resolutions/review-crops/r02-p015-row03-amount.png
2,15,4,amount,"$19,362.74",0.999,ocr:amt,data/fy09/transparency-resolutions/review-crops/r02-p015-row04-amount.png
2,15,5,amount,"$19,362.74",1.0,ocr:amt,data/fy09/transparency-resolutions/review-crops/r02-p015-row05-amount.png
2,15,6,amount,"$19,362.74",0.999,ocr:amt,data/fy09/transparency-resolutions/review-crops/r02-p015-row06-amount.png
2,15,7,amount,"$19,362.74",0.999,ocr:amt,data/fy09/transparency-resolutions/review-crops/r02-p015-row07-amount.png
2,15,8,amount,"$19,362.74",0.79,ocr:amt,data/fy09/transparency-resolutions/review-crops/r02-p015-row08-amount.png
2,15,8,amount,"$19,362.74",0.79,ocr:lowconf,data/fy09/transparency-resolutions/review-crops/r02-p015-row08-amount.png
2,15,9,amount,"$19,362.74",0.962,ocr:amt,data/fy09/transparency-resolutions/review-crops/r02-p015-row09-amount.png
2,15,9,ein,11-3381629,0.624,ocr:lowconf,data/fy09/transparency-resolutions/review-crops/r02-p015-row09-ein.png
2,15,10,amount,"$19,362.74",0.999,ocr:amt,data/fy09/transparency-resolutions/review-crops/r02-p015-row10-amount.png
2,15,11,amount,"$19,362.74",0.999,ocr:amt,data/fy09/transparency-resolutions/review-crops/r02-p015-row11-amount.png
2,15,11,organization,"Queens Theatre in the Park, Inc.",0.798,ocr:lowconf,data/fy09/transparency-resolutions/review-crops/r02-p015-row11-organization.png
2,15,12,amount,"$19,362.74",0.999,ocr:amt,data/fy09/transparency-resolutions/review-crops/r02-p015-row12-amount.png
2,15,13,amount,"$19,362.74",0.999,ocr:amt,data/fy09/transparency-resolutions/review-crops/r02-p015-row13-amount.png
2,15,13,agency,DYCD,0.726,ocr:lowconf,data/fy09/transparency-resolutions/review-crops/r02-p015-row13-agency.png
2,15,14,amount,"$19,362.74",0.999,ocr:amt,data/fy09/transparency-resolutions/review-crops/r02-p015-row14-amount.png
2,15,15,amount,"$19,362.74",0.547,ocr:amt,data/fy09/transparency-resolutions/review-crops/r02-p015-row15-amount.png
2,15,15,amount,"$19,362.74",0.547,ocr:lowconf,data/fy09/transparency-resolutions/review-crops/r02-p015-row15-amount.png
2,15,16,amount,"$19,362.74",0.941,ocr:amt,data/fy09/transparency-resolutions/review-crops/r02-p015-row16-amount.png
2,15,17,amount,"$19,362.74",0.993,ocr:amt,data/fy09/transparency-resolutions/review-crops/r02-p015-row17-amount.png
2,15,17,organization,"Queens Theatre in the Park, Inc.",0.677,ocr:lowconf,data/fy09/transparency-resolutions/review-crops/r02-p015-row17-organization.png
2,15,18,amount,"$19,362.74",0.956,ocr:amt,data/fy09/transparency-resolutions/review-crops/r02-p015-row18-amount.png
2,15,19,amount,"$19,362. .74",0.808,ocr:amt,data/fy09/transparency-resolutions/review-crops/r02-p015-row19-amount.png
2,15,19,ein,11-3381629,0.643,ocr:lowconf,data/fy09/transparency-resolutions/review-crops/r02-p015-row19-ein.png
2,15,20,amount,"$19,362. 74",0.676,ocr:amt,data/fy09/transparency-resolutions/review-crops/r02-p015-row20-amount.png
2,15,20,amount,"$19,362. 74",0.676,ocr:lowconf,data/fy09/transparency-resolutions/review-crops/r02-p015-row20-amount.png
2,15,21,amount,"$19,362. 74",0.999,ocr:amt,data/fy09/transparency-resolutions/review-crops/r02-p015-row21-amount.png
2,15,21,organization,"Queens Theatre in the Park, Inc.",0.575,ocr:lowconf,data/fy09/transparency-resolutions/review-crops/r02-p015-row21-organization.png
2,15,22,amount,"$19,362.74",0.975,ocr:amt,data/fy09/transparency-resolutions/review-crops/r02-p015-row22-amount.png
2,15,23,amount,"$19,362.7 74",0.579,ocr:amt,data/fy09/transparency-resolutions/review-crops/r02-p015-row23-amount.png
2,15,23,amount,"$19,362.7 74",0.579,ocr:lowconf,data/fy09/transparency-resolutions/review-crops/r02-p015-row23-amount.png
2,15,24,amount,"$19,362.74",0.997,ocr:amt,data/fy09/transparency-resolutions/review-crops/r02-p015-row24-amount.png
2,15,24,organization,"Queens Theatre in the Park, Inc.",0.551,ocr:lowconf,data/fy09/transparency-resolutions/review-crops/r02-p015-row24-organization.png
2,15,25,amount,"$19,362.74",0.994,ocr:amt,data/fy09/transparency-resolutions/review-crops/r02-p015-row25-amount.png
2,15,25,member,White,0.743,ocr:lowconf,data/fy09/transparency-resolutions/review-crops/r02-p015-row25-member.png
2,15,25,organization,"Queens Theatre in the Park, Inc.",0.72,ocr:lowconf,data/fy09/transparency-resolutions/review-crops/r02-p015-row25-organization.png
2,15,26,amount,"$19,362.74",0.975,ocr:amt,data/fy09/transparency-resolutions/review-crops/r02-p015-row26-amount.png
2,15,27,amount,"$19,362.74",0.821,ocr:amt,data/fy09/transparency-resolutions/review-crops/r02-p015-row27-amount.png
2,15,28,amount,"$19,362.74",0.998,ocr:amt,data/fy09/transparency-resolutions/review-crops/r02-p015-row28-amount.png
2,15,29,amount,"$19,362.74",0.99,ocr:amt,data/fy09/transparency-resolutions/review-crops/r02-p015-row29-amount.png
2,15,29,member,Rivera,0.552,ocr:lowconf,data/fy09/transparency-resolutions/review-crops/r02-p015-row29-member.png
2,15,30,amount,"$19,362.74",0.998,ocr:amt,data/fy09/transparency-resolutions/review-crops/r02-p015-row30-amount.png
2,15,31,amount,"$19, 362.74",0.883,ocr:amt,data/fy09/transparency-resolutions/review-crops/r02-p015-row31-amount.png
2,15,32,amount,"$19,362.74",0.999,ocr:amt,data/fy09/transparency-resolutions/review-crops/r02-p015-row32-amount.png
2,15,33,amount,"$19,362.74",0.999,ocr:amt,data/fy09/transparency-resolutions/review-crops/r02-p015-row33-amount.png
2,15,34,amount,"$19,362. .74",0.894,ocr:amt,data/fy09/transparency-resolutions/review-crops/r02-p015-row34-amount.png
2,15,35,amount,"$19,362. .74",0.587,ocr:amt,data/fy09/transparency-resolutions/review-crops/r02-p015-row35-amount.png
2,15,35,amount,"$19,362. .74",0.587,ocr:lowconf,data/fy09/transparency-resolutions/review-crops/r02-p015-row35-amount.png
2,15,36,amount,"$19,362.74",0.998,ocr:amt,data/fy09/transparency-resolutions/review-crops/r02-p015-row36-amount.png
2,15,37,amount,"$19,362.74",0.999,ocr:amt,data/fy09/transparency-resolutions/review-crops/r02-p015-row37-amount.png
2,15,38,amount,"$19,362.74",0.807,ocr:amt,data/fy09/transparency-resolutions/review-crops/r02-p015-row38-amount.png
2,15,39,amount,"$19,362. .74",0.709,ocr:amt,data/fy09/transparency-resolutions/review-crops/r02-p015-row39-amount.png
2,15,39,organization,"Striking Viking Story Pirates, Inc.",0.447,ocr:lowconf,data/fy09/transparency-resolutions/review-crops/r02-p015-row39-organization.png
2,15,39,amount,"$19,362. .74",0.709,ocr:lowconf,data/fy09/transparency-resolutions/review-crops/r02-p015-row39-amount.png
2,15,40,amount,"$19,362.74",0.969,ocr:amt,data/fy09/transparency-resolutions/review-crops/r02-p015-row40-amount.png
2,15,40,ein,13-3003112,0.796,ocr:lowconf,data/fy09/transparency-resolutions/review-crops/r02-p015-row40-ein.png
2,15,41,amount,"$19,362.74",0.999,ocr:amt,data/fy09/transparency-resolutions/review-crops/r02-p015-row41-amount.png
2,15,42,amount,"$19,362.74",0.995,ocr:amt,data/fy09/transparency-resolutions/review-crops/r02-p015-row42-amount.png
2,15,42,organization,"TADA! Theater and Dance Alliance, Inc.",0.717,ocr:lowconf,data/fy09/transparency-resolutions/review-crops/r02-p015-row42-organization.png
2,15,42,agy_num,260,0.797,ocr:lowconf,data/fy09/transparency-resolutions/review-crops/r02-p015-row42-agy_num.png
2,15,43,amount,"$19,362.74",0.998,ocr:amt,data/fy09/transparency-resolutions/review-crops/r02-p015-row43-amount.png
2,15,43,organization,"TADA! Theater and Dance Alliance, Inc.",0.753,ocr:lowconf,data/fy09/transparency-resolutions/review-crops/r02-p015-row43-organization.png
2,15,44,amount,"$19,362.74",0.997,ocr:amt,data/fy09/transparency-resolutions/review-crops/r02-p015-row44-amount.png
2,15,44,organization,"TADA! Theater and Dance Alliance, Inc.",0.74,ocr:lowconf,data/fy09/transparency-resolutions/review-crops/r02-p015-row44-organization.png
2,15,45,amount,"$19, 362.74",0.862,ocr:amt,data/fy09/transparency-resolutions/review-crops/r02-p015-row45-amount.png
2,15,46,amount,"$19, 362.74",0.709,ocr:amt,data/fy09/transparency-resolutions/review-crops/r02-p015-row46-amount.png
2,15,46,amount,"$19, 362.74",0.709,ocr:lowconf,data/fy09/transparency-resolutions/review-crops/r02-p015-row46-amount.png
2,15,47,amount,"$19, 362.74",0.997,ocr:amt,data/fy09/transparency-resolutions/review-crops/r02-p015-row47-amount.png
2,15,48,amount,"$19, 362. 74",0.71,ocr:amt,data/fy09/transparency-resolutions/review-crops/r02-p015-row48-amount.png
2,15,48,amount,"$19, 362. 74",0.71,ocr:lowconf,data/fy09/transparency-resolutions/review-crops/r02-p015-row48-amount.png
2,16,0,amount,"$19,362.74",0.999,ocr:amt,data/fy09/transparency-resolutions/review-crops/r02-p016-row00-amount.png
2,16,1,amount,"$19,362.74",0.998,ocr:amt,data/fy09/transparency-resolutions/review-crops/r02-p016-row01-amount.png
2,16,1,organization,Wildlife Conservation Society Bronx Zoo,0.746,ocr:lowconf,data/fy09/transparency-resolutions/review-crops/r02-p016-row01-organization.png
2,16,2,amount,"$19,362.74",0.997,ocr:amt,data/fy09/transparency-resolutions/review-crops/r02-p016-row02-amount.png
2,16,3,amount,"$19,362.74",0.999,ocr:amt,data/fy09/transparency-resolutions/review-crops/r02-p016-row03-amount.png
2,16,3,organization,Wildlife Conservation Society - New York Aquarium,0.705,ocr:lowconf,data/fy09/transparency-resolutions/review-crops/r02-p016-row03-organization.png
2,16,4,amount,"$19,362.74",0.991,ocr:amt,data/fy09/transparency-resolutions/review-crops/r02-p016-row04-amount.png
2,16,4,organization,"Wingspan Arts, Inc.",0.513,ocr:lowconf,data/fy09/transparency-resolutions/review-crops/r02-p016-row04-organization.png
2,16,5,amount,"$19,362.74",0.999,ocr:amt,data/fy09/transparency-resolutions/review-crops/r02-p016-row05-amount.png
2,16,6,amount,"$19,362.74",0.999,ocr:amt,data/fy09/transparency-resolutions/review-crops/r02-p016-row06-amount.png
2,16,6,organization,"Young Audiences New York, Inc.",0.63,ocr:lowconf,data/fy09/transparency-resolutions/review-crops/r02-p016-row06-organization.png
2,16,7,amount,"$19,362.74",0.999,ocr:amt,data/fy09/transparency-resolutions/review-crops/r02-p016-row07-amount.png
2,16,7,organization,"Young Audiences New York, Inc.",0.696,ocr:lowconf,data/fy09/transparency-resolutions/review-crops/r02-p016-row07-organization.png
2,16,8,amount,"$19,362.74",0.99,ocr:amt,data/fy09/transparency-resolutions/review-crops/r02-p016-row08-amount.png
2,17,1,organization,"American-ltalian Coalition of Organizations, Inc. (AMICO)",0.634,ocr:lowconf,data/fy09/transparency-resolutions/review-crops/r02-p017-row01-organization.png
2,17,1,ua,003,0.507,ocr:lowconf,data/fy09/transparency-resolutions/review-crops/r02-p017-row01-ua.png
2,17,2,organization,"Catholic Charities Neighborhood Services, Inc.",0.751,ocr:lowconf,data/fy09/transparency-resolutions/review-crops/r02-p017-row02-organization.png
2,17,7,organization,Church on the Hill Luncheon Club Wison Major Morris Senior Center,0.607,ocr:lowconf,data/fy09/transparency-resolutions/review-crops/r02-p017-row07-organization.png
2,17,9,amount,"$20,000. .00",0.986,ocr:amt,data/fy09/transparency-resolutions/review-crops/r02-p017-row09-amount.png
2,17,13,organization,"Find Aid for the Aged, Inc. - Project Find Hamilton House",0.674,ocr:lowconf,data/fy09/transparency-resolutions/review-crops/r02-p017-row13-organization.png
2,17,14,member,James,0.62,ocr:lowconf,data/fy09/transparency-resolutions/review-crops/r02-p017-row14-member.png
2,17,14,organization,"Fort Greene Senior Citizens Council, inc. - Grace Agard-Harewood Senior Center",0.793,ocr:lowconf,data/fy09/transparency-resolutions/review-crops/r02-p017-row14-organization.png
2,17,15,organization,"Fort Greene Senior Citizens Council, Inc. - Albany Senior Center",0.503,ocr:lowconf,data/fy09/transparency-resolutions/review-crops/r02-p017-row15-organization.png
2,17,16,organization,"Fort Greene Senior Citizens Council, Inc. - Remsen Senior Center",0.565,ocr:lowconf,data/fy09/transparency-resolutions/review-crops/r02-p017-row16-organization.png
2,17,18,organization,"Jamaica Service Program for Older Adults, Inc. (JSPOA)- Robert Couche Senior Center",0.749,ocr:lowconf,data/fy09/transparency-resolutions/review-crops/r02-p017-row18-organization.png
2,17,19,organization,Jewish Association for Services for the Aged (JASA),0.719,ocr:lowconf,data/fy09/transparency-resolutions/review-crops/r02-p017-row19-organization.png
2,17,19,agency,DFTA,0.798,ocr:lowconf,data/fy09/transparency-resolutions/review-crops/r02-p017-row19-agency.png
2,17,20,organization,Jewish Association for Services for the Aged (JASA)- Throgs Neck Senior Center,0.51,ocr:lowconf,data/fy09/transparency-resolutions/review-crops/r02-p017-row20-organization.png
2,17,23,organization,"Korean Community Services of Metropolitan New York, Inc.",0.526,ocr:lowconf,data/fy09/transparency-resolutions/review-crops/r02-p017-row23-organization.png
2,17,25,organization,Margert Community Corporation (St. Gertrude' 's 50's Plus Club),0.64,ocr:lowconf,data/fy09/transparency-resolutions/review-crops/r02-p017-row25-organization.png
2,17,27,member,Quinn,0.694,ocr:lowconf,data/fy09/transparency-resolutions/review-crops/r02-p017-row27-member.png
2,17,27,organization,"Penn South Social Services, Inc.",0.563,ocr:lowconf,data/fy09/transparency-resolutions/review-crops/r02-p017-row27-organization.png
2,17,28,organization,Presbyterian Senior Services Highbridge Senior Center,0.687,ocr:lowconf,data/fy09/transparency-resolutions/review-crops/r02-p017-row28-organization.png
2,17,30,member,Dilan,0.542,ocr:lowconf,data/fy09/transparency-resolutions/review-crops/r02-p017-row30-member.png
2,17,31,member,Koppell,0.625,ocr:lowconf,data/fy09/transparency-resolutions/review-crops/r02-p017-row31-member.png
2,17,32,amount,"$30,000.00",0.685,ocr:lowconf,data/fy09/transparency-resolutions/review-crops/r02-p017-row32-amount.png
2,17,34,amount,". $20,000.00",0.259,ocr:amt,data/fy09/transparency-resolutions/review-crops/r02-p017-row34-amount.png
2,17,34,organization,"Samaritan Village, Inc. Woodside Senior Center",0.781,ocr:lowconf,data/fy09/transparency-resolutions/review-crops/r02-p017-row34-organization.png
2,17,34,amount,". $20,000.00",0.259,ocr:lowconf,data/fy09/transparency-resolutions/review-crops/r02-p017-row34-amount.png
2,17,36,organization,"Self Help Community Services, inc. Queensview/Norht Queensview NORC",0.741,ocr:lowconf,data/fy09/transparency-resolutions/review-crops/r02-p017-row36-organization.png
2,17,36,ein,13-1624178,0.737,ocr:lowconf,data/fy09/transparency-resolutions/review-crops/r02-p017-row36-ein.png
2,17,37,organization,Southeast Queens Multiservice Senior Center Howard Beach Senior Center,0.63,ocr:lowconf,data/fy09/transparency-resolutions/review-crops/r02-p017-row37-organization.png
2,17,37,ein,23-7187548,0.521,ocr:lowconf,data/fy09/transparency-resolutions/review-crops/r02-p017-row37-ein.png
2,17,38,organization,"Southside United Housing Development Fund Corp.- Los Sures ""David Santiago"" Senior Center",0.745,ocr:lowconf,data/fy09/transparency-resolutions/review-crops/r02-p017-row38-organization.png
2,17,38,ein,11-2268359,0.554,ocr:lowconf,data/fy09/transparency-resolutions/review-crops/r02-p017-row38-ein.png
2,17,39,organization,Spanish Speaking Elderly Counci-RAICES,0.667,ocr:lowconf,data/fy09/transparency-resolutions/review-crops/r02-p017-row39-organization.png
2,17,40,organization,St. John-St. Matthew Emanuel Lutheran Church Prospect Hill Senior Service Center,0.558,ocr:lowconf,data/fy09/transparency-resolutions/review-crops/r02-p017-row40-organization.png
2,17,42,ein,13-2572034,0.511,ocr:lowconf,data/fy09/transparency-resolutions/review-crops/r02-p017-row42-ein.png
2,17,44,organization,"Staten Island Community Services Friendship Clubs, Inc.",0.577,ocr:lowconf,data/fy09/transparency-resolutions/review-crops/r02-p017-row44-organization.png
2,17,45,member,Mark- Viverito,0.505,ocr:lowconf,data/fy09/transparency-resolutions/review-crops/r02-p017-row45-member.png
2,17,46,amount,$30.000.00,0.997,ocr:amt,data/fy09/transparency-resolutions/review-crops/r02-p017-row46-amount.png
2,17,46,organization,"United Senior Citizen Center of Sunset Park, Inc.",0.593,ocr:lowconf,data/fy09/transparency-resolutions/review-crops/r02-p017-row46-organization.png
2,18,0,organization,"Washington Heights Community Services, Inc. - STAR Senior Center",0.507,ocr:lowconf,data/fy09/transparency-resolutions/review-crops/r02-p018-row00-organization.png
2,18,1,organization,"Wayside Out-Reach Development, Inc.",0.764,ocr:lowconf,data/fy09/transparency-resolutions/review-crops/r02-p018-row01-organization.png
2,18,1,ein,11-3528680,0.714,ocr:lowconf,data/fy09/transparency-resolutions/review-crops/r02-p018-row01-ein.png
2,19,1,organization,Center for Community Alternatives (CCA),0.727,ocr:lowconf,data/fy09/transparency-resolutions/review-crops/r02-p019-row01-organization.png
2,19,1,agency,MISC,0.615,ocr:lowconf,data/fy09/transparency-resolutions/review-crops/r02-p019-row01-agency.png
2,19,1,amount,"($41,249.00)",0.485,ocr:lowconf,data/fy09/transparency-resolutions/review-crops/r02-p019-row01-amount.png
2,19,2,organization,"Center for Employment Opportunities (CEO), Inc.",0.651,ocr:lowconf,data/fy09/transparency-resolutions/review-crops/r02-p019-row02-organization.png
2,19,3,organization,Educational Assistance Corporation (EAC),0.619,ocr:lowconf,data/fy09/transparency-resolutions/review-crops/r02-p019-row03-organization.png
2,19,4,amount,"($116,456.00)",0.497,ocr:lowconf,data/fy09/transparency-resolutions/review-crops/r02-p019-row04-amount.png
2,19,5,ein,13-2645436,0.779,ocr:lowconf,data/fy09/transparency-resolutions/review-crops/r02-p019-row05-ein.png
2,19,7,amount,"($50,814.00)",0.693,ocr:lowconf,data/fy09/transparency-resolutions/review-crops/r02-p019-row07-amount.png
2,19,8,organization,"Women's Prison Association's Hopper Home, Inc.",0.666,ocr:lowconf,data/fy09/transparency-resolutions/review-crops/r02-p019-row08-organization.png
2,21,0,amount,"$275,000.00",0.558,ocr:lowconf,data/fy09/transparency-resolutions/review-crops/r02-p021-row00-amount.png
2,21,2,organization,"Enact, Inc.",0.799,ocr:lowconf,data/fy09/transparency-resolutions/review-crops/r02-p021-row02-organization.png
2,21,2,ein,13-3422660,0.714,ocr:lowconf,data/fy09/transparency-resolutions/review-crops/r02-p021-row02-ein.png
2,21,5,amount,"$300,000.00",0.591,ocr:lowconf,data/fy09/transparency-resolutions/review-crops/r02-p021-row05-amount.png
2,22,1,organization,Upper Manhattan Council Assisting Neighbors,0.799,ocr:lowconf,data/fy09/transparency-resolutions/review-crops/r02-p022-row01-organization.png
2,22,1,ein,13-4042093,0.791,ocr:lowconf,data/fy09/transparency-resolutions/review-crops/r02-p022-row01-ein.png
2,22,1,amount,"$60,000.00",0.797,ocr:lowconf,data/fy09/transparency-resolutions/review-crops/r02-p022-row01-amount.png
2,22,2,ein,13-3591350,0.744,ocr:lowconf,data/fy09/transparency-resolutions/review-crops/r02-p022-row02-ein.png
2,22,3,organization,St. Nicholas Neighborhood Preservation Corporation,0.65,ocr:lowconf,data/fy09/transparency-resolutions/review-crops/r02-p022-row03-organization.png
2,22,4,organization,"United Jewish Organizations of Williamsburg, Inc.",0.765,ocr:lowconf,data/fy09/transparency-resolutions/review-crops/r02-p022-row04-organization.png
2,22,5,organization,"Caribbean American Chamber of Commerce & Industry, Inc.",0.614,ocr:lowconf,data/fy09/transparency-resolutions/review-crops/r02-p022-row05-organization.png
2,22,6,amount,"$30,000.00",0.613,ocr:lowconf,data/fy09/transparency-resolutions/review-crops/r02-p022-row06-amount.png
2,22,8,ein,13-4069282,0.788,ocr:lowconf,data/fy09/transparency-resolutions/review-crops/r02-p022-row08-ein.png
2,23,0,amount,"$29,262.45",0.997,ocr:amt,data/fy09/transparency-resolutions/review-crops/r02-p023-row00-amount.png
2,23,0,organization,Belmont Arthur Avenue Local Development Organization,0.578,ocr:lowconf,data/fy09/transparency-resolutions/review-crops/r02-p023-row00-organization.png
2,23,1,amount,"$8,881.78",0.932,ocr:amt,data/fy09/transparency-resolutions/review-crops/r02-p023-row01-amount.png
2,23,2,amount,"$22,204.48",0.642,ocr:amt,data/fy09/transparency-resolutions/review-crops/r02-p023-row02-amount.png
2,23,2,amount,"$22,204.48",0.642,ocr:lowconf,data/fy09/transparency-resolutions/review-crops/r02-p023-row02-amount.png
2,23,3,amount,"$19,200.28",1.0,ocr:amt,data/fy09/transparency-resolutions/review-crops/r02-p023-row03-amount.png
2,23,4,amount,"$8,881.78",0.995,ocr:amt,data/fy09/transparency-resolutions/review-crops/r02-p023-row04-amount.png
2,23,4,organization,"Brooklyn Housing and Family Services, Inc.",0.566,ocr:lowconf,data/fy09/transparency-resolutions/review-crops/r02-p023-row04-organization.png
2,23,5,amount,"$39,723.50",0.993,ocr:amt,data/fy09/transparency-resolutions/review-crops/r02-p023-row05-amount.png
2,23,5,organization,"Central Astoria Local Development Coalition, Inc.",0.642,ocr:lowconf,data/fy09/transparency-resolutions/review-crops/r02-p023-row05-organization.png
2,23,6,agency,HPD,0.782,ocr:lowconf,data/fy09/transparency-resolutions/review-crops/r02-p023-row06-agency.png
2,23,7,organization,"City-Wide Task Force on Housing Court, Inc.",0.729,ocr:lowconf,data/fy09/transparency-resolutions/review-crops/r02-p023-row07-organization.png
2,23,8,organization,"Clinton Housing Development Company, Inc.",0.545,ocr:lowconf,data/fy09/transparency-resolutions/review-crops/r02-p023-row08-organization.png
2,23,10,ein,13-3248777,0.523,ocr:lowconf,data/fy09/transparency-resolutions/review-crops/r02-p023-row10-ein.png
2,23,11,amount,"$17,347.69",0.999,ocr:amt,data/fy09/transparency-resolutions/review-crops/r02-p023-row11-amount.png
2,23,13,ein,13-2915659,0.593,ocr:lowconf,data/fy09/transparency-resolutions/review-crops/r02-p023-row13-ein.png
2,23,14,amount,"$13,536.98",0.999,ocr:amt,data/fy09/transparency-resolutions/review-crops/r02-p023-row14-amount.png
2,23,14,ein,11-2498292,0.599,ocr:lowconf,data/fy09/transparency-resolutions/review-crops/r02-p023-row14-ein.png
2,23,15,amount,"$10,658. 15",1.0,ocr:amt,data/fy09/transparency-resolutions/review-crops/r02-p023-row15-amount.png
2,23,15,organization,Greater Ridgewood Restoration Corporation,0.676,ocr:lowconf,data/fy09/transparency-resolutions/review-crops/r02-p023-row15-organization.png
2,23,16,amount,"$13,895.08",1.0,ocr:amt,data/fy09/transparency-resolutions/review-crops/r02-p023-row16-amount.png
2,23,16,organization,Greater Sheepshead Bay Development Corporation,0.648,ocr:lowconf,data/fy09/transparency-resolutions/review-crops/r02-p023-row16-organization.png
2,23,18,organization,"Harlem Congregations for Community Improvement, Inc.",0.523,ocr:lowconf,data/fy09/transparency-resolutions/review-crops/r02-p023-row18-organization.png
2,23,18,amount,"$10,000.00",0.719,ocr:lowconf,data/fy09/transparency-resolutions/review-crops/r02-p023-row18-amount.png
2,23,20,organization,"Lenox Hill Neighborhood House, Inc.",0.613,ocr:lowconf,data/fy09/transparency-resolutions/review-crops/r02-p023-row20-organization.png
2,23,22,organization,"Mount Hope Housing Company, Inc., The",0.757,ocr:lowconf,data/fy09/transparency-resolutions/review-crops/r02-p023-row22-organization.png
2,23,23,amount,"$16,695.22",1.0,ocr:amt,data/fy09/transparency-resolutions/review-crops/r02-p023-row23-amount.png
2,23,24,amount,"$23,994. .94",0.825,ocr:amt,data/fy09/transparency-resolutions/review-crops/r02-p023-row24-amount.png
2,23,25,amount,"$17,960.50",1.0,ocr:amt,data/fy09/transparency-resolutions/review-crops/r02-p023-row25-amount.png
2,23,26,amount,"$20,270.03",0.721,ocr:amt,data/fy09/transparency-resolutions/review-crops/r02-p023-row26-amount.png
2,23,26,organization,Neighborhood Housing Services WOW,0.664,ocr:lowconf,data/fy09/transparency-resolutions/review-crops/r02-p023-row26-organization.png
2,23,26,ein,13-3098397,0.781,ocr:lowconf,data/fy09/transparency-resolutions/review-crops/r02-p023-row26-ein.png
2,23,26,amount,"$20,270.03",0.721,ocr:lowconf,data/fy09/transparency-resolutions/review-crops/r02-p023-row26-amount.png
2,23,27,ein,13-3110811,0.542,ocr:lowconf,data/fy09/transparency-resolutions/review-crops/r02-p023-row27-ein.png
2,23,28,amount,"$18,264.08",1.0,ocr:amt,data/fy09/transparency-resolutions/review-crops/r02-p023-row28-amount.png
2,23,28,organization,North Brooklyn Development Corporation,0.746,ocr:lowconf,data/fy09/transparency-resolutions/review-crops/r02-p023-row28-organization.png
2,23,29,organization,"Northfield Community LDC of Staten Island, Inc.",0.739,ocr:lowconf,data/fy09/transparency-resolutions/review-crops/r02-p023-row29-organization.png
2,23,30,amount,"$31,086.08",0.921,ocr:amt,data/fy09/transparency-resolutions/review-crops/r02-p023-row30-amount.png
2,23,30,organization,Northwest Bronx Community and Clergy Coalition for Sistas and Brothas United,0.747,ocr:lowconf,data/fy09/transparency-resolutions/review-crops/r02-p023-row30-organization.png
2,23,31,amount,"$19,962.60",0.999,ocr:amt,data/fy09/transparency-resolutions/review-crops/r02-p023-row31-amount.png
2,23,31,ein,11-2470566,0.727,ocr:lowconf,data/fy09/transparency-resolutions/review-crops/r02-p023-row31-ein.png
2,23,32,amount,"$13,114.30",0.985,ocr:amt,data/fy09/transparency-resolutions/review-crops/r02-p023-row32-amount.png
2,23,32,organization,Polonians Organized to Minister Our Community (POMOC),0.788,ocr:lowconf,data/fy09/transparency-resolutions/review-crops/r02-p023-row32-organization.png
2,23,32,ein,11-2594500,0.536,ocr:lowconf,data/fy09/transparency-resolutions/review-crops/r02-p023-row32-ein.png
2,23,33,amount,"$13,114.30",0.999,ocr:amt,data/fy09/transparency-resolutions/review-crops/r02-p023-row33-amount.png
2,23,33,organization,"Pratt Area Community Council, Inc.",0.689,ocr:lowconf,data/fy09/transparency-resolutions/review-crops/r02-p023-row33-organization.png
2,23,36,amount,"$13,766.80",1.0,ocr:amt,data/fy09/transparency-resolutions/review-crops/r02-p023-row36-amount.png
2,23,36,organization,"Queens Community House, Inc.",0.565,ocr:lowconf,data/fy09/transparency-resolutions/review-crops/r02-p023-row36-organization.png
2,23,37,amount,"$22,403.44",0.999,ocr:amt,data/fy09/transparency-resolutions/review-crops/r02-p023-row37-amount.png
2,23,37,organization,"Queens Community House, Inc.",0.505,ocr:lowconf,data/fy09/transparency-resolutions/review-crops/r02-p023-row37-organization.png
2,23,38,amount,"$13,114.30",0.998,ocr:amt,data/fy09/transparency-resolutions/review-crops/r02-p023-row38-amount.png
2,23,40,amount,"$14,904.90",0.747,ocr:amt,data/fy09/transparency-resolutions/review-crops/r02-p023-row40-amount.png
2,23,40,organization,"Staten Island Center for Independent Living, Inc.",0.669,ocr:lowconf,data/fy09/transparency-resolutions/review-crops/r02-p023-row40-organization.png
2,23,40,amount,"$14,904.90",0.747,ocr:lowconf,data/fy09/transparency-resolutions/review-crops/r02-p023-row40-amount.png
2,23,41,organization,"Strycker's Bay Neighborhood Council, Inc.",0.588,ocr:lowconf,data/fy09/transparency-resolutions/review-crops/r02-p023-row41-organization.png
2,24,1,organization,Upper Manhattan Council Assiting Neighbors,0.546,ocr:lowconf,data/fy09/transparency-resolutions/review-crops/r02-p024-row01-organization.png
2,24,2,amount,"$13,114.30",0.998,ocr:amt,data/fy09/transparency-resolutions/review-crops/r02-p024-row02-amount.png
2,24,3,amount,"$13,114.30",1.0,ocr:amt,data/fy09/transparency-resolutions/review-crops/r02-p024-row03-amount.png
2,24,3,organization,Vanguard Urban Improvement Association,0.796,ocr:lowconf,data/fy09/transparency-resolutions/review-crops/r02-p024-row03-organization.png
2,24,4,amount,"$22,204.29",1.0,ocr:amt,data/fy09/transparency-resolutions/review-crops/r02-p024-row04-amount.png
2,24,6,amount,"$29,305.45",1.0,ocr:amt,data/fy09/transparency-resolutions/review-crops/r02-p024-row06-amount.png
3,10,0,organization,"City Solve Systems, Inc",0.762,ocr:lowconf,data/fy09/transparency-resolutions/review-crops/r03-p010-row00-organization.png
3,10,0,status,Denial Pending,0.509,ocr:lowconf,data/fy09/transparency-resolutions/review-crops/r03-p010-row00-status.png
3,10,1,organization,City Solve Systems. Inc,0.596,ocr:lowconf,data/fy09/transparency-resolutions/review-crops/r03-p010-row01-organization.png
3,10,1,conduit_org,Samuel Field YM & YWHA. Inc,0.697,ocr:lowconf,data/fy09/transparency-resolutions/review-crops/r03-p010-row01-conduit_org.png
3,10,1,status,Denal Pending,0.582,ocr:lowconf,data/fy09/transparency-resolutions/review-crops/r03-p010-row01-status.png
3,10,2,amount,"($40, .000.00)",0.866,ocr:amt,data/fy09/transparency-resolutions/review-crops/r03-p010-row02-amount.png
3,10,2,status,Government Entty,0.502,ocr:lowconf,data/fy09/transparency-resolutions/review-crops/r03-p010-row02-status.png
3,10,3,organization,Davidson Community Center. Inc,0.778,ocr:lowconf,data/fy09/transparency-resolutions/review-crops/r03-p010-row03-organization.png
3,10,3,amount,"($25,000.00)",0.503,ocr:lowconf,data/fy09/transparency-resolutions/review-crops/r03-p010-row03-amount.png
3,10,4,ein,13-6400434,0.556,ocr:lowconf,data/fy09/transparency-resolutions/review-crops/r03-p010-row04-ein.png
3,10,4,amount,"($10,000.00)",0.538,ocr:lowconf,data/fy09/transparency-resolutions/review-crops/r03-p010-row04-amount.png
3,10,5,agency,DOE,0.614,ocr:lowconf,data/fy09/transparency-resolutions/review-crops/r03-p010-row05-agency.png
3,10,6,ein,,1.0,ocr:ein,data/fy09/transparency-resolutions/review-crops/r03-p010-row06-ein.png
3,10,6,organization,46th Precinct Community Council,0.693,ocr:lowconf,data/fy09/transparency-resolutions/review-crops/r03-p010-row06-organization.png
3,10,6,star,.,0.677,ocr:lowconf,data/fy09/transparency-resolutions/review-crops/r03-p010-row06-star.png
3,10,7,status,Government Entity,0.585,ocr:lowconf,data/fy09/transparency-resolutions/review-crops/r03-p010-row07-status.png
3,10,8,status,Government Entity,0.678,ocr:lowconf,data/fy09/transparency-resolutions/review-crops/r03-p010-row08-status.png
3,10,9,organization,Intermediate School 117X,0.56,ocr:lowconf,data/fy09/transparency-resolutions/review-crops/r03-p010-row09-organization.png
3,10,9,status,Government Entty,0.515,ocr:lowconf,data/fy09/transparency-resolutions/review-crops/r03-p010-row09-status.png
3,10,14,organization,Songs of Love Foundation,0.779,ocr:lowconf,data/fy09/transparency-resolutions/review-crops/r03-p010-row14-organization.png
3,10,14,amount,"$1,200.00",0.598,ocr:lowconf,data/fy09/transparency-resolutions/review-crops/r03-p010-row14-amount.png
3,10,15,organization,"Murray! Hill Committee, Inc.",0.698,ocr:lowconf,data/fy09/transparency-resolutions/review-crops/r03-p010-row15-organization.png
3,10,15,status,Missing PQL Application,0.615,ocr:lowconf,data/fy09/transparency-resolutions/review-crops/r03-p010-row15-status.png
3,10,16,organization,"Murray Hill Neighborhood Association, Inc.",0.601,ocr:lowconf,data/fy09/transparency-resolutions/review-crops/r03-p010-row16-organization.png
3,10,16,status,Missing PQL Application,0.791,ocr:lowconf,data/fy09/transparency-resolutions/review-crops/r03-p010-row16-status.png
3,10,17,organization,Neighborhood Housing Services of New York City. Inc,0.486,ocr:lowconf,data/fy09/transparency-resolutions/review-crops/r03-p010-row17-organization.png
3,10,18,organization,"Neighborhood Housing Services of Jamaica, Inc.",0.654,ocr:lowconf,data/fy09/transparency-resolutions/review-crops/r03-p010-row18-organization.png
3,10,20,organization,"Neighborhood Housing Services of East Flatbush, Inc.",0.57,ocr:lowconf,data/fy09/transparency-resolutions/review-crops/r03-p010-row20-organization.png
3,10,21,status,S10K PQL Not Required,0.627,ocr:lowconf,data/fy09/transparency-resolutions/review-crops/r03-p010-row21-status.png
3,10,22,member,Fidier,0.655,ocr:lowconf,data/fy09/transparency-resolutions/review-crops/r03-p010-row22-member.png
3,10,22,conduit_org,Bergen Basin Community Development Corporation d/b/a Millennium Development,0.61,ocr:lowconf,data/fy09/transparency-resolutions/review-crops/r03-p010-row22-conduit_org.png
3,10,22,status,S10K- PQL Not Required,0.543,ocr:lowconf,data/fy09/transparency-resolutions/review-crops/r03-p010-row22-status.png
3,10,22,star,-,0.47,ocr:lowconf,data/fy09/transparency-resolutions/review-crops/r03-p010-row22-star.png
3,14,0,organization,Alliance for Community Services,0.589,ocr:lowconf,data/fy09/transparency-resolutions/review-crops/r03-p014-row00-organization.png
3,14,0,amount,"($51,714.00)",0.647,ocr:lowconf,data/fy09/transparency-resolutions/review-crops/r03-p014-row00-amount.png
3,14,1,organization,"One Stop Richmond Hill Block Association, Inc",0.502,ocr:lowconf,data/fy09/transparency-resolutions/review-crops/r03-p014-row01-organization.png
3,14,1,amount,"($4,000.00)",0.795,ocr:lowconf,data/fy09/transparency-resolutions/review-crops/r03-p014-row01-amount.png
3,14,1,status,S10K- PQL Not Required,0.757,ocr:lowconf,data/fy09/transparency-resolutions/review-crops/r03-p014-row01-status.png
3,14,3,organization,Liberty Belles AAU Basketball Club,0.735,ocr:lowconf,data/fy09/transparency-resolutions/review-crops/r03-p014-row03-organization.png
3,14,3,conduit_org,"Maspeth Town Hall, Inc.",0.63,ocr:lowconf,data/fy09/transparency-resolutions/review-crops/r03-p014-row03-conduit_org.png
3,14,3,status,S10K- PQL Not Required,0.512,ocr:lowconf,data/fy09/transparency-resolutions/review-crops/r03-p014-row03-status.png
3,14,4,organization,"Maspeth Town Hall, Inc.",0.766,ocr:lowconf,data/fy09/transparency-resolutions/review-crops/r03-p014-row04-organization.png
3,16,0,amount,"($31,250. .00)",0.736,ocr:amt,data/fy09/transparency-resolutions/review-crops/r03-p016-row00-amount.png
3,16,0,organization,Dominican Women's Development Center,0.674,ocr:lowconf,data/fy09/transparency-resolutions/review-crops/r03-p016-row00-organization.png
3,16,0,amount,"($31,250. .00)",0.736,ocr:lowconf,data/fy09/transparency-resolutions/review-crops/r03-p016-row00-amount.png
3,16,1,member,Martinez,0.762,ocr:lowconf,data/fy09/transparency-resolutions/review-crops/r03-p016-row01-member.png
3,16,1,organization,Northern Manhattan Improvement Corporation,0.673,ocr:lowconf,data/fy09/transparency-resolutions/review-crops/r03-p016-row01-organization.png
3,16,2,organization,Bedford Stuyvesant Family Health Center,0.679,ocr:lowconf,data/fy09/transparency-resolutions/review-crops/r03-p016-row02-organization.png
3,16,3,organization,Brownsville Community Development Corporation (d/b/a/ BMS Family Health Center) (BMSFHC),0.604,ocr:lowconf,data/fy09/transparency-resolutions/review-crops/r03-p016-row03-organization.png
3,16,5,status,Application Pending,0.567,ocr:lowconf,data/fy09/transparency-resolutions/review-crops/r03-p016-row05-status.png
3,16,6,amount,"($18,750.00)",0.541,ocr:lowconf,data/fy09/transparency-resolutions/review-crops/r03-p016-row06-amount.png
3,18,0,amount,"($19,362.74)",0.986,ocr:amt,data/fy09/transparency-resolutions/review-crops/r03-p018-row00-amount.png
3,18,1,amount,"$19,362.74",0.999,ocr:amt,data/fy09/transparency-resolutions/review-crops/r03-p018-row01-amount.png
3,18,1,organization,"Children's Art Camival, Inc., The",0.537,ocr:lowconf,data/fy09/transparency-resolutions/review-crops/r03-p018-row01-organization.png
3,18,2,amount,"($19,362.74)",0.991,ocr:amt,data/fy09/transparency-resolutions/review-crops/r03-p018-row02-amount.png
3,18,2,organization,Ballet Hispanico,0.548,ocr:lowconf,data/fy09/transparency-resolutions/review-crops/r03-p018-row02-organization.png
3,18,3,amount,"$19,362.74",0.999,ocr:amt,data/fy09/transparency-resolutions/review-crops/r03-p018-row03-amount.png
3,18,3,organization,"Lincoln Center for the Performing Arts, Inc.",0.657,ocr:lowconf,data/fy09/transparency-resolutions/review-crops/r03-p018-row03-organization.png
3,20,0,organization,Educational Alliance. Inc. The Lillian Waid Houses,0.659,ocr:lowconf,data/fy09/transparency-resolutions/review-crops/r03-p020-row00-organization.png
3,20,0,amount,"($30,000.00)",0.713,ocr:lowconf,data/fy09/transparency-resolutions/review-crops/r03-p020-row00-amount.png
3,20,1,organization,"Educational Alliance, Inc. The Sirovich Center",0.764,ocr:lowconf,data/fy09/transparency-resolutions/review-crops/r03-p020-row01-organization.png
3,20,1,amount,"$30,000.00",0.717,ocr:lowconf,data/fy09/transparency-resolutions/review-crops/r03-p020-row01-amount.png
3,20,2,organization,"Self Help Community Services, Inc.",0.58,ocr:lowconf,data/fy09/transparency-resolutions/review-crops/r03-p020-row02-organization.png
3,20,2,ein,13-1624178,0.524,ocr:lowconf,data/fy09/transparency-resolutions/review-crops/r03-p020-row02-ein.png
3,20,2,amount,"($30,000.00)",0.65,ocr:lowconf,data/fy09/transparency-resolutions/review-crops/r03-p020-row02-amount.png
3,20,3,organization,"Self Help Community Services, Inc. Austin Street Senior Center",0.585,ocr:lowconf,data/fy09/transparency-resolutions/review-crops/r03-p020-row03-organization.png
3,22,0,amount,"$15,200.47",0.98,ocr:amt,data/fy09/transparency-resolutions/review-crops/r03-p022-row00-amount.png
3,22,0,organization,"Asian American Consulting Services, Inc.",0.547,ocr:lowconf,data/fy09/transparency-resolutions/review-crops/r03-p022-row00-organization.png
3,22,1,amount,"$15,200.47",1.0,ocr:amt,data/fy09/transparency-resolutions/review-crops/r03-p022-row01-amount.png
3,22,1,organization,"Aspira of New York, Inc.",0.648,ocr:lowconf,data/fy09/transparency-resolutions/review-crops/r03-p022-row01-organization.png
3,22,1,ein,13-6204790,0.653,ocr:lowconf,data/fy09/transparency-resolutions/review-crops/r03-p022-row01-ein.png
3,22,2,amount,"$8,774.66",0.999,ocr:amt,data/fy09/transparency-resolutions/review-crops/r03-p022-row02-amount.png
3,22,3,amount,"$15,200.47",0.997,ocr:amt,data/fy09/transparency-resolutions/review-crops/r03-p022-row03-amount.png
3,22,4,amount,"$15,200.47",0.877,ocr:amt,data/fy09/transparency-resolutions/review-crops/r03-p022-row04-amount.png
3,22,5,amount,"$11,878.40",0.977,ocr:amt,data/fy09/transparency-resolutions/review-crops/r03-p022-row05-amount.png
3,22,5,organization,"Chinese American Planning Council, Inc.",0.492,ocr:lowconf,data/fy09/transparency-resolutions/review-crops/r03-p022-row05-organization.png
3,22,6,amount,"$15,200.47",1.0,ocr:amt,data/fy09/transparency-resolutions/review-crops/r03-p022-row06-amount.png
3,22,7,amount,"$15,200.47",1.0,ocr:amt,data/fy09/transparency-resolutions/review-crops/r03-p022-row07-amount.png
3,22,8,amount,"$15,200.47",0.999,ocr:amt,data/fy09/transparency-resolutions/review-crops/r03-p022-row08-amount.png
3,22,9,amount,"$69,087.22",0.928,ocr:amt,data/fy09/transparency-resolutions/review-crops/r03-p022-row09-amount.png
3,22,10,organization,El Puente de Williamsburg,0.514,ocr:lowconf,data/fy09/transparency-resolutions/review-crops/r03-p022-row10-organization.png
3,22,10,amount,"$175,000.00",0.75,ocr:lowconf,data/fy09/transparency-resolutions/review-crops/r03-p022-row10-amount.png
3,22,11,amount,"$15,200.47",0.998,ocr:amt,data/fy09/transparency-resolutions/review-crops/r03-p022-row11-amount.png
3,22,11,organization,"Federation Employment and Guidance Service (FEGS), Inc.",0.614,ocr:lowconf,data/fy09/transparency-resolutions/review-crops/r03-p022-row11-organization.png
3,22,12,amount,"$57,837.15",0.984,ocr:amt,data/fy09/transparency-resolutions/review-crops/r03-p022-row12-amount.png
3,22,12,organization,"Federation of Italian American Organizations of Brooklyn, Ltd.",0.587,ocr:lowconf,data/fy09/transparency-resolutions/review-crops/r03-p022-row12-organization.png
3,22,13,amount,"$15,200.47",0.998,ocr:amt,data/fy09/transparency-resolutions/review-crops/r03-p022-row13-amount.png
3,22,13,organization,"Friends of Island Academy, Inc.",0.769,ocr:lowconf,data/fy09/transparency-resolutions/review-crops/r03-p022-row13-organization.png
3,22,14,amount,"$15,200.47",0.905,ocr:amt,data/fy09/transparency-resolutions/review-crops/r03-p022-row14-amount.png
3,22,15,amount,"$15,200.47",0.915,ocr:amt,data/fy09/transparency-resolutions/review-crops/r03-p022-row15-amount.png
3,22,15,organization,Henry Street Settlement,0.561,ocr:lowconf,data/fy09/transparency-resolutions/review-crops/r03-p022-row15-organization.png
3,22,15,ein,13-1562242,0.709,ocr:lowconf,data/fy09/transparency-resolutions/review-crops/r03-p022-row15-ein.png
3,22,15,status,Cleared,0.751,ocr:lowconf,data/fy09/transparency-resolutions/review-crops/r03-p022-row15-status.png
3,22,16,amount,"$8,774.66",0.988,ocr:amt,data/fy09/transparency-resolutions/review-crops/r03-p022-row16-amount.png
3,22,16,organization,"Hetrick-Martin Institute, Inc.",0.754,ocr:lowconf,data/fy09/transparency-resolutions/review-crops/r03-p022-row16-organization.png
3,22,17,amount,"$8,774.66",0.997,ocr:amt,data/fy09/transparency-resolutions/review-crops/r03-p022-row17-amount.png
3,22,17,organization,"Jacob A. Riis Neighborhood Settlement House, Inc.",0.623,ocr:lowconf,data/fy09/transparency-resolutions/review-crops/r03-p022-row17-organization.png
3,22,17,ein,11-1729398,0.569,ocr:lowconf,data/fy09/transparency-resolutions/review-crops/r03-p022-row17-ein.png
3,22,18,amount,"$27,342.90",0.995,ocr:amt,data/fy09/transparency-resolutions/review-crops/r03-p022-row18-amount.png
3,22,18,organization,"La Asociacion Benefica Cultural Father Billini, Inc.",0.515,ocr:lowconf,data/fy09/transparency-resolutions/review-crops/r03-p022-row18-organization.png
3,22,19,amount,"$8,774.66",0.998,ocr:amt,data/fy09/transparency-resolutions/review-crops/r03-p022-row19-amount.png
3,22,20,amount,"$32,599.95",1.0,ocr:amt,data/fy09/transparency-resolutions/review-crops/r03-p022-row20-amount.png
3,22,20,status,Application Pending,0.516,ocr:lowconf,data/fy09/transparency-resolutions/review-crops/r03-p022-row20-status.png
3,22,21,amount,"$15,200.47",0.984,ocr:amt,data/fy09/transparency-resolutions/review-crops/r03-p022-row21-amount.png
3,22,21,organization,Midwood Development Corporation,0.523,ocr:lowconf,data/fy09/transparency-resolutions/review-crops/r03-p022-row21-organization.png
3,22,21,ein,11-2420752,0.555,ocr:lowconf,data/fy09/transparency-resolutions/review-crops/r03-p022-row21-ein.png
3,22,22,amount,"$8,774.66",0.999,ocr:amt,data/fy09/transparency-resolutions/review-crops/r03-p022-row22-amount.png
3,22,23,amount,"$15,200.47",0.709,ocr:amt,data/fy09/transparency-resolutions/review-crops/r03-p022-row23-amount.png
3,22,23,amount,"$15,200.47",0.709,ocr:lowconf,data/fy09/transparency-resolutions/review-crops/r03-p022-row23-amount.png
3,22,24,amount,"$34,999.60",0.999,ocr:amt,data/fy09/transparency-resolutions/review-crops/r03-p022-row24-amount.png
3,22,24,organization,Phipps Community Development,0.528,ocr:lowconf,data/fy09/transparency-resolutions/review-crops/r03-p022-row24-organization.png
3,22,25,amount,"$35,058.15",0.995,ocr:amt,data/fy09/transparency-resolutions/review-crops/r03-p022-row25-amount.png
3,22,25,ein,11-2375583,0.579,ocr:lowconf,data/fy09/transparency-resolutions/review-crops/r03-p022-row25-ein.png
3,22,26,amount,"$15,794.69",1.0,ocr:amt,data/fy09/transparency-resolutions/review-crops/r03-p022-row26-amount.png
3,22,26,organization,"Queens Community House, Inc.",0.692,ocr:lowconf,data/fy09/transparency-resolutions/review-crops/r03-p022-row26-organization.png
3,22,27,amount,"$8,774.66",0.833,ocr:amt,data/fy09/transparency-resolutions/review-crops/r03-p022-row27-amount.png
3,22,28,amount,"$24,649.91",0.994,ocr:amt,data/fy09/transparency-resolutions/review-crops/r03-p022-row28-amount.png
3,22,29,amount,"$8,774.66",0.999,ocr:amt,data/fy09/transparency-resolutions/review-crops/r03-p022-row29-amount.png
3,22,30,amount,"$15,200.47",1.0,ocr:amt,data/fy09/transparency-resolutions/review-crops/r03-p022-row30-amount.png
3,22,30,organization,"School Settlement Associaton, Inc.",0.611,ocr:lowconf,data/fy09/transparency-resolutions/review-crops/r03-p022-row30-organization.png
3,22,31,amount,"$15,200.47",1.0,ocr:amt,data/fy09/transparency-resolutions/review-crops/r03-p022-row31-amount.png
3,22,32,amount,"$15,200.47",1.0,ocr:amt,data/fy09/transparency-resolutions/review-crops/r03-p022-row32-amount.png
3,22,32,ein,13-5563010,0.538,ocr:lowconf,data/fy09/transparency-resolutions/review-crops/r03-p022-row32-ein.png
3,22,33,amount,"$15,200.47",0.998,ocr:amt,data/fy09/transparency-resolutions/review-crops/r03-p022-row33-amount.png
3,22,34,amount,"$15,200.47",0.992,ocr:amt,data/fy09/transparency-resolutions/review-crops/r03-p022-row34-amount.png
3,22,35,amount,"$57,800.15",0.983,ocr:amt,data/fy09/transparency-resolutions/review-crops/r03-p022-row35-amount.png
3,22,36,amount,"$15,200.47",0.997,ocr:amt,data/fy09/transparency-resolutions/review-crops/r03-p022-row36-amount.png
3,22,36,organization,"Variety Boys and Giris Club of Queens, Inc.",0.585,ocr:lowconf,data/fy09/transparency-resolutions/review-crops/r03-p022-row36-organization.png
3,22,36,status,Missing PQL Appllication,0.671,ocr:lowconf,data/fy09/transparency-resolutions/review-crops/r03-p022-row36-status.png
3,22,37,amount,"$15,200. .47",0.626,ocr:amt,data/fy09/transparency-resolutions/review-crops/r03-p022-row37-amount.png
3,22,37,amount,"$15,200. .47",0.626,ocr:lowconf,data/fy09/transparency-resolutions/review-crops/r03-p022-row37-amount.png
3,22,38,amount,"$57,830. 15",0.957,ocr:amt,data/fy09/transparency-resolutions/review-crops/r03-p022-row38-amount.png
3,22,39,amount,"$8,774.66",0.999,ocr:amt,data/fy09/transparency-resolutions/review-crops/r03-p022-row39-amount.png
3,22,40,amount,"$25,915.05",0.999,ocr:amt,data/fy09/transparency-resolutions/review-crops/r03-p022-row40-amount.png
3,24,1,organization,"Chinatown Manpower Project, Inc.",0.669,ocr:lowconf,data/fy09/transparency-resolutions/review-crops/r03-p024-row01-organization.png
3,24,1,ein,13-2755214,0.562,ocr:lowconf,data/fy09/transparency-resolutions/review-crops/r03-p024-row01-ein.png
3,24,3,ein,13-3850823,0.591,ocr:lowconf,data/fy09/transparency-resolutions/review-crops/r03-p024-row03-ein.png
3,24,4,amount,"$83,000.00",0.701,ocr:lowconf,data/fy09/transparency-resolutions/review-crops/r03-p024-row04-amount.png
3,24,5,organization,East Wiliamsburg Valley Industrial Development Corporation (EWWIDCO),0.541,ocr:lowconf,data/fy09/transparency-resolutions/review-crops/r03-p024-row05-organization.png
3,24,6,organization,Federation Employment and Guidance Service (FEGS). Inc.,0.581,ocr:lowconf,data/fy09/transparency-resolutions/review-crops/r03-p024-row06-organization.png
3,24,6,ein,13-1624000,0.51,ocr:lowconf,data/fy09/transparency-resolutions/review-crops/r03-p024-row06-ein.png
3,24,7,organization,"Fifth Avenue Committee, Inc. - Brooklyn Workforce Innovations",0.499,ocr:lowconf,data/fy09/transparency-resolutions/review-crops/r03-p024-row07-organization.png
3,24,8,organization,"Fortune Society, Inc. The",0.59,ocr:lowconf,data/fy09/transparency-resolutions/review-crops/r03-p024-row08-organization.png
3,24,9,organization,"Fund for the City of New York, Inc. - Center for Court Innovations",0.567,ocr:lowconf,data/fy09/transparency-resolutions/review-crops/r03-p024-row09-organization.png
3,24,11,amount,"$105,000.00",0.587,ocr:lowconf,data/fy09/transparency-resolutions/review-crops/r03-p024-row11-amount.png
3,24,14,organization,"Per Scholas, Inc.",0.793,ocr:lowconf,data/fy09/transparency-resolutions/review-crops/r03-p024-row14-organization.png
3,24,15,ein,,1.0,ocr:ein,data/fy09/transparency-resolutions/review-crops/r03-p024-row15-ein.png
3,24,15,organization,Queens Educational Opportunity Center - SUNY,0.69,ocr:lowconf,data/fy09/transparency-resolutions/review-crops/r03-p024-row15-organization.png
3,24,17,status,Government Entity,0.649,ocr:lowconf,data/fy09/transparency-resolutions/review-crops/r03-p024-row17-status.png
3,26,0,organization,"Asian Women in Business, Inc.",0.683,ocr:lowconf,data/fy09/transparency-resolutions/review-crops/r03-p026-row00-organization.png
3,26,0,star,*,0.396,ocr:lowconf,data/fy09/transparency-resolutions/review-crops/r03-p026-row00-star.png
3,26,1,amount,"$70,000.00",0.785,ocr:lowconf,data/fy09/transparency-resolutions/review-crops/r03-p026-row01-amount.png
3,26,2,organization,"Caribbean American Chamber of Commerce and Industry, Inc.",0.69,ocr:lowconf,data/fy09/transparency-resolutions/review-crops/r03-p026-row02-organization.png
3,26,2,ein,11-2903423,0.769,ocr:lowconf,data/fy09/transparency-resolutions/review-crops/r03-p026-row02-ein.png
3,26,3,ein,13-3591350,0.768,ocr:lowconf,data/fy09/transparency-resolutions/review-crops/r03-p026-row03-ein.png
3,26,4,organization,New York State Chapter of the National Association of Minority Contractors,0.693,ocr:lowconf,data/fy09/transparency-resolutions/review-crops/r03-p026-row04-organization.png
3,26,4,ein,20-8574186,0.693,ocr:lowconf,data/fy09/transparency-resolutions/review-crops/r03-p026-row04-ein.png
3,26,5,amount,"$80,000.00",0.577,ocr:lowconf,data/fy09/transparency-resolutions/review-crops/r03-p026-row05-amount.png
3,26,7,organization,"One Hundred Black Men, Inc.",0.568,ocr:lowconf,data/fy09/transparency-resolutions/review-crops/r03-p026-row07-organization.png
3,26,8,amount,"$190,000.00",0.546,ocr:lowconf,data/fy09/transparency-resolutions/review-crops/r03-p026-row08-amount.png
3,26,8,status,Government Entity,0.618,ocr:lowconf,data/fy09/transparency-resolutions/review-crops/r03-p026-row08-status.png
3,26,9,organization,South Bronx Overall Economic Development Corporation (SOBRO),0.787,ocr:lowconf,data/fy09/transparency-resolutions/review-crops/r03-p026-row09-organization.png
3,26,9,ein,13-2736022,0.789,ocr:lowconf,data/fy09/transparency-resolutions/review-crops/r03-p026-row09-ein.png
3,26,10,organization,St. Nicholas Neighborhood Preservation Corporation,0.502,ocr:lowconf,data/fy09/transparency-resolutions/review-crops/r03-p026-row10-organization.png
3,26,10,ein,51-0192170,0.699,ocr:lowconf,data/fy09/transparency-resolutions/review-crops/r03-p026-row10-ein.png
3,26,11,organization,Upper Manhattan Council Assisting Neighbors,0.718,ocr:lowconf,data/fy09/transparency-resolutions/review-crops/r03-p026-row11-organization.png
3,26,11,status,Application Pending,0.67,ocr:lowconf,data/fy09/transparency-resolutions/review-crops/r03-p026-row11-status.png
3,26,12,organization,West Brighton Community Local Development Corporation,0.514,ocr:lowconf,data/fy09/transparency-resolutions/review-crops/r03-p026-row12-organization.png
3,28,0,status,Application Pending,0.76,ocr:lowconf,data/fy09/transparency-resolutions/review-crops/r03-p028-row00-status.png
3,28,1,ein,51-0135262,0.514,ocr:lowconf,data/fy09/transparency-resolutions/review-crops/r03-p028-row01-ein.png
3,28,1,status,Application Pending,0.594,ocr:lowconf,data/fy09/transparency-resolutions/review-crops/r03-p028-row01-status.png
3,28,2,agency,DCA,0.621,ocr:lowconf,data/fy09/transparency-resolutions/review-crops/r03-p028-row02-agency.png
3,28,2,status,Application Pending,0.753,ocr:lowconf,data/fy09/transparency-resolutions/review-crops/r03-p028-row02-status.png
3,28,2,star,*,0.772,ocr:lowconf,data/fy09/transparency-resolutions/review-crops/r03-p028-row02-star.png
3,28,3,organization,Harlem Artist Development League Especially for You -H.A.D.LEY. Players,0.593,ocr:lowconf,data/fy09/transparency-resolutions/review-crops/r03-p028-row03-organization.png
3,28,4,organization,"International Arts Relations, Inc.",0.749,ocr:lowconf,data/fy09/transparency-resolutions/review-crops/r03-p028-row04-organization.png
3,28,4,ein,23-7212492,0.759,ocr:lowconf,data/fy09/transparency-resolutions/review-crops/r03-p028-row04-ein.png
3,28,6,organization,"National Black Theatre Workshop, Inc.",0.558,ocr:lowconf,data/fy09/transparency-resolutions/review-crops/r03-p028-row06-organization.png
3,28,7,status,Application Pending,0.521,ocr:lowconf,data/fy09/transparency-resolutions/review-crops/r03-p028-row07-status.png
3,28,8,star,*,0.564,ocr:lowconf,data/fy09/transparency-resolutions/review-crops/r03-p028-row08-star.png
3,28,9,organization,"Thaila Spanish Theatre, inc.",0.519,ocr:lowconf,data/fy09/transparency-resolutions/review-crops/r03-p028-row09-organization.png
3,30,0,amount,"($5,000. 00)",0.732,ocr:lowconf,data/fy09/transparency-resolutions/review-crops/r03-p030-row00-amount.png
3,30,1,amount,"($20,270.03)",0.789,ocr:amt,data/fy09/transparency-resolutions/review-crops/r03-p030-row01-amount.png
3,30,1,organization,Neighborhood Housing Services WOW,0.665,ocr:lowconf,data/fy09/transparency-resolutions/review-crops/r03-p030-row01-organization.png
3,30,1,amount,"($20,270.03)",0.789,ocr:lowconf,data/fy09/transparency-resolutions/review-crops/r03-p030-row01-amount.png
3,30,1,status,Cleared,0.767,ocr:lowconf,data/fy09/transparency-resolutions/review-crops/r03-p030-row01-status.png
3,30,2,ein,13-2926433,0.74,ocr:lowconf,data/fy09/transparency-resolutions/review-crops/r03-p030-row02-ein.png
3,30,2,amount,"($5,000.00)",0.764,ocr:lowconf,data/fy09/transparency-resolutions/review-crops/r03-p030-row02-amount.png
3,30,4,amount,"$20,270.03",0.999,ocr:amt,data/fy09/transparency-resolutions/review-crops/r03-p030-row04-amount.png
3,30,5,organization,"West Side Federation for Senior and Supportive Housing, Inc.",0.511,ocr:lowconf,data/fy09/transparency-resolutions/review-crops/r03-p030-row05-organization.png
3,30,5,status,Application Pending,0.777,ocr:lowconf,data/fy09/transparency-resolutions/review-crops/r03-p030-row05-status.png
3,34,0,amount,"$7,481.30",0.998,ocr:amt,data/fy09/transparency-resolutions/review-crops/r03-p034-row00-amount.png
3,34,0,status,Application Pending,0.631,ocr:lowconf,data/fy09/transparency-resolutions/review-crops/r03-p034-row00-status.png
3,34,1,amount,"$7,481.30",0.999,ocr:amt,data/fy09/transparency-resolutions/review-crops/r03-p034-row01-amount.png
3,34,1,organization,"Aging in America Community Services, inc. Meals on' Wheels",0.641,ocr:lowconf,data/fy09/transparency-resolutions/review-crops/r03-p034-row01-organization.png
3,34,1,ein,13-4099045,0.755,ocr:lowconf,data/fy09/transparency-resolutions/review-crops/r03-p034-row01-ein.png
3,34,1,status,Application Pending,0.773,ocr:lowconf,data/fy09/transparency-resolutions/review-crops/r03-p034-row01-status.png
3,34,2,amount,"$7,481.30",0.868,ocr:amt,data/fy09/transparency-resolutions/review-crops/r03-p034-row02-amount.png
3,34,2,organization,"Aging in America Community Services, Inc. - Meals on Wheels",0.466,ocr:lowconf,data/fy09/transparency-resolutions/review-crops/r03-p034-row02-organization.png
3,34,3,amount,"$7,481.30",0.842,ocr:amt,data/fy09/transparency-resolutions/review-crops/r03-p034-row03-amount.png
3,34,3,organization,"Agudath Israel of America Community Services, Inc. Boro Park Senior Center",0.547,ocr:lowconf,data/fy09/transparency-resolutions/review-crops/r03-p034-row03-organization.png
3,34,4,amount,"$7,481.30",0.836,ocr:amt,data/fy09/transparency-resolutions/review-crops/r03-p034-row04-amount.png
3,34,4,organization,"Agudath Israel of America Community Services, Inc. - Boro Park Senior Center",0.684,ocr:lowconf,data/fy09/transparency-resolutions/review-crops/r03-p034-row04-organization.png
3,34,5,amount,"$7,481.30",1.0,ocr:amt,data/fy09/transparency-resolutions/review-crops/r03-p034-row05-amount.png
3,34,5,organization,"Agudath Israel of America Community Services, Inc. - Boro Park Senior Center",0.592,ocr:lowconf,data/fy09/transparency-resolutions/review-crops/r03-p034-row05-organization.png
3,34,5,ein,13-3975090,0.766,ocr:lowconf,data/fy09/transparency-resolutions/review-crops/r03-p034-row05-ein.png
3,34,6,amount,"$7,481.30",0.997,ocr:amt,data/fy09/transparency-resolutions/review-crops/r03-p034-row06-amount.png
3,34,7,organization,Allen A.M.E. Neighborhood Preservation and Development Corp. Senior Transportation,0.784,ocr:lowconf,data/fy09/transparency-resolutions/review-crops/r03-p034-row07-organization.png
3,34,7,amount,$748130,0.468,ocr:lowconf,data/fy09/transparency-resolutions/review-crops/r03-p034-row07-amount.png
3,34,7,status,Missing PQL Application,0.587,ocr:lowconf,data/fy09/transparency-resolutions/review-crops/r03-p034-row07-status.png
3,34,8,amount,"$7,481.30",1.0,ocr:amt,data/fy09/transparency-resolutions/review-crops/r03-p034-row08-amount.png
3,34,8,organization,"Allen Community Senior Citizens Center, inc.",0.586,ocr:lowconf,data/fy09/transparency-resolutions/review-crops/r03-p034-row08-organization.png
3,34,8,status,Missing PQL Application,0.656,ocr:lowconf,data/fy09/transparency-resolutions/review-crops/r03-p034-row08-status.png
3,34,9,amount,"$7,481.30",0.983,ocr:amt,data/fy09/transparency-resolutions/review-crops/r03-p034-row09-amount.png
3,34,9,organization,"ARC XVI Fort Washington, Inc. Whist l South Bronx Transportation",0.423,ocr:lowconf,data/fy09/transparency-resolutions/review-crops/r03-p034-row09-organization.png
3,34,10,amount,"$7,481.30",0.981,ocr:amt,data/fy09/transparency-resolutions/review-crops/r03-p034-row10-amount.png
3,34,10,organization,"ARC XVI Fort Washington, Inc. - Whist I South Bronx Transportation",0.507,ocr:lowconf,data/fy09/transparency-resolutions/review-crops/r03-p034-row10-organization.png
3,34,11,amount,"$7,481.30",0.994,ocr:amt,data/fy09/transparency-resolutions/review-crops/r03-p034-row11-amount.png
3,34,11,organization,"ARC XVI Fort Washington, Inc. - Whist I South Bronx Transportation",0.635,ocr:lowconf,data/fy09/transparency-resolutions/review-crops/r03-p034-row11-organization.png
3,34,12,amount,"$7,481.30",0.993,ocr:amt,data/fy09/transparency-resolutions/review-crops/r03-p034-row12-amount.png
3,34,12,organization,"ARC XVI Fort Washington, Inc. - Whist II South Bronx Transportation",0.564,ocr:lowconf,data/fy09/transparency-resolutions/review-crops/r03-p034-row12-organization.png
3,34,13,amount,"$7,481.30",0.662,ocr:amt,data/fy09/transparency-resolutions/review-crops/r03-p034-row13-amount.png
3,34,13,organization,"ARCXVI Fort Washington, Inc. - Whist Transportation",0.58,ocr:lowconf,data/fy09/transparency-resolutions/review-crops/r03-p034-row13-organization.png
3,34,13,ein,13-2745426,0.527,ocr:lowconf,data/fy09/transparency-resolutions/review-crops/r03-p034-row13-ein.png
3,34,13,amount,"$7,481.30",0.662,ocr:lowconf,data/fy09/transparency-resolutions/review-crops/r03-p034-row13-amount.png
3,34,14,amount,"$7,481.30",0.999,ocr:amt,data/fy09/transparency-resolutions/review-crops/r03-p034-row14-amount.png
3,34,15,amount,"$7,481.30",1.0,ocr:amt,data/fy09/transparency-resolutions/review-crops/r03-p034-row15-amount.png
3,34,15,organization,"ARC XVI Fort Washington, inc. - Whist Transportation",0.503,ocr:lowconf,data/fy09/transparency-resolutions/review-crops/r03-p034-row15-organization.png
3,34,16,amount,"$7,481.30",0.892,ocr:amt,data/fy09/transparency-resolutions/review-crops/r03-p034-row16-amount.png
3,34,17,amount,"$7,481.30",0.802,ocr:amt,data/fy09/transparency-resolutions/review-crops/r03-p034-row17-amount.png
3,34,17,organization,"ARC XVI Fort Washington, Inc. - Whist Transportation",0.646,ocr:lowconf,data/fy09/transparency-resolutions/review-crops/r03-p034-row17-organization.png
3,34,18,amount,"$7,481.30",1.0,ocr:amt,data/fy09/transparency-resolutions/review-crops/r03-p034-row18-amount.png
3,34,18,organization,"ARCXVI Fort Washington, Inc. - Whist Transportation",0.795,ocr:lowconf,data/fy09/transparency-resolutions/review-crops/r03-p034-row18-organization.png
3,34,18,status,Cleared,0.75,ocr:lowconf,data/fy09/transparency-resolutions/review-crops/r03-p034-row18-status.png
3,34,19,amount,"$7,481.30",1.0,ocr:amt,data/fy09/transparency-resolutions/review-crops/r03-p034-row19-amount.png
3,34,19,status,Application Pending,0.765,ocr:lowconf,data/fy09/transparency-resolutions/review-crops/r03-p034-row19-status.png
3,34,20,amount,"$7,481.30",0.979,ocr:amt,data/fy09/transparency-resolutions/review-crops/r03-p034-row20-amount.png
3,34,20,organization,Bethlehem Evangelical Lutheran Church - Bay Ridge Center for Older Adults,0.528,ocr:lowconf,data/fy09/transparency-resolutions/review-crops/r03-p034-row20-organization.png
3,34,20,status,Application Pending,0.794,ocr:lowconf,data/fy09/transparency-resolutions/review-crops/r03-p034-row20-status.png
3,34,21,amount,"$7,481.30",0.827,ocr:amt,data/fy09/transparency-resolutions/review-crops/r03-p034-row21-amount.png
3,34,21,ein,11-6260710,0.594,ocr:lowconf,data/fy09/transparency-resolutions/review-crops/r03-p034-row21-ein.png
3,34,22,amount,"$7,481.30",0.989,ocr:amt,data/fy09/transparency-resolutions/review-crops/r03-p034-row22-amount.png
3,34,22,status,Application Pending,0.595,ocr:lowconf,data/fy09/transparency-resolutions/review-crops/r03-p034-row22-status.png
3,34,23,amount,"$7,481.30",0.703,ocr:amt,data/fy09/transparency-resolutions/review-crops/r03-p034-row23-amount.png
3,34,23,amount,"$7,481.30",0.703,ocr:lowconf,data/fy09/transparency-resolutions/review-crops/r03-p034-row23-amount.png
3,34,23,status,Application Pending,0.567,ocr:lowconf,data/fy09/transparency-resolutions/review-crops/r03-p034-row23-status.png
3,34,24,amount,"$7,481.30",0.947,ocr:amt,data/fy09/transparency-resolutions/review-crops/r03-p034-row24-amount.png
3,34,24,organization,Bethlehem Evangelical Lutheran Church - Bay Ridge Center for Older Adults,0.794,ocr:lowconf,data/fy09/transparency-resolutions/review-crops/r03-p034-row24-organization.png
3,34,24,status,Application Pending,0.547,ocr:lowconf,data/fy09/transparency-resolutions/review-crops/r03-p034-row24-status.png
3,34,25,amount,"$7,481.30",0.999,ocr:amt,data/fy09/transparency-resolutions/review-crops/r03-p034-row25-amount.png
3,34,25,ein,11-6260710,0.531,ocr:lowconf,data/fy09/transparency-resolutions/review-crops/r03-p034-row25-ein.png
3,34,26,amount,"$7,481.30",0.89,ocr:amt,data/fy09/transparency-resolutions/review-crops/r03-p034-row26-amount.png
3,34,26,organization,Bethlehem Evangelical Lutheran Church - Bay Ridge Center for Older Adults,0.525,ocr:lowconf,data/fy09/transparency-resolutions/review-crops/r03-p034-row26-organization.png
3,34,27,amount,"$7,481.30",0.836,ocr:amt,data/fy09/transparency-resolutions/review-crops/r03-p034-row27-amount.png
3,34,28,amount,"$7,481.30",0.935,ocr:amt,data/fy09/transparency-resolutions/review-crops/r03-p034-row28-amount.png
3,34,29,amount,"$7,481.30",0.999,ocr:amt,data/fy09/transparency-resolutions/review-crops/r03-p034-row29-amount.png
3,34,30,amount,"$7,481.30",0.983,ocr:amt,data/fy09/transparency-resolutions/review-crops/r03-p034-row30-amount.png
3,34,31,amount,"$7,481.30",0.999,ocr:amt,data/fy09/transparency-resolutions/review-crops/r03-p034-row31-amount.png
3,34,32,amount,"$7,481.30",1.0,ocr:amt,data/fy09/transparency-resolutions/review-crops/r03-p034-row32-amount.png
3,34,32,ein,13-2744533,0.537,ocr:lowconf,data/fy09/transparency-resolutions/review-crops/r03-p034-row32-ein.png
3,34,33,amount,"$7,481.30",0.994,ocr:amt,data/fy09/transparency-resolutions/review-crops/r03-p034-row33-amount.png
3,34,33,organization,Brooks Memorial United Methodist Church - Senior Center,0.762,ocr:lowconf,data/fy09/transparency-resolutions/review-crops/r03-p034-row33-organization.png
3,34,33,status,Did Not Apply for Seniors,0.625,ocr:lowconf,data/fy09/transparency-resolutions/review-crops/r03-p034-row33-status.png
3,34,34,amount,"$7,481.30",0.566,ocr:amt,data/fy09/transparency-resolutions/review-crops/r03-p034-row34-amount.png
3,34,34,amount,"$7,481.30",0.566,ocr:lowconf,data/fy09/transparency-resolutions/review-crops/r03-p034-row34-amount.png
3,34,35,amount,"$7,481.30",0.908,ocr:amt,data/fy09/transparency-resolutions/review-crops/r03-p034-row35-amount.png
3,34,35,organization,"Caring Community, Inc., The - Our Lady of Pompeii Senior Center",0.647,ocr:lowconf,data/fy09/transparency-resolutions/review-crops/r03-p034-row35-organization.png
3,34,35,ein,13-2980755,0.587,ocr:lowconf,data/fy09/transparency-resolutions/review-crops/r03-p034-row35-ein.png
3,34,36,amount,"$7,481.30",1.0,ocr:amt,data/fy09/transparency-resolutions/review-crops/r03-p034-row36-amount.png
3,34,36,organization,"Caring Community, Inc., The - Our Lady of Pompeil Senior Center",0.574,ocr:lowconf,data/fy09/transparency-resolutions/review-crops/r03-p034-row36-organization.png
3,34,37,amount,"$7,481.30",0.996,ocr:amt,data/fy09/transparency-resolutions/review-crops/r03-p034-row37-amount.png
3,34,38,amount,"$7,481.30",0.999,ocr:amt,data/fy09/transparency-resolutions/review-crops/r03-p034-row38-amount.png
3,34,38,organization,"Catholic Charities Neighborhood Services, Inc - Bay Senior Center",0.667,ocr:lowconf,data/fy09/transparency-resolutions/review-crops/r03-p034-row38-organization.png
3,34,39,amount,$7.481.30,0.996,ocr:amt,data/fy09/transparency-resolutions/review-crops/r03-p034-row39-amount.png
3,34,40,organization,Catholic Chanties Neighborhood Services Inc - Bay Sen.or Center,0.675,ocr:lowconf,data/fy09/transparency-resolutions/review-crops/r03-p034-row40-organization.png
3,34,40,amount,$748130,0.645,ocr:lowconf,data/fy09/transparency-resolutions/review-crops/r03-p034-row40-amount.png
3,35,0,amount,"$7,481.30",0.987,ocr:amt,data/fy09/transparency-resolutions/review-crops/r03-p035-row00-amount.png
3,35,0,organization,"Catholic Charities Neighborhood Services, Inc. : Bay Senior Center",0.697,ocr:lowconf,data/fy09/transparency-resolutions/review-crops/r03-p035-row00-organization.png
3,35,1,amount,"$7,481.30",0.933,ocr:amt,data/fy09/transparency-resolutions/review-crops/r03-p035-row01-amount.png
3,35,2,amount,"$7,481.30",0.956,ocr:amt,data/fy09/transparency-resolutions/review-crops/r03-p035-row02-amount.png
3,35,2,organization,"Catholic Charities Neighborhood Services, Inc. Bay Senior Center",0.63,ocr:lowconf,data/fy09/transparency-resolutions/review-crops/r03-p035-row02-organization.png
3,35,3,amount,"$7,481.30",0.998,ocr:amt,data/fy09/transparency-resolutions/review-crops/r03-p035-row03-amount.png
3,35,3,organization,"Catholic Charities Neighborhood Services, Inc. Bay Senior Center",0.58,ocr:lowconf,data/fy09/transparency-resolutions/review-crops/r03-p035-row03-organization.png
3,35,3,status,Cleared,0.518,ocr:lowconf,data/fy09/transparency-resolutions/review-crops/r03-p035-row03-status.png
3,35,4,amount,"$7,481.30",0.95,ocr:amt,data/fy09/transparency-resolutions/review-crops/r03-p035-row04-amount.png
3,35,4,ein,11-2047151,0.649,ocr:lowconf,data/fy09/transparency-resolutions/review-crops/r03-p035-row04-ein.png
3,35,5,amount,"$7,481.30",0.938,ocr:amt,data/fy09/transparency-resolutions/review-crops/r03-p035-row05-amount.png
3,35,5,organization,"Catholic Charities Neighborhood Services, Inc. Bayside Senior Center",0.543,ocr:lowconf,data/fy09/transparency-resolutions/review-crops/r03-p035-row05-organization.png
3,35,6,amount,"$7,481.30",1.0,ocr:amt,data/fy09/transparency-resolutions/review-crops/r03-p035-row06-amount.png
3,35,6,organization,"Catholic Charities Neighborhood Services, Inc. Bayside Senior Center",0.747,ocr:lowconf,data/fy09/transparency-resolutions/review-crops/r03-p035-row06-organization.png
3,35,6,ein,11-2047151,0.763,ocr:lowconf,data/fy09/transparency-resolutions/review-crops/r03-p035-row06-ein.png
3,35,7,amount,"$7,481.30",1.0,ocr:amt,data/fy09/transparency-resolutions/review-crops/r03-p035-row07-amount.png
3,35,7,organization,"Catholic Charities Neighborhood Services, Inc. Bayside Senior Center",0.584,ocr:lowconf,data/fy09/transparency-resolutions/review-crops/r03-p035-row07-organization.png
3,35,8,amount,"$7,481.30",0.999,ocr:amt,data/fy09/transparency-resolutions/review-crops/r03-p035-row08-amount.png
3,35,9,amount,"$7,481.30",0.985,ocr:amt,data/fy09/transparency-resolutions/review-crops/r03-p035-row09-amount.png
3,35,9,organization,"Catholic Charities Neighborhood Services, Inc. - Bayside Senior Center",0.749,ocr:lowconf,data/fy09/transparency-resolutions/review-crops/r03-p035-row09-organization.png
3,35,9,ein,11-2047151,0.784,ocr:lowconf,data/fy09/transparency-resolutions/review-crops/r03-p035-row09-ein.png
3,35,10,amount,"$7,481.30",0.93,ocr:amt,data/fy09/transparency-resolutions/review-crops/r03-p035-row10-amount.png
3,35,10,organization,"Catholic Charities Neighborhood Services, Inc. - Hillcrest Senior Center",0.555,ocr:lowconf,data/fy09/transparency-resolutions/review-crops/r03-p035-row10-organization.png
3,35,11,amount,"$7,481.30",0.982,ocr:amt,data/fy09/transparency-resolutions/review-crops/r03-p035-row11-amount.png
3,35,11,organization,"Catholic Charities Neighborhood Services, Inc. - Hillcrest Senior Center",0.789,ocr:lowconf,data/fy09/transparency-resolutions/review-crops/r03-p035-row11-organization.png
3,35,12,amount,"$7,481.30",0.939,ocr:amt,data/fy09/transparency-resolutions/review-crops/r03-p035-row12-amount.png
3,35,13,amount,"$7,481.30",0.994,ocr:amt,data/fy09/transparency-resolutions/review-crops/r03-p035-row13-amount.png
3,35,13,organization,"Catholic Charities Neighborhood Services, Inc. - McGuiness Northside Senior Ctr",0.789,ocr:lowconf,data/fy09/transparency-resolutions/review-crops/r03-p035-row13-organization.png
3,35,13,ein,11-2047151,0.703,ocr:lowconf,data/fy09/transparency-resolutions/review-crops/r03-p035-row13-ein.png
3,35,14,amount,"$7,481.30",0.994,ocr:amt,data/fy09/transparency-resolutions/review-crops/r03-p035-row14-amount.png
3,35,14,organization,"Catholic Charities Neighborhood Services, Inc. Narrows Senior Center",0.762,ocr:lowconf,data/fy09/transparency-resolutions/review-crops/r03-p035-row14-organization.png
3,35,15,amount,"$7,481.30",0.996,ocr:amt,data/fy09/transparency-resolutions/review-crops/r03-p035-row15-amount.png
3,35,15,organization,"Catholic Charities Neighborhood Services, Inc. - Narrows Senior Center",0.524,ocr:lowconf,data/fy09/transparency-resolutions/review-crops/r03-p035-row15-organization.png
3,35,16,amount,"$7,481.30",0.996,ocr:amt,data/fy09/transparency-resolutions/review-crops/r03-p035-row16-amount.png
3,35,16,organization,"Catholic Charities Neighborhood Services, Inc. - Narrows Senior Center",0.604,ocr:lowconf,data/fy09/transparency-resolutions/review-crops/r03-p035-row16-organization.png
3,35,17,amount,"$7,481.30",0.996,ocr:amt,data/fy09/transparency-resolutions/review-crops/r03-p035-row17-amount.png
3,35,18,amount,"$7,481.30",0.998,ocr:amt,data/fy09/transparency-resolutions/review-crops/r03-p035-row18-amount.png
3,35,18,organization,"Catholic Charities Neighborhood Services, Inc. Narrows Senior Center",0.674,ocr:lowconf,data/fy09/transparency-resolutions/review-crops/r03-p035-row18-organization.png
3,35,19,amount,"$7,481.30",0.662,ocr:amt,data/fy09/transparency-resolutions/review-crops/r03-p035-row19-amount.png
3,35,19,organization,"Catholic Charities Neighborhood Services, Inc. - Narrows Senior Center,",0.563,ocr:lowconf,data/fy09/transparency-resolutions/review-crops/r03-p035-row19-organization.png
3,35,19,amount,"$7,481.30",0.662,ocr:lowconf,data/fy09/transparency-resolutions/review-crops/r03-p035-row19-amount.png
3,35,20,amount,"$7,481.30",0.942,ocr:amt,data/fy09/transparency-resolutions/review-crops/r03-p035-row20-amount.png
3,35,21,amount,"$7,481.30",0.712,ocr:amt,data/fy09/transparency-resolutions/review-crops/r03-p035-row21-amount.png
3,35,21,amount,"$7,481.30",0.712,ocr:lowconf,data/fy09/transparency-resolutions/review-crops/r03-p035-row21-amount.png
3,35,22,amount,"$7,481.30",0.938,ocr:amt,data/fy09/transparency-resolutions/review-crops/r03-p035-row22-amount.png
3,35,22,ein,11-2047151,0.524,ocr:lowconf,data/fy09/transparency-resolutions/review-crops/r03-p035-row22-ein.png
3,35,23,amount,"$7,481.30",0.995,ocr:amt,data/fy09/transparency-resolutions/review-crops/r03-p035-row23-amount.png
3,35,24,amount,"$7,481.30",1.0,ocr:amt,data/fy09/transparency-resolutions/review-crops/r03-p035-row24-amount.png
3,35,24,organization,"Catholic Charities Neighborhood Services, Inc. - Steinway Senior Center",0.52,ocr:lowconf,data/fy09/transparency-resolutions/review-crops/r03-p035-row24-organization.png
3,35,25,amount,"$7,481.30",0.621,ocr:amt,data/fy09/transparency-resolutions/review-crops/r03-p035-row25-amount.png
3,35,25,amount,"$7,481.30",0.621,ocr:lowconf,data/fy09/transparency-resolutions/review-crops/r03-p035-row25-amount.png
3,35,26,amount,"$7,481.30",0.944,ocr:amt,data/fy09/transparency-resolutions/review-crops/r03-p035-row26-amount.png
3,35,26,organization,"Catholic Charities Neighborhood Services, Inc. - Woodhaven Senior Center",0.725,ocr:lowconf,data/fy09/transparency-resolutions/review-crops/r03-p035-row26-organization.png
3,35,27,amount,"$7,481.30",0.999,ocr:amt,data/fy09/transparency-resolutions/review-crops/r03-p035-row27-amount.png
3,35,27,organization,"Catholic Charities Neighborhood Services, inc. - Woodhaven Senior Center",0.565,ocr:lowconf,data/fy09/transparency-resolutions/review-crops/r03-p035-row27-organization.png
3,35,27,ein,11-2047151,0.778,ocr:lowconf,data/fy09/transparency-resolutions/review-crops/r03-p035-row27-ein.png
3,35,28,amount,"$7,481.30",0.863,ocr:amt,data/fy09/transparency-resolutions/review-crops/r03-p035-row28-amount.png
3,35,29,amount,"$7,481.30",0.995,ocr:amt,data/fy09/transparency-resolutions/review-crops/r03-p035-row29-amount.png
3,35,29,ein,11-2047151,0.689,ocr:lowconf,data/fy09/transparency-resolutions/review-crops/r03-p035-row29-ein.png
3,35,30,amount,"$7,481.30",0.664,ocr:amt,data/fy09/transparency-resolutions/review-crops/r03-p035-row30-amount.png
3,35,30,amount,"$7,481.30",0.664,ocr:lowconf,data/fy09/transparency-resolutions/review-crops/r03-p035-row30-amount.png
3,35,30,agy_num,125,0.519,ocr:lowconf,data/fy09/transparency-resolutions/review-crops/r03-p035-row30-agy_num.png
3,35,31,amount,"$7,481.30",0.556,ocr:amt,data/fy09/transparency-resolutions/review-crops/r03-p035-row31-amount.png
3,35,31,amount,"$7,481.30",0.556,ocr:lowconf,data/fy09/transparency-resolutions/review-crops/r03-p035-row31-amount.png
3,35,32,amount,"$7,481.30",0.953,ocr:amt,data/fy09/transparency-resolutions/review-crops/r03-p035-row32-amount.png
3,35,33,amount,"$7,481.30",0.842,ocr:amt,data/fy09/transparency-resolutions/review-crops/r03-p035-row33-amount.png
3,35,33,organization,"Catholic Charities Neighborhood Services, Inc. Woodside Senior Services",0.535,ocr:lowconf,data/fy09/transparency-resolutions/review-crops/r03-p035-row33-organization.png
3,35,34,amount,"$7,481.30",0.999,ocr:amt,data/fy09/transparency-resolutions/review-crops/r03-p035-row34-amount.png
3,35,35,amount,"$7,481.30",0.996,ocr:amt,data/fy09/transparency-resolutions/review-crops/r03-p035-row35-amount.png
3,35,35,organization,"Charles A Walburg Multi-Service Organization, Inc. Home Delivered Meais",0.558,ocr:lowconf,data/fy09/transparency-resolutions/review-crops/r03-p035-row35-organization.png
3,35,35,status,Missing PQL Application,0.782,ocr:lowconf,data/fy09/transparency-resolutions/review-crops/r03-p035-row35-status.png
3,35,36,amount,"$7,481.30",1.0,ocr:amt,data/fy09/transparency-resolutions/review-crops/r03-p035-row36-amount.png
3,35,36,organization,"Charles A Walburg Multi-Service Organization, Inc. Home Delivered Meals",0.792,ocr:lowconf,data/fy09/transparency-resolutions/review-crops/r03-p035-row36-organization.png
3,35,37,amount,"$7,481.30",1.0,ocr:amt,data/fy09/transparency-resolutions/review-crops/r03-p035-row37-amount.png
3,35,37,organization,"Charles A Walburg Multi-Service Organization, Inc. Home Delivered Meals",0.722,ocr:lowconf,data/fy09/transparency-resolutions/review-crops/r03-p035-row37-organization.png
3,35,37,ein,23-7337180,0.746,ocr:lowconf,data/fy09/transparency-resolutions/review-crops/r03-p035-row37-ein.png
3,35,37,status,Missing PQL Application,0.771,ocr:lowconf,data/fy09/transparency-resolutions/review-crops/r03-p035-row37-status.png
3,35,38,amount,"$7,481.30",0.996,ocr:amt,data/fy09/transparency-resolutions/review-crops/r03-p035-row38-amount.png
3,35,38,organization,"Charles A Walburg Multi-Service Organization, Inc. Home Delivered Meals",0.584,ocr:lowconf,data/fy09/transparency-resolutions/review-crops/r03-p035-row38-organization.png
3,35,38,ein,23-7337180,0.569,ocr:lowconf,data/fy09/transparency-resolutions/review-crops/r03-p035-row38-ein.png
3,35,39,amount,"$7,481.30",0.607,ocr:amt,data/fy09/transparency-resolutions/review-crops/r03-p035-row39-amount.png
3,35,39,amount,"$7,481.30",0.607,ocr:lowconf,data/fy09/transparency-resolutions/review-crops/r03-p035-row39-amount.png
3,35,39,status,Missing PQL Application,0.528,ocr:lowconf,data/fy09/transparency-resolutions/review-crops/r03-p035-row39-status.png
3,35,40,amount,"$7,481.30",0.747,ocr:amt,data/fy09/transparency-resolutions/review-crops/r03-p035-row40-amount.png
3,35,40,amount,"$7,481.30",0.747,ocr:lowconf,data/fy09/transparency-resolutions/review-crops/r03-p035-row40-amount.png
3,35,41,amount,"$7,481-30",0.56,ocr:amt,data/fy09/transparency-resolutions/review-crops/r03-p035-row41-amount.png
3,35,41,organization,"Chinese American Planning Council, Inc - Project Open Door",0.507,ocr:lowconf,data/fy09/transparency-resolutions/review-crops/r03-p035-row41-organization.png
3,35,41,amount,"$7,481-30",0.56,ocr:lowconf,data/fy09/transparency-resolutions/review-crops/r03-p035-row41-amount.png
3,35,42,organization,"Chinese American Planning Counci, Inc - Project Open Door",0.702,ocr:lowconf,data/fy09/transparency-resolutions/review-crops/r03-p035-row42-organization.png
3,35,42,ein,13-6202692,0.587,ocr:lowconf,data/fy09/transparency-resolutions/review-crops/r03-p035-row42-ein.png
3,35,42,amount,$748130,0.555,ocr:lowconf,data/fy09/transparency-resolutions/review-crops/r03-p035-row42-amount.png
3,35,43,amount,$7.48130,0.341,ocr:amt,data/fy09/transparency-resolutions/review-crops/r03-p035-row43-amount.png
3,35,43,organization,"Chinese American Planning Council, Inc - Project Open Door",0.6,ocr:lowconf,data/fy09/transparency-resolutions/review-crops/r03-p035-row43-organization.png
3,35,43,ein,13-6202692,0.716,ocr:lowconf,data/fy09/transparency-resolutions/review-crops/r03-p035-row43-ein.png
3,35,43,amount,$7.48130,0.341,ocr:lowconf,data/fy09/transparency-resolutions/review-crops/r03-p035-row43-amount.png
3,36,0,amount,"$7,481.30",0.997,ocr:amt,data/fy09/transparency-resolutions/review-crops/r03-p036-row00-amount.png
3,36,0,organization,"Chinese American Planning Council, Inc - Project Open Door",0.544,ocr:lowconf,data/fy09/transparency-resolutions/review-crops/r03-p036-row00-organization.png
3,36,1,amount,"$7,481.30",0.821,ocr:amt,data/fy09/transparency-resolutions/review-crops/r03-p036-row01-amount.png
3,36,2,amount,"$7,481.30",0.974,ocr:amt,data/fy09/transparency-resolutions/review-crops/r03-p036-row02-amount.png
3,36,2,ein,13-6202692,0.734,ocr:lowconf,data/fy09/transparency-resolutions/review-crops/r03-p036-row02-ein.png
3,36,3,amount,"$7,481.30",0.963,ocr:amt,data/fy09/transparency-resolutions/review-crops/r03-p036-row03-amount.png
3,36,3,organization,"Church on the Hill Oider Adult (COTHOA) Luncheon Club, Inc. - Senior Center",0.469,ocr:lowconf,data/fy09/transparency-resolutions/review-crops/r03-p036-row03-organization.png
3,36,3,ein,13-3608860,0.555,ocr:lowconf,data/fy09/transparency-resolutions/review-crops/r03-p036-row03-ein.png
3,36,4,amount,"$7,481.30",1.0,ocr:amt,data/fy09/transparency-resolutions/review-crops/r03-p036-row04-amount.png
3,36,4,organization,"Citizens Advice Bureau, Inc., The Heights Center for Seniors",0.79,ocr:lowconf,data/fy09/transparency-resolutions/review-crops/r03-p036-row04-organization.png
3,36,5,amount,"$7,481.30",0.971,ocr:amt,data/fy09/transparency-resolutions/review-crops/r03-p036-row05-amount.png
3,36,5,organization,"Citizens Advice Bureau, inc., The Morris Senior Center",0.549,ocr:lowconf,data/fy09/transparency-resolutions/review-crops/r03-p036-row05-organization.png
3,36,6,amount,"$7,481.30",0.958,ocr:amt,data/fy09/transparency-resolutions/review-crops/r03-p036-row06-amount.png
3,36,6,organization,"Citizens Care Committee, Inc. - Senior Center",0.459,ocr:lowconf,data/fy09/transparency-resolutions/review-crops/r03-p036-row06-organization.png
3,36,6,status,Missing PQL Application,0.768,ocr:lowconf,data/fy09/transparency-resolutions/review-crops/r03-p036-row06-status.png
3,36,7,amount,"$7,481.30",1.0,ocr:amt,data/fy09/transparency-resolutions/review-crops/r03-p036-row07-amount.png
3,36,7,organization,"Community Agency for Senior Citizens, Inc. Case Assistance and Transportation",0.727,ocr:lowconf,data/fy09/transparency-resolutions/review-crops/r03-p036-row07-organization.png
3,36,7,ein,13-3263537,0.581,ocr:lowconf,data/fy09/transparency-resolutions/review-crops/r03-p036-row07-ein.png
3,36,8,amount,"$7,481.30",0.991,ocr:amt,data/fy09/transparency-resolutions/review-crops/r03-p036-row08-amount.png
3,36,8,organization,"Community Agency for Senior Citizens, Inc. Case Assistance and Transportation",0.636,ocr:lowconf,data/fy09/transparency-resolutions/review-crops/r03-p036-row08-organization.png
3,36,8,agency,DFTA,0.63,ocr:lowconf,data/fy09/transparency-resolutions/review-crops/r03-p036-row08-agency.png
3,36,9,ein,13-3263537,0.703,ocr:lowconf,data/fy09/transparency-resolutions/review-crops/r03-p036-row09-ein.png
3,36,9,amount,$748130,0.541,ocr:lowconf,data/fy09/transparency-resolutions/review-crops/r03-p036-row09-amount.png
3,36,10,amount,"$7,481.30",0.975,ocr:amt,data/fy09/transparency-resolutions/review-crops/r03-p036-row10-amount.png
3,36,11,organization,"Community Agency for Senior Citizens, Inc. Case Assistance and Transportation",0.531,ocr:lowconf,data/fy09/transparency-resolutions/review-crops/r03-p036-row11-organization.png
3,36,11,amount,$748130,0.307,ocr:lowconf,data/fy09/transparency-resolutions/review-crops/r03-p036-row11-amount.png
3,36,12,amount,"$7,481.30",0.997,ocr:amt,data/fy09/transparency-resolutions/review-crops/r03-p036-row12-amount.png
3,36,12,organization,"Community Agency for Senior Citizens, Inc. - Case Assistance and Transportation",0.496,ocr:lowconf,data/fy09/transparency-resolutions/review-crops/r03-p036-row12-organization.png
3,36,13,amount,"$7,481.30",0.842,ocr:amt,data/fy09/transparency-resolutions/review-crops/r03-p036-row13-amount.png
3,36,13,organization,"Community Agency for Senior Citizens, Inc. - Case Assistance and Transportation",0.748,ocr:lowconf,data/fy09/transparency-resolutions/review-crops/r03-p036-row13-organization.png
3,36,13,ein,13-3263537,0.567,ocr:lowconf,data/fy09/transparency-resolutions/review-crops/r03-p036-row13-ein.png
3,36,14,amount,"$7,481.30",0.988,ocr:amt,data/fy09/transparency-resolutions/review-crops/r03-p036-row14-amount.png
3,36,14,organization,"Community Agency for Senior Citizens, Inc. Case Assistance and Transportation",0.656,ocr:lowconf,data/fy09/transparency-resolutions/review-crops/r03-p036-row14-organization.png
3,36,15,amount,"$7,481.30",0.966,ocr:amt,data/fy09/transparency-resolutions/review-crops/r03-p036-row15-amount.png
3,36,15,organization,"Community Agency for Senior Citizens, Inc. Case Assistance and Transportation",0.682,ocr:lowconf,data/fy09/transparency-resolutions/review-crops/r03-p036-row15-organization.png
3,36,16,amount,"$7,481.30",0.997,ocr:amt,data/fy09/transparency-resolutions/review-crops/r03-p036-row16-amount.png
3,36,16,organization,"Community Agency for Senior Citizens, Inc. - Frail Elderly Transportation",0.741,ocr:lowconf,data/fy09/transparency-resolutions/review-crops/r03-p036-row16-organization.png
3,36,17,amount,"$7,481.30",0.997,ocr:amt,data/fy09/transparency-resolutions/review-crops/r03-p036-row17-amount.png
3,36,17,organization,"Community Agency for Senior Citizens, Inc. - Frail Elderly Transportation",0.398,ocr:lowconf,data/fy09/transparency-resolutions/review-crops/r03-p036-row17-organization.png
3,36,18,amount,"$7,481.30",0.988,ocr:amt,data/fy09/transparency-resolutions/review-crops/r03-p036-row18-amount.png
3,36,19,amount,"$7,481.30",0.99,ocr:amt,data/fy09/transparency-resolutions/review-crops/r03-p036-row19-amount.png
3,36,20,amount,"$7,481.30",1.0,ocr:amt,data/fy09/transparency-resolutions/review-crops/r03-p036-row20-amount.png
3,36,20,organization,"Community Agency for Senior Citizens, Inc. - Frail Elderly Transportation",0.599,ocr:lowconf,data/fy09/transparency-resolutions/review-crops/r03-p036-row20-organization.png
3,36,20,agy_num,125,0.718,ocr:lowconf,data/fy09/transparency-resolutions/review-crops/r03-p036-row20-agy_num.png
3,36,21,amount,"$7,481.30",1.0,ocr:amt,data/fy09/transparency-resolutions/review-crops/r03-p036-row21-amount.png
3,36,21,organization,"Community Agency for Senior Citizens, Inc. - Frail Elderly Transportation",0.631,ocr:lowconf,data/fy09/transparency-resolutions/review-crops/r03-p036-row21-organization.png
3,36,22,amount,"$7,481.30",0.999,ocr:amt,data/fy09/transparency-resolutions/review-crops/r03-p036-row22-amount.png
3,36,22,status,Missing PQL Application,0.673,ocr:lowconf,data/fy09/transparency-resolutions/review-crops/r03-p036-row22-status.png
3,36,23,amount,"$7,481.30",0.992,ocr:amt,data/fy09/transparency-resolutions/review-crops/r03-p036-row23-amount.png
3,36,24,amount,"$7,481.30",0.989,ocr:amt,data/fy09/transparency-resolutions/review-crops/r03-p036-row24-amount.png
3,36,24,status,Missing PQL Application,0.631,ocr:lowconf,data/fy09/transparency-resolutions/review-crops/r03-p036-row24-status.png
3,36,25,amount,"$7,481.30",0.992,ocr:amt,data/fy09/transparency-resolutions/review-crops/r03-p036-row25-amount.png
3,36,25,organization,"Corona Congregational Church, Inc. - Florence E. Smith Senior Center",0.628,ocr:lowconf,data/fy09/transparency-resolutions/review-crops/r03-p036-row25-organization.png
3,36,26,amount,"$7,481.30",1.0,ocr:amt,data/fy09/transparency-resolutions/review-crops/r03-p036-row26-amount.png
3,36,26,organization,"Corona Congregational Church, Inc. Florence E. Smith Senior Center",0.554,ocr:lowconf,data/fy09/transparency-resolutions/review-crops/r03-p036-row26-organization.png
3,36,27,amount,"$7,481.30",0.998,ocr:amt,data/fy09/transparency-resolutions/review-crops/r03-p036-row27-amount.png
3,36,28,amount,"$7,481.30",0.996,ocr:amt,data/fy09/transparency-resolutions/review-crops/r03-p036-row28-amount.png
3,36,28,organization,"Corona Congregational Church, Inc. - Florence E. Smith Senior Center",0.729,ocr:lowconf,data/fy09/transparency-resolutions/review-crops/r03-p036-row28-organization.png
3,36,29,amount,"$7,481.30",0.989,ocr:amt,data/fy09/transparency-resolutions/review-crops/r03-p036-row29-amount.png
3,36,29,organization,"Corona Congregational Church, Inc. Florence E. Smith Senior Center",0.687,ocr:lowconf,data/fy09/transparency-resolutions/review-crops/r03-p036-row29-organization.png
3,36,30,amount,"$7,481.30",0.99,ocr:amt,data/fy09/transparency-resolutions/review-crops/r03-p036-row30-amount.png
3,36,30,organization,"Corona Congregational Church, Inc. Florence E. Smith Senior Center",0.71,ocr:lowconf,data/fy09/transparency-resolutions/review-crops/r03-p036-row30-organization.png
3,36,31,amount,$7.481.30,0.568,ocr:amt,data/fy09/transparency-resolutions/review-crops/r03-p036-row31-amount.png
3,36,31,organization,Council of Belmont Organizations. Inc. Mt Carmel Center for Senior Citizens,0.528,ocr:lowconf,data/fy09/transparency-resolutions/review-crops/r03-p036-row31-organization.png
3,36,31,amount,$7.481.30,0.568,ocr:lowconf,data/fy09/transparency-resolutions/review-crops/r03-p036-row31-amount.png
3,36,32,amount,"$7,48130",0.493,ocr:amt,data/fy09/transparency-resolutions/review-crops/r03-p036-row32-amount.png
3,36,32,ein,11-2322490,0.592,ocr:lowconf,data/fy09/transparency-resolutions/review-crops/r03-p036-row32-ein.png
3,36,32,amount,"$7,48130",0.493,ocr:lowconf,data/fy09/transparency-resolutions/review-crops/r03-p036-row32-amount.png
3,36,32,status,Cleared,0.749,ocr:lowconf,data/fy09/transparency-resolutions/review-crops/r03-p036-row32-status.png
3,37,0,amount,"$7,481.30",0.99,ocr:amt,data/fy09/transparency-resolutions/review-crops/r03-p037-row00-amount.png
3,37,0,organization,"Cypress Hills-Fulton Street Senior Citizens Center, Inc.",0.716,ocr:lowconf,data/fy09/transparency-resolutions/review-crops/r03-p037-row00-organization.png
3,37,0,status,Application Pending,0.522,ocr:lowconf,data/fy09/transparency-resolutions/review-crops/r03-p037-row00-status.png
3,37,1,amount,"$7,481.30",0.834,ocr:amt,data/fy09/transparency-resolutions/review-crops/r03-p037-row01-amount.png
3,37,1,organization,DOROT. Inc. Kosher Meals for Homebound Elderly,0.503,ocr:lowconf,data/fy09/transparency-resolutions/review-crops/r03-p037-row01-organization.png
3,37,2,amount,"$7,481.30",0.643,ocr:amt,data/fy09/transparency-resolutions/review-crops/r03-p037-row02-amount.png
3,37,2,organization,"East Harlem Council for Human Services, inc. - Nutrition Program",0.5,ocr:lowconf,data/fy09/transparency-resolutions/review-crops/r03-p037-row02-organization.png
3,37,2,agency,DFTA,0.778,ocr:lowconf,data/fy09/transparency-resolutions/review-crops/r03-p037-row02-agency.png
3,37,2,amount,"$7,481.30",0.643,ocr:lowconf,data/fy09/transparency-resolutions/review-crops/r03-p037-row02-amount.png
3,37,3,amount,"$7,481.30",1.0,ocr:amt,data/fy09/transparency-resolutions/review-crops/r03-p037-row03-amount.png
3,37,3,ein,11-3080634,0.784,ocr:lowconf,data/fy09/transparency-resolutions/review-crops/r03-p037-row03-ein.png
3,37,3,status,Missing PQL Application,0.532,ocr:lowconf,data/fy09/transparency-resolutions/review-crops/r03-p037-row03-status.png
3,37,4,amount,"$7,481.30",1.0,ocr:amt,data/fy09/transparency-resolutions/review-crops/r03-p037-row04-amount.png
3,37,4,organization,"East New York Council for the Aging, Inc. - Penn Wortman Senior Center",0.503,ocr:lowconf,data/fy09/transparency-resolutions/review-crops/r03-p037-row04-organization.png
3,37,4,status,Missing PQL Application,0.674,ocr:lowconf,data/fy09/transparency-resolutions/review-crops/r03-p037-row04-status.png
3,37,5,amount,"$7,481.30",0.873,ocr:amt,data/fy09/transparency-resolutions/review-crops/r03-p037-row05-amount.png
3,37,5,organization,"East New York Council for the Aging, Inc. Penn Wortman Senior Center",0.652,ocr:lowconf,data/fy09/transparency-resolutions/review-crops/r03-p037-row05-organization.png
3,37,5,status,Missing PQL Application,0.648,ocr:lowconf,data/fy09/transparency-resolutions/review-crops/r03-p037-row05-status.png
3,37,6,amount,"$7,481.30",0.997,ocr:amt,data/fy09/transparency-resolutions/review-crops/r03-p037-row06-amount.png
3,37,6,organization,"East New York Council for the Aging, Inc. - Penn Wortman Senior Center",0.733,ocr:lowconf,data/fy09/transparency-resolutions/review-crops/r03-p037-row06-organization.png
3,37,7,amount,"$7,481.30",0.996,ocr:amt,data/fy09/transparency-resolutions/review-crops/r03-p037-row07-amount.png
3,37,8,amount,"$7,481.30",1.0,ocr:amt,data/fy09/transparency-resolutions/review-crops/r03-p037-row08-amount.png
3,37,8,ein,11-2224539,0.665,ocr:lowconf,data/fy09/transparency-resolutions/review-crops/r03-p037-row08-ein.png
3,37,9,amount,"$7,481.30",0.992,ocr:amt,data/fy09/transparency-resolutions/review-crops/r03-p037-row09-amount.png
3,37,9,organization,"Elmcor Youth and Adult Activities, Inc. Senior Center",0.636,ocr:lowconf,data/fy09/transparency-resolutions/review-crops/r03-p037-row09-organization.png
3,37,9,ein,11-2224539,0.641,ocr:lowconf,data/fy09/transparency-resolutions/review-crops/r03-p037-row09-ein.png
3,37,9,status,Application Pending,0.603,ocr:lowconf,data/fy09/transparency-resolutions/review-crops/r03-p037-row09-status.png
3,37,10,amount,"$7,481.30",0.996,ocr:amt,data/fy09/transparency-resolutions/review-crops/r03-p037-row10-amount.png
3,37,10,organization,"Elmcor Youth and Adult Activities, Inc. Senior Center",0.72,ocr:lowconf,data/fy09/transparency-resolutions/review-crops/r03-p037-row10-organization.png
3,37,10,ein,11-2224539,0.798,ocr:lowconf,data/fy09/transparency-resolutions/review-crops/r03-p037-row10-ein.png
3,37,11,amount,"$7,481.30",0.997,ocr:amt,data/fy09/transparency-resolutions/review-crops/r03-p037-row11-amount.png
3,37,11,organization,"Eimcor Youth and Adult Activities, Inc. Senior Center",0.623,ocr:lowconf,data/fy09/transparency-resolutions/review-crops/r03-p037-row11-organization.png
3,37,11,ein,11-2224539,0.476,ocr:lowconf,data/fy09/transparency-resolutions/review-crops/r03-p037-row11-ein.png
3,37,12,amount,"$7,481.30",0.991,ocr:amt,data/fy09/transparency-resolutions/review-crops/r03-p037-row12-amount.png
3,37,12,organization,Family Care Services - Visiting Nurse Service Meals on Wheels (MOW),0.676,ocr:lowconf,data/fy09/transparency-resolutions/review-crops/r03-p037-row12-organization.png
3,37,12,ein,13-3213081,0.65,ocr:lowconf,data/fy09/transparency-resolutions/review-crops/r03-p037-row12-ein.png
3,37,13,amount,"$7,481.30",0.996,ocr:amt,data/fy09/transparency-resolutions/review-crops/r03-p037-row13-amount.png
3,37,13,organization,Family Care Services - Visiting Nurse Service Meals on Wheels (MOW),0.576,ocr:lowconf,data/fy09/transparency-resolutions/review-crops/r03-p037-row13-organization.png
3,37,13,ein,13-3213081,0.649,ocr:lowconf,data/fy09/transparency-resolutions/review-crops/r03-p037-row13-ein.png
3,37,14,amount,"$7,481.30",0.984,ocr:amt,data/fy09/transparency-resolutions/review-crops/r03-p037-row14-amount.png
3,37,14,organization,Family Care Services - Visiting Nurse Service Meals on Wheels (MOW),0.702,ocr:lowconf,data/fy09/transparency-resolutions/review-crops/r03-p037-row14-organization.png
3,37,15,amount,"$7,481.30",0.966,ocr:amt,data/fy09/transparency-resolutions/review-crops/r03-p037-row15-amount.png
3,37,15,organization,Family Care Services Visiting Nurse Service Meals on' Wheels (MOW),0.516,ocr:lowconf,data/fy09/transparency-resolutions/review-crops/r03-p037-row15-organization.png
3,37,16,amount,"$7,481.30",0.999,ocr:amt,data/fy09/transparency-resolutions/review-crops/r03-p037-row16-amount.png
3,37,17,amount,"$7,481.30",0.999,ocr:amt,data/fy09/transparency-resolutions/review-crops/r03-p037-row17-amount.png
3,37,18,amount,"$7,481.30",0.999,ocr:amt,data/fy09/transparency-resolutions/review-crops/r03-p037-row18-amount.png
3,37,18,organization,"Fort Greene Senior Citizens Council, Inc. - Fort Greene Crown Heights",0.779,ocr:lowconf,data/fy09/transparency-resolutions/review-crops/r03-p037-row18-organization.png
3,37,19,amount,"$7,481.30",0.981,ocr:amt,data/fy09/transparency-resolutions/review-crops/r03-p037-row19-amount.png
3,37,19,organization,"Fort Greene Senior Citizens Council, Inc. - Fort Greene Crown Heights",0.581,ocr:lowconf,data/fy09/transparency-resolutions/review-crops/r03-p037-row19-organization.png
3,37,19,ein,11-2300840,0.656,ocr:lowconf,data/fy09/transparency-resolutions/review-crops/r03-p037-row19-ein.png
3,37,20,amount,"$7,481.30",0.998,ocr:amt,data/fy09/transparency-resolutions/review-crops/r03-p037-row20-amount.png
3,37,20,organization,"Fort Greene Senior Citizens Council, Inc. - Fort Greene Crown Heights",0.734,ocr:lowconf,data/fy09/transparency-resolutions/review-crops/r03-p037-row20-organization.png
3,37,21,amount,"$7,481.30",0.977,ocr:amt,data/fy09/transparency-resolutions/review-crops/r03-p037-row21-amount.png
3,37,22,amount,"$7,481.30",0.98,ocr:amt,data/fy09/transparency-resolutions/review-crops/r03-p037-row22-amount.png
3,37,22,organization,"Fort Greene Senior Citizens Council, Inc. - Grace Agard Harewood Senior Ctr",0.756,ocr:lowconf,data/fy09/transparency-resolutions/review-crops/r03-p037-row22-organization.png
3,37,23,amount,"$7,481.30",0.997,ocr:amt,data/fy09/transparency-resolutions/review-crops/r03-p037-row23-amount.png
3,37,24,amount,"$7,481.30",1.0,ocr:amt,data/fy09/transparency-resolutions/review-crops/r03-p037-row24-amount.png
3,37,24,ein,11-2300840,0.738,ocr:lowconf,data/fy09/transparency-resolutions/review-crops/r03-p037-row24-ein.png
3,37,25,amount,"$7,481.30",1.0,ocr:amt,data/fy09/transparency-resolutions/review-crops/r03-p037-row25-amount.png
3,37,25,organization,"Fort Greene Senior Citizens Council, Inc. - Senior Action Center",0.727,ocr:lowconf,data/fy09/transparency-resolutions/review-crops/r03-p037-row25-organization.png
3,37,25,ein,11-2300840,0.622,ocr:lowconf,data/fy09/transparency-resolutions/review-crops/r03-p037-row25-ein.png
3,37,25,status,Cleared,0.79,ocr:lowconf,data/fy09/transparency-resolutions/review-crops/r03-p037-row25-status.png
3,37,26,amount,"$7,481.30",1.0,ocr:amt,data/fy09/transparency-resolutions/review-crops/r03-p037-row26-amount.png
3,37,26,organization,"Fort Greene Senior Citizens Council, Inc. - Senior Action Center",0.663,ocr:lowconf,data/fy09/transparency-resolutions/review-crops/r03-p037-row26-organization.png
3,37,27,amount,"$7,481.30",0.665,ocr:amt,data/fy09/transparency-resolutions/review-crops/r03-p037-row27-amount.png
3,37,27,amount,"$7,481.30",0.665,ocr:lowconf,data/fy09/transparency-resolutions/review-crops/r03-p037-row27-amount.png
3,37,28,amount,"$7,481.30",0.986,ocr:amt,data/fy09/transparency-resolutions/review-crops/r03-p037-row28-amount.png
3,37,28,agy_num,125,0.722,ocr:lowconf,data/fy09/transparency-resolutions/review-crops/r03-p037-row28-agy_num.png
3,37,29,amount,"$7,481.30",0.998,ocr:amt,data/fy09/transparency-resolutions/review-crops/r03-p037-row29-amount.png
3,37,29,organization,"Glenridge Senior Citizen Multi- Service & Advisory Center, Inc.",0.533,ocr:lowconf,data/fy09/transparency-resolutions/review-crops/r03-p037-row29-organization.png
3,37,30,amount,"$7,481.30",0.671,ocr:amt,data/fy09/transparency-resolutions/review-crops/r03-p037-row30-amount.png
3,37,30,organization,Goddard Riverside Community Center - Goddard Riverside Senior Center,0.543,ocr:lowconf,data/fy09/transparency-resolutions/review-crops/r03-p037-row30-organization.png
3,37,30,amount,"$7,481.30",0.671,ocr:lowconf,data/fy09/transparency-resolutions/review-crops/r03-p037-row30-amount.png
3,37,31,amount,"$7,481.30",0.999,ocr:amt,data/fy09/transparency-resolutions/review-crops/r03-p037-row31-amount.png
3,37,31,organization,"Hamiton-Madison House, Inc. City Hall Senior Center",0.525,ocr:lowconf,data/fy09/transparency-resolutions/review-crops/r03-p037-row31-organization.png
3,37,32,amount,"$7,481.30",1.0,ocr:amt,data/fy09/transparency-resolutions/review-crops/r03-p037-row32-amount.png
3,37,32,organization,"Hamiton-Madison House, Inc. - City Hall Senior Center",0.572,ocr:lowconf,data/fy09/transparency-resolutions/review-crops/r03-p037-row32-organization.png
3,37,33,amount,"$7,481.30",1.0,ocr:amt,data/fy09/transparency-resolutions/review-crops/r03-p037-row33-amount.png
3,37,33,organization,"Heights and Hill Community Council, Inc. Senior Services",0.782,ocr:lowconf,data/fy09/transparency-resolutions/review-crops/r03-p037-row33-organization.png
3,37,34,amount,"$7,481.30",0.999,ocr:amt,data/fy09/transparency-resolutions/review-crops/r03-p037-row34-amount.png
3,37,35,amount,"$7,481.30",0.963,ocr:amt,data/fy09/transparency-resolutions/review-crops/r03-p037-row35-amount.png
3,37,36,amount,"$7,481.30",0.973,ocr:amt,data/fy09/transparency-resolutions/review-crops/r03-p037-row36-amount.png
3,37,36,organization,"Hellenic American Neighborhood Action Committee, Inc. (HANAC) Angelo Petromelis College Point Senior Center",0.683,ocr:lowconf,data/fy09/transparency-resolutions/review-crops/r03-p037-row36-organization.png
3,37,37,amount,"$7,481.30",0.999,ocr:amt,data/fy09/transparency-resolutions/review-crops/r03-p037-row37-amount.png
3,37,37,organization,"Hellenic American Neighborhood Action Committee, Inc. (HANAC) East West Connection",0.651,ocr:lowconf,data/fy09/transparency-resolutions/review-crops/r03-p037-row37-organization.png
3,37,37,ein,11-2290832,0.585,ocr:lowconf,data/fy09/transparency-resolutions/review-crops/r03-p037-row37-ein.png
3,38,0,amount,"$7,481.30",0.996,ocr:amt,data/fy09/transparency-resolutions/review-crops/r03-p038-row00-amount.png
3,38,0,organization,"Hellenic American Neighborhood Action Committee, Inc. (HANAC) East West Connection",0.754,ocr:lowconf,data/fy09/transparency-resolutions/review-crops/r03-p038-row00-organization.png
3,38,1,amount,"$7,481.30",1.0,ocr:amt,data/fy09/transparency-resolutions/review-crops/r03-p038-row01-amount.png
3,38,1,organization,"Hellenic American Neighbornood Action Committee, inc. (HANAC) - East West Connection",0.587,ocr:lowconf,data/fy09/transparency-resolutions/review-crops/r03-p038-row01-organization.png
3,38,2,amount,"$7,481.30",0.973,ocr:amt,data/fy09/transparency-resolutions/review-crops/r03-p038-row02-amount.png
3,38,2,organization,"Hellenic American Neighborhood Action Committee, Inc. (HANAC) - East West Connection",0.552,ocr:lowconf,data/fy09/transparency-resolutions/review-crops/r03-p038-row02-organization.png
3,38,3,amount,"$7,481.30",1.0,ocr:amt,data/fy09/transparency-resolutions/review-crops/r03-p038-row03-amount.png
3,38,3,organization,"Hellenic American Neighborhood Action Committee, Inc. (HANAC) - East West Connection",0.511,ocr:lowconf,data/fy09/transparency-resolutions/review-crops/r03-p038-row03-organization.png
3,38,4,organization,"Hellenic American Neighborhood Action Committee, Inc. (HANAC) - East West Connection",0.782,ocr:lowconf,data/fy09/transparency-resolutions/review-crops/r03-p038-row04-organization.png
3,38,4,agency,DFTA,0.58,ocr:lowconf,data/fy09/transparency-resolutions/review-crops/r03-p038-row04-agency.png
3,38,4,amount,$748130,0.331,ocr:lowconf,data/fy09/transparency-resolutions/review-crops/r03-p038-row04-amount.png
3,38,5,amount,"$7,481.30",0.964,ocr:amt,data/fy09/transparency-resolutions/review-crops/r03-p038-row05-amount.png
3,38,5,organization,"Hellenic American Neighborhood Action Committee, Inc. (HANAC)- East West Connection",0.775,ocr:lowconf,data/fy09/transparency-resolutions/review-crops/r03-p038-row05-organization.png
3,38,6,organization,"Hellenic American Neighborhood Action Committee, Inc. (HANAC) East West Connection",0.521,ocr:lowconf,data/fy09/transparency-resolutions/review-crops/r03-p038-row06-organization.png
3,38,6,amount,$748130,0.337,ocr:lowconf,data/fy09/transparency-resolutions/review-crops/r03-p038-row06-amount.png
3,38,7,amount,"$7,481.30",0.969,ocr:amt,data/fy09/transparency-resolutions/review-crops/r03-p038-row07-amount.png
3,38,7,organization,Henry Street Settlement - Good Companions Nutrition,0.7,ocr:lowconf,data/fy09/transparency-resolutions/review-crops/r03-p038-row07-organization.png
3,38,8,amount,"$7,481.30",0.997,ocr:amt,data/fy09/transparency-resolutions/review-crops/r03-p038-row08-amount.png
3,38,8,organization,Henry Street Settlement - Good Companions Nutrition,0.625,ocr:lowconf,data/fy09/transparency-resolutions/review-crops/r03-p038-row08-organization.png
3,38,8,ein,13-1562242,0.51,ocr:lowconf,data/fy09/transparency-resolutions/review-crops/r03-p038-row08-ein.png
3,38,9,amount,"$7,481.30",0.948,ocr:amt,data/fy09/transparency-resolutions/review-crops/r03-p038-row09-amount.png
3,38,9,ein,11-3373115,0.767,ocr:lowconf,data/fy09/transparency-resolutions/review-crops/r03-p038-row09-ein.png
3,38,10,amount,"$7,481.30",0.992,ocr:amt,data/fy09/transparency-resolutions/review-crops/r03-p038-row10-amount.png
3,38,11,amount,"$7,481.30",1.0,ocr:amt,data/fy09/transparency-resolutions/review-crops/r03-p038-row11-amount.png
3,38,11,organization,"Hunts Point Multi-Service Center, Inc. - Maria Isabel Senior Center",0.511,ocr:lowconf,data/fy09/transparency-resolutions/review-crops/r03-p038-row11-organization.png
3,38,11,status,Application Pending,0.568,ocr:lowconf,data/fy09/transparency-resolutions/review-crops/r03-p038-row11-status.png
3,38,12,amount,"$7,481.30",0.736,ocr:amt,data/fy09/transparency-resolutions/review-crops/r03-p038-row12-amount.png
3,38,12,ein,13-2987263,0.797,ocr:lowconf,data/fy09/transparency-resolutions/review-crops/r03-p038-row12-ein.png
3,38,12,amount,"$7,481.30",0.736,ocr:lowconf,data/fy09/transparency-resolutions/review-crops/r03-p038-row12-amount.png
3,38,13,amount,"$7,481.30",0.899,ocr:amt,data/fy09/transparency-resolutions/review-crops/r03-p038-row13-amount.png
3,38,13,organization,"Institute for the Puerto Rican/Hispanic Elderly, Inc. Leonard Covello Senior Center",0.673,ocr:lowconf,data/fy09/transparency-resolutions/review-crops/r03-p038-row13-organization.png
3,38,14,amount,"$7,481.30",0.953,ocr:amt,data/fy09/transparency-resolutions/review-crops/r03-p038-row14-amount.png
3,38,14,organization,"Jacob A. Ris Neighborhood Settlement House, Inc. - Queensbridge Riis",0.531,ocr:lowconf,data/fy09/transparency-resolutions/review-crops/r03-p038-row14-organization.png
3,38,15,amount,"$7,481.30",1.0,ocr:amt,data/fy09/transparency-resolutions/review-crops/r03-p038-row15-amount.png
3,38,15,organization,"Jamaica Service Program for Older Adults, Inc. (JSPOA) - Conion Nutrition Center",0.569,ocr:lowconf,data/fy09/transparency-resolutions/review-crops/r03-p038-row15-organization.png
3,38,15,ein,51-0204121,0.788,ocr:lowconf,data/fy09/transparency-resolutions/review-crops/r03-p038-row15-ein.png
3,38,16,amount,"$7,481.30",1.0,ocr:amt,data/fy09/transparency-resolutions/review-crops/r03-p038-row16-amount.png
3,38,16,organization,"Jamaica Service Program for Older Aduits, Inc. (JSPOA) - Conlon Nutrition Center",0.59,ocr:lowconf,data/fy09/transparency-resolutions/review-crops/r03-p038-row16-organization.png
3,38,17,amount,"$7,481.30",0.745,ocr:amt,data/fy09/transparency-resolutions/review-crops/r03-p038-row17-amount.png
3,38,17,ein,51-0204121,0.669,ocr:lowconf,data/fy09/transparency-resolutions/review-crops/r03-p038-row17-ein.png
3,38,17,amount,"$7,481.30",0.745,ocr:lowconf,data/fy09/transparency-resolutions/review-crops/r03-p038-row17-amount.png
3,38,18,organization,"Jamaica Service Program for Older Adults, Inc. (JSPOA) - Foster Laurie Senior Center",0.694,ocr:lowconf,data/fy09/transparency-resolutions/review-crops/r03-p038-row18-organization.png
3,38,18,amount,$748130,0.743,ocr:lowconf,data/fy09/transparency-resolutions/review-crops/r03-p038-row18-amount.png
3,38,19,amount,"$7,481.30",0.971,ocr:amt,data/fy09/transparency-resolutions/review-crops/r03-p038-row19-amount.png
3,38,20,amount,"$7,481.30",0.999,ocr:amt,data/fy09/transparency-resolutions/review-crops/r03-p038-row20-amount.png
3,38,20,organization,"Jamaica Service Program for Older Adults, Inc. (JSPOA) - Friendship Nutrition Center",0.66,ocr:lowconf,data/fy09/transparency-resolutions/review-crops/r03-p038-row20-organization.png
3,38,21,amount,"$7,481.30",1.0,ocr:amt,data/fy09/transparency-resolutions/review-crops/r03-p038-row21-amount.png
3,38,21,organization,"Jamaica Service Program for Older Adults, Inc. (JSPOA) - South Jamaica Senior Center",0.506,ocr:lowconf,data/fy09/transparency-resolutions/review-crops/r03-p038-row21-organization.png
3,38,22,amount,"$7,481.30",0.996,ocr:amt,data/fy09/transparency-resolutions/review-crops/r03-p038-row22-amount.png
3,38,22,organization,"Jamaica Service Program for Older Aduits, Inc. (JSPOA) Theodora Jackson",0.579,ocr:lowconf,data/fy09/transparency-resolutions/review-crops/r03-p038-row22-organization.png
3,38,23,amount,"$7,481.30",0.94,ocr:amt,data/fy09/transparency-resolutions/review-crops/r03-p038-row23-amount.png
3,38,23,ein,51-0204121,0.613,ocr:lowconf,data/fy09/transparency-resolutions/review-crops/r03-p038-row23-ein.png
3,38,24,amount,"$7,481.30",0.99,ocr:amt,data/fy09/transparency-resolutions/review-crops/r03-p038-row24-amount.png
3,38,24,organization,"Jamaica Service Program for Older Aduits, Inc. (JSPOA) - Transportation Program",0.524,ocr:lowconf,data/fy09/transparency-resolutions/review-crops/r03-p038-row24-organization.png
3,38,25,amount,"$7,481.30",0.997,ocr:amt,data/fy09/transparency-resolutions/review-crops/r03-p038-row25-amount.png
3,38,25,ein,13-2620896,0.75,ocr:lowconf,data/fy09/transparency-resolutions/review-crops/r03-p038-row25-ein.png
3,38,26,amount,"$7,481.30",0.996,ocr:amt,data/fy09/transparency-resolutions/review-crops/r03-p038-row26-amount.png
3,38,26,agy_num,125,0.508,ocr:lowconf,data/fy09/transparency-resolutions/review-crops/r03-p038-row26-agy_num.png
3,38,27,amount,$7.481.30,0.995,ocr:amt,data/fy09/transparency-resolutions/review-crops/r03-p038-row27-amount.png
3,38,27,organization,Jewish Association for Services for the Aged (JASA) Brookdale,0.681,ocr:lowconf,data/fy09/transparency-resolutions/review-crops/r03-p038-row27-organization.png
3,38,28,amount,$7.48130,0.753,ocr:amt,data/fy09/transparency-resolutions/review-crops/r03-p038-row28-amount.png
3,38,28,amount,$7.48130,0.753,ocr:lowconf,data/fy09/transparency-resolutions/review-crops/r03-p038-row28-amount.png
3,39,0,amount,"$7,481.30",0.999,ocr:amt,data/fy09/transparency-resolutions/review-crops/r03-p039-row00-amount.png
3,39,0,organization,Jewish Association for Services for the Aged (JASA) - Co-op City Senior Center,0.505,ocr:lowconf,data/fy09/transparency-resolutions/review-crops/r03-p039-row00-organization.png
3,39,1,amount,"$7,481.30",1.0,ocr:amt,data/fy09/transparency-resolutions/review-crops/r03-p039-row01-amount.png
3,39,2,amount,"$7,481.30",0.995,ocr:amt,data/fy09/transparency-resolutions/review-crops/r03-p039-row02-amount.png
3,39,3,amount,"$7,481.30",1.0,ocr:amt,data/fy09/transparency-resolutions/review-crops/r03-p039-row03-amount.png
3,39,3,organization,Jewish Association for Services for the Aged (JASA)- Co-op City Senior Center,0.658,ocr:lowconf,data/fy09/transparency-resolutions/review-crops/r03-p039-row03-organization.png
3,39,4,amount,"$7,481.30",0.981,ocr:amt,data/fy09/transparency-resolutions/review-crops/r03-p039-row04-amount.png
3,39,4,organization,Jewish Association for Services for the Aged (JASA) Mobile Meals,0.521,ocr:lowconf,data/fy09/transparency-resolutions/review-crops/r03-p039-row04-organization.png
3,39,5,amount,"$7,481.30",0.988,ocr:amt,data/fy09/transparency-resolutions/review-crops/r03-p039-row05-amount.png
3,39,5,organization,Jewish Association for Services for the Aged (JASA) Mobile Meals,0.666,ocr:lowconf,data/fy09/transparency-resolutions/review-crops/r03-p039-row05-organization.png
3,39,6,amount,"$7,481.30",0.993,ocr:amt,data/fy09/transparency-resolutions/review-crops/r03-p039-row06-amount.png
3,39,6,organization,Jewish Association for Services for the Aged (JASA) Mobile Meals,0.692,ocr:lowconf,data/fy09/transparency-resolutions/review-crops/r03-p039-row06-organization.png
3,39,6,ein,13-2620896,0.496,ocr:lowconf,data/fy09/transparency-resolutions/review-crops/r03-p039-row06-ein.png
3,39,7,amount,"$7,481.30",0.997,ocr:amt,data/fy09/transparency-resolutions/review-crops/r03-p039-row07-amount.png
3,39,8,amount,"$7,481.30",0.992,ocr:amt,data/fy09/transparency-resolutions/review-crops/r03-p039-row08-amount.png
3,39,8,organization,Jewish Association for Services for the Aged (JASA)- Mobile Meals,0.652,ocr:lowconf,data/fy09/transparency-resolutions/review-crops/r03-p039-row08-organization.png
3,39,9,amount,"$7,481.30",0.999,ocr:amt,data/fy09/transparency-resolutions/review-crops/r03-p039-row09-amount.png
3,39,10,amount,"$7,481.30",0.993,ocr:amt,data/fy09/transparency-resolutions/review-crops/r03-p039-row10-amount.png
3,39,10,ein,13-2620896,0.504,ocr:lowconf,data/fy09/transparency-resolutions/review-crops/r03-p039-row10-ein.png
3,39,11,amount,"$7,481.30",0.999,ocr:amt,data/fy09/transparency-resolutions/review-crops/r03-p039-row11-amount.png
3,39,11,status,Cleared,0.752,ocr:lowconf,data/fy09/transparency-resolutions/review-crops/r03-p039-row11-status.png
3,39,12,amount,"$7,481.30",0.96,ocr:amt,data/fy09/transparency-resolutions/review-crops/r03-p039-row12-amount.png
3,39,12,organization,Jewish Association for Services for the Aged (JASA) - South Brooklyn MOW,0.536,ocr:lowconf,data/fy09/transparency-resolutions/review-crops/r03-p039-row12-organization.png
3,39,13,amount,"$7,481.30",1.0,ocr:amt,data/fy09/transparency-resolutions/review-crops/r03-p039-row13-amount.png
3,39,13,ein,13-2620896,0.779,ocr:lowconf,data/fy09/transparency-resolutions/review-crops/r03-p039-row13-ein.png
3,39,14,amount,"$7,481.30",1.0,ocr:amt,data/fy09/transparency-resolutions/review-crops/r03-p039-row14-amount.png
3,39,14,agy_num,125,0.677,ocr:lowconf,data/fy09/transparency-resolutions/review-crops/r03-p039-row14-agy_num.png
3,39,15,amount,"$7,481.30",0.99,ocr:amt,data/fy09/transparency-resolutions/review-crops/r03-p039-row15-amount.png
3,39,15,organization,Jewish Association for Services for the Aged (JASA)- South Brooklyn MOW,0.534,ocr:lowconf,data/fy09/transparency-resolutions/review-crops/r03-p039-row15-organization.png
3,39,16,amount,"$7,481.30",0.998,ocr:amt,data/fy09/transparency-resolutions/review-crops/r03-p039-row16-amount.png
3,39,16,ua,003,0.559,ocr:lowconf,data/fy09/transparency-resolutions/review-crops/r03-p039-row16-ua.png
3,39,17,amount,"$7,481.30",0.737,ocr:amt,data/fy09/transparency-resolutions/review-crops/r03-p039-row17-amount.png
3,39,17,organization,Jewish Association for Services for the Aged (JASA) - South Brooklyn MOW,0.657,ocr:lowconf,data/fy09/transparency-resolutions/review-crops/r03-p039-row17-organization.png
3,39,17,amount,"$7,481.30",0.737,ocr:lowconf,data/fy09/transparency-resolutions/review-crops/r03-p039-row17-amount.png
3,39,18,amount,"$7,481.30",0.999,ocr:amt,data/fy09/transparency-resolutions/review-crops/r03-p039-row18-amount.png
3,39,19,amount,"$7,481.30",0.999,ocr:amt,data/fy09/transparency-resolutions/review-crops/r03-p039-row19-amount.png
3,39,19,organization,"Jewish Community Center of Staten island, Inc.",0.559,ocr:lowconf,data/fy09/transparency-resolutions/review-crops/r03-p039-row19-organization.png
3,39,20,amount,"$7,481.30",1.0,ocr:amt,data/fy09/transparency-resolutions/review-crops/r03-p039-row20-amount.png
3,39,20,organization,"Jewish Community Center of Staten Island, Inc.",0.786,ocr:lowconf,data/fy09/transparency-resolutions/review-crops/r03-p039-row20-organization.png
3,39,21,amount,"$7,481.30",0.742,ocr:amt,data/fy09/transparency-resolutions/review-crops/r03-p039-row21-amount.png
3,39,21,organization,"Jewish Community Center of Staten Island, Inc. - Senior Kosher Nutrition Center",0.737,ocr:lowconf,data/fy09/transparency-resolutions/review-crops/r03-p039-row21-organization.png
3,39,21,amount,"$7,481.30",0.742,ocr:lowconf,data/fy09/transparency-resolutions/review-crops/r03-p039-row21-amount.png
3,39,22,amount,"$7,481.30",0.981,ocr:amt,data/fy09/transparency-resolutions/review-crops/r03-p039-row22-amount.png
3,39,22,organization,"Jewish Community Center of Staten island, Inc. - Senior Kosher Nutrition Center",0.56,ocr:lowconf,data/fy09/transparency-resolutions/review-crops/r03-p039-row22-organization.png
3,39,23,amount,"$7,481.30",0.988,ocr:amt,data/fy09/transparency-resolutions/review-crops/r03-p039-row23-amount.png
3,39,23,organization,"Jewish Community Center of Staten Island, Inc. Senior Kosher Nutrition Center",0.589,ocr:lowconf,data/fy09/transparency-resolutions/review-crops/r03-p039-row23-organization.png
3,39,24,amount,"$7,481.30",0.98,ocr:amt,data/fy09/transparency-resolutions/review-crops/r03-p039-row24-amount.png
3,39,24,organization,"Jewish Community Center of Staten Island, Inc. - Senior Kosher Nutrition. Center",0.738,ocr:lowconf,data/fy09/transparency-resolutions/review-crops/r03-p039-row24-organization.png
3,39,25,amount,"$7,481.30",1.0,ocr:amt,data/fy09/transparency-resolutions/review-crops/r03-p039-row25-amount.png
3,39,25,organization,"Jewish Community Center of Staten Island, Inc. - Senior Kosher Nutrition Center",0.574,ocr:lowconf,data/fy09/transparency-resolutions/review-crops/r03-p039-row25-organization.png
3,39,26,amount,"$7,481.30",0.999,ocr:amt,data/fy09/transparency-resolutions/review-crops/r03-p039-row26-amount.png
3,39,26,organization,"Jewish Community Center of Staten Island, Inc. - Senior Kosher Nutrition Center",0.751,ocr:lowconf,data/fy09/transparency-resolutions/review-crops/r03-p039-row26-organization.png
3,39,27,amount,"$7,481.30",0.999,ocr:amt,data/fy09/transparency-resolutions/review-crops/r03-p039-row27-amount.png
3,39,27,organization,"Jewish Community Center of Staten Island, Inc. - Senior Kosher Nutrition Center",0.719,ocr:lowconf,data/fy09/transparency-resolutions/review-crops/r03-p039-row27-organization.png
3,39,28,amount,"$7,481.30",0.998,ocr:amt,data/fy09/transparency-resolutions/review-crops/r03-p039-row28-amount.png
3,39,28,organization,"Jewish Community Center of Staten Island, Inc. Senior Kosher Nutrition Center",0.633,ocr:lowconf,data/fy09/transparency-resolutions/review-crops/r03-p039-row28-organization.png
3,39,29,amount,"$7,481.30",0.997,ocr:amt,data/fy09/transparency-resolutions/review-crops/r03-p039-row29-amount.png
3,39,29,organization,"Jewish Community Council of Greater Coney Island, Inc. - Ocean Parkway SCC",0.508,ocr:lowconf,data/fy09/transparency-resolutions/review-crops/r03-p039-row29-organization.png
3,39,30,amount,"$7,481.30",0.998,ocr:amt,data/fy09/transparency-resolutions/review-crops/r03-p039-row30-amount.png
3,39,30,organization,"Jewish Community Council of Greater Coney Island, Inc. - Ocean Parkway SCC",0.513,ocr:lowconf,data/fy09/transparency-resolutions/review-crops/r03-p039-row30-organization.png
3,39,31,amount,"$7,481.30",0.997,ocr:amt,data/fy09/transparency-resolutions/review-crops/r03-p039-row31-amount.png
3,39,31,organization,"Jewish Community Council of Greater Coney island, Inc. - Ocean Parkway SCC",0.631,ocr:lowconf,data/fy09/transparency-resolutions/review-crops/r03-p039-row31-organization.png
3,39,32,amount,"$7,481.30",1.0,ocr:amt,data/fy09/transparency-resolutions/review-crops/r03-p039-row32-amount.png
3,39,32,organization,"Jewish Community Council of Greater Coney Island, Inc. - Ocean Parkway SCC",0.786,ocr:lowconf,data/fy09/transparency-resolutions/review-crops/r03-p039-row32-organization.png
3,39,33,amount,"$7,481.30",0.984,ocr:amt,data/fy09/transparency-resolutions/review-crops/r03-p039-row33-amount.png
3,39,33,organization,"Jewish Community Council of Greater Coney Island, Inc. Ocean Parkway SCC",0.709,ocr:lowconf,data/fy09/transparency-resolutions/review-crops/r03-p039-row33-organization.png
3,39,34,amount,"$7,481.30",0.985,ocr:amt,data/fy09/transparency-resolutions/review-crops/r03-p039-row34-amount.png
3,39,34,organization,"Jewish Community Council of Greater Coney Island, Inc. - Project Relief Transport",0.688,ocr:lowconf,data/fy09/transparency-resolutions/review-crops/r03-p039-row34-organization.png
3,39,35,amount,"$7,481.30",0.999,ocr:amt,data/fy09/transparency-resolutions/review-crops/r03-p039-row35-amount.png
3,39,35,organization,"Jewish Community Council of Greater Coney Island, Inc. - Project Relief Transport",0.533,ocr:lowconf,data/fy09/transparency-resolutions/review-crops/r03-p039-row35-organization.png
3,39,35,ein,11-2665181,0.516,ocr:lowconf,data/fy09/transparency-resolutions/review-crops/r03-p039-row35-ein.png
3,39,36,amount,"$7,481.30",0.988,ocr:amt,data/fy09/transparency-resolutions/review-crops/r03-p039-row36-amount.png
3,39,36,organization,"Kingsbridge Heights Community Center, Inc. - Community Support for the Elderly",0.749,ocr:lowconf,data/fy09/transparency-resolutions/review-crops/r03-p039-row36-organization.png
3,39,36,status,Application Pending,0.612,ocr:lowconf,data/fy09/transparency-resolutions/review-crops/r03-p039-row36-status.png
3,39,37,amount,"$7,481.30",0.944,ocr:amt,data/fy09/transparency-resolutions/review-crops/r03-p039-row37-amount.png
3,39,37,organization,"Kips Bay Boys and Girls Club, Inc. - Castle Hill Senior Center",0.538,ocr:lowconf,data/fy09/transparency-resolutions/review-crops/r03-p039-row37-organization.png
3,39,38,amount,"$7,481.30",1.0,ocr:amt,data/fy09/transparency-resolutions/review-crops/r03-p039-row38-amount.png
3,39,38,organization,"Korean Community Services of Metropolitan New York, inc. Korean Américan Senior Center",0.604,ocr:lowconf,data/fy09/transparency-resolutions/review-crops/r03-p039-row38-organization.png
3,39,39,organization,"Korean Community Services of Metropolitan New York, Inc. Korean Américan Senior Center",0.526,ocr:lowconf,data/fy09/transparency-resolutions/review-crops/r03-p039-row39-organization.png
3,39,39,amount,748130,0.626,ocr:lowconf,data/fy09/transparency-resolutions/review-crops/r03-p039-row39-amount.png
3,40,0,amount,"$7,481.30",0.995,ocr:amt,data/fy09/transparency-resolutions/review-crops/r03-p040-row00-amount.png
3,40,0,organization,"Korean Community Services of Metropolitan New York, Inc. Korean American Senior Center",0.672,ocr:lowconf,data/fy09/transparency-resolutions/review-crops/r03-p040-row00-organization.png
3,40,1,amount,"$7,481.30",0.999,ocr:amt,data/fy09/transparency-resolutions/review-crops/r03-p040-row01-amount.png
3,40,1,organization,"Korean Community Services of Metropolitan New York, Inc. Korean American Senior Center-Flushing",0.629,ocr:lowconf,data/fy09/transparency-resolutions/review-crops/r03-p040-row01-organization.png
3,40,2,amount,"$7,481.30",0.996,ocr:amt,data/fy09/transparency-resolutions/review-crops/r03-p040-row02-amount.png
3,40,2,organization,"Korean Community Services of Metropolitan New York, Inc. Korean American Senior Center-Flushing",0.644,ocr:lowconf,data/fy09/transparency-resolutions/review-crops/r03-p040-row02-organization.png
3,40,3,amount,"$7,481.30",0.607,ocr:amt,data/fy09/transparency-resolutions/review-crops/r03-p040-row03-amount.png
3,40,3,organization,"Lenox Hill Neighborhood House, Inc.",0.601,ocr:lowconf,data/fy09/transparency-resolutions/review-crops/r03-p040-row03-organization.png
3,40,3,amount,"$7,481.30",0.607,ocr:lowconf,data/fy09/transparency-resolutions/review-crops/r03-p040-row03-amount.png
3,40,4,amount,"$7,481.30",1.0,ocr:amt,data/fy09/transparency-resolutions/review-crops/r03-p040-row04-amount.png
3,40,5,amount,"$7,481.30",0.991,ocr:amt,data/fy09/transparency-resolutions/review-crops/r03-p040-row05-amount.png
3,40,5,organization,"Lenox Hill Neighborhood House, Inc.",0.647,ocr:lowconf,data/fy09/transparency-resolutions/review-crops/r03-p040-row05-organization.png
3,40,6,amount,"$7,481.30",0.978,ocr:amt,data/fy09/transparency-resolutions/review-crops/r03-p040-row06-amount.png
3,40,7,amount,"$7,481.30",0.992,ocr:amt,data/fy09/transparency-resolutions/review-crops/r03-p040-row07-amount.png
3,40,7,organization,"Meals on Wheels of Staten Island, Inc.",0.626,ocr:lowconf,data/fy09/transparency-resolutions/review-crops/r03-p040-row07-organization.png
3,40,8,amount,"$7,481.30",0.656,ocr:amt,data/fy09/transparency-resolutions/review-crops/r03-p040-row08-amount.png
3,40,8,amount,"$7,481.30",0.656,ocr:lowconf,data/fy09/transparency-resolutions/review-crops/r03-p040-row08-amount.png
3,40,8,ua,003,0.753,ocr:lowconf,data/fy09/transparency-resolutions/review-crops/r03-p040-row08-ua.png
3,40,9,amount,"$7,481.30",1.0,ocr:amt,data/fy09/transparency-resolutions/review-crops/r03-p040-row09-amount.png
3,40,10,amount,"$7,481.30",0.996,ocr:amt,data/fy09/transparency-resolutions/review-crops/r03-p040-row10-amount.png
3,40,10,organization,"Meals on Wheels of Staten Island, Inc.",0.517,ocr:lowconf,data/fy09/transparency-resolutions/review-crops/r03-p040-row10-organization.png
3,40,10,ein,13-2894978,0.544,ocr:lowconf,data/fy09/transparency-resolutions/review-crops/r03-p040-row10-ein.png
3,40,11,amount,"$7,481.30",0.998,ocr:amt,data/fy09/transparency-resolutions/review-crops/r03-p040-row11-amount.png
3,40,11,organization,"Meals on Wheeis of Staten Island, Inc.",0.616,ocr:lowconf,data/fy09/transparency-resolutions/review-crops/r03-p040-row11-organization.png
3,40,12,amount,"$7,481.30",0.996,ocr:amt,data/fy09/transparency-resolutions/review-crops/r03-p040-row12-amount.png
3,40,13,amount,"$7,481.30",0.905,ocr:amt,data/fy09/transparency-resolutions/review-crops/r03-p040-row13-amount.png
3,40,14,amount,"$7,481.30",1.0,ocr:amt,data/fy09/transparency-resolutions/review-crops/r03-p040-row14-amount.png
3,40,14,organization,"Meais on Wheels of Staten island, Inc.",0.584,ocr:lowconf,data/fy09/transparency-resolutions/review-crops/r03-p040-row14-organization.png
3,40,14,ein,13-2894978,0.745,ocr:lowconf,data/fy09/transparency-resolutions/review-crops/r03-p040-row14-ein.png
3,40,15,amount,"$7,481.30",0.686,ocr:amt,data/fy09/transparency-resolutions/review-crops/r03-p040-row15-amount.png
3,40,15,amount,"$7,481.30",0.686,ocr:lowconf,data/fy09/transparency-resolutions/review-crops/r03-p040-row15-amount.png
3,40,16,amount,"$7,481.30",0.978,ocr:amt,data/fy09/transparency-resolutions/review-crops/r03-p040-row16-amount.png
3,40,16,organization,Merrill Park Civic Association of Springfield Gardens - Robert Couche Senior Center,0.62,ocr:lowconf,data/fy09/transparency-resolutions/review-crops/r03-p040-row16-organization.png
3,40,17,amount,"$7,481.30",0.999,ocr:amt,data/fy09/transparency-resolutions/review-crops/r03-p040-row17-amount.png
3,40,18,amount,"$7,481.30",1.0,ocr:amt,data/fy09/transparency-resolutions/review-crops/r03-p040-row18-amount.png
3,40,18,organization,"Mid-Bronx Senior Citizens Council, Inc. - Home Delivered Meals Program",0.697,ocr:lowconf,data/fy09/transparency-resolutions/review-crops/r03-p040-row18-organization.png
3,40,18,ein,23-7354073,0.737,ocr:lowconf,data/fy09/transparency-resolutions/review-crops/r03-p040-row18-ein.png
3,40,19,amount,"$7,481.30",0.886,ocr:amt,data/fy09/transparency-resolutions/review-crops/r03-p040-row19-amount.png
3,40,20,amount,"$7,481.30",0.998,ocr:amt,data/fy09/transparency-resolutions/review-crops/r03-p040-row20-amount.png
3,40,20,organization,"Mid-Bronx Senior Citizens Council, Inc. Home Delivered Meals Program",0.561,ocr:lowconf,data/fy09/transparency-resolutions/review-crops/r03-p040-row20-organization.png
3,40,20,ein,23-7354073,0.684,ocr:lowconf,data/fy09/transparency-resolutions/review-crops/r03-p040-row20-ein.png
3,40,21,amount,"$7,481.30",1.0,ocr:amt,data/fy09/transparency-resolutions/review-crops/r03-p040-row21-amount.png
3,40,21,organization,"Mid-Bronx Senior Citizens Council, Inc. - Home Delivered Meals Program",0.664,ocr:lowconf,data/fy09/transparency-resolutions/review-crops/r03-p040-row21-organization.png
3,40,22,amount,"$7,481.30",0.72,ocr:amt,data/fy09/transparency-resolutions/review-crops/r03-p040-row22-amount.png
3,40,22,organization,"Mid-Bronx Senior Citizens Council, Inc. - Home Delivered Meals Program",0.544,ocr:lowconf,data/fy09/transparency-resolutions/review-crops/r03-p040-row22-organization.png
3,40,22,amount,"$7,481.30",0.72,ocr:lowconf,data/fy09/transparency-resolutions/review-crops/r03-p040-row22-amount.png
3,40,23,amount,"$7,481.30",0.96,ocr:amt,data/fy09/transparency-resolutions/review-crops/r03-p040-row23-amount.png
3,40,23,organization,"Mid-Bronx Senior Citizens Council, Inc. - Home Delivered Meals Program",0.698,ocr:lowconf,data/fy09/transparency-resolutions/review-crops/r03-p040-row23-organization.png
3,40,24,amount,"$7,481.30",0.998,ocr:amt,data/fy09/transparency-resolutions/review-crops/r03-p040-row24-amount.png
3,40,24,organization,"Mid-Bronx Senior Citizens Council, Inc. - Home Delivered Meals Program",0.589,ocr:lowconf,data/fy09/transparency-resolutions/review-crops/r03-p040-row24-organization.png
3,40,25,amount,"$7,481.30",0.864,ocr:amt,data/fy09/transparency-resolutions/review-crops/r03-p040-row25-amount.png
3,40,25,organization,"Mid-Bronx Senior Citizens Council, Inc. - Home Delivered Meals Program",0.689,ocr:lowconf,data/fy09/transparency-resolutions/review-crops/r03-p040-row25-organization.png
3,40,26,amount,"$7,481.30",0.996,ocr:amt,data/fy09/transparency-resolutions/review-crops/r03-p040-row26-amount.png
3,40,26,organization,"Mid- -Bronx Senior Citizens Council, Inc. - Home Delivered Meals Program",0.743,ocr:lowconf,data/fy09/transparency-resolutions/review-crops/r03-p040-row26-organization.png
3,40,27,amount,"$7,481.30",0.991,ocr:amt,data/fy09/transparency-resolutions/review-crops/r03-p040-row27-amount.png
3,40,28,amount,"$7,481.30",0.506,ocr:amt,data/fy09/transparency-resolutions/review-crops/r03-p040-row28-amount.png
3,40,28,amount,"$7,481.30",0.506,ocr:lowconf,data/fy09/transparency-resolutions/review-crops/r03-p040-row28-amount.png
3,40,29,amount,"$7,481.30",0.75,ocr:amt,data/fy09/transparency-resolutions/review-crops/r03-p040-row29-amount.png
3,40,29,amount,"$7,481.30",0.75,ocr:lowconf,data/fy09/transparency-resolutions/review-crops/r03-p040-row29-amount.png
3,40,30,amount,"$7,481.30",0.999,ocr:amt,data/fy09/transparency-resolutions/review-crops/r03-p040-row30-amount.png
3,40,31,amount,"$7,481.30",0.994,ocr:amt,data/fy09/transparency-resolutions/review-crops/r03-p040-row31-amount.png
3,40,31,organization,"Mid-Bronx Senior Citizens Council, Inc. Project Homebound",0.685,ocr:lowconf,data/fy09/transparency-resolutions/review-crops/r03-p040-row31-organization.png
3,40,32,amount,"$7,481.30",0.923,ocr:amt,data/fy09/transparency-resolutions/review-crops/r03-p040-row32-amount.png
3,40,32,organization,"Mid-Bronx Senior Citizens Council, Inc. Project Homebound",0.506,ocr:lowconf,data/fy09/transparency-resolutions/review-crops/r03-p040-row32-organization.png
3,40,33,amount,"$7,481.30",0.997,ocr:amt,data/fy09/transparency-resolutions/review-crops/r03-p040-row33-amount.png
3,40,33,organization,"New York Foundation for Senior Citizens, Inc. Transportation",0.608,ocr:lowconf,data/fy09/transparency-resolutions/review-crops/r03-p040-row33-organization.png
3,40,33,ein,13-2618568,0.587,ocr:lowconf,data/fy09/transparency-resolutions/review-crops/r03-p040-row33-ein.png
3,40,34,amount,"$7,481.30",0.991,ocr:amt,data/fy09/transparency-resolutions/review-crops/r03-p040-row34-amount.png
3,40,34,organization,"New York Foundation for Senior Citizens, Inc. Transportation",0.657,ocr:lowconf,data/fy09/transparency-resolutions/review-crops/r03-p040-row34-organization.png
3,40,35,amount,"$7,481.30",0.975,ocr:amt,data/fy09/transparency-resolutions/review-crops/r03-p040-row35-amount.png
3,40,35,organization,"New York Foundation for Senior Citizens, Inc. Transportation",0.551,ocr:lowconf,data/fy09/transparency-resolutions/review-crops/r03-p040-row35-organization.png
3,40,36,amount,"$7,481.30",0.997,ocr:amt,data/fy09/transparency-resolutions/review-crops/r03-p040-row36-amount.png
3,41,0,amount,"$7,481.30",0.995,ocr:amt,data/fy09/transparency-resolutions/review-crops/r03-p041-row00-amount.png
3,41,1,amount,"$7,481.30",0.98,ocr:amt,data/fy09/transparency-resolutions/review-crops/r03-p041-row01-amount.png
3,41,2,amount,"$7,481.30",1.0,ocr:amt,data/fy09/transparency-resolutions/review-crops/r03-p041-row02-amount.png
3,41,2,organization,North East Bronx Senior Citizens Center,0.71,ocr:lowconf,data/fy09/transparency-resolutions/review-crops/r03-p041-row02-organization.png
3,41,3,amount,"$7,481.30",0.978,ocr:amt,data/fy09/transparency-resolutions/review-crops/r03-p041-row03-amount.png
3,41,4,amount,"$7,481.30",0.977,ocr:amt,data/fy09/transparency-resolutions/review-crops/r03-p041-row04-amount.png
3,41,4,organization,"Polish and Slavic Center, Inc. - Krakus Luncheon Club Senior Center",0.594,ocr:lowconf,data/fy09/transparency-resolutions/review-crops/r03-p041-row04-organization.png
3,41,5,amount,"$7,481.30",0.997,ocr:amt,data/fy09/transparency-resolutions/review-crops/r03-p041-row05-amount.png
3,41,5,organization,"Polish and Slavic Center, Inc. - Krakus Luncheon Club Senior Center",0.791,ocr:lowconf,data/fy09/transparency-resolutions/review-crops/r03-p041-row05-organization.png
3,41,6,amount,"$7,481.30",1.0,ocr:amt,data/fy09/transparency-resolutions/review-crops/r03-p041-row06-amount.png
3,41,6,organization,Presbyterian Senior Services - City Island,0.543,ocr:lowconf,data/fy09/transparency-resolutions/review-crops/r03-p041-row06-organization.png
3,41,7,amount,"$7,481.30",1.0,ocr:amt,data/fy09/transparency-resolutions/review-crops/r03-p041-row07-amount.png
3,41,7,ein,11-2375583,0.563,ocr:lowconf,data/fy09/transparency-resolutions/review-crops/r03-p041-row07-ein.png
3,41,8,amount,"$7,481.30",0.64,ocr:amt,data/fy09/transparency-resolutions/review-crops/r03-p041-row08-amount.png
3,41,8,organization,"Queens Community House, Inc. - Senior Center",0.518,ocr:lowconf,data/fy09/transparency-resolutions/review-crops/r03-p041-row08-organization.png
3,41,8,amount,"$7,481.30",0.64,ocr:lowconf,data/fy09/transparency-resolutions/review-crops/r03-p041-row08-amount.png
3,41,9,amount,"$7,481.30",0.996,ocr:amt,data/fy09/transparency-resolutions/review-crops/r03-p041-row09-amount.png
3,41,9,organization,"Queens Community House, Inc. Senior Center",0.599,ocr:lowconf,data/fy09/transparency-resolutions/review-crops/r03-p041-row09-organization.png
3,41,10,amount,"$7,481.30",1.0,ocr:amt,data/fy09/transparency-resolutions/review-crops/r03-p041-row10-amount.png
3,41,10,organization,"Queens Community House, Inc. - Senior Center",0.589,ocr:lowconf,data/fy09/transparency-resolutions/review-crops/r03-p041-row10-organization.png
3,41,11,amount,"$7,481.30",0.999,ocr:amt,data/fy09/transparency-resolutions/review-crops/r03-p041-row11-amount.png
3,41,11,ein,11-2375583,0.751,ocr:lowconf,data/fy09/transparency-resolutions/review-crops/r03-p041-row11-ein.png
3,41,12,amount,"$7,481.30",0.784,ocr:amt,data/fy09/transparency-resolutions/review-crops/r03-p041-row12-amount.png
3,41,12,amount,"$7,481.30",0.784,ocr:lowconf,data/fy09/transparency-resolutions/review-crops/r03-p041-row12-amount.png
3,41,13,amount,"$7,481.30",0.947,ocr:amt,data/fy09/transparency-resolutions/review-crops/r03-p041-row13-amount.png
3,41,13,organization,Rabbi Israel Meyer Hacohen Rabbinical Seminary of America - Middle Village Senior Center,0.597,ocr:lowconf,data/fy09/transparency-resolutions/review-crops/r03-p041-row13-organization.png
3,41,13,status,Application Pending,0.539,ocr:lowconf,data/fy09/transparency-resolutions/review-crops/r03-p041-row13-status.png
3,41,14,amount,$748130,0.31,ocr:lowconf,data/fy09/transparency-resolutions/review-crops/r03-p041-row14-amount.png
3,41,15,amount,"$7,481.30",1.0,ocr:amt,data/fy09/transparency-resolutions/review-crops/r03-p041-row15-amount.png
3,41,15,organization,Rabbi Israel Meyer Hacohen Rabbinical Seminary of America - Middie Vilage Senior Center,0.615,ocr:lowconf,data/fy09/transparency-resolutions/review-crops/r03-p041-row15-organization.png
3,41,15,status,Application Pending,0.645,ocr:lowconf,data/fy09/transparency-resolutions/review-crops/r03-p041-row15-status.png
3,41,16,amount,"$7,481.30",0.983,ocr:amt,data/fy09/transparency-resolutions/review-crops/r03-p041-row16-amount.png
3,41,16,organization,"Recreation Rooms And Settlement, Inc. - Transportation",0.505,ocr:lowconf,data/fy09/transparency-resolutions/review-crops/r03-p041-row16-organization.png
3,41,17,amount,"$7,481.30",0.996,ocr:amt,data/fy09/transparency-resolutions/review-crops/r03-p041-row17-amount.png
3,41,17,organization,"Recreation Rooms And Settlement, Inc. Transportation",0.526,ocr:lowconf,data/fy09/transparency-resolutions/review-crops/r03-p041-row17-organization.png
3,41,18,amount,"$7,481.30",0.998,ocr:amt,data/fy09/transparency-resolutions/review-crops/r03-p041-row18-amount.png
3,41,18,organization,"Regional Aid for Interim Needs, Inc. - Bailey Senior Center",0.541,ocr:lowconf,data/fy09/transparency-resolutions/review-crops/r03-p041-row18-organization.png
3,41,19,amount,"$7,481.30",0.996,ocr:amt,data/fy09/transparency-resolutions/review-crops/r03-p041-row19-amount.png
3,41,19,organization,"Regional Aid for Interim Needs, Inc. - Boston Road",0.725,ocr:lowconf,data/fy09/transparency-resolutions/review-crops/r03-p041-row19-organization.png
3,41,20,amount,"$7,481.30",1.0,ocr:amt,data/fy09/transparency-resolutions/review-crops/r03-p041-row20-amount.png
3,41,21,amount,"$7,481.30",0.997,ocr:amt,data/fy09/transparency-resolutions/review-crops/r03-p041-row21-amount.png
3,41,22,amount,"$7,481.30",0.997,ocr:amt,data/fy09/transparency-resolutions/review-crops/r03-p041-row22-amount.png
3,41,23,amount,"$7,481.30",0.732,ocr:amt,data/fy09/transparency-resolutions/review-crops/r03-p041-row23-amount.png
3,41,23,organization,"Regional Aid for Interim Needs, Inc. - Eastchester Transportation",0.432,ocr:lowconf,data/fy09/transparency-resolutions/review-crops/r03-p041-row23-organization.png
3,41,23,amount,"$7,481.30",0.732,ocr:lowconf,data/fy09/transparency-resolutions/review-crops/r03-p041-row23-amount.png
3,41,24,amount,"$7,481.30",0.992,ocr:amt,data/fy09/transparency-resolutions/review-crops/r03-p041-row24-amount.png
3,41,24,organization,"Regional Aid for Interim Needs, Inc. Eastchester Transportation",0.516,ocr:lowconf,data/fy09/transparency-resolutions/review-crops/r03-p041-row24-organization.png
3,41,25,amount,"$7,481.30",0.995,ocr:amt,data/fy09/transparency-resolutions/review-crops/r03-p041-row25-amount.png
3,41,25,agy_num,125,0.578,ocr:lowconf,data/fy09/transparency-resolutions/review-crops/r03-p041-row25-agy_num.png
3,41,26,amount,"$7,481.30",0.998,ocr:amt,data/fy09/transparency-resolutions/review-crops/r03-p041-row26-amount.png
3,41,27,amount,"$7,481.30",0.996,ocr:amt,data/fy09/transparency-resolutions/review-crops/r03-p041-row27-amount.png
3,41,27,organization,"Regional Aid for Interim Needs, Inc. Home Delivered Meais Program 11Area",0.56,ocr:lowconf,data/fy09/transparency-resolutions/review-crops/r03-p041-row27-organization.png
3,41,28,amount,"$7,481.30",1.0,ocr:amt,data/fy09/transparency-resolutions/review-crops/r03-p041-row28-amount.png
3,41,28,organization,"Regional Aid for Interim Needs, Inc. - Home Delivered Meals Program 11 Area",0.475,ocr:lowconf,data/fy09/transparency-resolutions/review-crops/r03-p041-row28-organization.png
3,41,29,amount,"$7,481.30",0.998,ocr:amt,data/fy09/transparency-resolutions/review-crops/r03-p041-row29-amount.png
3,41,30,amount,"$7,481.30",0.989,ocr:amt,data/fy09/transparency-resolutions/review-crops/r03-p041-row30-amount.png
3,41,30,organization,"Regional Aid for Interim Needs, Inc. Home Delivered Meals Program 117 Area",0.718,ocr:lowconf,data/fy09/transparency-resolutions/review-crops/r03-p041-row30-organization.png
3,41,31,amount,"$7,481.30",0.961,ocr:amt,data/fy09/transparency-resolutions/review-crops/r03-p041-row31-amount.png
3,41,31,organization,"Regional Aid for Interim Needs, Inc. - Home Delivered Meals Program 11 Area",0.697,ocr:lowconf,data/fy09/transparency-resolutions/review-crops/r03-p041-row31-organization.png
3,41,32,amount,"$7,481.30",0.958,ocr:amt,data/fy09/transparency-resolutions/review-crops/r03-p041-row32-amount.png
3,41,32,organization,"Regional Aid for Interim Needs, Inc. - Home Delivered Meals Program 11-Area",0.647,ocr:lowconf,data/fy09/transparency-resolutions/review-crops/r03-p041-row32-organization.png
3,41,32,ein,13-6213586,0.562,ocr:lowconf,data/fy09/transparency-resolutions/review-crops/r03-p041-row32-ein.png
3,41,33,amount,"$7,481.30",0.938,ocr:amt,data/fy09/transparency-resolutions/review-crops/r03-p041-row33-amount.png
3,41,33,organization,"Regional Aid for Interim Needs, inc. - Home Delivered Meals Program 11Area",0.531,ocr:lowconf,data/fy09/transparency-resolutions/review-crops/r03-p041-row33-organization.png
3,41,34,amount,"$7,481.30",1.0,ocr:amt,data/fy09/transparency-resolutions/review-crops/r03-p041-row34-amount.png
3,41,34,organization,"Regional Aid for Interim Needs, Inc. Home Delivered Meals Program 11Area",0.498,ocr:lowconf,data/fy09/transparency-resolutions/review-crops/r03-p041-row34-organization.png
3,41,35,amount,"$7,481.30",0.998,ocr:amt,data/fy09/transparency-resolutions/review-crops/r03-p041-row35-amount.png
3,41,35,organization,"Regional Aid for Interim Needs, Inc. Home Delivered Meals Program 11Area",0.632,ocr:lowconf,data/fy09/transparency-resolutions/review-crops/r03-p041-row35-organization.png
3,41,36,amount,"$7,481.30",0.999,ocr:amt,data/fy09/transparency-resolutions/review-crops/r03-p041-row36-amount.png
3,41,36,organization,"Regional Aid for Interim Needs, Inc. - Home Delivered Meals Program 11,Area",0.491,ocr:lowconf,data/fy09/transparency-resolutions/review-crops/r03-p041-row36-organization.png
3,41,37,amount,"$7,481.30",0.977,ocr:amt,data/fy09/transparency-resolutions/review-crops/r03-p041-row37-amount.png
3,41,37,organization,"Regional Aid for Interim Needs, Inc. Home Delivered Meals Program 11Area",0.47,ocr:lowconf,data/fy09/transparency-resolutions/review-crops/r03-p041-row37-organization.png
3,41,37,status,Cleared,0.512,ocr:lowconf,data/fy09/transparency-resolutions/review-crops/r03-p041-row37-status.png
3,41,38,amount,"$7,481.30",0.996,ocr:amt,data/fy09/transparency-resolutions/review-crops/r03-p041-row38-amount.png
3,42,0,amount,"$7,481.30",0.999,ocr:amt,data/fy09/transparency-resolutions/review-crops/r03-p042-row00-amount.png
3,42,0,agency,DFTA,0.68,ocr:lowconf,data/fy09/transparency-resolutions/review-crops/r03-p042-row00-agency.png
3,42,1,amount,"$7,481.30",0.706,ocr:amt,data/fy09/transparency-resolutions/review-crops/r03-p042-row01-amount.png
3,42,1,amount,"$7,481.30",0.706,ocr:lowconf,data/fy09/transparency-resolutions/review-crops/r03-p042-row01-amount.png
3,42,2,amount,"$7,481.30",0.998,ocr:amt,data/fy09/transparency-resolutions/review-crops/r03-p042-row02-amount.png
3,42,3,amount,"$7,481.30",0.911,ocr:amt,data/fy09/transparency-resolutions/review-crops/r03-p042-row03-amount.png
3,42,3,ein,13-6213586,0.785,ocr:lowconf,data/fy09/transparency-resolutions/review-crops/r03-p042-row03-ein.png
3,42,4,amount,"$7,481.30",0.996,ocr:amt,data/fy09/transparency-resolutions/review-crops/r03-p042-row04-amount.png
3,42,4,organization,"Regional Aid for Interim Needs, Inc. - Home Delivered Meals Program 111 Area",0.673,ocr:lowconf,data/fy09/transparency-resolutions/review-crops/r03-p042-row04-organization.png
3,42,5,amount,"$7,481.30",0.912,ocr:amt,data/fy09/transparency-resolutions/review-crops/r03-p042-row05-amount.png
3,42,6,amount,"$7,481.30",1.0,ocr:amt,data/fy09/transparency-resolutions/review-crops/r03-p042-row06-amount.png
3,42,6,organization,"Regional Aid for Interim Needs, Inc. : Inwood Senior Center",0.286,ocr:lowconf,data/fy09/transparency-resolutions/review-crops/r03-p042-row06-organization.png
3,42,7,amount,"$7,481.30",0.655,ocr:amt,data/fy09/transparency-resolutions/review-crops/r03-p042-row07-amount.png
3,42,7,amount,"$7,481.30",0.655,ocr:lowconf,data/fy09/transparency-resolutions/review-crops/r03-p042-row07-amount.png
3,42,8,amount,"$7,481.30",0.656,ocr:amt,data/fy09/transparency-resolutions/review-crops/r03-p042-row08-amount.png
3,42,8,amount,"$7,481.30",0.656,ocr:lowconf,data/fy09/transparency-resolutions/review-crops/r03-p042-row08-amount.png
3,42,9,amount,"$7,481.30",0.987,ocr:amt,data/fy09/transparency-resolutions/review-crops/r03-p042-row09-amount.png
3,42,10,amount,$748130,0.389,ocr:lowconf,data/fy09/transparency-resolutions/review-crops/r03-p042-row10-amount.png
3,42,11,amount,"$7,481.30",0.996,ocr:amt,data/fy09/transparency-resolutions/review-crops/r03-p042-row11-amount.png
3,42,12,amount,"$7,481.30",0.993,ocr:amt,data/fy09/transparency-resolutions/review-crops/r03-p042-row12-amount.png
3,42,12,organization,"Ridgewood Bushwick Senior Citizens Council, Inc. Hope Gardens Senior Center",0.601,ocr:lowconf,data/fy09/transparency-resolutions/review-crops/r03-p042-row12-organization.png
3,42,13,amount,"$7,481.30",0.999,ocr:amt,data/fy09/transparency-resolutions/review-crops/r03-p042-row13-amount.png
3,42,13,organization,"Ridgewood Bushwick Senior Citizens Council, Inc. - Senior Center",0.458,ocr:lowconf,data/fy09/transparency-resolutions/review-crops/r03-p042-row13-organization.png
3,42,14,amount,"$7,481.30",0.978,ocr:amt,data/fy09/transparency-resolutions/review-crops/r03-p042-row14-amount.png
3,42,14,organization,"Ridgewood Bushwick Senior Citizens Council, Inc. - Senior Center",0.615,ocr:lowconf,data/fy09/transparency-resolutions/review-crops/r03-p042-row14-organization.png
3,42,14,ein,11-2453853,0.734,ocr:lowconf,data/fy09/transparency-resolutions/review-crops/r03-p042-row14-ein.png
3,42,15,amount,"$7,481.30",0.967,ocr:amt,data/fy09/transparency-resolutions/review-crops/r03-p042-row15-amount.png
3,42,15,organization,"Ridgewood Bushwick Senior Citizens Council, Inc. Senior Center",0.585,ocr:lowconf,data/fy09/transparency-resolutions/review-crops/r03-p042-row15-organization.png
3,42,15,ein,11-2453853,0.624,ocr:lowconf,data/fy09/transparency-resolutions/review-crops/r03-p042-row15-ein.png
3,42,16,amount,"$7,481.30",0.95,ocr:amt,data/fy09/transparency-resolutions/review-crops/r03-p042-row16-amount.png
3,42,16,organization,"Ridgewood Bushwick Senior Citizens Council, Inc. - Senior Center",0.687,ocr:lowconf,data/fy09/transparency-resolutions/review-crops/r03-p042-row16-organization.png
3,42,17,amount,"$7,481.30",0.99,ocr:amt,data/fy09/transparency-resolutions/review-crops/r03-p042-row17-amount.png
3,42,17,organization,"Ridgewood Bushwick Senior Citizens Council, inc. Senior Center",0.727,ocr:lowconf,data/fy09/transparency-resolutions/review-crops/r03-p042-row17-organization.png
3,42,18,amount,"$7,481.30",1.0,ocr:amt,data/fy09/transparency-resolutions/review-crops/r03-p042-row18-amount.png
3,42,18,organization,"Ridgewood Bushwick Senior Citizens Council, Inc. - Social Aduit Day Services",0.768,ocr:lowconf,data/fy09/transparency-resolutions/review-crops/r03-p042-row18-organization.png
3,42,18,ein,11-2453853,0.563,ocr:lowconf,data/fy09/transparency-resolutions/review-crops/r03-p042-row18-ein.png
3,42,19,amount,"$7,481.30",0.993,ocr:amt,data/fy09/transparency-resolutions/review-crops/r03-p042-row19-amount.png
3,42,20,amount,"$7,481.30",0.979,ocr:amt,data/fy09/transparency-resolutions/review-crops/r03-p042-row20-amount.png
3,42,20,organization,"Riverdale Senior Services, Inc. - Tri Center Transportation",0.62,ocr:lowconf,data/fy09/transparency-resolutions/review-crops/r03-p042-row20-organization.png
3,42,20,ua,003,0.593,ocr:lowconf,data/fy09/transparency-resolutions/review-crops/r03-p042-row20-ua.png
3,42,21,amount,"$7,481.30",0.53,ocr:amt,data/fy09/transparency-resolutions/review-crops/r03-p042-row21-amount.png
3,42,21,organization,"Rochdale Village Social Services, Inc. Senior Center",0.547,ocr:lowconf,data/fy09/transparency-resolutions/review-crops/r03-p042-row21-organization.png
3,42,21,amount,"$7,481.30",0.53,ocr:lowconf,data/fy09/transparency-resolutions/review-crops/r03-p042-row21-amount.png
3,42,22,amount,"$7,481.30",0.724,ocr:amt,data/fy09/transparency-resolutions/review-crops/r03-p042-row22-amount.png
3,42,22,organization,"Samaritan Village, Inc. - Woodside Senior Center",0.553,ocr:lowconf,data/fy09/transparency-resolutions/review-crops/r03-p042-row22-organization.png
3,42,22,amount,"$7,481.30",0.724,ocr:lowconf,data/fy09/transparency-resolutions/review-crops/r03-p042-row22-amount.png
3,42,23,amount,"$7,481.30",1.0,ocr:amt,data/fy09/transparency-resolutions/review-crops/r03-p042-row23-amount.png
3,42,23,organization,"SEBCO Development, Inc. - Senior Programs",0.514,ocr:lowconf,data/fy09/transparency-resolutions/review-crops/r03-p042-row23-organization.png
3,42,23,ein,13-2944013,0.638,ocr:lowconf,data/fy09/transparency-resolutions/review-crops/r03-p042-row23-ein.png
3,42,24,amount,"$7,481.30",0.73,ocr:amt,data/fy09/transparency-resolutions/review-crops/r03-p042-row24-amount.png
3,42,24,organization,"Selfhelp Community Services, Inc. - Consolidated Senior Center",0.773,ocr:lowconf,data/fy09/transparency-resolutions/review-crops/r03-p042-row24-organization.png
3,42,24,amount,"$7,481.30",0.73,ocr:lowconf,data/fy09/transparency-resolutions/review-crops/r03-p042-row24-amount.png
3,42,25,amount,"$7,481.30",0.992,ocr:amt,data/fy09/transparency-resolutions/review-crops/r03-p042-row25-amount.png
3,42,25,organization,"Selfhelp Community Services, Inc. - Consolidated Senior Center",0.563,ocr:lowconf,data/fy09/transparency-resolutions/review-crops/r03-p042-row25-organization.png
3,42,25,ein,13-1624178,0.745,ocr:lowconf,data/fy09/transparency-resolutions/review-crops/r03-p042-row25-ein.png
3,42,26,amount,"$7,481.30",0.984,ocr:amt,data/fy09/transparency-resolutions/review-crops/r03-p042-row26-amount.png
3,42,27,amount,"$7,481.30",0.998,ocr:amt,data/fy09/transparency-resolutions/review-crops/r03-p042-row27-amount.png
3,42,27,organization,"Selfhelp Community Services, Inc. - Consolidated Senior Center",0.509,ocr:lowconf,data/fy09/transparency-resolutions/review-crops/r03-p042-row27-organization.png
3,42,27,ein,13-1624178,0.671,ocr:lowconf,data/fy09/transparency-resolutions/review-crops/r03-p042-row27-ein.png
3,42,28,amount,"$7,481.30",0.993,ocr:amt,data/fy09/transparency-resolutions/review-crops/r03-p042-row28-amount.png
3,42,28,organization,"Selfhelp Community Services, Inc. - Consolidated Senior Center",0.782,ocr:lowconf,data/fy09/transparency-resolutions/review-crops/r03-p042-row28-organization.png
3,42,29,amount,"$7,481.30",1.0,ocr:amt,data/fy09/transparency-resolutions/review-crops/r03-p042-row29-amount.png
3,42,29,organization,"Senior Citizens League of Flatbush, Inc. Senior Center",0.659,ocr:lowconf,data/fy09/transparency-resolutions/review-crops/r03-p042-row29-organization.png
3,42,29,agency,DFTA,0.573,ocr:lowconf,data/fy09/transparency-resolutions/review-crops/r03-p042-row29-agency.png
3,42,29,status,Application Pending,0.643,ocr:lowconf,data/fy09/transparency-resolutions/review-crops/r03-p042-row29-status.png
3,42,30,amount,"$7,481.30",0.998,ocr:amt,data/fy09/transparency-resolutions/review-crops/r03-p042-row30-amount.png
3,42,31,amount,"$7,481.30",0.999,ocr:amt,data/fy09/transparency-resolutions/review-crops/r03-p042-row31-amount.png
3,42,32,amount,"$7,481.30",0.994,ocr:amt,data/fy09/transparency-resolutions/review-crops/r03-p042-row32-amount.png
3,42,32,organization,Services Now for Adult Persons (SNAP). Inc. - Eastern Queens Senior Center,0.545,ocr:lowconf,data/fy09/transparency-resolutions/review-crops/r03-p042-row32-organization.png
3,42,32,status,Cleared,0.736,ocr:lowconf,data/fy09/transparency-resolutions/review-crops/r03-p042-row32-status.png
3,42,33,amount,"$7,481.30",0.993,ocr:amt,data/fy09/transparency-resolutions/review-crops/r03-p042-row33-amount.png
3,42,33,organization,"Services Now for Adult Persons (SNAP), Inc. - Eastern Queens Senior Center",0.769,ocr:lowconf,data/fy09/transparency-resolutions/review-crops/r03-p042-row33-organization.png
3,42,33,ein,11-2591783,0.796,ocr:lowconf,data/fy09/transparency-resolutions/review-crops/r03-p042-row33-ein.png
3,42,33,status,Cieared,0.566,ocr:lowconf,data/fy09/transparency-resolutions/review-crops/r03-p042-row33-status.png
3,42,34,amount,"$7,481.30",0.999,ocr:amt,data/fy09/transparency-resolutions/review-crops/r03-p042-row34-amount.png
3,42,34,organization,"Services Now for Adult Persons (SNAP), Inc. - Eastern Queens Senior Center",0.622,ocr:lowconf,data/fy09/transparency-resolutions/review-crops/r03-p042-row34-organization.png
3,42,35,amount,"$7,481.30",0.874,ocr:amt,data/fy09/transparency-resolutions/review-crops/r03-p042-row35-amount.png
3,42,35,ein,11-2591783,0.629,ocr:lowconf,data/fy09/transparency-resolutions/review-crops/r03-p042-row35-ein.png
3,42,36,amount,"$7,481.30",0.999,ocr:amt,data/fy09/transparency-resolutions/review-crops/r03-p042-row36-amount.png
3,42,37,amount,"$7,481.30",0.915,ocr:amt,data/fy09/transparency-resolutions/review-crops/r03-p042-row37-amount.png
3,42,37,organization,"Services Now for Adult Persons (SNAP), Inc. - Eastern Queens Senior Center",0.707,ocr:lowconf,data/fy09/transparency-resolutions/review-crops/r03-p042-row37-organization.png
3,42,37,status,Cleared,0.503,ocr:lowconf,data/fy09/transparency-resolutions/review-crops/r03-p042-row37-status.png
3,42,38,amount,"$7,481.30",0.992,ocr:amt,data/fy09/transparency-resolutions/review-crops/r03-p042-row38-amount.png
3,42,39,amount,$7.481-30,0.471,ocr:amt,data/fy09/transparency-resolutions/review-crops/r03-p042-row39-amount.png
3,42,39,organization,Southside United Housing Development Fund Corp - Los Sures Senior Center,0.573,ocr:lowconf,data/fy09/transparency-resolutions/review-crops/r03-p042-row39-organization.png
3,42,39,amount,$7.481-30,0.471,ocr:lowconf,data/fy09/transparency-resolutions/review-crops/r03-p042-row39-amount.png
3,42,39,status,Application Pending,0.727,ocr:lowconf,data/fy09/transparency-resolutions/review-crops/r03-p042-row39-status.png
3,43,0,amount,"$7,481.30",0.999,ocr:amt,data/fy09/transparency-resolutions/review-crops/r03-p043-row00-amount.png
3,43,0,organization,Spanish Speaking Elderly CounCI-RAICES - Times Plaza Senior Center,0.617,ocr:lowconf,data/fy09/transparency-resolutions/review-crops/r03-p043-row00-organization.png
3,43,1,amount,"$7,481.30",1.0,ocr:amt,data/fy09/transparency-resolutions/review-crops/r03-p043-row01-amount.png
3,43,1,status,Missing PQL Application,0.6,ocr:lowconf,data/fy09/transparency-resolutions/review-crops/r03-p043-row01-status.png
3,43,2,amount,"$7,481.30",0.967,ocr:amt,data/fy09/transparency-resolutions/review-crops/r03-p043-row02-amount.png
3,43,2,organization,St. Matthew's and St. Timothy's Neighborhood Center - WEME Mainstream Nutrition Program,0.507,ocr:lowconf,data/fy09/transparency-resolutions/review-crops/r03-p043-row02-organization.png
3,43,3,amount,"$7,481.30",0.999,ocr:amt,data/fy09/transparency-resolutions/review-crops/r03-p043-row03-amount.png
3,43,3,organization,St. Matthew's and St. Timothy's Neighborhood Center - WEME Mainstream Nutrition Program,0.597,ocr:lowconf,data/fy09/transparency-resolutions/review-crops/r03-p043-row03-organization.png
3,43,4,amount,"$7,481.30",0.62,ocr:amt,data/fy09/transparency-resolutions/review-crops/r03-p043-row04-amount.png
3,43,4,organization,St. Matthew's and St. Timothy's Neighborhood Center - WEME Mainstream Nutrition Program,0.569,ocr:lowconf,data/fy09/transparency-resolutions/review-crops/r03-p043-row04-organization.png
3,43,4,ein,13-2587904,0.5,ocr:lowconf,data/fy09/transparency-resolutions/review-crops/r03-p043-row04-ein.png
3,43,4,amount,"$7,481.30",0.62,ocr:lowconf,data/fy09/transparency-resolutions/review-crops/r03-p043-row04-amount.png
3,43,5,amount,"$7,481.30",1.0,ocr:amt,data/fy09/transparency-resolutions/review-crops/r03-p043-row05-amount.png
3,43,5,organization,St. Matthew's and St. Timothy's Neighborhood Center - WEME Mainstream Nutrition Program,0.56,ocr:lowconf,data/fy09/transparency-resolutions/review-crops/r03-p043-row05-organization.png
3,43,5,status,Application Pending,0.603,ocr:lowconf,data/fy09/transparency-resolutions/review-crops/r03-p043-row05-status.png
3,43,6,amount,"$7,481.30",0.999,ocr:amt,data/fy09/transparency-resolutions/review-crops/r03-p043-row06-amount.png
3,43,7,amount,"$7,481.30",0.719,ocr:amt,data/fy09/transparency-resolutions/review-crops/r03-p043-row07-amount.png
3,43,7,amount,"$7,481.30",0.719,ocr:lowconf,data/fy09/transparency-resolutions/review-crops/r03-p043-row07-amount.png
3,43,8,amount,"$7,481.30",0.99,ocr:amt,data/fy09/transparency-resolutions/review-crops/r03-p043-row08-amount.png
3,43,8,organization,"Stanley M. Isaacs Neighborhood Center, Inc. Meals on Wheels",0.721,ocr:lowconf,data/fy09/transparency-resolutions/review-crops/r03-p043-row08-organization.png
3,43,9,amount,"$7,481.30",0.998,ocr:amt,data/fy09/transparency-resolutions/review-crops/r03-p043-row09-amount.png
3,43,9,organization,"Stanley M. Isaacs Neighborhood Center, Inc. Meals on Wheels",0.541,ocr:lowconf,data/fy09/transparency-resolutions/review-crops/r03-p043-row09-organization.png
3,43,10,amount,"$7,481.30",0.998,ocr:amt,data/fy09/transparency-resolutions/review-crops/r03-p043-row10-amount.png
3,43,10,organization,"Stanley M. Isaacs Neighborhood Center, Inc. - Meals on Wheels",0.775,ocr:lowconf,data/fy09/transparency-resolutions/review-crops/r03-p043-row10-organization.png
3,43,11,amount,"$7,481.30",0.999,ocr:amt,data/fy09/transparency-resolutions/review-crops/r03-p043-row11-amount.png
3,43,11,organization,"Stanley M. isaacs Neighborhood Center, Inc. - Meals on Wheels",0.538,ocr:lowconf,data/fy09/transparency-resolutions/review-crops/r03-p043-row11-organization.png
3,43,11,ein,13-2572034,0.39,ocr:lowconf,data/fy09/transparency-resolutions/review-crops/r03-p043-row11-ein.png
3,43,12,amount,"$7,481.30",0.947,ocr:amt,data/fy09/transparency-resolutions/review-crops/r03-p043-row12-amount.png
3,43,12,status,Cleared,0.797,ocr:lowconf,data/fy09/transparency-resolutions/review-crops/r03-p043-row12-status.png
3,43,13,amount,"$7,481.30",0.992,ocr:amt,data/fy09/transparency-resolutions/review-crops/r03-p043-row13-amount.png
3,43,14,amount,"$7,481.30",0.963,ocr:amt,data/fy09/transparency-resolutions/review-crops/r03-p043-row14-amount.png
3,43,14,organization,"Staten Island Community Services Friendship Clubs, Inc.",0.68,ocr:lowconf,data/fy09/transparency-resolutions/review-crops/r03-p043-row14-organization.png
3,43,15,amount,"$7,481.30",0.995,ocr:amt,data/fy09/transparency-resolutions/review-crops/r03-p043-row15-amount.png
3,43,15,organization,"Staten Island Community Services Friendship Clubs, Inc.",0.564,ocr:lowconf,data/fy09/transparency-resolutions/review-crops/r03-p043-row15-organization.png
3,43,15,status,Cleared,0.614,ocr:lowconf,data/fy09/transparency-resolutions/review-crops/r03-p043-row15-status.png
3,43,16,amount,"$7,481.30",1.0,ocr:amt,data/fy09/transparency-resolutions/review-crops/r03-p043-row16-amount.png
3,43,16,organization,"Staten Island Community Services Friendship Clubs, Inc.",0.561,ocr:lowconf,data/fy09/transparency-resolutions/review-crops/r03-p043-row16-organization.png
3,43,17,amount,"$7,481.30",0.607,ocr:amt,data/fy09/transparency-resolutions/review-crops/r03-p043-row17-amount.png
3,43,17,amount,"$7,481.30",0.607,ocr:lowconf,data/fy09/transparency-resolutions/review-crops/r03-p043-row17-amount.png
3,43,18,amount,"$7,481.30",1.0,ocr:amt,data/fy09/transparency-resolutions/review-crops/r03-p043-row18-amount.png
3,43,18,organization,"Staten Island Community Services Friendship Clubs, Inc.",0.725,ocr:lowconf,data/fy09/transparency-resolutions/review-crops/r03-p043-row18-organization.png
3,43,19,amount,"$7,481.30",0.508,ocr:amt,data/fy09/transparency-resolutions/review-crops/r03-p043-row19-amount.png
3,43,19,organization,"Staten Island Community Services Friendship Clubs, inc.",0.729,ocr:lowconf,data/fy09/transparency-resolutions/review-crops/r03-p043-row19-organization.png
3,43,19,amount,"$7,481.30",0.508,ocr:lowconf,data/fy09/transparency-resolutions/review-crops/r03-p043-row19-amount.png
3,43,20,amount,"$7,481.30",0.981,ocr:amt,data/fy09/transparency-resolutions/review-crops/r03-p043-row20-amount.png
3,43,20,organization,"Staten Island Community Services Friendship Clubs, Inc.",0.539,ocr:lowconf,data/fy09/transparency-resolutions/review-crops/r03-p043-row20-organization.png
3,43,21,amount,"$7,481.30",0.997,ocr:amt,data/fy09/transparency-resolutions/review-crops/r03-p043-row21-amount.png
3,43,21,organization,"Sunnyside Community Services Center, Inc. - Senior Center",0.572,ocr:lowconf,data/fy09/transparency-resolutions/review-crops/r03-p043-row21-organization.png
3,43,22,amount,"$7,481.30",0.999,ocr:amt,data/fy09/transparency-resolutions/review-crops/r03-p043-row22-amount.png
3,43,22,organization,"Sunnyside Community Services Center, Inc. - Senior Center",0.786,ocr:lowconf,data/fy09/transparency-resolutions/review-crops/r03-p043-row22-organization.png
3,43,23,amount,"$7,481.30",0.999,ocr:amt,data/fy09/transparency-resolutions/review-crops/r03-p043-row23-amount.png
3,43,23,organization,"Sunnyside Community Services Center, Inc. Senior Center",0.688,ocr:lowconf,data/fy09/transparency-resolutions/review-crops/r03-p043-row23-organization.png
3,43,24,amount,"$7,481.30",1.0,ocr:amt,data/fy09/transparency-resolutions/review-crops/r03-p043-row24-amount.png
3,43,24,organization,"Sunnyside Community Services Center, Inc. Senior Center",0.536,ocr:lowconf,data/fy09/transparency-resolutions/review-crops/r03-p043-row24-organization.png
3,43,25,amount,"$7,481.30",0.97,ocr:amt,data/fy09/transparency-resolutions/review-crops/r03-p043-row25-amount.png
3,43,25,organization,"Sunnyside Community Services Center, Inc. Senior Center",0.606,ocr:lowconf,data/fy09/transparency-resolutions/review-crops/r03-p043-row25-organization.png
3,43,26,amount,"$7,481.30",0.99,ocr:amt,data/fy09/transparency-resolutions/review-crops/r03-p043-row26-amount.png
3,43,27,amount,"$7,481.30",0.983,ocr:amt,data/fy09/transparency-resolutions/review-crops/r03-p043-row27-amount.png
3,43,27,organization,"Sunset Bay Community Services, Inc. - Sunset Park",0.698,ocr:lowconf,data/fy09/transparency-resolutions/review-crops/r03-p043-row27-organization.png
3,43,28,amount,"$7,481.30",0.995,ocr:amt,data/fy09/transparency-resolutions/review-crops/r03-p043-row28-amount.png
3,43,29,amount,"$7,481.30",0.852,ocr:amt,data/fy09/transparency-resolutions/review-crops/r03-p043-row29-amount.png
3,43,29,organization,"Tremont Community Senior Citizen Service Center, Inc. Thomas Guess Community Senior Center",0.527,ocr:lowconf,data/fy09/transparency-resolutions/review-crops/r03-p043-row29-organization.png
3,43,30,amount,"$7,481.30",0.917,ocr:amt,data/fy09/transparency-resolutions/review-crops/r03-p043-row30-amount.png
3,43,30,organization,"Trinity Senior Services, Inc.",0.761,ocr:lowconf,data/fy09/transparency-resolutions/review-crops/r03-p043-row30-organization.png
3,43,30,ua,003,0.56,ocr:lowconf,data/fy09/transparency-resolutions/review-crops/r03-p043-row30-ua.png
3,43,31,amount,"$7,481.30",0.982,ocr:amt,data/fy09/transparency-resolutions/review-crops/r03-p043-row31-amount.png
3,43,31,organization,"Union Settlement Association, Inc. - East Harlem Coal. (JWJ Senior Center)",0.623,ocr:lowconf,data/fy09/transparency-resolutions/review-crops/r03-p043-row31-organization.png
3,43,31,ein,13-1632530,0.483,ocr:lowconf,data/fy09/transparency-resolutions/review-crops/r03-p043-row31-ein.png
3,43,32,amount,"$7,481.30",0.991,ocr:amt,data/fy09/transparency-resolutions/review-crops/r03-p043-row32-amount.png
3,43,32,organization,"Union Settlement Association, Inc. East Harlem Coal. (JWJ Senior Center)",0.503,ocr:lowconf,data/fy09/transparency-resolutions/review-crops/r03-p043-row32-organization.png
3,43,32,ein,13-1632530,0.588,ocr:lowconf,data/fy09/transparency-resolutions/review-crops/r03-p043-row32-ein.png
3,43,32,status,Cleared,0.75,ocr:lowconf,data/fy09/transparency-resolutions/review-crops/r03-p043-row32-status.png
3,43,33,amount,"$7,481.30",0.999,ocr:amt,data/fy09/transparency-resolutions/review-crops/r03-p043-row33-amount.png
3,43,33,organization,"Union Settlement Association, Inc - East Harlem Coal. (JWJ Senior Center)",0.309,ocr:lowconf,data/fy09/transparency-resolutions/review-crops/r03-p043-row33-organization.png
3,43,34,amount,"$7,481.30",0.939,ocr:amt,data/fy09/transparency-resolutions/review-crops/r03-p043-row34-amount.png
3,43,34,organization,"Union Settlement Association, Inc. Transportation",0.532,ocr:lowconf,data/fy09/transparency-resolutions/review-crops/r03-p043-row34-organization.png
3,43,35,amount,"$7,481.30",0.995,ocr:amt,data/fy09/transparency-resolutions/review-crops/r03-p043-row35-amount.png
3,43,35,organization,Union Settlement Association. Inc - Transportation,0.6,ocr:lowconf,data/fy09/transparency-resolutions/review-crops/r03-p043-row35-organization.png
3,44,0,amount,"$7,481.30",0.975,ocr:amt,data/fy09/transparency-resolutions/review-crops/r03-p044-row00-amount.png
3,44,0,agency,DFTA,0.757,ocr:lowconf,data/fy09/transparency-resolutions/review-crops/r03-p044-row00-agency.png
3,44,1,amount,"$7,481.30",0.998,ocr:amt,data/fy09/transparency-resolutions/review-crops/r03-p044-row01-amount.png
3,44,1,organization,"United Hindu Cultural Council ofUSA, North America, Inc. Senior Center",0.696,ocr:lowconf,data/fy09/transparency-resolutions/review-crops/r03-p044-row01-organization.png
3,44,2,amount,"$7,481.30",0.986,ocr:amt,data/fy09/transparency-resolutions/review-crops/r03-p044-row02-amount.png
3,44,2,organization,"United Hindu Cultural Council of USA, North America, Inc. - Senior Center",0.796,ocr:lowconf,data/fy09/transparency-resolutions/review-crops/r03-p044-row02-organization.png
3,44,3,amount,"$7,481.30",1.0,ocr:amt,data/fy09/transparency-resolutions/review-crops/r03-p044-row03-amount.png
3,44,3,organization,University Settiement Society of New York Nutrition,0.637,ocr:lowconf,data/fy09/transparency-resolutions/review-crops/r03-p044-row03-organization.png
3,44,4,amount,"$7,481.30",0.904,ocr:amt,data/fy09/transparency-resolutions/review-crops/r03-p044-row04-amount.png
3,44,5,amount,"$7,481.30",0.999,ocr:amt,data/fy09/transparency-resolutions/review-crops/r03-p044-row05-amount.png
3,44,5,ein,13-2792876,0.627,ocr:lowconf,data/fy09/transparency-resolutions/review-crops/r03-p044-row05-ein.png
3,44,5,status,Application Pending,0.566,ocr:lowconf,data/fy09/transparency-resolutions/review-crops/r03-p044-row05-status.png
3,44,6,amount,"$7,481.30",0.636,ocr:amt,data/fy09/transparency-resolutions/review-crops/r03-p044-row06-amount.png
3,44,6,organization,"Wayside Out-Reach Development, Inc. -1 Tilden Senior Center",0.696,ocr:lowconf,data/fy09/transparency-resolutions/review-crops/r03-p044-row06-organization.png
3,44,6,ein,11-3528680,0.7,ocr:lowconf,data/fy09/transparency-resolutions/review-crops/r03-p044-row06-ein.png
3,44,6,amount,"$7,481.30",0.636,ocr:lowconf,data/fy09/transparency-resolutions/review-crops/r03-p044-row06-amount.png
3,44,7,amount,"$7,481.30",0.998,ocr:amt,data/fy09/transparency-resolutions/review-crops/r03-p044-row07-amount.png
3,44,8,amount,"$7,481.30",1.0,ocr:amt,data/fy09/transparency-resolutions/review-crops/r03-p044-row08-amount.png
3,44,8,organization,"Wayside Out-Reach Development, Inc. - Wayside Tompkins Park Senior Center",0.766,ocr:lowconf,data/fy09/transparency-resolutions/review-crops/r03-p044-row08-organization.png
3,44,9,amount,"$7,481.30",1.0,ocr:amt,data/fy09/transparency-resolutions/review-crops/r03-p044-row09-amount.png
3,44,9,organization,"Wayside Out-Reach Development, Inc. - Wayside Tompkins Park Senior Center",0.543,ocr:lowconf,data/fy09/transparency-resolutions/review-crops/r03-p044-row09-organization.png
3,44,9,ein,11-3528680,0.771,ocr:lowconf,data/fy09/transparency-resolutions/review-crops/r03-p044-row09-ein.png
3,44,10,amount,"$7,481.30",0.907,ocr:amt,data/fy09/transparency-resolutions/review-crops/r03-p044-row10-amount.png
3,44,11,amount,"$7,481.30",0.903,ocr:amt,data/fy09/transparency-resolutions/review-crops/r03-p044-row11-amount.png
3,44,11,organization,"Wayside Out-Reach Development, Inc. - Wayside Tompkins Park Seniof Center",0.517,ocr:lowconf,data/fy09/transparency-resolutions/review-crops/r03-p044-row11-organization.png
3,44,12,amount,"$7,481.30",0.861,ocr:amt,data/fy09/transparency-resolutions/review-crops/r03-p044-row12-amount.png
3,44,12,organization,"Wayside Out-Reach Development, Inc. - Wayside Tompkins Park Senior Center",0.688,ocr:lowconf,data/fy09/transparency-resolutions/review-crops/r03-p044-row12-organization.png
3,44,13,amount,"$7,481.30",1.0,ocr:amt,data/fy09/transparency-resolutions/review-crops/r03-p044-row13-amount.png
3,44,14,amount,"$7,481.30",1.0,ocr:amt,data/fy09/transparency-resolutions/review-crops/r03-p044-row14-amount.png
3,44,15,amount,"$7,481.30",0.987,ocr:amt,data/fy09/transparency-resolutions/review-crops/r03-p044-row15-amount.png
3,44,16,amount,"$7,481.30",0.732,ocr:amt,data/fy09/transparency-resolutions/review-crops/r03-p044-row16-amount.png
3,44,16,organization,Young Israel of Forest Hills - Senior League,0.576,ocr:lowconf,data/fy09/transparency-resolutions/review-crops/r03-p044-row16-organization.png
3,44,16,amount,"$7,481.30",0.732,ocr:lowconf,data/fy09/transparency-resolutions/review-crops/r03-p044-row16-amount.png
3,44,17,amount,"$7,481.30",0.991,ocr:amt,data/fy09/transparency-resolutions/review-crops/r03-p044-row17-amount.png
3,44,17,organization,Young Israel of Forest Hills - Senior League,0.79,ocr:lowconf,data/fy09/transparency-resolutions/review-crops/r03-p044-row17-organization.png
3,44,18,amount,"$7,481.30",0.644,ocr:amt,data/fy09/transparency-resolutions/review-crops/r03-p044-row18-amount.png
3,44,18,amount,"$7,481.30",0.644,ocr:lowconf,data/fy09/transparency-resolutions/review-crops/r03-p044-row18-amount.png
3,44,18,status,Application Pending,0.6,ocr:lowconf,data/fy09/transparency-resolutions/review-crops/r03-p044-row18-status.png
3,44,19,amount,"$7,481.30",0.992,ocr:amt,data/fy09/transparency-resolutions/review-crops/r03-p044-row19-amount.png
3,44,19,organization,Young Israel of Queens Valley - Senior League,0.745,ocr:lowconf,data/fy09/transparency-resolutions/review-crops/r03-p044-row19-organization.png
3,44,20,amount,"$7,481.30",1.0,ocr:amt,data/fy09/transparency-resolutions/review-crops/r03-p044-row20-amount.png
3,44,20,organization,Young Israel of Wavecrest and Bayswater - Senior League,0.574,ocr:lowconf,data/fy09/transparency-resolutions/review-crops/r03-p044-row20-organization.png
3,44,21,amount,"$7,481.30",0.964,ocr:amt,data/fy09/transparency-resolutions/review-crops/r03-p044-row21-amount.png
3,44,22,amount,748130,0.335,ocr:lowconf,data/fy09/transparency-resolutions/review-crops/r03-p044-row22-amount.png
3,44,23,organization,Young Men's and Young Women's Hebrew Association of Washington Heights and Inwood - inwood Senior Center,0.642,ocr:lowconf,data/fy09/transparency-resolutions/review-crops/r03-p044-row23-organization.png
3,44,23,amount,$748130,0.335,ocr:lowconf,data/fy09/transparency-resolutions/review-crops/r03-p044-row23-amount.png
3,46,0,amount,"$352,1 129.00",0.987,ocr:amt,data/fy09/transparency-resolutions/review-crops/r03-p046-row00-amount.png
3,46,2,organization,Legal Aid Society / Civil Division- Brooklyn,0.416,ocr:lowconf,data/fy09/transparency-resolutions/review-crops/r03-p046-row02-organization.png
3,46,5,organization,Legal Aid Society / Civil Division- Staten island,0.552,ocr:lowconf,data/fy09/transparency-resolutions/review-crops/r03-p046-row05-organization.png
3,46,7,organization,Legal Services NYC - Bronx,0.757,ocr:lowconf,data/fy09/transparency-resolutions/review-crops/r03-p046-row07-organization.png
3,46,8,ein,13-2600199,0.753,ocr:lowconf,data/fy09/transparency-resolutions/review-crops/r03-p046-row08-ein.png
3,46,8,amount,"$57,716.00",0.589,ocr:lowconf,data/fy09/transparency-resolutions/review-crops/r03-p046-row08-amount.png
3,46,9,ein,13-2605599,0.677,ocr:lowconf,data/fy09/transparency-resolutions/review-crops/r03-p046-row09-ein.png
3,46,11,organization,Legal Services NYC Manhattan Legal Services-Harlem Office,0.666,ocr:lowconf,data/fy09/transparency-resolutions/review-crops/r03-p046-row11-organization.png
3,46,11,ua,011,0.569,ocr:lowconf,data/fy09/transparency-resolutions/review-crops/r03-p046-row11-ua.png
3,46,12,organization,Legal Services NYC Queens Legal Services Corporation,0.733,ocr:lowconf,data/fy09/transparency-resolutions/review-crops/r03-p046-row12-organization.png
3,46,14,amount,"$215,975.00",0.7,ocr:lowconf,data/fy09/transparency-resolutions/review-crops/r03-p046-row14-amount.png
4,8,0,organization,Ohr Halimud - The Multi-Sensory Learning Center,0.535,ocr:lowconf,data/fy09/transparency-resolutions/review-crops/r04-p008-row00-organization.png
4,8,1,agency,DYCD,0.796,ocr:lowconf,data/fy09/transparency-resolutions/review-crops/r04-p008-row01-agency.png
4,8,2,status,S10K- PQL Not Required,0.474,ocr:lowconf,data/fy09/transparency-resolutions/review-crops/r04-p008-row02-status.png
4,8,3,organization,"Pedro Francisco Bono Foundation, Inc.",0.596,ocr:lowconf,data/fy09/transparency-resolutions/review-crops/r04-p008-row03-organization.png
4,8,4,member,Martinez,0.77,ocr:lowconf,data/fy09/transparency-resolutions/review-crops/r04-p008-row04-member.png
4,8,4,organization,"Vocational Foundation, Inc.",0.517,ocr:lowconf,data/fy09/transparency-resolutions/review-crops/r04-p008-row04-organization.png
4,8,5,organization,Haitian-American Business Network,0.625,ocr:lowconf,data/fy09/transparency-resolutions/review-crops/r04-p008-row05-organization.png
4,8,5,conduit_org,"Consortium for Haitian Empowerment, Inc.",0.645,ocr:lowconf,data/fy09/transparency-resolutions/review-crops/r04-p008-row05-conduit_org.png
4,8,5,status,S10K- PQL Not Required,0.493,ocr:lowconf,data/fy09/transparency-resolutions/review-crops/r04-p008-row05-status.png
4,8,6,organization,Haitian-American Business Network,0.516,ocr:lowconf,data/fy09/transparency-resolutions/review-crops/r04-p008-row06-organization.png
4,8,6,status,S10K- PQL Not Required,0.677,ocr:lowconf,data/fy09/transparency-resolutions/review-crops/r04-p008-row06-status.png
4,8,7,status,S10K- -PQL Not Required,0.588,ocr:lowconf,data/fy09/transparency-resolutions/review-crops/r04-p008-row07-status.png
4,8,8,status,S10K- PQL Not Required,0.665,ocr:lowconf,data/fy09/transparency-resolutions/review-crops/r04-p008-row08-status.png
4,8,11,organization,First Baptist Church of Sheepshead Bay,0.507,ocr:lowconf,data/fy09/transparency-resolutions/review-crops/r04-p008-row11-organization.png
4,8,11,status,S10K - PQL Not Required,0.465,ocr:lowconf,data/fy09/transparency-resolutions/review-crops/r04-p008-row11-status.png
4,8,12,organization,First Baptist Church of Sheepshead Bay,0.701,ocr:lowconf,data/fy09/transparency-resolutions/review-crops/r04-p008-row12-organization.png
4,8,12,conduit_org,Jewish Community Council of Greater Coney H,0.16,ocr:lowconf,data/fy09/transparency-resolutions/review-crops/r04-p008-row12-conduit_org.png
4,8,12,status,S10K- PQL Not Required,0.677,ocr:lowconf,data/fy09/transparency-resolutions/review-crops/r04-p008-row12-status.png
4,8,13,member,CC- Seabrook,0.778,ocr:lowconf,data/fy09/transparency-resolutions/review-crops/r04-p008-row13-member.png
4,8,13,status,Goverment Entity,0.556,ocr:lowconf,data/fy09/transparency-resolutions/review-crops/r04-p008-row13-status.png
4,8,14,member,CC,0.512,ocr:lowconf,data/fy09/transparency-resolutions/review-crops/r04-p008-row14-member.png
4,8,14,organization,Joseph S. Murphy Institute Center for Worker Education,0.747,ocr:lowconf,data/fy09/transparency-resolutions/review-crops/r04-p008-row14-organization.png
4,8,14,amount,"$390,000.00",0.722,ocr:lowconf,data/fy09/transparency-resolutions/review-crops/r04-p008-row14-amount.png
4,8,14,status,Govemment Entity,0.688,ocr:lowconf,data/fy09/transparency-resolutions/review-crops/r04-p008-row14-status.png
4,8,15,organization,"Congress of Italian-American Organizations, Inc.",0.555,ocr:lowconf,data/fy09/transparency-resolutions/review-crops/r04-p008-row15-organization.png
4,8,15,star,.,0.507,ocr:lowconf,data/fy09/transparency-resolutions/review-crops/r04-p008-row15-star.png
4,8,16,organization,"Hunts Point Multi-Service Center, Inc.",0.667,ocr:lowconf,data/fy09/transparency-resolutions/review-crops/r04-p008-row16-organization.png
4,8,16,star,.,0.469,ocr:lowconf,data/fy09/transparency-resolutions/review-crops/r04-p008-row16-star.png
4,8,17,status,Appliçation Pending,0.528,ocr:lowconf,data/fy09/transparency-resolutions/review-crops/r04-p008-row17-status.png
4,8,18,organization,"West Indian American Day Carival Association, Inc.",0.58,ocr:lowconf,data/fy09/transparency-resolutions/review-crops/r04-p008-row18-organization.png
4,8,18,status,Application Pending,0.625,ocr:lowconf,data/fy09/transparency-resolutions/review-crops/r04-p008-row18-status.png
4,8,19,organization,"New York City Outward Bound Center, Inc.",0.539,ocr:lowconf,data/fy09/transparency-resolutions/review-crops/r04-p008-row19-organization.png
4,8,19,ein,13-3471084,0.595,ocr:lowconf,data/fy09/transparency-resolutions/review-crops/r04-p008-row19-ein.png
4,8,21,organization,"Good Old Lower East Side, Inc.",0.548,ocr:lowconf,data/fy09/transparency-resolutions/review-crops/r04-p008-row21-organization.png
4,8,22,status,Missing PQL Application,0.753,ocr:lowconf,data/fy09/transparency-resolutions/review-crops/r04-p008-row22-status.png
4,8,23,organization,Public School 259K,0.621,ocr:lowconf,data/fy09/transparency-resolutions/review-crops/r04-p008-row23-organization.png
4,8,23,status,Govemnment Entity,0.514,ocr:lowconf,data/fy09/transparency-resolutions/review-crops/r04-p008-row23-status.png
4,8,25,organization,"Samaritans Outreach Ministries, Inc.",0.624,ocr:lowconf,data/fy09/transparency-resolutions/review-crops/r04-p008-row25-organization.png
4,8,26,organization,"Lammies Daycare, Inc.",0.679,ocr:lowconf,data/fy09/transparency-resolutions/review-crops/r04-p008-row26-organization.png
4,8,27,status,Missing PQL Appliçation,0.506,ocr:lowconf,data/fy09/transparency-resolutions/review-crops/r04-p008-row27-status.png
4,8,28,agency,DYCD,0.775,ocr:lowconf,data/fy09/transparency-resolutions/review-crops/r04-p008-row28-agency.png
4,8,28,status,Missing PQL Application,0.535,ocr:lowconf,data/fy09/transparency-resolutions/review-crops/r04-p008-row28-status.png
4,8,30,status,Application Pending,0.524,ocr:lowconf,data/fy09/transparency-resolutions/review-crops/r04-p008-row30-status.png
4,8,32,status,Government Entity,0.728,ocr:lowconf,data/fy09/transparency-resolutions/review-crops/r04-p008-row32-status.png
4,8,33,organization,"Central Astoria Local Development Coalition, Inc.",0.554,ocr:lowconf,data/fy09/transparency-resolutions/review-crops/r04-p008-row33-organization.png
4,8,35,organization,New York Historical Society,0.583,ocr:lowconf,data/fy09/transparency-resolutions/review-crops/r04-p008-row35-organization.png
4,8,36,amount,"($15,000.00)",0.539,ocr:lowconf,data/fy09/transparency-resolutions/review-crops/r04-p008-row36-amount.png
4,9,1,organization,"Vietnam Veterans of America, Inc. Queens Chapter #32",0.74,ocr:lowconf,data/fy09/transparency-resolutions/review-crops/r04-p009-row01-organization.png
4,9,2,status,Application Pending,0.511,ocr:lowconf,data/fy09/transparency-resolutions/review-crops/r04-p009-row02-status.png
4,9,3,organization,"Vietnam Veterans of America, Inc. Queens Chapter #32",0.577,ocr:lowconf,data/fy09/transparency-resolutions/review-crops/r04-p009-row03-organization.png
4,9,5,member,CC,0.575,ocr:lowconf,data/fy09/transparency-resolutions/review-crops/r04-p009-row05-member.png
4,9,5,organization,"Vietnam Veterans of America, Inc. Queens Chapter #32",0.757,ocr:lowconf,data/fy09/transparency-resolutions/review-crops/r04-p009-row05-organization.png
4,9,5,agency,DYCD,0.796,ocr:lowconf,data/fy09/transparency-resolutions/review-crops/r04-p009-row05-agency.png
4,9,7,conduit_org,"Maspeth Town Hall, Inc.",0.517,ocr:lowconf,data/fy09/transparency-resolutions/review-crops/r04-p009-row07-conduit_org.png
4,9,7,status,Appliçation Pending,0.555,ocr:lowconf,data/fy09/transparency-resolutions/review-crops/r04-p009-row07-status.png
4,9,8,organization,"Vietnam Veterans of America, Inc. Queens Chapter #32",0.784,ocr:lowconf,data/fy09/transparency-resolutions/review-crops/r04-p009-row08-organization.png
4,9,9,status,Application Pending,0.754,ocr:lowconf,data/fy09/transparency-resolutions/review-crops/r04-p009-row09-status.png
4,9,10,organization,"Interon Productions, Inc. (aka Mel Berkowitz Productions)",0.568,ocr:lowconf,data/fy09/transparency-resolutions/review-crops/r04-p009-row10-organization.png
4,9,10,conduit_org,"Samuel Field YM & YWHA, Inc.",0.624,ocr:lowconf,data/fy09/transparency-resolutions/review-crops/r04-p009-row10-conduit_org.png
4,9,10,status,S10K - PQL Not Required,0.531,ocr:lowconf,data/fy09/transparency-resolutions/review-crops/r04-p009-row10-status.png
4,9,11,organization,"Interon Productions, Inc. (aka Mel Berkowitz Productions)",0.603,ocr:lowconf,data/fy09/transparency-resolutions/review-crops/r04-p009-row11-organization.png
4,9,11,status,S10K- PQL Not Required,0.647,ocr:lowconf,data/fy09/transparency-resolutions/review-crops/r04-p009-row11-status.png
4,9,12,organization,Brooklyn Preservation Council Foundation,0.78,ocr:lowconf,data/fy09/transparency-resolutions/review-crops/r04-p009-row12-organization.png
4,9,12,status,S10K- PQL Not Required,0.567,ocr:lowconf,data/fy09/transparency-resolutions/review-crops/r04-p009-row12-status.png
4,9,13,member,DeBlasio,0.768,ocr:lowconf,data/fy09/transparency-resolutions/review-crops/r04-p009-row13-member.png
4,9,13,status,S10K- PQL Not Required,0.538,ocr:lowconf,data/fy09/transparency-resolutions/review-crops/r04-p009-row13-status.png
4,9,14,status,Application Pending,0.791,ocr:lowconf,data/fy09/transparency-resolutions/review-crops/r04-p009-row14-status.png
4,9,15,conduit_org,Bergen Basin Community Development Corporation d/b/a Millennium Development,0.617,ocr:lowconf,data/fy09/transparency-resolutions/review-crops/r04-p009-row15-conduit_org.png
4,9,15,status,Application Pending,0.644,ocr:lowconf,data/fy09/transparency-resolutions/review-crops/r04-p009-row15-status.png
4,9,16,ua,005,0.756,ocr:lowconf,data/fy09/transparency-resolutions/review-crops/r04-p009-row16-ua.png
4,9,16,conduit_org,"Samuel Field YM & YWHA, Inc.",0.585,ocr:lowconf,data/fy09/transparency-resolutions/review-crops/r04-p009-row16-conduit_org.png
4,9,17,status,Cleared,0.743,ocr:lowconf,data/fy09/transparency-resolutions/review-crops/r04-p009-row17-status.png
4,9,18,organization,New York United. Jewish Association,0.485,ocr:lowconf,data/fy09/transparency-resolutions/review-crops/r04-p009-row18-organization.png
4,9,18,amount,"($15,000.00)",0.596,ocr:lowconf,data/fy09/transparency-resolutions/review-crops/r04-p009-row18-amount.png
4,9,18,status,Application Pending,0.598,ocr:lowconf,data/fy09/transparency-resolutions/review-crops/r04-p009-row18-status.png
4,9,19,conduit_org,Bergen Basin Community Development Corporation d/bla Millennium Development,0.614,ocr:lowconf,data/fy09/transparency-resolutions/review-crops/r04-p009-row19-conduit_org.png
4,9,20,organization,"Jewish Children's Learning Lab, Inc.",0.792,ocr:lowconf,data/fy09/transparency-resolutions/review-crops/r04-p009-row20-organization.png
4,11,0,conduit_org,"Samuel Field YM & YWHA, Inc.",0.768,ocr:lowconf,data/fy09/transparency-resolutions/review-crops/r04-p011-row00-conduit_org.png
4,11,2,conduit_org,Metropolitan New York Synod Evangelical Lut,0.371,ocr:lowconf,data/fy09/transparency-resolutions/review-crops/r04-p011-row02-conduit_org.png
4,11,2,status,S10K PQL Not Required,0.674,ocr:lowconf,data/fy09/transparency-resolutions/review-crops/r04-p011-row02-status.png
4,11,3,conduit_org,St Rosalia-Regina Pacis Neighborhood Improi,0.319,ocr:lowconf,data/fy09/transparency-resolutions/review-crops/r04-p011-row03-conduit_org.png
4,11,3,status,S10K- PQL Not Required,0.33,ocr:lowconf,data/fy09/transparency-resolutions/review-crops/r04-p011-row03-status.png
4,11,4,ein,,1.0,ocr:ein,data/fy09/transparency-resolutions/review-crops/r04-p011-row04-ein.png
4,11,4,conduit_org,"American-ltalian Coalition of Organizations, Inc. (AMICO)",0.501,ocr:lowconf,data/fy09/transparency-resolutions/review-crops/r04-p011-row04-conduit_org.png
4,11,4,status,S10K- PQL Not Required,0.495,ocr:lowconf,data/fy09/transparency-resolutions/review-crops/r04-p011-row04-status.png
4,11,6,status,S10K- PQL Not Required,0.579,ocr:lowconf,data/fy09/transparency-resolutions/review-crops/r04-p011-row06-status.png
4,11,7,member,Viverito,0.711,ocr:lowconf,data/fy09/transparency-resolutions/review-crops/r04-p011-row07-member.png
4,11,7,organization,"Institute for the Puerto Rican/Hispanic Elderly, Inc.",0.711,ocr:lowconf,data/fy09/transparency-resolutions/review-crops/r04-p011-row07-organization.png
4,11,7,ein,13-2987263,0.721,ocr:lowconf,data/fy09/transparency-resolutions/review-crops/r04-p011-row07-ein.png
4,11,8,member,Viverito,0.68,ocr:lowconf,data/fy09/transparency-resolutions/review-crops/r04-p011-row08-member.png
4,11,8,organization,Betances I Senior Center,0.522,ocr:lowconf,data/fy09/transparency-resolutions/review-crops/r04-p011-row08-organization.png
4,11,8,status,Government Entity,0.721,ocr:lowconf,data/fy09/transparency-resolutions/review-crops/r04-p011-row08-status.png
4,11,9,member,Viverito,0.518,ocr:lowconf,data/fy09/transparency-resolutions/review-crops/r04-p011-row09-member.png
4,11,9,organization,"Institute for the Puerto Rican/Hispanic Elderly, Inc.",0.521,ocr:lowconf,data/fy09/transparency-resolutions/review-crops/r04-p011-row09-organization.png
4,13,0,status,S10K- PQL Not Required,0.763,ocr:lowconf,data/fy09/transparency-resolutions/review-crops/r04-p013-row00-status.png
4,13,1,organization,Ohr Halimud The Multi- Sensory Learing Center,0.512,ocr:lowconf,data/fy09/transparency-resolutions/review-crops/r04-p013-row01-organization.png
4,13,1,status,Application Pending,0.624,ocr:lowconf,data/fy09/transparency-resolutions/review-crops/r04-p013-row01-status.png
4,13,3,agency,DYCD,0.726,ocr:lowconf,data/fy09/transparency-resolutions/review-crops/r04-p013-row03-agency.png
4,13,3,amount,"($10,000.00)",0.514,ocr:lowconf,data/fy09/transparency-resolutions/review-crops/r04-p013-row03-amount.png
4,13,3,status,S10K- PQL Not Required,0.51,ocr:lowconf,data/fy09/transparency-resolutions/review-crops/r04-p013-row03-status.png
4,13,4,member,Martinez,0.789,ocr:lowconf,data/fy09/transparency-resolutions/review-crops/r04-p013-row04-member.png
4,13,4,organization,New Marble Hill Tenants and Civic Association Ltd.,0.757,ocr:lowconf,data/fy09/transparency-resolutions/review-crops/r04-p013-row04-organization.png
4,13,4,status,s10K- PQL Not Required,0.556,ocr:lowconf,data/fy09/transparency-resolutions/review-crops/r04-p013-row04-status.png
4,13,5,member,Martinez,0.679,ocr:lowconf,data/fy09/transparency-resolutions/review-crops/r04-p013-row05-member.png
4,13,5,status,Application Pending,0.781,ocr:lowconf,data/fy09/transparency-resolutions/review-crops/r04-p013-row05-status.png
4,13,6,member,Martinez,0.68,ocr:lowconf,data/fy09/transparency-resolutions/review-crops/r04-p013-row06-member.png
4,13,6,agy_num,260,0.502,ocr:lowconf,data/fy09/transparency-resolutions/review-crops/r04-p013-row06-agy_num.png
4,13,8,ein,13-3613262,0.761,ocr:lowconf,data/fy09/transparency-resolutions/review-crops/r04-p013-row08-ein.png
4,13,9,member,Viverito,0.695,ocr:lowconf,data/fy09/transparency-resolutions/review-crops/r04-p013-row09-member.png
4,13,9,ein,20-1670261,0.518,ocr:lowconf,data/fy09/transparency-resolutions/review-crops/r04-p013-row09-ein.png
4,13,9,status,S10K- PQL Not Required,0.562,ocr:lowconf,data/fy09/transparency-resolutions/review-crops/r04-p013-row09-status.png
4,13,10,member,Viverito,0.608,ocr:lowconf,data/fy09/transparency-resolutions/review-crops/r04-p013-row10-member.png
4,13,10,ein,13-1997754,0.982,ocr:cellspan,data/fy09/transparency-resolutions/review-crops/r04-p013-row10-ein.png
4,13,11,organization,BigApple Youth Soccer League,0.747,ocr:lowconf,data/fy09/transparency-resolutions/review-crops/r04-p013-row11-organization.png
4,13,11,conduit_org,"YMS Management Associates, Inc.",0.749,ocr:lowconf,data/fy09/transparency-resolutions/review-crops/r04-p013-row11-conduit_org.png
4,13,11,status,S10K-F PQL Not Required,0.61,ocr:lowconf,data/fy09/transparency-resolutions/review-crops/r04-p013-row11-status.png
4,13,12,conduit_org,"YMS Management Associates, Inc.",0.692,ocr:lowconf,data/fy09/transparency-resolutions/review-crops/r04-p013-row12-conduit_org.png
4,13,12,status,S10K- PQL Not Required,0.767,ocr:lowconf,data/fy09/transparency-resolutions/review-crops/r04-p013-row12-status.png
4,13,13,ein,,1.0,ocr:ein,data/fy09/transparency-resolutions/review-crops/r04-p013-row13-ein.png
4,13,13,conduit_org,"YMS Management Associates, Inc.",0.593,ocr:lowconf,data/fy09/transparency-resolutions/review-crops/r04-p013-row13-conduit_org.png
4,13,13,status,S10K PQL Not Required,0.696,ocr:lowconf,data/fy09/transparency-resolutions/review-crops/r04-p013-row13-status.png
4,13,14,status,S10K- PQL Not Required,0.585,ocr:lowconf,data/fy09/transparency-resolutions/review-crops/r04-p013-row14-status.png
4,13,15,organization,Corona Basketball League,0.748,ocr:lowconf,data/fy09/transparency-resolutions/review-crops/r04-p013-row15-organization.png
4,13,15,ein,26-0276417,0.722,ocr:lowconf,data/fy09/transparency-resolutions/review-crops/r04-p013-row15-ein.png
4,13,15,status,S10K- PQL Not Required,0.556,ocr:lowconf,data/fy09/transparency-resolutions/review-crops/r04-p013-row15-status.png
4,13,16,ein,,1.0,ocr:ein,data/fy09/transparency-resolutions/review-crops/r04-p013-row16-ein.png
4,13,16,organization,Queens Parents Little League,0.754,ocr:lowconf,data/fy09/transparency-resolutions/review-crops/r04-p013-row16-organization.png
4,13,16,amount,"$3,500.00",0.781,ocr:lowconf,data/fy09/transparency-resolutions/review-crops/r04-p013-row16-amount.png
4,13,16,conduit_org,"Queens Community House, Inc.",0.649,ocr:lowconf,data/fy09/transparency-resolutions/review-crops/r04-p013-row16-conduit_org.png
4,13,16,status,S10K- PQL Not Required,0.783,ocr:lowconf,data/fy09/transparency-resolutions/review-crops/r04-p013-row16-status.png
4,13,17,organization,Queens Community Civic Corporation,0.539,ocr:lowconf,data/fy09/transparency-resolutions/review-crops/r04-p013-row17-organization.png
4,13,17,amount,"($7,500.00)",0.632,ocr:lowconf,data/fy09/transparency-resolutions/review-crops/r04-p013-row17-amount.png
4,13,17,status,S10K- - PQL Not Required,0.569,ocr:lowconf,data/fy09/transparency-resolutions/review-crops/r04-p013-row17-status.png
4,13,18,status,S10K- PQL Not Required,0.739,ocr:lowconf,data/fy09/transparency-resolutions/review-crops/r04-p013-row18-status.png
4,13,19,conduit_org,"Samuel Field YM & YWHA, inc.",0.625,ocr:lowconf,data/fy09/transparency-resolutions/review-crops/r04-p013-row19-conduit_org.png
4,13,19,status,S10K- - PQL Not Required,0.733,ocr:lowconf,data/fy09/transparency-resolutions/review-crops/r04-p013-row19-status.png
4,13,20,organization,Young Israel of Kew Gardens Hills,0.524,ocr:lowconf,data/fy09/transparency-resolutions/review-crops/r04-p013-row20-organization.png
4,13,20,status,S10K- PQL Not Required,0.512,ocr:lowconf,data/fy09/transparency-resolutions/review-crops/r04-p013-row20-status.png
4,13,21,ein,,1.0,ocr:ein,data/fy09/transparency-resolutions/review-crops/r04-p013-row21-ein.png
4,13,22,ein,,1.0,ocr:ein,data/fy09/transparency-resolutions/review-crops/r04-p013-row22-ein.png
4,13,22,organization,67th Precinct Police Athletic League,0.735,ocr:lowconf,data/fy09/transparency-resolutions/review-crops/r04-p013-row22-organization.png
4,13,22,agency,DYCD,0.581,ocr:lowconf,data/fy09/transparency-resolutions/review-crops/r04-p013-row22-agency.png
4,13,22,status,S10K- PQL Not Required,0.471,ocr:lowconf,data/fy09/transparency-resolutions/review-crops/r04-p013-row22-status.png
4,13,23,ein,11-3454392,0.686,ocr:lowconf,data/fy09/transparency-resolutions/review-crops/r04-p013-row23-ein.png
4,13,23,status,S10K- PQL Not Required,0.511,ocr:lowconf,data/fy09/transparency-resolutions/review-crops/r04-p013-row23-status.png
4,13,24,status,S10K- PQL Not Required,0.686,ocr:lowconf,data/fy09/transparency-resolutions/review-crops/r04-p013-row24-status.png
4,13,25,organization,Christian Haitian Sports Foundation,0.757,ocr:lowconf,data/fy09/transparency-resolutions/review-crops/r04-p013-row25-organization.png
4,13,25,agency,DYCD,0.7,ocr:lowconf,data/fy09/transparency-resolutions/review-crops/r04-p013-row25-agency.png
4,13,25,status,S10K- PQL Not Required,0.73,ocr:lowconf,data/fy09/transparency-resolutions/review-crops/r04-p013-row25-status.png
4,13,26,ein,,1.0,ocr:ein,data/fy09/transparency-resolutions/review-crops/r04-p013-row26-ein.png
4,13,26,organization,Citizens for a Better Community,0.65,ocr:lowconf,data/fy09/transparency-resolutions/review-crops/r04-p013-row26-organization.png
4,13,26,star,.,0.491,ocr:lowconf,data/fy09/transparency-resolutions/review-crops/r04-p013-row26-star.png
4,13,27,status,S10K-PQL Not Required,0.611,ocr:lowconf,data/fy09/transparency-resolutions/review-crops/r04-p013-row27-status.png
4,13,28,ein,,1.0,ocr:ein,data/fy09/transparency-resolutions/review-crops/r04-p013-row28-ein.png
4,13,28,amount,"($2,000.00)",0.708,ocr:lowconf,data/fy09/transparency-resolutions/review-crops/r04-p013-row28-amount.png
4,13,28,conduit_org,"YMS Management Associates, Inc.",0.787,ocr:lowconf,data/fy09/transparency-resolutions/review-crops/r04-p013-row28-conduit_org.png
4,13,28,status,S10K PQL Not Required,0.493,ocr:lowconf,data/fy09/transparency-resolutions/review-crops/r04-p013-row28-status.png
4,13,28,star,*,0.346,ocr:lowconf,data/fy09/transparency-resolutions/review-crops/r04-p013-row28-star.png
4,13,29,ein,,1.0,ocr:ein,data/fy09/transparency-resolutions/review-crops/r04-p013-row29-ein.png
4,13,29,status,S10K- PQL Not Required,0.6,ocr:lowconf,data/fy09/transparency-resolutions/review-crops/r04-p013-row29-status.png
4,13,30,status,S10K- PQL Not Required,0.508,ocr:lowconf,data/fy09/transparency-resolutions/review-crops/r04-p013-row30-status.png
4,13,31,conduit_org,"YMS Management Associates, Inc.",0.762,ocr:lowconf,data/fy09/transparency-resolutions/review-crops/r04-p013-row31-conduit_org.png
4,13,31,status,S10K- PQL Not Required,0.577,ocr:lowconf,data/fy09/transparency-resolutions/review-crops/r04-p013-row31-status.png
4,13,32,organization,New Hope Community Services,0.618,ocr:lowconf,data/fy09/transparency-resolutions/review-crops/r04-p013-row32-organization.png
4,13,32,ein,11-3511226,0.633,ocr:lowconf,data/fy09/transparency-resolutions/review-crops/r04-p013-row32-ein.png
4,13,32,status,S10K- PQL Not Required,0.517,ocr:lowconf,data/fy09/transparency-resolutions/review-crops/r04-p013-row32-status.png
4,13,33,organization,New Life Tabernacle Church,0.546,ocr:lowconf,data/fy09/transparency-resolutions/review-crops/r04-p013-row33-organization.png
4,13,33,ein,11-3168615,0.736,ocr:lowconf,data/fy09/transparency-resolutions/review-crops/r04-p013-row33-ein.png
4,13,34,organization,Preparation Church of God,0.748,ocr:lowconf,data/fy09/transparency-resolutions/review-crops/r04-p013-row34-organization.png
4,13,34,status,s10K- PQL Not Required,0.459,ocr:lowconf,data/fy09/transparency-resolutions/review-crops/r04-p013-row34-status.png
4,13,35,status,Government Entity,0.58,ocr:lowconf,data/fy09/transparency-resolutions/review-crops/r04-p013-row35-status.png
4,13,36,agency,I DYCD,0.89,ocr:agency,data/fy09/transparency-resolutions/review-crops/r04-p013-row36-agency.png
4,13,36,status,S10K-PQL Not Required,0.51,ocr:lowconf,data/fy09/transparency-resolutions/review-crops/r04-p013-row36-status.png
4,13,37,organization,St. Paul's United Methodist,0.615,ocr:lowconf,data/fy09/transparency-resolutions/review-crops/r04-p013-row37-organization.png
4,13,37,ein,11-1775937,0.685,ocr:lowconf,data/fy09/transparency-resolutions/review-crops/r04-p013-row37-ein.png
4,13,37,status,S10K- PQL Not Required,0.443,ocr:lowconf,data/fy09/transparency-resolutions/review-crops/r04-p013-row37-status.png
4,13,38,ein,,1.0,ocr:ein,data/fy09/transparency-resolutions/review-crops/r04-p013-row38-ein.png
4,13,38,organization,St. Stephen's Lutheran Church,0.673,ocr:lowconf,data/fy09/transparency-resolutions/review-crops/r04-p013-row38-organization.png
4,13,38,conduit_org,"YMS Management Associates, Inc.",0.495,ocr:lowconf,data/fy09/transparency-resolutions/review-crops/r04-p013-row38-conduit_org.png
4,13,38,conduit_ein,11-2756216,0.783,ocr:lowconf,data/fy09/transparency-resolutions/review-crops/r04-p013-row38-conduit_ein.png
4,13,38,status,S10K - PQL Not Required,0.58,ocr:lowconf,data/fy09/transparency-resolutions/review-crops/r04-p013-row38-status.png
4,13,39,amount,"($14,000.00)",0.608,ocr:lowconf,data/fy09/transparency-resolutions/review-crops/r04-p013-row39-amount.png
4,13,39,star,.,0.341,ocr:lowconf,data/fy09/transparency-resolutions/review-crops/r04-p013-row39-star.png
4,13,40,ein,,1.0,ocr:ein,data/fy09/transparency-resolutions/review-crops/r04-p013-row40-ein.png
4,13,40,status,S10K - PQL Not Required,0.542,ocr:lowconf,data/fy09/transparency-resolutions/review-crops/r04-p013-row40-status.png
4,13,41,ein,,1.0,ocr:ein,data/fy09/transparency-resolutions/review-crops/r04-p013-row41-ein.png
4,13,41,conduit_org,"Council of Jewish Organizations of Flatbush, Inc.",0.76,ocr:lowconf,data/fy09/transparency-resolutions/review-crops/r04-p013-row41-conduit_org.png
4,13,41,status,S10K- - PQL Not Required,0.598,ocr:lowconf,data/fy09/transparency-resolutions/review-crops/r04-p013-row41-status.png
4,13,42,organization,"Abundant Life Community Service, Inc.",0.762,ocr:lowconf,data/fy09/transparency-resolutions/review-crops/r04-p013-row42-organization.png
4,13,42,conduit_org,"Council of Jewish Organizations of Flatbush, Inc.",0.777,ocr:lowconf,data/fy09/transparency-resolutions/review-crops/r04-p013-row42-conduit_org.png
4,13,42,status,S10K - PQL Not Required,0.392,ocr:lowconf,data/fy09/transparency-resolutions/review-crops/r04-p013-row42-status.png
4,13,43,amount,"$5,00000",0.993,ocr:amt,data/fy09/transparency-resolutions/review-crops/r04-p013-row43-amount.png
4,13,43,organization,Brooklyn Knights Pathfinders,0.727,ocr:lowconf,data/fy09/transparency-resolutions/review-crops/r04-p013-row43-organization.png
4,13,43,conduit_org,"Council of Jewish Organizations of Flatbush, Inc",0.64,ocr:lowconf,data/fy09/transparency-resolutions/review-crops/r04-p013-row43-conduit_org.png
4,13,43,status,S10K - PQL Not Required,0.563,ocr:lowconf,data/fy09/transparency-resolutions/review-crops/r04-p013-row43-status.png
4,13,44,amount,"$10,000 00",0.943,ocr:amt,data/fy09/transparency-resolutions/review-crops/r04-p013-row44-amount.png
4,13,44,organization,Christian Hatian Sports Foundation,0.621,ocr:lowconf,data/fy09/transparency-resolutions/review-crops/r04-p013-row44-organization.png
4,13,44,status,s10K - PQL Not Required,0.497,ocr:lowconf,data/fy09/transparency-resolutions/review-crops/r04-p013-row44-status.png
4,14,0,ein,,1.0,ocr:ein,data/fy09/transparency-resolutions/review-crops/r04-p014-row00-ein.png
4,14,0,organization,Citizens for a Better Community,0.765,ocr:lowconf,data/fy09/transparency-resolutions/review-crops/r04-p014-row00-organization.png
4,14,0,status,S10K PQL Not Required,0.328,ocr:lowconf,data/fy09/transparency-resolutions/review-crops/r04-p014-row00-status.png
4,14,1,organization,D'Radoes Steel Orchestra,0.617,ocr:lowconf,data/fy09/transparency-resolutions/review-crops/r04-p014-row01-organization.png
4,14,1,conduit_org,"Council of Jewish Organizations of Flatbush, Inc.",0.603,ocr:lowconf,data/fy09/transparency-resolutions/review-crops/r04-p014-row01-conduit_org.png
4,14,1,status,S10K PQL Not Required,0.434,ocr:lowconf,data/fy09/transparency-resolutions/review-crops/r04-p014-row01-status.png
4,14,2,ein,,1.0,ocr:ein,data/fy09/transparency-resolutions/review-crops/r04-p014-row02-ein.png
4,14,2,organization,East 34th Street Block Association,0.562,ocr:lowconf,data/fy09/transparency-resolutions/review-crops/r04-p014-row02-organization.png
4,14,2,conduit_org,"Council of Jewish Organizations of Flatbush, Inc.",0.797,ocr:lowconf,data/fy09/transparency-resolutions/review-crops/r04-p014-row02-conduit_org.png
4,14,2,status,S10K- PQL Not Required,0.572,ocr:lowconf,data/fy09/transparency-resolutions/review-crops/r04-p014-row02-status.png
4,14,3,ein,,1.0,ocr:ein,data/fy09/transparency-resolutions/review-crops/r04-p014-row03-ein.png
4,14,3,conduit_org,"Council of Jewish Organizations of Flatbush, Inc.",0.46,ocr:lowconf,data/fy09/transparency-resolutions/review-crops/r04-p014-row03-conduit_org.png
4,14,3,status,s10K - PQL Not Required,0.631,ocr:lowconf,data/fy09/transparency-resolutions/review-crops/r04-p014-row03-status.png
4,14,4,conduit_ein,11-2864728,0.709,ocr:lowconf,data/fy09/transparency-resolutions/review-crops/r04-p014-row04-conduit_ein.png
4,14,4,status,S10K- PQL Not Required,0.602,ocr:lowconf,data/fy09/transparency-resolutions/review-crops/r04-p014-row04-status.png
4,14,5,conduit_org,"Council of Jewish Organizations of Flatbush, Inc.",0.555,ocr:lowconf,data/fy09/transparency-resolutions/review-crops/r04-p014-row05-conduit_org.png
4,14,5,status,S10K- PQL Not Required,0.453,ocr:lowconf,data/fy09/transparency-resolutions/review-crops/r04-p014-row05-status.png
4,14,6,ein,11-3511226,0.629,ocr:lowconf,data/fy09/transparency-resolutions/review-crops/r04-p014-row06-ein.png
4,14,6,status,S10K PQL Not Required,0.508,ocr:lowconf,data/fy09/transparency-resolutions/review-crops/r04-p014-row06-status.png
4,14,8,conduit_org,"Council of. Jewish Organizations of Flatbush, Inc.",0.744,ocr:lowconf,data/fy09/transparency-resolutions/review-crops/r04-p014-row08-conduit_org.png
4,14,8,status,s10K. - PQL Not Required,0.695,ocr:lowconf,data/fy09/transparency-resolutions/review-crops/r04-p014-row08-status.png
4,14,9,organization,Publiç School 119K,0.504,ocr:lowconf,data/fy09/transparency-resolutions/review-crops/r04-p014-row09-organization.png
4,14,9,conduit_org,"Council of Jewish Organizations of Flatbush, inc.",0.626,ocr:lowconf,data/fy09/transparency-resolutions/review-crops/r04-p014-row09-conduit_org.png
4,14,9,status,Govemment Entity,0.528,ocr:lowconf,data/fy09/transparency-resolutions/review-crops/r04-p014-row09-status.png
4,14,10,status,s10K PQL Not Required,0.73,ocr:lowconf,data/fy09/transparency-resolutions/review-crops/r04-p014-row10-status.png
4,14,11,conduit_org,"Council of Jewish Organizations of Flatbush, Inc.",0.79,ocr:lowconf,data/fy09/transparency-resolutions/review-crops/r04-p014-row11-conduit_org.png
4,14,11,status,S10K PQL Not Required,0.75,ocr:lowconf,data/fy09/transparency-resolutions/review-crops/r04-p014-row11-status.png
4,14,12,ein,,1.0,ocr:ein,data/fy09/transparency-resolutions/review-crops/r04-p014-row12-ein.png
4,14,12,conduit_org,"Council of Jewish Organizations of Flatbush, Inc.",0.797,ocr:lowconf,data/fy09/transparency-resolutions/review-crops/r04-p014-row12-conduit_org.png
4,14,12,status,S10K- PQL Not Required,0.603,ocr:lowconf,data/fy09/transparency-resolutions/review-crops/r04-p014-row12-status.png
4,14,13,status,Appliçation Pending,0.653,ocr:lowconf,data/fy09/transparency-resolutions/review-crops/r04-p014-row13-status.png
4,18,0,member,Bronx,0.61,ocr:lowconf,data/fy09/transparency-resolutions/review-crops/r04-p018-row00-member.png
4,18,1,ein,13-3254484,0.718,ocr:lowconf,data/fy09/transparency-resolutions/review-crops/r04-p018-row01-ein.png
4,18,2,organization,"City University of New York School of Law Foundation, Inc. - CUNY Citizenship and Immigration Project",0.707,ocr:lowconf,data/fy09/transparency-resolutions/review-crops/r04-p018-row02-organization.png
4,18,3,organization,"Committee for Hispanic Children and Families, Inc., The",0.664,ocr:lowconf,data/fy09/transparency-resolutions/review-crops/r04-p018-row03-organization.png
4,18,4,ein,11-2932528,0.593,ocr:lowconf,data/fy09/transparency-resolutions/review-crops/r04-p018-row04-ein.png
4,18,5,organization,"Gambian Society in New York, Inc.",0.533,ocr:lowconf,data/fy09/transparency-resolutions/review-crops/r04-p018-row05-organization.png
4,18,5,status,Missing PQL Application,0.56,ocr:lowconf,data/fy09/transparency-resolutions/review-crops/r04-p018-row05-status.png
4,18,6,organization,"International Center in New York, Inc., The",0.706,ocr:lowconf,data/fy09/transparency-resolutions/review-crops/r04-p018-row06-organization.png
4,18,6,status,Application Pending,0.507,ocr:lowconf,data/fy09/transparency-resolutions/review-crops/r04-p018-row06-status.png
4,18,8,agy_num,260,0.789,ocr:lowconf,data/fy09/transparency-resolutions/review-crops/r04-p018-row08-agy_num.png
4,18,10,ein,13-3385032,0.555,ocr:lowconf,data/fy09/transparency-resolutions/review-crops/r04-p018-row10-ein.png
4,18,12,organization,Muslim Women's Institute for Research and Development (MWIRD),0.583,ocr:lowconf,data/fy09/transparency-resolutions/review-crops/r04-p018-row12-organization.png
4,18,13,amount,"$25,000.00",0.682,ocr:lowconf,data/fy09/transparency-resolutions/review-crops/r04-p018-row13-amount.png
4,18,14,ua,005,0.613,ocr:lowconf,data/fy09/transparency-resolutions/review-crops/r04-p018-row14-ua.png
4,18,15,organization,New York State Defenders Association - Immigrant Defense Project,0.659,ocr:lowconf,data/fy09/transparency-resolutions/review-crops/r04-p018-row15-organization.png
4,18,16,organization,Phipps Community Development Corporation,0.73,ocr:lowconf,data/fy09/transparency-resolutions/review-crops/r04-p018-row16-organization.png
4,18,17,ein,13-3193119,0.418,ocr:lowconf,data/fy09/transparency-resolutions/review-crops/r04-p018-row17-ein.png
4,18,18,ein,13-2736022,0.778,ocr:lowconf,data/fy09/transparency-resolutions/review-crops/r04-p018-row18-ein.png
4,18,19,organization,Supportive Childrens Advocacy Network (SCAN),0.584,ocr:lowconf,data/fy09/transparency-resolutions/review-crops/r04-p018-row19-organization.png
4,18,23,organization,"Agudath Israel of America Community Services, Inc.",0.647,ocr:lowconf,data/fy09/transparency-resolutions/review-crops/r04-p018-row23-organization.png
4,18,23,ein,13-3975090,0.486,ocr:lowconf,data/fy09/transparency-resolutions/review-crops/r04-p018-row23-ein.png
4,18,23,amount,"$45,000.00",0.509,ocr:lowconf,data/fy09/transparency-resolutions/review-crops/r04-p018-row23-amount.png
4,18,24,organization,Borough Park Jewish Community Council,0.744,ocr:lowconf,data/fy09/transparency-resolutions/review-crops/r04-p018-row24-organization.png
4,18,24,ein,11-3475993,0.531,ocr:lowconf,data/fy09/transparency-resolutions/review-crops/r04-p018-row24-ein.png
4,18,25,organization,"Brooklyn Chinese-American Association, Inc.",0.558,ocr:lowconf,data/fy09/transparency-resolutions/review-crops/r04-p018-row25-organization.png
4,18,26,organization,"Brooklyn Chinese-American Association, Inc.",0.517,ocr:lowconf,data/fy09/transparency-resolutions/review-crops/r04-p018-row26-organization.png
4,18,27,organization,"Caribbean Women's Health Association, Inc.",0.772,ocr:lowconf,data/fy09/transparency-resolutions/review-crops/r04-p018-row27-organization.png
4,18,27,ein,13-3323168,0.709,ocr:lowconf,data/fy09/transparency-resolutions/review-crops/r04-p018-row27-ein.png
4,18,28,member,Brooklyn,0.736,ocr:lowconf,data/fy09/transparency-resolutions/review-crops/r04-p018-row28-member.png
4,18,28,organization,Catholic Migration Office,0.764,ocr:lowconf,data/fy09/transparency-resolutions/review-crops/r04-p018-row28-organization.png
4,18,29,status,Governement Entity,0.539,ocr:lowconf,data/fy09/transparency-resolutions/review-crops/r04-p018-row29-status.png
4,18,30,member,Brooklyn,0.595,ocr:lowconf,data/fy09/transparency-resolutions/review-crops/r04-p018-row30-member.png
4,18,31,ein,11-2939346,0.547,ocr:lowconf,data/fy09/transparency-resolutions/review-crops/r04-p018-row31-ein.png
4,18,31,status,Missing PQL Application,0.588,ocr:lowconf,data/fy09/transparency-resolutions/review-crops/r04-p018-row31-status.png
4,19,0,star,.,0.256,ocr:lowconf,data/fy09/transparency-resolutions/review-crops/r04-p019-row00-star.png
4,19,1,organization,"Council of Jewish Organizations of Flatbush, Inc.",0.507,ocr:lowconf,data/fy09/transparency-resolutions/review-crops/r04-p019-row01-organization.png
4,19,1,ein,11-2864728,0.8,ocr:lowconf,data/fy09/transparency-resolutions/review-crops/r04-p019-row01-ein.png
4,19,2,ein,11-2864728,0.451,ocr:lowconf,data/fy09/transparency-resolutions/review-crops/r04-p019-row02-ein.png
4,19,4,member,Brooklyn,0.66,ocr:lowconf,data/fy09/transparency-resolutions/review-crops/r04-p019-row04-member.png
4,19,5,organization,Erasmus Neighborhood Federation,0.536,ocr:lowconf,data/fy09/transparency-resolutions/review-crops/r04-p019-row05-organization.png
4,19,5,ein,11-2490986,0.747,ocr:lowconf,data/fy09/transparency-resolutions/review-crops/r04-p019-row05-ein.png
4,19,6,organization,"Federation of Italian American Organizations of Brooklyn, Ltd.",0.552,ocr:lowconf,data/fy09/transparency-resolutions/review-crops/r04-p019-row06-organization.png
4,19,7,organization,"Jewish Community Council of Greater Coney Island, Inc.",0.544,ocr:lowconf,data/fy09/transparency-resolutions/review-crops/r04-p019-row07-organization.png
4,19,9,amount,"$30,838.50",1.0,ocr:amt,data/fy09/transparency-resolutions/review-crops/r04-p019-row09-amount.png
4,19,9,organization,Legal Aid Society / Civil Division- Brooklyn,0.58,ocr:lowconf,data/fy09/transparency-resolutions/review-crops/r04-p019-row09-organization.png
4,19,10,member,Brooklyn,0.601,ocr:lowconf,data/fy09/transparency-resolutions/review-crops/r04-p019-row10-member.png
4,19,10,organization,Legal Aid Society I Civil Division- Brooklyn,0.492,ocr:lowconf,data/fy09/transparency-resolutions/review-crops/r04-p019-row10-organization.png
4,19,15,ein,11-2285970,0.783,ocr:lowconf,data/fy09/transparency-resolutions/review-crops/r04-p019-row15-ein.png
4,19,16,ein,13-2946970,0.516,ocr:lowconf,data/fy09/transparency-resolutions/review-crops/r04-p019-row16-ein.png
4,19,16,amount,"$25,000.00",0.712,ocr:lowconf,data/fy09/transparency-resolutions/review-crops/r04-p019-row16-amount.png
4,19,19,amount,"$30,838.50",0.996,ocr:amt,data/fy09/transparency-resolutions/review-crops/r04-p019-row19-amount.png
4,19,19,agency,DYCD,0.583,ocr:lowconf,data/fy09/transparency-resolutions/review-crops/r04-p019-row19-agency.png
4,19,20,organization,"Southside Community Mission, Inc.",0.746,ocr:lowconf,data/fy09/transparency-resolutions/review-crops/r04-p019-row20-organization.png
4,19,21,status,Application Pending,0.515,ocr:lowconf,data/fy09/transparency-resolutions/review-crops/r04-p019-row21-status.png
4,19,22,organization,African Services Committee,0.533,ocr:lowconf,data/fy09/transparency-resolutions/review-crops/r04-p019-row22-organization.png
4,19,22,ein,13-3749744,0.533,ocr:lowconf,data/fy09/transparency-resolutions/review-crops/r04-p019-row22-ein.png
4,19,25,ein,11-3235349,0.633,ocr:lowconf,data/fy09/transparency-resolutions/review-crops/r04-p019-row25-ein.png
4,19,25,amount,"$25,000.00",0.576,ocr:lowconf,data/fy09/transparency-resolutions/review-crops/r04-p019-row25-amount.png
4,19,26,organization,"City University of New York School of Law Foundation, Inc. - CUNY Citizenship and Immigration Project",0.747,ocr:lowconf,data/fy09/transparency-resolutions/review-crops/r04-p019-row26-organization.png
4,19,26,status,Application Pending,0.674,ocr:lowconf,data/fy09/transparency-resolutions/review-crops/r04-p019-row26-status.png
4,19,27,organization,"Committee for Hispanic Children and Families, Inc., The",0.528,ocr:lowconf,data/fy09/transparency-resolutions/review-crops/r04-p019-row27-organization.png
4,19,28,status,Missing PQL Application,0.643,ocr:lowconf,data/fy09/transparency-resolutions/review-crops/r04-p019-row28-status.png
4,19,29,ein,13-3593885,0.759,ocr:lowconf,data/fy09/transparency-resolutions/review-crops/r04-p019-row29-ein.png
4,19,30,organization,Dominican Women's Development Center,0.545,ocr:lowconf,data/fy09/transparency-resolutions/review-crops/r04-p019-row30-organization.png
4,19,30,ein,13-3593885,0.567,ocr:lowconf,data/fy09/transparency-resolutions/review-crops/r04-p019-row30-ein.png
4,19,30,status,Application Pending,0.669,ocr:lowconf,data/fy09/transparency-resolutions/review-crops/r04-p019-row30-status.png
4,20,0,organization,"HIV Law Project, Inc., The",0.709,ocr:lowconf,data/fy09/transparency-resolutions/review-crops/r04-p020-row00-organization.png
4,20,1,organization,"HIV Law Project, Inc., The",0.521,ocr:lowconf,data/fy09/transparency-resolutions/review-crops/r04-p020-row01-organization.png
4,20,3,organization,"Housing Conservation Coordinators, Inc.",0.725,ocr:lowconf,data/fy09/transparency-resolutions/review-crops/r04-p020-row03-organization.png
4,20,3,ein,51-0141489,0.502,ocr:lowconf,data/fy09/transparency-resolutions/review-crops/r04-p020-row03-ein.png
4,20,4,organization,Legal Aid Society,0.597,ocr:lowconf,data/fy09/transparency-resolutions/review-crops/r04-p020-row04-organization.png
4,20,4,ein,13-5562265,0.748,ocr:lowconf,data/fy09/transparency-resolutions/review-crops/r04-p020-row04-ein.png
4,20,5,ein,13-1628180,0.585,ocr:lowconf,data/fy09/transparency-resolutions/review-crops/r04-p020-row05-ein.png
4,20,6,organization,"Lenox Hill Neighborhood House, Inc.",0.77,ocr:lowconf,data/fy09/transparency-resolutions/review-crops/r04-p020-row06-organization.png
4,20,8,organization,"Metropolitan New York Coordinating Council on Jewish Poverty, Inc.",0.647,ocr:lowconf,data/fy09/transparency-resolutions/review-crops/r04-p020-row08-organization.png
4,20,10,organization,"MFY Legal Services, Inc.",0.579,ocr:lowconf,data/fy09/transparency-resolutions/review-crops/r04-p020-row10-organization.png
4,20,12,status,Application Pending,0.527,ocr:lowconf,data/fy09/transparency-resolutions/review-crops/r04-p020-row12-status.png
4,20,14,organization,Northern Manhattan Coalition for Immigrant Rights,0.576,ocr:lowconf,data/fy09/transparency-resolutions/review-crops/r04-p020-row14-organization.png
4,20,17,ua,005,0.603,ocr:lowconf,data/fy09/transparency-resolutions/review-crops/r04-p020-row17-ua.png
4,20,18,organization,"Riverside Language Program, Inc",0.521,ocr:lowconf,data/fy09/transparency-resolutions/review-crops/r04-p020-row18-organization.png
4,20,18,ein,13-3280364,0.772,ocr:lowconf,data/fy09/transparency-resolutions/review-crops/r04-p020-row18-ein.png
4,20,20,status,Application Pending,0.527,ocr:lowconf,data/fy09/transparency-resolutions/review-crops/r04-p020-row20-status.png
4,20,24,ein,11-2859151,0.669,ocr:lowconf,data/fy09/transparency-resolutions/review-crops/r04-p020-row24-ein.png
4,20,25,member,Queens,0.563,ocr:lowconf,data/fy09/transparency-resolutions/review-crops/r04-p020-row25-member.png
4,20,26,organization,Emerald Isle Immigration Center,0.623,ocr:lowconf,data/fy09/transparency-resolutions/review-crops/r04-p020-row26-organization.png
4,20,29,organization,"Metropolitan New York Coordinating Council on Jewish Poverty, Inc.",0.652,ocr:lowconf,data/fy09/transparency-resolutions/review-crops/r04-p020-row29-organization.png
4,20,29,agency,DYCD,0.774,ocr:lowconf,data/fy09/transparency-resolutions/review-crops/r04-p020-row29-agency.png
4,20,30,status,Çleared,0.71,ocr:lowconf,data/fy09/transparency-resolutions/review-crops/r04-p020-row30-status.png
4,20,32,amount,"$80, ,000 00",0.988,ocr:amt,data/fy09/transparency-resolutions/review-crops/r04-p020-row32-amount.png
4,20,32,organization,"South Queens Boys and Girls Club, Inc.",0.517,ocr:lowconf,data/fy09/transparency-resolutions/review-crops/r04-p020-row32-organization.png
4,21,0,organization,"American Italian Coalition of Organizations, Inc. (AMICO)",0.587,ocr:lowconf,data/fy09/transparency-resolutions/review-crops/r04-p021-row00-organization.png
4,21,0,amount,"$35,000.00",0.71,ocr:lowconf,data/fy09/transparency-resolutions/review-crops/r04-p021-row00-amount.png
4,21,3,ein,13-5562256,0.693,ocr:lowconf,data/fy09/transparency-resolutions/review-crops/r04-p021-row03-ein.png
4,21,4,organization,"Jewish Community Center of Staten Island, Inc.",0.699,ocr:lowconf,data/fy09/transparency-resolutions/review-crops/r04-p021-row04-organization.png
4,21,6,organization,"Polonians Organized to Minister Our Community (POMOC), Inc. - St. Stanislaus Kostka Church",0.528,ocr:lowconf,data/fy09/transparency-resolutions/review-crops/r04-p021-row06-organization.png
4,21,6,amount,"$37,500.00",0.58,ocr:lowconf,data/fy09/transparency-resolutions/review-crops/r04-p021-row06-amount.png
4,21,7,organization,Staten Island Employment Education Consortium,0.507,ocr:lowconf,data/fy09/transparency-resolutions/review-crops/r04-p021-row07-organization.png
4,21,7,ein,13-3097367,0.595,ocr:lowconf,data/fy09/transparency-resolutions/review-crops/r04-p021-row07-ein.png
4,21,7,status,Missing PQL Application,0.505,ocr:lowconf,data/fy09/transparency-resolutions/review-crops/r04-p021-row07-status.png
4,21,8,organization,Staten Island Employment Education Consortium,0.62,ocr:lowconf,data/fy09/transparency-resolutions/review-crops/r04-p021-row08-organization.png
4,21,8,agy_num,260,0.767,ocr:lowconf,data/fy09/transparency-resolutions/review-crops/r04-p021-row08-agy_num.png
4,23,0,amount,"$30,952.38",0.901,ocr:amt,data/fy09/transparency-resolutions/review-crops/r04-p023-row00-amount.png
4,23,0,ein,13-3254484,0.74,ocr:lowconf,data/fy09/transparency-resolutions/review-crops/r04-p023-row00-ein.png
4,23,1,amount,"$30,952.38",0.916,ocr:amt,data/fy09/transparency-resolutions/review-crops/r04-p023-row01-amount.png
4,23,1,status,Application Pending,0.576,ocr:lowconf,data/fy09/transparency-resolutions/review-crops/r04-p023-row01-status.png
4,23,2,amount,"$30,952.38",0.914,ocr:amt,data/fy09/transparency-resolutions/review-crops/r04-p023-row02-amount.png
4,23,3,amount,"$30,952.38",0.551,ocr:amt,data/fy09/transparency-resolutions/review-crops/r04-p023-row03-amount.png
4,23,3,amount,"$30,952.38",0.551,ocr:lowconf,data/fy09/transparency-resolutions/review-crops/r04-p023-row03-amount.png
4,23,4,amount,"$30,952.38",0.827,ocr:amt,data/fy09/transparency-resolutions/review-crops/r04-p023-row04-amount.png
4,23,4,ein,51-0180665,0.675,ocr:lowconf,data/fy09/transparency-resolutions/review-crops/r04-p023-row04-ein.png
4,23,4,status,Application Pending,0.697,ocr:lowconf,data/fy09/transparency-resolutions/review-crops/r04-p023-row04-status.png
4,23,5,amount,"$30,952.38",0.998,ocr:amt,data/fy09/transparency-resolutions/review-crops/r04-p023-row05-amount.png
4,23,6,amount,"$30,952.38",0.997,ocr:amt,data/fy09/transparency-resolutions/review-crops/r04-p023-row06-amount.png
4,23,6,organization,Phipps Community Development Corporation,0.693,ocr:lowconf,data/fy09/transparency-resolutions/review-crops/r04-p023-row06-organization.png
4,23,6,status,Cleared,0.593,ocr:lowconf,data/fy09/transparency-resolutions/review-crops/r04-p023-row06-status.png
4,23,7,amount,"$30,952.38",0.662,ocr:amt,data/fy09/transparency-resolutions/review-crops/r04-p023-row07-amount.png
4,23,7,organization,South Bronx Overal! Economic Development Corporation,0.764,ocr:lowconf,data/fy09/transparency-resolutions/review-crops/r04-p023-row07-organization.png
4,23,7,amount,"$30,952.38",0.662,ocr:lowconf,data/fy09/transparency-resolutions/review-crops/r04-p023-row07-amount.png
4,23,8,amount,"$30,952.38",0.999,ocr:amt,data/fy09/transparency-resolutions/review-crops/r04-p023-row08-amount.png
4,23,8,organization,"Agudath Israel of America Community Services, Inc.",0.784,ocr:lowconf,data/fy09/transparency-resolutions/review-crops/r04-p023-row08-organization.png
4,23,8,ein,13-3975090,0.738,ocr:lowconf,data/fy09/transparency-resolutions/review-crops/r04-p023-row08-ein.png
4,23,9,amount,"$30,952.38",0.997,ocr:amt,data/fy09/transparency-resolutions/review-crops/r04-p023-row09-amount.png
4,23,9,agency,DYCD,0.55,ocr:lowconf,data/fy09/transparency-resolutions/review-crops/r04-p023-row09-agency.png
4,23,10,amount,"$30,952.38",0.958,ocr:amt,data/fy09/transparency-resolutions/review-crops/r04-p023-row10-amount.png
4,23,11,amount,"$30,952.38",0.993,ocr:amt,data/fy09/transparency-resolutions/review-crops/r04-p023-row11-amount.png
4,23,11,organization,Discipleship Outreach Ministries (Turning Point),0.78,ocr:lowconf,data/fy09/transparency-resolutions/review-crops/r04-p023-row11-organization.png
4,23,12,amount,"$30,952.38",0.997,ocr:amt,data/fy09/transparency-resolutions/review-crops/r04-p023-row12-amount.png
4,23,12,organization,Edith and Carl Marks Jewish Community House of Bensonhurst,0.646,ocr:lowconf,data/fy09/transparency-resolutions/review-crops/r04-p023-row12-organization.png
4,23,13,amount,"$30,952.38",0.627,ocr:amt,data/fy09/transparency-resolutions/review-crops/r04-p023-row13-amount.png
4,23,13,organization,"Fifth Avenue Committee, Inc.",0.75,ocr:lowconf,data/fy09/transparency-resolutions/review-crops/r04-p023-row13-organization.png
4,23,13,amount,"$30,952.38",0.627,ocr:lowconf,data/fy09/transparency-resolutions/review-crops/r04-p023-row13-amount.png
4,23,14,amount,"$30,952.38",0.859,ocr:amt,data/fy09/transparency-resolutions/review-crops/r04-p023-row14-amount.png
4,23,15,amount,"$30,952.38",0.946,ocr:amt,data/fy09/transparency-resolutions/review-crops/r04-p023-row15-amount.png
4,23,15,organization,Opportunities for a Better Tomorrow,0.522,ocr:lowconf,data/fy09/transparency-resolutions/review-crops/r04-p023-row15-organization.png
4,23,15,ein,11-2934620,0.517,ocr:lowconf,data/fy09/transparency-resolutions/review-crops/r04-p023-row15-ein.png
4,23,16,amount,"$30,952.38",0.946,ocr:amt,data/fy09/transparency-resolutions/review-crops/r04-p023-row16-amount.png
4,23,16,status,Application Pending,0.761,ocr:lowconf,data/fy09/transparency-resolutions/review-crops/r04-p023-row16-status.png
4,23,17,amount,"$30,952.38",0.891,ocr:amt,data/fy09/transparency-resolutions/review-crops/r04-p023-row17-amount.png
4,23,18,amount,"$30,952.38",0.969,ocr:amt,data/fy09/transparency-resolutions/review-crops/r04-p023-row18-amount.png
4,23,18,ein,51-0192170,0.483,ocr:lowconf,data/fy09/transparency-resolutions/review-crops/r04-p023-row18-ein.png
4,23,19,amount,"$30,952.38",0.993,ocr:amt,data/fy09/transparency-resolutions/review-crops/r04-p023-row19-amount.png
4,23,19,ein,11-1711002,0.662,ocr:lowconf,data/fy09/transparency-resolutions/review-crops/r04-p023-row19-ein.png
4,23,19,status,Application Pending,0.621,ocr:lowconf,data/fy09/transparency-resolutions/review-crops/r04-p023-row19-status.png
4,23,20,amount,"$30,952.38",0.796,ocr:amt,data/fy09/transparency-resolutions/review-crops/r04-p023-row20-amount.png
4,23,20,organization,"Alianza Dominicana, Inc.",0.708,ocr:lowconf,data/fy09/transparency-resolutions/review-crops/r04-p023-row20-organization.png
4,23,20,amount,"$30,952.38",0.796,ocr:lowconf,data/fy09/transparency-resolutions/review-crops/r04-p023-row20-amount.png
4,23,21,amount,"$30,952.38",0.683,ocr:amt,data/fy09/transparency-resolutions/review-crops/r04-p023-row21-amount.png
4,23,21,amount,"$30,952.38",0.683,ocr:lowconf,data/fy09/transparency-resolutions/review-crops/r04-p023-row21-amount.png
4,23,22,amount,"$30,952.38",0.95,ocr:amt,data/fy09/transparency-resolutions/review-crops/r04-p023-row22-amount.png
4,23,22,ein,13-3584616,0.539,ocr:lowconf,data/fy09/transparency-resolutions/review-crops/r04-p023-row22-ein.png
4,23,23,amount,"$30,952.38",0.959,ocr:amt,data/fy09/transparency-resolutions/review-crops/r04-p023-row23-amount.png
4,23,24,amount,"$30,952.38",0.999,ocr:amt,data/fy09/transparency-resolutions/review-crops/r04-p023-row24-amount.png
4,23,24,organization,Northern Manhattan Improvement Corporation,0.655,ocr:lowconf,data/fy09/transparency-resolutions/review-crops/r04-p023-row24-organization.png
4,23,25,amount,"$30,952.38",0.995,ocr:amt,data/fy09/transparency-resolutions/review-crops/r04-p023-row25-amount.png
4,23,26,amount,"$30,952.38",0.858,ocr:amt,data/fy09/transparency-resolutions/review-crops/r04-p023-row26-amount.png
4,23,26,ein,13-5562374,0.748,ocr:lowconf,data/fy09/transparency-resolutions/review-crops/r04-p023-row26-ein.png
4,23,27,amount,"$30,952.38",0.972,ocr:amt,data/fy09/transparency-resolutions/review-crops/r04-p023-row27-amount.png
4,23,28,amount,"$30,952.38",0.989,ocr:amt,data/fy09/transparency-resolutions/review-crops/r04-p023-row28-amount.png
4,23,28,member,Queens,0.763,ocr:lowconf,data/fy09/transparency-resolutions/review-crops/r04-p023-row28-member.png
4,23,29,amount,"$30,952.38",0.999,ocr:amt,data/fy09/transparency-resolutions/review-crops/r04-p023-row29-amount.png
4,23,29,star,*,0.468,ocr:lowconf,data/fy09/transparency-resolutions/review-crops/r04-p023-row29-star.png
4,23,30,amount,"$30,952.38",0.59,ocr:amt,data/fy09/transparency-resolutions/review-crops/r04-p023-row30-amount.png
4,23,30,amount,"$30,952.38",0.59,ocr:lowconf,data/fy09/transparency-resolutions/review-crops/r04-p023-row30-amount.png
4,23,30,status,Cleared,0.557,ocr:lowconf,data/fy09/transparency-resolutions/review-crops/r04-p023-row30-status.png
4,23,31,amount,"$30,952.38",0.815,ocr:amt,data/fy09/transparency-resolutions/review-crops/r04-p023-row31-amount.png
4,23,31,organization,"Ecuadorian International Center, Inc.",0.651,ocr:lowconf,data/fy09/transparency-resolutions/review-crops/r04-p023-row31-organization.png
4,23,31,ein,01-0627174,0.371,ocr:lowconf,data/fy09/transparency-resolutions/review-crops/r04-p023-row31-ein.png
4,23,32,amount,"$30,952.38",0.909,ocr:amt,data/fy09/transparency-resolutions/review-crops/r04-p023-row32-amount.png
4,23,32,organization,"Greater Ridgewood Youth Council, Inc.",0.783,ocr:lowconf,data/fy09/transparency-resolutions/review-crops/r04-p023-row32-organization.png
4,23,33,amount,"$30,952.38",0.975,ocr:amt,data/fy09/transparency-resolutions/review-crops/r04-p023-row33-amount.png
4,23,33,organization,"Haitian Americans United for Progress, Inc.",0.569,ocr:lowconf,data/fy09/transparency-resolutions/review-crops/r04-p023-row33-organization.png
4,23,34,amount,"$30,952.38",0.562,ocr:amt,data/fy09/transparency-resolutions/review-crops/r04-p023-row34-amount.png
4,23,34,organization,"Hellenic American Neighborhood Action Committee, Inc. (HANAC)",0.604,ocr:lowconf,data/fy09/transparency-resolutions/review-crops/r04-p023-row34-organization.png
4,23,34,amount,"$30,952.38",0.562,ocr:lowconf,data/fy09/transparency-resolutions/review-crops/r04-p023-row34-amount.png
4,23,35,amount,"$30,952 38",0.885,ocr:amt,data/fy09/transparency-resolutions/review-crops/r04-p023-row35-amount.png
4,23,35,member,Queens,0.517,ocr:lowconf,data/fy09/transparency-resolutions/review-crops/r04-p023-row35-member.png
4,23,35,organization,"Korean Community Services of Metropolitan New York, Inc.",0.649,ocr:lowconf,data/fy09/transparency-resolutions/review-crops/r04-p023-row35-organization.png
4,23,36,amount,"$30,952. 38",0.995,ocr:amt,data/fy09/transparency-resolutions/review-crops/r04-p023-row36-amount.png
4,24,0,amount,"$30,952.38",0.97,ocr:amt,data/fy09/transparency-resolutions/review-crops/r04-p024-row00-amount.png
4,24,1,ein,,1.0,ocr:ein,data/fy09/transparency-resolutions/review-crops/r04-p024-row01-ein.png
4,24,1,amount,"$30,952.38",0.986,ocr:amt,data/fy09/transparency-resolutions/review-crops/r04-p024-row01-amount.png
4,24,1,member,Queens,0.629,ocr:lowconf,data/fy09/transparency-resolutions/review-crops/r04-p024-row01-member.png
4,24,3,amount,"$41,428.59",0.922,ocr:amt,data/fy09/transparency-resolutions/review-crops/r04-p024-row03-amount.png
4,24,3,organization,"Jewish Community Center of Staten Island, Inc.",0.516,ocr:lowconf,data/fy09/transparency-resolutions/review-crops/r04-p024-row03-organization.png
4,24,3,ein,13-5562256,0.444,ocr:lowconf,data/fy09/transparency-resolutions/review-crops/r04-p024-row03-ein.png
4,24,4,amount,"$41,428.59",0.963,ocr:amt,data/fy09/transparency-resolutions/review-crops/r04-p024-row04-amount.png
4,24,4,agency,DYCD,0.645,ocr:lowconf,data/fy09/transparency-resolutions/review-crops/r04-p024-row04-agency.png
4,24,5,ein,,1.0,ocr:ein,data/fy09/transparency-resolutions/review-crops/r04-p024-row05-ein.png
4,24,5,amount,,1.0,ocr:amt,data/fy09/transparency-resolutions/review-crops/r04-p024-row05-amount.png
4,24,5,member,Adult Literacy/Host,0.998,ocr:member,data/fy09/transparency-resolutions/review-crops/r04-p024-row05-member.png
4,24,9,organization,"Council of Jewish Organizations of Flatbush, Inc.",0.721,ocr:lowconf,data/fy09/transparency-resolutions/review-crops/r04-p024-row09-organization.png
4,24,11,ua,005,0.726,ocr:lowconf,data/fy09/transparency-resolutions/review-crops/r04-p024-row11-ua.png
4,24,11,status,Missing PQL Application,0.556,ocr:lowconf,data/fy09/transparency-resolutions/review-crops/r04-p024-row11-status.png
4,24,11,star,*,0.706,ocr:lowconf,data/fy09/transparency-resolutions/review-crops/r04-p024-row11-star.png
4,24,12,ein,11-3188470,0.712,ocr:lowconf,data/fy09/transparency-resolutions/review-crops/r04-p024-row12-ein.png
4,24,12,status,Application Pending,0.702,ocr:lowconf,data/fy09/transparency-resolutions/review-crops/r04-p024-row12-status.png
4,24,13,organization,SCO Family of Services,0.537,ocr:lowconf,data/fy09/transparency-resolutions/review-crops/r04-p024-row13-organization.png
4,24,14,ein,13-2645436,0.72,ocr:lowconf,data/fy09/transparency-resolutions/review-crops/r04-p024-row14-ein.png
4,24,15,organization,African Services Committee,0.699,ocr:lowconf,data/fy09/transparency-resolutions/review-crops/r04-p024-row15-organization.png
4,24,16,status,Application Pending,0.516,ocr:lowconf,data/fy09/transparency-resolutions/review-crops/r04-p024-row16-status.png
4,24,19,organization,"Little Sisters of the Assumption Family Health Service, Inc.",0.683,ocr:lowconf,data/fy09/transparency-resolutions/review-crops/r04-p024-row19-organization.png
4,24,21,organization,Young Men's and Young Women's Hebrew Association of Washington Heights and Inwood,0.531,ocr:lowconf,data/fy09/transparency-resolutions/review-crops/r04-p024-row21-organization.png
4,24,22,member,Queens,0.68,ocr:lowconf,data/fy09/transparency-resolutions/review-crops/r04-p024-row22-member.png
4,24,22,amount,"$10,000.00",0.794,ocr:lowconf,data/fy09/transparency-resolutions/review-crops/r04-p024-row22-amount.png
4,24,24,member,Queens,0.717,ocr:lowconf,data/fy09/transparency-resolutions/review-crops/r04-p024-row24-member.png
4,24,24,organization,New Immigrant Community Empowerment (NICE),0.643,ocr:lowconf,data/fy09/transparency-resolutions/review-crops/r04-p024-row24-organization.png
4,24,24,status,Application Pending,0.576,ocr:lowconf,data/fy09/transparency-resolutions/review-crops/r04-p024-row24-status.png
4,24,25,ein,11-2432846,0.705,ocr:lowconf,data/fy09/transparency-resolutions/review-crops/r04-p024-row25-ein.png
4,26,0,organization,"National Black Leadership Commission on AIDS, Inc.",0.713,ocr:lowconf,data/fy09/transparency-resolutions/review-crops/r04-p026-row00-organization.png
4,26,0,agency,DOHMH,0.726,ocr:lowconf,data/fy09/transparency-resolutions/review-crops/r04-p026-row00-agency.png
4,26,1,agency,DOHMH!,0.468,ocr:agency,data/fy09/transparency-resolutions/review-crops/r04-p026-row01-agency.png
4,26,1,organization,"National Black Leadership Commission on AIDS, Inc. - Abyssinian Baptist Church",0.589,ocr:lowconf,data/fy09/transparency-resolutions/review-crops/r04-p026-row01-organization.png
4,26,1,agency,DOHMH!,0.468,ocr:lowconf,data/fy09/transparency-resolutions/review-crops/r04-p026-row01-agency.png
4,26,1,status,Application Pending,0.788,ocr:lowconf,data/fy09/transparency-resolutions/review-crops/r04-p026-row01-status.png
4,26,2,amount,"$10,000.00",0.646,ocr:lowconf,data/fy09/transparency-resolutions/review-crops/r04-p026-row02-amount.png
4,26,3,organization,"National Black Leadership Commission on AIDS, Inc. Antioch Baptist Church/Manhattan",0.613,ocr:lowconf,data/fy09/transparency-resolutions/review-crops/r04-p026-row03-organization.png
4,26,3,agency,DOHMH,0.763,ocr:lowconf,data/fy09/transparency-resolutions/review-crops/r04-p026-row03-agency.png
4,26,3,amount,"$10,000.00",0.759,ocr:lowconf,data/fy09/transparency-resolutions/review-crops/r04-p026-row03-amount.png
4,26,4,organization,"National Black Leadership Commission on AIDS, Inc. - Bedford Central Presbyterian",0.783,ocr:lowconf,data/fy09/transparency-resolutions/review-crops/r04-p026-row04-organization.png
4,26,5,organization,"National Black Leadership Commission on AIDS, Inc. Berean Baptist Church",0.581,ocr:lowconf,data/fy09/transparency-resolutions/review-crops/r04-p026-row05-organization.png
4,26,6,organization,"National Black Leadership Commission on AIDS, Inc. - Bethany Baptist Church/Queens",0.703,ocr:lowconf,data/fy09/transparency-resolutions/review-crops/r04-p026-row06-organization.png
4,26,7,organization,"National Black Leadership Commission on AIDS, Inc. - Bethany Baptist Church/Brooklyn",0.643,ocr:lowconf,data/fy09/transparency-resolutions/review-crops/r04-p026-row07-organization.png
4,26,7,status,Application Pending,0.788,ocr:lowconf,data/fy09/transparency-resolutions/review-crops/r04-p026-row07-status.png
4,26,9,organization,"National Black Leadership Commission on AIDS, Inc. Brown Memorial Baptist Church",0.581,ocr:lowconf,data/fy09/transparency-resolutions/review-crops/r04-p026-row09-organization.png
4,26,9,status,Application Pending,0.693,ocr:lowconf,data/fy09/transparency-resolutions/review-crops/r04-p026-row09-status.png
4,26,10,organization,"National Black Leadership Commission on AIDS, Inc. Cathedral of God's Lighthousé of Power",0.747,ocr:lowconf,data/fy09/transparency-resolutions/review-crops/r04-p026-row10-organization.png
4,26,11,status,Application Pending,0.548,ocr:lowconf,data/fy09/transparency-resolutions/review-crops/r04-p026-row11-status.png
4,26,12,organization,"National Black Leadership Commission on AIDS, Inc. Central Baptist",0.579,ocr:lowconf,data/fy09/transparency-resolutions/review-crops/r04-p026-row12-organization.png
4,26,12,status,Application Pending,0.752,ocr:lowconf,data/fy09/transparency-resolutions/review-crops/r04-p026-row12-status.png
4,26,13,agency,DOHMH,0.567,ocr:lowconf,data/fy09/transparency-resolutions/review-crops/r04-p026-row13-agency.png
4,26,14,organization,"National Black Leadership Commission on AIDS, Inc. Christ the Rock International",0.602,ocr:lowconf,data/fy09/transparency-resolutions/review-crops/r04-p026-row14-organization.png
4,26,14,agency,DOHMH,0.787,ocr:lowconf,data/fy09/transparency-resolutions/review-crops/r04-p026-row14-agency.png
4,26,14,ua,112,0.574,ocr:lowconf,data/fy09/transparency-resolutions/review-crops/r04-p026-row14-ua.png
4,26,14,status,Application Pending,0.764,ocr:lowconf,data/fy09/transparency-resolutions/review-crops/r04-p026-row14-status.png
4,26,15,organization,"National Black Leadership Commission on AIDS, Inc. Church of God's Children",0.694,ocr:lowconf,data/fy09/transparency-resolutions/review-crops/r04-p026-row15-organization.png
4,26,16,status,Application Pending,0.742,ocr:lowconf,data/fy09/transparency-resolutions/review-crops/r04-p026-row16-status.png
4,26,17,organization,"National Black Leadership Commission on AIDS, Inc. Concord Baptist Church",0.711,ocr:lowconf,data/fy09/transparency-resolutions/review-crops/r04-p026-row17-organization.png
4,26,17,ein,13-3530740,0.784,ocr:lowconf,data/fy09/transparency-resolutions/review-crops/r04-p026-row17-ein.png
4,26,17,agency,DOHMH,0.736,ocr:lowconf,data/fy09/transparency-resolutions/review-crops/r04-p026-row17-agency.png
4,26,18,agency,DOHMH,0.561,ocr:lowconf,data/fy09/transparency-resolutions/review-crops/r04-p026-row18-agency.png
4,26,18,status,Application Pending,0.786,ocr:lowconf,data/fy09/transparency-resolutions/review-crops/r04-p026-row18-status.png
4,26,20,organization,"National Black Leadership Commission on AIDS, Inc. Emmanuel Baptist Church/Bklyn",0.784,ocr:lowconf,data/fy09/transparency-resolutions/review-crops/r04-p026-row20-organization.png
4,26,21,organization,"National Black Leadership Commission on AIDS, Inc. Emmanuel Baptist Church/Bronx",0.525,ocr:lowconf,data/fy09/transparency-resolutions/review-crops/r04-p026-row21-organization.png
4,26,22,amount,"$10,000. .00",0.567,ocr:amt,data/fy09/transparency-resolutions/review-crops/r04-p026-row22-amount.png
4,26,22,organization,"National Black Leadership Commission on AIDS, Inc. Fellowship Baptist Church",0.647,ocr:lowconf,data/fy09/transparency-resolutions/review-crops/r04-p026-row22-organization.png
4,26,22,amount,"$10,000. .00",0.567,ocr:lowconf,data/fy09/transparency-resolutions/review-crops/r04-p026-row22-amount.png
4,26,22,agy_num,816,0.589,ocr:lowconf,data/fy09/transparency-resolutions/review-crops/r04-p026-row22-agy_num.png
4,27,0,agency,DOHMH,0.749,ocr:lowconf,data/fy09/transparency-resolutions/review-crops/r04-p027-row00-agency.png
4,27,1,organization,"National Black Leadership Commission on AIDS, Inc. First Central Baptist Church",0.766,ocr:lowconf,data/fy09/transparency-resolutions/review-crops/r04-p027-row01-organization.png
4,27,1,ein,13-3530740,0.747,ocr:lowconf,data/fy09/transparency-resolutions/review-crops/r04-p027-row01-ein.png
4,27,2,ein,13-3530740,0.701,ocr:lowconf,data/fy09/transparency-resolutions/review-crops/r04-p027-row02-ein.png
4,27,2,status,Application Pending,0.703,ocr:lowconf,data/fy09/transparency-resolutions/review-crops/r04-p027-row02-status.png
4,27,3,organization,"National Black Leadership Commission on AIDS, Inc. - FOY HIVIAIDS Ministry",0.621,ocr:lowconf,data/fy09/transparency-resolutions/review-crops/r04-p027-row03-organization.png
4,27,4,organization,"National Black Leadership Commission on AIDS, Inc. Greater Allen AME Cathedral Church",0.561,ocr:lowconf,data/fy09/transparency-resolutions/review-crops/r04-p027-row04-organization.png
4,27,4,status,Application Pending,0.746,ocr:lowconf,data/fy09/transparency-resolutions/review-crops/r04-p027-row04-status.png
4,27,5,organization,"National Black Leadership Commission on AIDS, Inc. - Greater Emmanuel",0.595,ocr:lowconf,data/fy09/transparency-resolutions/review-crops/r04-p027-row05-organization.png
4,27,5,status,Appliçation Pending,0.542,ocr:lowconf,data/fy09/transparency-resolutions/review-crops/r04-p027-row05-status.png
4,27,6,organization,"National Black Leadership Commission on AIDS, Inc. - Judah International",0.749,ocr:lowconf,data/fy09/transparency-resolutions/review-crops/r04-p027-row06-organization.png
4,27,8,organization,"National Black Leadership Commission on AIDS, Inc. - Macedonia Baptist Church Survivors Fountain of Hope Wellness Initiative",0.732,ocr:lowconf,data/fy09/transparency-resolutions/review-crops/r04-p027-row08-organization.png
4,27,8,status,Application Pending,0.678,ocr:lowconf,data/fy09/transparency-resolutions/review-crops/r04-p027-row08-status.png
4,27,9,organization,"National Black Leadership Commission on AIDS, Inc. Masjid Malcolm Shabazz",0.778,ocr:lowconf,data/fy09/transparency-resolutions/review-crops/r04-p027-row09-organization.png
4,27,10,status,Application Pending,0.771,ocr:lowconf,data/fy09/transparency-resolutions/review-crops/r04-p027-row10-status.png
4,27,10,star,*,0.778,ocr:lowconf,data/fy09/transparency-resolutions/review-crops/r04-p027-row10-star.png
4,27,11,status,Application Pending,0.659,ocr:lowconf,data/fy09/transparency-resolutions/review-crops/r04-p027-row11-status.png
4,27,12,organization,"National Black Leadership Commission on AIDS, Inc. - Mt. Carmel Baptist Church",0.636,ocr:lowconf,data/fy09/transparency-resolutions/review-crops/r04-p027-row12-organization.png
4,27,12,agency,DOHMH,0.523,ocr:lowconf,data/fy09/transparency-resolutions/review-crops/r04-p027-row12-agency.png
4,27,13,organization,"National Black Leadership Commission on AIDS, Inc. - Mt. Moriah AME",0.664,ocr:lowconf,data/fy09/transparency-resolutions/review-crops/r04-p027-row13-organization.png
4,27,13,status,Application Pending,0.755,ocr:lowconf,data/fy09/transparency-resolutions/review-crops/r04-p027-row13-status.png
4,27,14,organization,"National Black Leadership Commission on AIDS, Inc. - Mt. Paran Baptist Church",0.628,ocr:lowconf,data/fy09/transparency-resolutions/review-crops/r04-p027-row14-organization.png
4,27,14,agency,DOHMH,0.735,ocr:lowconf,data/fy09/transparency-resolutions/review-crops/r04-p027-row14-agency.png
4,27,14,amount,"$10,000.00",0.726,ocr:lowconf,data/fy09/transparency-resolutions/review-crops/r04-p027-row14-amount.png
4,27,14,star,*,0.786,ocr:lowconf,data/fy09/transparency-resolutions/review-crops/r04-p027-row14-star.png
4,27,15,organization,"National Black Leadership Commission on AIDS, Inc. - Mt. Sinai Baptist Church",0.558,ocr:lowconf,data/fy09/transparency-resolutions/review-crops/r04-p027-row15-organization.png
4,27,15,agency,DOHMH,0.716,ocr:lowconf,data/fy09/transparency-resolutions/review-crops/r04-p027-row15-agency.png
4,27,15,status,Application Pending,0.529,ocr:lowconf,data/fy09/transparency-resolutions/review-crops/r04-p027-row15-status.png
4,27,16,organization,"National Black Leadership Commission on AIDS, Inc. - Mt. Sinai United (JAFASI)",0.799,ocr:lowconf,data/fy09/transparency-resolutions/review-crops/r04-p027-row16-organization.png
4,27,17,organization,"National Black Leadership Commission on AIDS, Inc. - Muslim Women's Institute for Research Development",0.713,ocr:lowconf,data/fy09/transparency-resolutions/review-crops/r04-p027-row17-organization.png
4,27,18,organization,"National Black Leadership Commission on AIDS, Inc. - Mount Olivet Baptist Church",0.583,ocr:lowconf,data/fy09/transparency-resolutions/review-crops/r04-p027-row18-organization.png
4,27,18,status,Application Pending,0.531,ocr:lowconf,data/fy09/transparency-resolutions/review-crops/r04-p027-row18-status.png
4,27,19,organization,"National Black Leadership Commission on AIDS, Inc. New St. John the Baptist Church",0.732,ocr:lowconf,data/fy09/transparency-resolutions/review-crops/r04-p027-row19-organization.png
4,27,19,status,Application Pending,0.662,ocr:lowconf,data/fy09/transparency-resolutions/review-crops/r04-p027-row19-status.png
4,27,20,organization,"National Black Leadership Commission on AIDS, Inc. - New Life Tabernacle",0.507,ocr:lowconf,data/fy09/transparency-resolutions/review-crops/r04-p027-row20-organization.png
4,27,20,ein,13-3530740,0.66,ocr:lowconf,data/fy09/transparency-resolutions/review-crops/r04-p027-row20-ein.png
4,27,20,agency,DOHMH,0.79,ocr:lowconf,data/fy09/transparency-resolutions/review-crops/r04-p027-row20-agency.png
4,27,20,amount,"$10,000.00",0.63,ocr:lowconf,data/fy09/transparency-resolutions/review-crops/r04-p027-row20-amount.png
4,27,21,organization,"National Black Leadership Commission on AIDS, Inc. New Mt. Zion Baptist Church",0.635,ocr:lowconf,data/fy09/transparency-resolutions/review-crops/r04-p027-row21-organization.png
4,27,21,star,*,0.767,ocr:lowconf,data/fy09/transparency-resolutions/review-crops/r04-p027-row21-star.png
4,27,22,organization,"National Black Leadership Commission on AIDS, Inc. - Paradise Baptist Church",0.776,ocr:lowconf,data/fy09/transparency-resolutions/review-crops/r04-p027-row22-organization.png
4,27,23,amount,$1000000,0.546,ocr:lowconf,data/fy09/transparency-resolutions/review-crops/r04-p027-row23-amount.png
4,27,24,agency,DOHMH!,0.709,ocr:agency,data/fy09/transparency-resolutions/review-crops/r04-p027-row24-agency.png
4,27,24,agency,DOHMH!,0.709,ocr:lowconf,data/fy09/transparency-resolutions/review-crops/r04-p027-row24-agency.png
4,27,24,status,Application Pending,0.714,ocr:lowconf,data/fy09/transparency-resolutions/review-crops/r04-p027-row24-status.png
4,28,0,organization,"National Black Leadership Commission on AIDS, Inc. - Rehoboth Church International",0.514,ocr:lowconf,data/fy09/transparency-resolutions/review-crops/r04-p028-row00-organization.png
4,28,2,organization,"National Black Leadership Commission on AIDS, Inc. Redemption Outreach",0.636,ocr:lowconf,data/fy09/transparency-resolutions/review-crops/r04-p028-row02-organization.png
4,28,3,organization,"National Black Leadership Commission on AIDS, Inc. St. Phillips AME Church",0.518,ocr:lowconf,data/fy09/transparency-resolutions/review-crops/r04-p028-row03-organization.png
4,28,3,agency,DOHMH,0.714,ocr:lowconf,data/fy09/transparency-resolutions/review-crops/r04-p028-row03-agency.png
4,28,4,organization,"National Black Leadership Commission on AIDS, Inc. - Siloam Presbyterian",0.628,ocr:lowconf,data/fy09/transparency-resolutions/review-crops/r04-p028-row04-organization.png
4,28,4,agency,DOHMH,0.632,ocr:lowconf,data/fy09/transparency-resolutions/review-crops/r04-p028-row04-agency.png
4,28,5,ein,13-3530740,0.614,ocr:lowconf,data/fy09/transparency-resolutions/review-crops/r04-p028-row05-ein.png
4,28,6,organization,"National Black Leadership Commission on AIDS, Inc. - Staten Island Deliverance Temple",0.505,ocr:lowconf,data/fy09/transparency-resolutions/review-crops/r04-p028-row06-organization.png
4,28,6,agency,DOHMH,0.512,ocr:lowconf,data/fy09/transparency-resolutions/review-crops/r04-p028-row06-agency.png
4,28,6,agy_num,816,0.719,ocr:lowconf,data/fy09/transparency-resolutions/review-crops/r04-p028-row06-agy_num.png
4,28,6,status,Application Pending,0.769,ocr:lowconf,data/fy09/transparency-resolutions/review-crops/r04-p028-row06-status.png
4,28,7,ein,13-3530740,0.656,ocr:lowconf,data/fy09/transparency-resolutions/review-crops/r04-p028-row07-ein.png
4,28,9,organization,"National Black Leadership Commission on AIDS, Inc. St. Paul' s Community Baptist Church",0.702,ocr:lowconf,data/fy09/transparency-resolutions/review-crops/r04-p028-row09-organization.png
4,28,9,agency,DOHMH,0.655,ocr:lowconf,data/fy09/transparency-resolutions/review-crops/r04-p028-row09-agency.png
4,28,11,agency,DOHMH,0.63,ocr:lowconf,data/fy09/transparency-resolutions/review-crops/r04-p028-row11-agency.png
4,28,12,organization,"National Black Leadership Commission on AIDS, Inc. - Second Providence Baptist Church *Community Health & Awareness Ministry",0.721,ocr:lowconf,data/fy09/transparency-resolutions/review-crops/r04-p028-row12-organization.png
4,28,16,organization,"National Black Leadership Commission on AIDS, Inc. Unity Fellowship Church",0.71,ocr:lowconf,data/fy09/transparency-resolutions/review-crops/r04-p028-row16-organization.png
4,28,17,agency,"DOHMH,",0.508,ocr:agency,data/fy09/transparency-resolutions/review-crops/r04-p028-row17-agency.png
4,28,17,organization,"Latino Commision on AIDS, Inc.",0.78,ocr:lowconf,data/fy09/transparency-resolutions/review-crops/r04-p028-row17-organization.png
4,28,17,ein,13-3629466,0.793,ocr:lowconf,data/fy09/transparency-resolutions/review-crops/r04-p028-row17-ein.png
4,28,17,agency,"DOHMH,",0.508,ocr:lowconf,data/fy09/transparency-resolutions/review-crops/r04-p028-row17-agency.png
4,28,18,organization,"Latino Commision on AIDS, Inc. - Ministerio Levântate Mujer",0.793,ocr:lowconf,data/fy09/transparency-resolutions/review-crops/r04-p028-row18-organization.png
4,28,19,organization,"Latino Commision on AIDS, Inc. Iglesia De Dios ""Roca de Salvacion""",0.532,ocr:lowconf,data/fy09/transparency-resolutions/review-crops/r04-p028-row19-organization.png
4,28,20,organization,"Latino Commision on AIDS, Inc. United Methodist Church ""Broadway Temple""",0.665,ocr:lowconf,data/fy09/transparency-resolutions/review-crops/r04-p028-row20-organization.png
4,28,21,organization,"Latino Commision on AIDS, Inc. Muslim Women' 's Institute for Research and Development, Inc.",0.506,ocr:lowconf,data/fy09/transparency-resolutions/review-crops/r04-p028-row21-organization.png
4,28,23,organization,"Latino Commision on AIDS, Inc. Church of Christ the King RC",0.686,ocr:lowconf,data/fy09/transparency-resolutions/review-crops/r04-p028-row23-organization.png
4,28,23,agency,DOHMH,0.514,ocr:lowconf,data/fy09/transparency-resolutions/review-crops/r04-p028-row23-agency.png
4,28,24,ein,13-3629446,0.76,ocr:lowconf,data/fy09/transparency-resolutions/review-crops/r04-p028-row24-ein.png
4,28,24,status,Cleared,0.544,ocr:lowconf,data/fy09/transparency-resolutions/review-crops/r04-p028-row24-status.png
4,28,25,agency,DOHMH!,0.589,ocr:agency,data/fy09/transparency-resolutions/review-crops/r04-p028-row25-agency.png
4,28,25,organization,"Latino Commision on AIDS, Inc. First United Methodist Church of Corona",0.712,ocr:lowconf,data/fy09/transparency-resolutions/review-crops/r04-p028-row25-organization.png
4,28,25,agency,DOHMH!,0.589,ocr:lowconf,data/fy09/transparency-resolutions/review-crops/r04-p028-row25-agency.png
4,28,26,amount,$10.000.00,0.849,ocr:amt,data/fy09/transparency-resolutions/review-crops/r04-p028-row26-amount.png
4,28,26,organization,"Latino Commision on AIDS, Inc. Iglesia Cristiana ""Venciendo al Gigante""",0.576,ocr:lowconf,data/fy09/transparency-resolutions/review-crops/r04-p028-row26-organization.png
4,28,27,organization,Latino Commision on AIDS. Inc. Instituto Latino de Cuidado Pastoral.,0.609,ocr:lowconf,data/fy09/transparency-resolutions/review-crops/r04-p028-row27-organization.png
4,28,27,agency,DOHMH,0.626,ocr:lowconf,data/fy09/transparency-resolutions/review-crops/r04-p028-row27-agency.png
4,28,28,agency,DOHMH!,0.661,ocr:agency,data/fy09/transparency-resolutions/review-crops/r04-p028-row28-agency.png
4,28,28,agency,DOHMH!,0.661,ocr:lowconf,data/fy09/transparency-resolutions/review-crops/r04-p028-row28-agency.png
4,29,0,organization,"Latino Commision on AIDS, Inc. - Mision San Juan Bautista",0.694,ocr:lowconf,data/fy09/transparency-resolutions/review-crops/r04-p029-row00-organization.png
4,29,0,status,Cleared,0.761,ocr:lowconf,data/fy09/transparency-resolutions/review-crops/r04-p029-row00-status.png
4,29,1,organization,"Latino Commision on AIDS, Inc. Saint Simon Stock RC",0.571,ocr:lowconf,data/fy09/transparency-resolutions/review-crops/r04-p029-row01-organization.png
4,29,1,agency,DOHMH,0.793,ocr:lowconf,data/fy09/transparency-resolutions/review-crops/r04-p029-row01-agency.png
4,29,3,amount,"$10,000.00",0.591,ocr:lowconf,data/fy09/transparency-resolutions/review-crops/r04-p029-row03-amount.png
4,29,4,organization,"Latino Commision on AIDS, Inc. - Iglesia Bautista Misionera",0.724,ocr:lowconf,data/fy09/transparency-resolutions/review-crops/r04-p029-row04-organization.png
4,29,4,agency,DOHMH,0.528,ocr:lowconf,data/fy09/transparency-resolutions/review-crops/r04-p029-row04-agency.png
4,29,6,organization,"Latino Commision on AIDS, Inc. Church of the Holy Spirit RC",0.68,ocr:lowconf,data/fy09/transparency-resolutions/review-crops/r04-p029-row06-organization.png
4,29,6,agency,DOHMH,0.754,ocr:lowconf,data/fy09/transparency-resolutions/review-crops/r04-p029-row06-agency.png
4,29,7,ein,13-3629446,0.618,ocr:lowconf,data/fy09/transparency-resolutions/review-crops/r04-p029-row07-ein.png
4,29,8,ein,13-3629446,0.662,ocr:lowconf,data/fy09/transparency-resolutions/review-crops/r04-p029-row08-ein.png
4,29,8,agency,DOHMH,0.63,ocr:lowconf,data/fy09/transparency-resolutions/review-crops/r04-p029-row08-agency.png
4,29,9,organization,"Latino Commision on AIDS, Inc. - Metropolitan Community Church of NY",0.575,ocr:lowconf,data/fy09/transparency-resolutions/review-crops/r04-p029-row09-organization.png
4,29,9,ein,13-3629446,0.559,ocr:lowconf,data/fy09/transparency-resolutions/review-crops/r04-p029-row09-ein.png
4,29,11,amount,"$10,000.00",0.745,ocr:lowconf,data/fy09/transparency-resolutions/review-crops/r04-p029-row11-amount.png
4,29,12,organization,"Latino Commision on AIDS, Inc. Center For Peace",0.593,ocr:lowconf,data/fy09/transparency-resolutions/review-crops/r04-p029-row12-organization.png
4,29,14,organization,"Latino Commision on AIDS, Inc. Mission in the City Lutheran Church",0.542,ocr:lowconf,data/fy09/transparency-resolutions/review-crops/r04-p029-row14-organization.png
4,29,14,amount,"$10,000.00",0.611,ocr:lowconf,data/fy09/transparency-resolutions/review-crops/r04-p029-row14-amount.png
4,29,15,organization,"Latino Commision on AIDS, Inc. Iglesia Metodista 4th Ave.",0.746,ocr:lowconf,data/fy09/transparency-resolutions/review-crops/r04-p029-row15-organization.png
4,29,16,ein,13-3629446,0.737,ocr:lowconf,data/fy09/transparency-resolutions/review-crops/r04-p029-row16-ein.png
4,29,17,organization,"Latino Commision on AIDS, Inc. - Iglesia El Calvario",0.729,ocr:lowconf,data/fy09/transparency-resolutions/review-crops/r04-p029-row17-organization.png
4,29,17,agency,DOHMH,0.765,ocr:lowconf,data/fy09/transparency-resolutions/review-crops/r04-p029-row17-agency.png
4,29,18,organization,"Latino Commision on AIDS, Inc. - Ministerio Rescate, Inc.",0.696,ocr:lowconf,data/fy09/transparency-resolutions/review-crops/r04-p029-row18-organization.png
4,29,19,organization,"Latino Commision on AIDS, Inc. Reaching Across the World Ministries",0.773,ocr:lowconf,data/fy09/transparency-resolutions/review-crops/r04-p029-row19-organization.png
4,29,19,ein,13-3629446,0.48,ocr:lowconf,data/fy09/transparency-resolutions/review-crops/r04-p029-row19-ein.png
4,29,19,agency,DOHMH,0.521,ocr:lowconf,data/fy09/transparency-resolutions/review-crops/r04-p029-row19-agency.png
4,29,20,ein,13-3629446,0.724,ocr:lowconf,data/fy09/transparency-resolutions/review-crops/r04-p029-row20-ein.png
4,29,21,organization,"Latino Commision on AIDS, Inc. Ascension Roman Catholic Church",0.765,ocr:lowconf,data/fy09/transparency-resolutions/review-crops/r04-p029-row21-organization.png
4,29,21,ein,13-3629446,0.711,ocr:lowconf,data/fy09/transparency-resolutions/review-crops/r04-p029-row21-ein.png
4,29,22,organization,"Latino Commision on AIDS, Inc. - Saint Mark' 's Episcopal Church",0.732,ocr:lowconf,data/fy09/transparency-resolutions/review-crops/r04-p029-row22-organization.png
4,29,22,agency,DOHMH,0.718,ocr:lowconf,data/fy09/transparency-resolutions/review-crops/r04-p029-row22-agency.png
4,29,24,organization,"Latino Commision on AIDS, Inc. - Iglesia Pentecostal Jehovà Shalom",0.699,ocr:lowconf,data/fy09/transparency-resolutions/review-crops/r04-p029-row24-organization.png
4,29,25,organization,Black Veterans for Social Justice,0.734,ocr:lowconf,data/fy09/transparency-resolutions/review-crops/r04-p029-row25-organization.png
4,29,26,organization,"National Black Leadership Commission on AIDS, Inc. AIDS Center of Queens County, Inc.",0.795,ocr:lowconf,data/fy09/transparency-resolutions/review-crops/r04-p029-row26-organization.png
4,29,27,organization,"National Black Leadership Commission on AIDS, Inc. Alpha Phi Alpha Senior Citizens Center, Inc. Youth Programs",0.612,ocr:lowconf,data/fy09/transparency-resolutions/review-crops/r04-p029-row27-organization.png
4,29,28,status,Application Pending,0.635,ocr:lowconf,data/fy09/transparency-resolutions/review-crops/r04-p029-row28-status.png
4,29,29,status,Missing PQL Application,0.66,ocr:lowconf,data/fy09/transparency-resolutions/review-crops/r04-p029-row29-status.png
4,29,30,organization,"National Black Leadership Commission on AIDS, Inc. - Bronx AIDS Services, inc.",0.613,ocr:lowconf,data/fy09/transparency-resolutions/review-crops/r04-p029-row30-organization.png
4,29,30,amount,"$25,888.00",0.661,ocr:lowconf,data/fy09/transparency-resolutions/review-crops/r04-p029-row30-amount.png
4,29,31,organization,"National Black Leadership Commission on AIDS, Inc. - Gay Men of African Descent (GMAD)",0.637,ocr:lowconf,data/fy09/transparency-resolutions/review-crops/r04-p029-row31-organization.png
4,29,31,agency,DOHMH,0.627,ocr:lowconf,data/fy09/transparency-resolutions/review-crops/r04-p029-row31-agency.png
4,29,32,agency,DOHMH!,0.621,ocr:agency,data/fy09/transparency-resolutions/review-crops/r04-p029-row32-agency.png
4,29,32,organization,National Black Leadership Commission on AIDS. Inc. Harlem Congregations for Community Improvement,0.64,ocr:lowconf,data/fy09/transparency-resolutions/review-crops/r04-p029-row32-organization.png
4,29,32,agency,DOHMH!,0.621,ocr:lowconf,data/fy09/transparency-resolutions/review-crops/r04-p029-row32-agency.png
4,30,0,organization,"National Black Leadership Commission on AIDS, Inc. Harlem Dowling Westside Center for Children and Family Services",0.589,ocr:lowconf,data/fy09/transparency-resolutions/review-crops/r04-p030-row00-organization.png
4,30,1,amount,"$19,416.00",0.501,ocr:lowconf,data/fy09/transparency-resolutions/review-crops/r04-p030-row01-amount.png
4,30,2,agency,DOHMH!,0.458,ocr:agency,data/fy09/transparency-resolutions/review-crops/r04-p030-row02-agency.png
4,30,2,organization,"National Black Leadership Commission on AIDS, Inc. Iris House - A Center For Women Living with HIVIAIDS, Inc.",0.773,ocr:lowconf,data/fy09/transparency-resolutions/review-crops/r04-p030-row02-organization.png
4,30,2,agency,DOHMH!,0.458,ocr:lowconf,data/fy09/transparency-resolutions/review-crops/r04-p030-row02-agency.png
4,30,3,organization,"National Black Leadership Commission on AIDS, Inc. Judah International Christian Center, Inc.",0.512,ocr:lowconf,data/fy09/transparency-resolutions/review-crops/r04-p030-row03-organization.png
4,30,3,agency,DOHMH,0.524,ocr:lowconf,data/fy09/transparency-resolutions/review-crops/r04-p030-row03-agency.png
4,30,4,organization,"National Black Leadership Commission on AIDS, Inc. Mind Builders Creative Arts Center, Inc.",0.77,ocr:lowconf,data/fy09/transparency-resolutions/review-crops/r04-p030-row04-organization.png
4,30,4,status,Application Pending,0.64,ocr:lowconf,data/fy09/transparency-resolutions/review-crops/r04-p030-row04-status.png
4,30,5,agency,DOHMH,0.676,ocr:lowconf,data/fy09/transparency-resolutions/review-crops/r04-p030-row05-agency.png
4,30,5,status,Missing PQL Application,0.764,ocr:lowconf,data/fy09/transparency-resolutions/review-crops/r04-p030-row05-status.png
4,30,6,organization,"National Black Leadership Commission on AIDS, Inc. - Village Care of New York, Inc. - Red Hook Community Service Center",0.594,ocr:lowconf,data/fy09/transparency-resolutions/review-crops/r04-p030-row06-organization.png
4,30,7,organization,"National Black Leadership Commission on AIDS, Inc. Community Health Action of Staten Island (formerly SI Aids Taskforce)",0.503,ocr:lowconf,data/fy09/transparency-resolutions/review-crops/r04-p030-row07-organization.png
4,30,8,organization,"National Black Leadership Commission on AIDS, Inc. - Southeast Queens Clergy for Community Empowerment, Inc.",0.736,ocr:lowconf,data/fy09/transparency-resolutions/review-crops/r04-p030-row08-organization.png
4,30,9,organization,"National Black Leadership Commission on AIDS, Inc. - Steinway Children and Family Services, Inc.",0.72,ocr:lowconf,data/fy09/transparency-resolutions/review-crops/r04-p030-row09-organization.png
4,30,10,amount,"$9,708.00",0.605,ocr:lowconf,data/fy09/transparency-resolutions/review-crops/r04-p030-row10-amount.png
4,30,10,status,Application Pending,0.698,ocr:lowconf,data/fy09/transparency-resolutions/review-crops/r04-p030-row10-status.png
5,12,0,organization,"Boricua Festival Committee, Inc",0.565,ocr:lowconf,data/fy09/transparency-resolutions/review-crops/r05-p012-row00-organization.png
5,12,1,member,"CC- Reccha, Gonzalez",0.698,ocr:lowconf,data/fy09/transparency-resolutions/review-crops/r05-p012-row01-member.png
5,12,4,ein,13-3214064,0.743,ocr:lowconf,data/fy09/transparency-resolutions/review-crops/r05-p012-row04-ein.png
5,12,8,amount,"($1,000.00)",0.495,ocr:lowconf,data/fy09/transparency-resolutions/review-crops/r05-p012-row08-amount.png
5,12,10,organization,Abyssinan Development Center,0.647,ocr:lowconf,data/fy09/transparency-resolutions/review-crops/r05-p012-row10-organization.png
5,12,12,organization,"Hollis Bellare Queens Village Bellerose Athletic Association, Inc",0.367,ocr:lowconf,data/fy09/transparency-resolutions/review-crops/r05-p012-row12-organization.png
5,12,14,amount,"($10,000.00)",0.775,ocr:lowconf,data/fy09/transparency-resolutions/review-crops/r05-p012-row14-amount.png
5,12,15,organization,"Samuel Field YM & YWHA, inc",0.715,ocr:lowconf,data/fy09/transparency-resolutions/review-crops/r05-p012-row15-organization.png
5,12,16,organization,Department of Parks and Recreation,0.593,ocr:lowconf,data/fy09/transparency-resolutions/review-crops/r05-p012-row16-organization.png
5,12,17,member,Ignizio,0.729,ocr:lowconf,data/fy09/transparency-resolutions/review-crops/r05-p012-row17-member.png
5,12,18,organization,"Emergency Chidren's Help Organization, Inc",0.614,ocr:lowconf,data/fy09/transparency-resolutions/review-crops/r05-p012-row18-organization.png
5,12,18,ein,11-3828185,0.745,ocr:lowconf,data/fy09/transparency-resolutions/review-crops/r05-p012-row18-ein.png
5,12,19,member,Fidler,0.631,ocr:lowconf,data/fy09/transparency-resolutions/review-crops/r05-p012-row19-member.png
5,12,20,organization,"Jewish Community Counci of Greater Coney Island, Inc. Jay-Harama Senior Citizens Center",0.49,ocr:lowconf,data/fy09/transparency-resolutions/review-crops/r05-p012-row20-organization.png
5,12,21,organization,Lt. Lia Park Summer Program,0.573,ocr:lowconf,data/fy09/transparency-resolutions/review-crops/r05-p012-row21-organization.png
5,12,21,amount,"($3,000.00)",0.676,ocr:lowconf,data/fy09/transparency-resolutions/review-crops/r05-p012-row21-amount.png
5,12,22,member,McMahon,0.708,ocr:lowconf,data/fy09/transparency-resolutions/review-crops/r05-p012-row22-member.png
5,12,22,organization,It Lia Park Summer Program,0.51,ocr:lowconf,data/fy09/transparency-resolutions/review-crops/r05-p012-row22-organization.png
5,12,22,amount,"$3,000.00",0.746,ocr:lowconf,data/fy09/transparency-resolutions/review-crops/r05-p012-row22-amount.png
5,12,23,organization,Merkos L'inyoner Chinuch Inc.,0.511,ocr:lowconf,data/fy09/transparency-resolutions/review-crops/r05-p012-row23-organization.png
5,12,24,organization,"Herghts Hill Mental Health Service, SBPC, Community Advisory Board, Inc",0.554,ocr:lowconf,data/fy09/transparency-resolutions/review-crops/r05-p012-row24-organization.png
5,12,27,organization,"Noble Drew Alt Plaza Tenants Association, Inc.",0.354,ocr:lowconf,data/fy09/transparency-resolutions/review-crops/r05-p012-row27-organization.png
5,12,28,organization,"Spring Creek Tenant Association, Inc.",0.527,ocr:lowconf,data/fy09/transparency-resolutions/review-crops/r05-p012-row28-organization.png
5,12,29,organization,"Approaching Storm Marchng Band, Inc The",0.591,ocr:lowconf,data/fy09/transparency-resolutions/review-crops/r05-p012-row29-organization.png
5,12,29,conduit_org,"East New York Kidspower, Inc.",0.696,ocr:lowconf,data/fy09/transparency-resolutions/review-crops/r05-p012-row29-conduit_org.png
5,12,30,organization,Linden Plaza Assocates,0.706,ocr:lowconf,data/fy09/transparency-resolutions/review-crops/r05-p012-row30-organization.png
5,12,31,organization,"Noble Drew Al Plaza Tenants Association, Inc.",0.709,ocr:lowconf,data/fy09/transparency-resolutions/review-crops/r05-p012-row31-organization.png
5,12,32,organization,"Spring Creek Tenant Assocation, Inc",0.519,ocr:lowconf,data/fy09/transparency-resolutions/review-crops/r05-p012-row32-organization.png
5,12,32,ein,13-6400434,0.629,ocr:lowconf,data/fy09/transparency-resolutions/review-crops/r05-p012-row32-ein.png
5,12,33,member,CC. Seabrook,0.741,ocr:lowconf,data/fy09/transparency-resolutions/review-crops/r05-p012-row33-member.png
5,12,33,amount,"525,000.00",0.449,ocr:lowconf,data/fy09/transparency-resolutions/review-crops/r05-p012-row33-amount.png
5,12,34,organization,Young Scholars Academy of the Bronx (X289),0.613,ocr:lowconf,data/fy09/transparency-resolutions/review-crops/r05-p012-row34-organization.png
5,12,35,organization,Raizes do Brasi! Capoena Brooklyn,0.502,ocr:lowconf,data/fy09/transparency-resolutions/review-crops/r05-p012-row35-organization.png
5,12,37,member,Comre,0.546,ocr:lowconf,data/fy09/transparency-resolutions/review-crops/r05-p012-row37-member.png
5,12,37,organization,103rd Precinct Community Councit,0.362,ocr:lowconf,data/fy09/transparency-resolutions/review-crops/r05-p012-row37-organization.png
5,12,38,organization,103rd Precinct Community Council,0.783,ocr:lowconf,data/fy09/transparency-resolutions/review-crops/r05-p012-row38-organization.png
5,12,39,organization,113th Precinct Community Counci,0.561,ocr:lowconf,data/fy09/transparency-resolutions/review-crops/r05-p012-row39-organization.png
5,12,40,amount,"$6,000 00",0.995,ocr:amt,data/fy09/transparency-resolutions/review-crops/r05-p012-row40-amount.png
5,12,40,organization,113th Preginct Community Council,0.54,ocr:lowconf,data/fy09/transparency-resolutions/review-crops/r05-p012-row40-organization.png
5,12,40,conduit_org,Southern Queens Park Association Inc,0.557,ocr:lowconf,data/fy09/transparency-resolutions/review-crops/r05-p012-row40-conduit_org.png
5,13,0,organization,Brothers Aganst Klling Each Other (BAKE),0.669,ocr:lowconf,data/fy09/transparency-resolutions/review-crops/r05-p013-row00-organization.png
5,13,0,amount,"($15,000.00)",0.75,ocr:lowconf,data/fy09/transparency-resolutions/review-crops/r05-p013-row00-amount.png
5,13,1,member,Comne,0.688,ocr:lowconf,data/fy09/transparency-resolutions/review-crops/r05-p013-row01-member.png
5,13,1,organization,Brothers Against Killing Each Other (BAKE),0.696,ocr:lowconf,data/fy09/transparency-resolutions/review-crops/r05-p013-row01-organization.png
5,13,1,star,-,0.324,ocr:lowconf,data/fy09/transparency-resolutions/review-crops/r05-p013-row01-star.png
5,13,2,agency,DYCD,0.659,ocr:lowconf,data/fy09/transparency-resolutions/review-crops/r05-p013-row02-agency.png
5,13,3,conduit_org,"Southem Queens Park Association, Inc.",0.579,ocr:lowconf,data/fy09/transparency-resolutions/review-crops/r05-p013-row03-conduit_org.png
5,13,6,amount,"($2,50000)",0.976,ocr:amt,data/fy09/transparency-resolutions/review-crops/r05-p013-row06-amount.png
5,13,6,organization,368A 429 Decatur Street Block Association,0.534,ocr:lowconf,data/fy09/transparency-resolutions/review-crops/r05-p013-row06-organization.png
5,13,8,amount,($6. 000.00),0.988,ocr:amt,data/fy09/transparency-resolutions/review-crops/r05-p013-row08-amount.png
5,13,9,member,Comne,0.542,ocr:lowconf,data/fy09/transparency-resolutions/review-crops/r05-p013-row09-member.png
5,13,9,organization,"CW Mixon Sernor Outreach Center, inc.",0.545,ocr:lowconf,data/fy09/transparency-resolutions/review-crops/r05-p013-row09-organization.png
5,13,10,ein,EX124290,0.995,ocr:ein,data/fy09/transparency-resolutions/review-crops/r05-p013-row10-ein.png
5,13,10,organization,St Thomas Moore-St Edmund,0.666,ocr:lowconf,data/fy09/transparency-resolutions/review-crops/r05-p013-row10-organization.png
5,13,11,ein,26-2885471,0.671,ocr:lowconf,data/fy09/transparency-resolutions/review-crops/r05-p013-row11-ein.png
5,13,12,member,"Sanders, Jr",0.788,ocr:lowconf,data/fy09/transparency-resolutions/review-crops/r05-p013-row12-member.png
5,13,12,organization,Association of Mnonty Enterprises of New York,0.588,ocr:lowconf,data/fy09/transparency-resolutions/review-crops/r05-p013-row12-organization.png
5,13,12,amount,"($150,000.00)",0.667,ocr:lowconf,data/fy09/transparency-resolutions/review-crops/r05-p013-row12-amount.png
5,13,13,organization,Rockaway Deyelopment and Revitalization Corporation,0.5,ocr:lowconf,data/fy09/transparency-resolutions/review-crops/r05-p013-row13-organization.png
5,13,14,ein,awaiting newi FEIN,0.458,ocr:ein,data/fy09/transparency-resolutions/review-crops/r05-p013-row14-ein.png
5,13,14,ein,awaiting newi FEIN,0.458,ocr:lowconf,data/fy09/transparency-resolutions/review-crops/r05-p013-row14-ein.png
5,13,15,organization,Atlantic Terminal Tenants Association. Inc,0.522,ocr:lowconf,data/fy09/transparency-resolutions/review-crops/r05-p013-row15-organization.png
5,13,16,organization,East Harlem Preservation,0.797,ocr:lowconf,data/fy09/transparency-resolutions/review-crops/r05-p013-row16-organization.png
5,13,17,organization,"Union Settlement. Association, Inc.",0.499,ocr:lowconf,data/fy09/transparency-resolutions/review-crops/r05-p013-row17-organization.png
5,13,18,organization,National Society for Hebrew Day Schools,0.783,ocr:lowconf,data/fy09/transparency-resolutions/review-crops/r05-p013-row18-organization.png
5,13,18,amount,"($3,500.00)",0.759,ocr:lowconf,data/fy09/transparency-resolutions/review-crops/r05-p013-row18-amount.png
5,13,19,member,Fidier,0.64,ocr:lowconf,data/fy09/transparency-resolutions/review-crops/r05-p013-row19-member.png
5,13,19,organization,"Crown Heights Jewish Community Council, Inc",0.538,ocr:lowconf,data/fy09/transparency-resolutions/review-crops/r05-p013-row19-organization.png
5,15,0,amount,(S10.000.00),0.519,ocr:amt,data/fy09/transparency-resolutions/review-crops/r05-p015-row00-amount.png
5,15,0,amount,(S10.000.00),0.519,ocr:lowconf,data/fy09/transparency-resolutions/review-crops/r05-p015-row00-amount.png
5,15,2,organization,FoodChange. Inc,0.786,ocr:lowconf,data/fy09/transparency-resolutions/review-crops/r05-p015-row02-organization.png
5,15,3,amount,"($8,00000)",0.924,ocr:amt,data/fy09/transparency-resolutions/review-crops/r05-p015-row03-amount.png
5,15,3,organization,FoodChange. Inc.,0.677,ocr:lowconf,data/fy09/transparency-resolutions/review-crops/r05-p015-row03-organization.png
5,15,6,organization,Mount Ararat Baptist Church,0.484,ocr:lowconf,data/fy09/transparency-resolutions/review-crops/r05-p015-row06-organization.png
5,15,7,member,Mealy,0.707,ocr:lowconf,data/fy09/transparency-resolutions/review-crops/r05-p015-row07-member.png
5,15,7,ein,11-3528680,0.766,ocr:lowconf,data/fy09/transparency-resolutions/review-crops/r05-p015-row07-ein.png
5,15,8,organization,"Wayside Out- Reach Development, Inc -Rosetta Gaston Senior Center",0.657,ocr:lowconf,data/fy09/transparency-resolutions/review-crops/r05-p015-row08-organization.png
5,15,9,organization,"Clothed with Love, Inc.",0.698,ocr:lowconf,data/fy09/transparency-resolutions/review-crops/r05-p015-row09-organization.png
5,15,10,agy_num,125,0.753,ocr:lowconf,data/fy09/transparency-resolutions/review-crops/r05-p015-row10-agy_num.png
5,15,11,member,Mealy,0.787,ocr:lowconf,data/fy09/transparency-resolutions/review-crops/r05-p015-row11-member.png
5,15,11,organization,"Brooklyn United for Innovative Local Development, Inc",0.527,ocr:lowconf,data/fy09/transparency-resolutions/review-crops/r05-p015-row11-organization.png
5,15,12,organization,"Fort Greene Senior Citizens Counci, Inc. -Jazz 966",0.652,ocr:lowconf,data/fy09/transparency-resolutions/review-crops/r05-p015-row12-organization.png
5,15,12,agency,DFTA,0.783,ocr:lowconf,data/fy09/transparency-resolutions/review-crops/r05-p015-row12-agency.png
5,15,13,organization,New Life Evangelistic Church of Christ (d/bla New Life Cathedral),0.757,ocr:lowconf,data/fy09/transparency-resolutions/review-crops/r05-p015-row13-organization.png
5,15,14,organization,Contello Towers Senior Citizen Club,0.714,ocr:lowconf,data/fy09/transparency-resolutions/review-crops/r05-p015-row14-organization.png
5,15,15,organization,"BrooH lyn Arts Counci, Inc",0.485,ocr:lowconf,data/fy09/transparency-resolutions/review-crops/r05-p015-row15-organization.png
5,15,16,organization,"Counci of Jewish Organzations of Flatbush, Inc.",0.508,ocr:lowconf,data/fy09/transparency-resolutions/review-crops/r05-p015-row16-organization.png
5,15,17,organization,"Council of Jewish Organizations of Flatbush, Inc",0.691,ocr:lowconf,data/fy09/transparency-resolutions/review-crops/r05-p015-row17-organization.png
5,15,17,amount,$5 000.00,0.71,ocr:lowconf,data/fy09/transparency-resolutions/review-crops/r05-p015-row17-amount.png
5,15,17,conduit_org,"Metropolitan New York Coordinating Council on Jewish Poverty. Inc,",0.612,ocr:lowconf,data/fy09/transparency-resolutions/review-crops/r05-p015-row17-conduit_org.png
5,17,0,organization,GEM Educational Program,0.63,ocr:lowconf,data/fy09/transparency-resolutions/review-crops/r05-p017-row00-organization.png
5,17,0,conduit_org,"YMS Management, Associates, Inc",0.755,ocr:lowconf,data/fy09/transparency-resolutions/review-crops/r05-p017-row00-conduit_org.png
5,17,0,status,S10K-F PQL Not Required,0.736,ocr:lowconf,data/fy09/transparency-resolutions/review-crops/r05-p017-row00-status.png
5,17,1,organization,lfetayo Cultural Arts Facility.Inc,0.536,ocr:lowconf,data/fy09/transparency-resolutions/review-crops/r05-p017-row01-organization.png
5,17,1,ein,11-3027538,0.694,ocr:lowconf,data/fy09/transparency-resolutions/review-crops/r05-p017-row01-ein.png
5,17,2,amount,($10.000.00),0.874,ocr:amt,data/fy09/transparency-resolutions/review-crops/r05-p017-row02-amount.png
5,17,2,organization,"Unted Relef Association, Inc",0.695,ocr:lowconf,data/fy09/transparency-resolutions/review-crops/r05-p017-row02-organization.png
5,17,3,organization,Caribbean American Sports and Cuitural Youth Movement (CASYM). Inc.,0.747,ocr:lowconf,data/fy09/transparency-resolutions/review-crops/r05-p017-row03-organization.png
5,17,3,status,Application Pending,0.678,ocr:lowconf,data/fy09/transparency-resolutions/review-crops/r05-p017-row03-status.png
5,17,4,status,Application Pending,0.751,ocr:lowconf,data/fy09/transparency-resolutions/review-crops/r05-p017-row04-status.png
5,17,5,status,s10K - PQL Not Required,0.633,ocr:lowconf,data/fy09/transparency-resolutions/review-crops/r05-p017-row05-status.png
5,17,8,member,Viverto,0.619,ocr:lowconf,data/fy09/transparency-resolutions/review-crops/r05-p017-row08-member.png
5,17,8,conduit_org,Westside Crime Prevention Program,0.737,ocr:lowconf,data/fy09/transparency-resolutions/review-crops/r05-p017-row08-conduit_org.png
5,17,8,status,S10K- PQL Not Required,0.57,ocr:lowconf,data/fy09/transparency-resolutions/review-crops/r05-p017-row08-status.png
5,17,8,star,*,0.658,ocr:lowconf,data/fy09/transparency-resolutions/review-crops/r05-p017-row08-star.png
5,17,9,member,Viverito,0.727,ocr:lowconf,data/fy09/transparency-resolutions/review-crops/r05-p017-row09-member.png
5,17,9,organization,Westside Crime Prevention Program,0.499,ocr:lowconf,data/fy09/transparency-resolutions/review-crops/r05-p017-row09-organization.png
5,17,10,organization,"Youth Action Programs and Homes, Inc.",0.652,ocr:lowconf,data/fy09/transparency-resolutions/review-crops/r05-p017-row10-organization.png
5,17,10,status,s10K - PQL Not Required,0.458,ocr:lowconf,data/fy09/transparency-resolutions/review-crops/r05-p017-row10-status.png
5,17,11,member,Viverito,0.61,ocr:lowconf,data/fy09/transparency-resolutions/review-crops/r05-p017-row11-member.png
5,17,11,organization,Dawning Village. Inc,0.597,ocr:lowconf,data/fy09/transparency-resolutions/review-crops/r05-p017-row11-organization.png
5,17,11,status,S10K- PQL Not Required,0.405,ocr:lowconf,data/fy09/transparency-resolutions/review-crops/r05-p017-row11-status.png
5,17,12,status,Application Pending,0.749,ocr:lowconf,data/fy09/transparency-resolutions/review-crops/r05-p017-row12-status.png
5,17,13,organization,"National Foundation for Teaching Entrepreneurship to Handicapped and Disadvantaged Youth, Inc.",0.689,ocr:lowconf,data/fy09/transparency-resolutions/review-crops/r05-p017-row13-organization.png
5,17,14,status,10K- PQL Not Required,0.394,ocr:lowconf,data/fy09/transparency-resolutions/review-crops/r05-p017-row14-status.png
5,17,15,status,S10K- PQL Not Required,0.422,ocr:lowconf,data/fy09/transparency-resolutions/review-crops/r05-p017-row15-status.png
5,17,16,amount,"($10,000.00)",0.515,ocr:lowconf,data/fy09/transparency-resolutions/review-crops/r05-p017-row16-amount.png
5,17,16,status,s10K PQL Not Required,0.471,ocr:lowconf,data/fy09/transparency-resolutions/review-crops/r05-p017-row16-status.png
5,17,17,organization,Yeshiva Rabbi Cham BernFund,0.481,ocr:lowconf,data/fy09/transparency-resolutions/review-crops/r05-p017-row17-organization.png
5,17,17,status,s10K- PQL Not Required,0.556,ocr:lowconf,data/fy09/transparency-resolutions/review-crops/r05-p017-row17-status.png
5,17,18,status,S10K PQL Not Required,0.3,ocr:lowconf,data/fy09/transparency-resolutions/review-crops/r05-p017-row18-status.png
5,17,19,organization,"Brghton Nerghborhood Association, Inc",0.501,ocr:lowconf,data/fy09/transparency-resolutions/review-crops/r05-p017-row19-organization.png
5,17,19,status,Cleared,0.792,ocr:lowconf,data/fy09/transparency-resolutions/review-crops/r05-p017-row19-status.png
5,17,20,status,s10K- PQL Not Required,0.61,ocr:lowconf,data/fy09/transparency-resolutions/review-crops/r05-p017-row20-status.png
5,17,21,organization,"Linden Plaza Self -Defense Academy, The",0.513,ocr:lowconf,data/fy09/transparency-resolutions/review-crops/r05-p017-row21-organization.png
5,17,21,status,S10K PQL Not Required,0.398,ocr:lowconf,data/fy09/transparency-resolutions/review-crops/r05-p017-row21-status.png
5,17,22,status,s10K -PQL Not Required,0.494,ocr:lowconf,data/fy09/transparency-resolutions/review-crops/r05-p017-row22-status.png
5,17,23,organization,"Sports Aganst Vioience Through Education, Inc",0.387,ocr:lowconf,data/fy09/transparency-resolutions/review-crops/r05-p017-row23-organization.png
5,17,23,status,s10K PQL Not Required,0.454,ocr:lowconf,data/fy09/transparency-resolutions/review-crops/r05-p017-row23-status.png
5,17,24,status,S10K- - PQL Not Required,0.526,ocr:lowconf,data/fy09/transparency-resolutions/review-crops/r05-p017-row24-status.png
5,17,25,organization,"Linden Plaza Self Defense Academy, The",0.489,ocr:lowconf,data/fy09/transparency-resolutions/review-crops/r05-p017-row25-organization.png
5,17,25,conduit_ein,11-3308030,0.791,ocr:lowconf,data/fy09/transparency-resolutions/review-crops/r05-p017-row25-conduit_ein.png
5,17,25,status,S10K- PQL Not Required,0.475,ocr:lowconf,data/fy09/transparency-resolutions/review-crops/r05-p017-row25-status.png
5,17,26,organization,Pine Street Block Association and Community Garden,0.713,ocr:lowconf,data/fy09/transparency-resolutions/review-crops/r05-p017-row26-organization.png
5,17,26,status,S10K- PQL Not Required,0.508,ocr:lowconf,data/fy09/transparency-resolutions/review-crops/r05-p017-row26-status.png
5,17,27,organization,"Sports Against Violence Through Education, Inc.",0.656,ocr:lowconf,data/fy09/transparency-resolutions/review-crops/r05-p017-row27-organization.png
5,17,27,status,S10K- PQL Not Required,0.359,ocr:lowconf,data/fy09/transparency-resolutions/review-crops/r05-p017-row27-status.png
5,17,28,organization,"Chian Federation, The",0.757,ocr:lowconf,data/fy09/transparency-resolutions/review-crops/r05-p017-row28-organization.png
5,17,29,organization,"Dominico Amencan Society of Queens, Inc",0.609,ocr:lowconf,data/fy09/transparency-resolutions/review-crops/r05-p017-row29-organization.png
5,17,30,amount,$2.000.00,0.665,ocr:amt,data/fy09/transparency-resolutions/review-crops/r05-p017-row30-amount.png
5,17,30,organization,"Latin Women in Action, Inc",0.517,ocr:lowconf,data/fy09/transparency-resolutions/review-crops/r05-p017-row30-organization.png
5,17,30,amount,$2.000.00,0.665,ocr:lowconf,data/fy09/transparency-resolutions/review-crops/r05-p017-row30-amount.png
5,17,30,status,S10K - PQL Not Required,0.431,ocr:lowconf,data/fy09/transparency-resolutions/review-crops/r05-p017-row30-status.png
5,17,31,member,Comne,0.777,ocr:lowconf,data/fy09/transparency-resolutions/review-crops/r05-p017-row31-member.png
5,17,31,organization,103d Precinct Community Council,0.332,ocr:lowconf,data/fy09/transparency-resolutions/review-crops/r05-p017-row31-organization.png
5,17,31,status,Application Pending,0.657,ocr:lowconf,data/fy09/transparency-resolutions/review-crops/r05-p017-row31-status.png
5,17,32,status,Application Pending,0.628,ocr:lowconf,data/fy09/transparency-resolutions/review-crops/r05-p017-row32-status.png
5,17,33,organization,113th Preuinct Community Council,0.596,ocr:lowconf,data/fy09/transparency-resolutions/review-crops/r05-p017-row33-organization.png
5,17,34,organization,113th Preuinct Community Council,0.547,ocr:lowconf,data/fy09/transparency-resolutions/review-crops/r05-p017-row34-organization.png
5,17,34,conduit_org,"Southern Queens Park Association, Inc.",0.644,ocr:lowconf,data/fy09/transparency-resolutions/review-crops/r05-p017-row34-conduit_org.png
5,17,34,status,Missing PQL Application,0.623,ocr:lowconf,data/fy09/transparency-resolutions/review-crops/r05-p017-row34-status.png
5,17,35,organization,"Association to Benefit Children, Inc",0.733,ocr:lowconf,data/fy09/transparency-resolutions/review-crops/r05-p017-row35-organization.png
5,17,35,amount,"($10,000.00)",0.673,ocr:lowconf,data/fy09/transparency-resolutions/review-crops/r05-p017-row35-amount.png
5,17,36,member,Viverito,0.601,ocr:lowconf,data/fy09/transparency-resolutions/review-crops/r05-p017-row36-member.png
5,17,37,organization,"Association to Benefit Chidren, Inc",0.551,ocr:lowconf,data/fy09/transparency-resolutions/review-crops/r05-p017-row37-organization.png
5,17,38,member,Vivento,0.572,ocr:lowconf,data/fy09/transparency-resolutions/review-crops/r05-p017-row38-member.png
5,17,38,organization,"Association to Benefit Children, Inc",0.764,ocr:lowconf,data/fy09/transparency-resolutions/review-crops/r05-p017-row38-organization.png
5,17,38,amount,"$5,000.00",0.611,ocr:lowconf,data/fy09/transparency-resolutions/review-crops/r05-p017-row38-amount.png
5,17,39,ein,13-4161655 13-2933391,0.966,ocr:ein,data/fy09/transparency-resolutions/review-crops/r05-p017-row39-ein.png
5,17,39,amount,"($3,714.00) $3,714.00",0.997,ocr:amt,data/fy09/transparency-resolutions/review-crops/r05-p017-row39-amount.png
5,17,39,agency,DYCD DYCD,0.961,ocr:agency,data/fy09/transparency-resolutions/review-crops/r05-p017-row39-agency.png
5,17,39,organization,American Legion Colonel Charles Young Post #398 Amencan Legion Colonel Charles Young Post #398,0.673,ocr:lowconf,data/fy09/transparency-resolutions/review-crops/r05-p017-row39-organization.png
5,17,39,status,S10K- PQL Not Required S10K PQL Not Required,0.414,ocr:lowconf,data/fy09/transparency-resolutions/review-crops/r05-p017-row39-status.png
5,17,40,organization,"First Baptist Church of Corona NY, Inc",0.708,ocr:lowconf,data/fy09/transparency-resolutions/review-crops/r05-p017-row40-organization.png
5,17,40,status,S10K - PQL Not Required,0.445,ocr:lowconf,data/fy09/transparency-resolutions/review-crops/r05-p017-row40-status.png
5,17,41,status,s10K- PQL Not Required,0.455,ocr:lowconf,data/fy09/transparency-resolutions/review-crops/r05-p017-row41-status.png
5,17,42,organization,"Family and Life Center of Mt Ararat, The",0.736,ocr:lowconf,data/fy09/transparency-resolutions/review-crops/r05-p017-row42-organization.png
5,17,42,status,s10K- PQL Not Required,0.36,ocr:lowconf,data/fy09/transparency-resolutions/review-crops/r05-p017-row42-status.png
5,17,43,member,Mealy,0.551,ocr:lowconf,data/fy09/transparency-resolutions/review-crops/r05-p017-row43-member.png
5,17,43,organization,"Famly and Life Center of Mt Ararat, The",0.721,ocr:lowconf,data/fy09/transparency-resolutions/review-crops/r05-p017-row43-organization.png
5,17,43,status,$10K- PQL Not Required,0.585,ocr:lowconf,data/fy09/transparency-resolutions/review-crops/r05-p017-row43-status.png
5,17,44,organization,Yeshuva Ohr Yitzchok,0.683,ocr:lowconf,data/fy09/transparency-resolutions/review-crops/r05-p017-row44-organization.png
5,17,44,status,s10K PQL Not Required,0.423,ocr:lowconf,data/fy09/transparency-resolutions/review-crops/r05-p017-row44-status.png
5,18,0,organization,Tabernacle Community Learning and Resource Center,0.777,ocr:lowconf,data/fy09/transparency-resolutions/review-crops/r05-p018-row00-organization.png
5,18,1,organization,Tabernacle Community Learning and Resource Center,0.793,ocr:lowconf,data/fy09/transparency-resolutions/review-crops/r05-p018-row01-organization.png
5,18,2,organization,Man Up'. Inc,0.756,ocr:lowconf,data/fy09/transparency-resolutions/review-crops/r05-p018-row02-organization.png
5,18,2,amount,"($40,000.00)",0.749,ocr:lowconf,data/fy09/transparency-resolutions/review-crops/r05-p018-row02-amount.png
5,18,2,star,*,0.596,ocr:lowconf,data/fy09/transparency-resolutions/review-crops/r05-p018-row02-star.png
5,18,4,organization,73rd Precinct Youth Council,0.651,ocr:lowconf,data/fy09/transparency-resolutions/review-crops/r05-p018-row04-organization.png
5,18,5,organization,Oasis Community Corporation,0.653,ocr:lowconf,data/fy09/transparency-resolutions/review-crops/r05-p018-row05-organization.png
5,18,6,organization,ScO Family of Services,0.533,ocr:lowconf,data/fy09/transparency-resolutions/review-crops/r05-p018-row06-organization.png
5,18,7,organization,"Building Blocs Foundation, Inc.",0.582,ocr:lowconf,data/fy09/transparency-resolutions/review-crops/r05-p018-row07-organization.png
5,18,7,ein,42-1719612,0.679,ocr:lowconf,data/fy09/transparency-resolutions/review-crops/r05-p018-row07-ein.png
5,18,9,organization,"Episcopal Social Services of New York, Inc",0.658,ocr:lowconf,data/fy09/transparency-resolutions/review-crops/r05-p018-row09-organization.png
5,18,10,organization,Ohr Halmud The Multi- Sensory Learning Center,0.596,ocr:lowconf,data/fy09/transparency-resolutions/review-crops/r05-p018-row10-organization.png
5,18,11,organization,"Crown Heights Jewish Community Counci., Inc",0.521,ocr:lowconf,data/fy09/transparency-resolutions/review-crops/r05-p018-row11-organization.png
5,20,0,amount,"($19,362.74)",0.66,ocr:amt,data/fy09/transparency-resolutions/review-crops/r05-p020-row00-amount.png
5,20,0,member,Weprin,0.675,ocr:lowconf,data/fy09/transparency-resolutions/review-crops/r05-p020-row00-member.png
5,20,0,amount,"($19,362.74)",0.66,ocr:lowconf,data/fy09/transparency-resolutions/review-crops/r05-p020-row00-amount.png
5,20,1,amount,"$19,362.74",1.0,ocr:amt,data/fy09/transparency-resolutions/review-crops/r05-p020-row01-amount.png
5,20,1,ein,11-3381629,0.547,ocr:lowconf,data/fy09/transparency-resolutions/review-crops/r05-p020-row01-ein.png
5,20,2,amount,"($19,362.74)",0.568,ocr:amt,data/fy09/transparency-resolutions/review-crops/r05-p020-row02-amount.png
5,20,2,organization,"Ballet Hsipanico of New York, Inc. South Bronx Charter School for International Cultures and the Arts",0.736,ocr:lowconf,data/fy09/transparency-resolutions/review-crops/r05-p020-row02-organization.png
5,20,2,amount,"($19,362.74)",0.568,ocr:lowconf,data/fy09/transparency-resolutions/review-crops/r05-p020-row02-amount.png
5,20,2,status,Missing PQL Application,0.694,ocr:lowconf,data/fy09/transparency-resolutions/review-crops/r05-p020-row02-status.png
5,20,3,organization,"Learning Through and Expanded Arts Program, Inc. - South Bronx Charter School for International Cultures and the Arts",0.69,ocr:lowconf,data/fy09/transparency-resolutions/review-crops/r05-p020-row03-organization.png
5,20,3,amount,$1936274,0.414,ocr:lowconf,data/fy09/transparency-resolutions/review-crops/r05-p020-row03-amount.png
5,20,4,amount,"($19,362.74)",0.595,ocr:amt,data/fy09/transparency-resolutions/review-crops/r05-p020-row04-amount.png
5,20,4,amount,"($19,362.74)",0.595,ocr:lowconf,data/fy09/transparency-resolutions/review-crops/r05-p020-row04-amount.png
5,20,4,status,Missing PQL Application,0.768,ocr:lowconf,data/fy09/transparency-resolutions/review-crops/r05-p020-row04-status.png
5,20,5,amount,"$19,362.74",0.999,ocr:amt,data/fy09/transparency-resolutions/review-crops/r05-p020-row05-amount.png
5,24,0,ein,11-3235349),0.73,ocr:ein,data/fy09/transparency-resolutions/review-crops/r05-p024-row00-ein.png
5,24,0,organization,"City University of New York School of Law Foundation, Inc. - CUNY Citizenship and Immigration Project",0.686,ocr:lowconf,data/fy09/transparency-resolutions/review-crops/r05-p024-row00-organization.png
5,24,0,ein,11-3235349),0.73,ocr:lowconf,data/fy09/transparency-resolutions/review-crops/r05-p024-row00-ein.png
5,24,0,status,Government Entity,0.602,ocr:lowconf,data/fy09/transparency-resolutions/review-crops/r05-p024-row00-status.png
5,24,1,organization,"City University of New York School of Law Foundation, Inc. - CUNY Citizenship and Immigration Project",0.56,ocr:lowconf,data/fy09/transparency-resolutions/review-crops/r05-p024-row01-organization.png
5,24,1,ein,11-3235349,0.777,ocr:lowconf,data/fy09/transparency-resolutions/review-crops/r05-p024-row01-ein.png
5,24,1,status,Government Entity,0.563,ocr:lowconf,data/fy09/transparency-resolutions/review-crops/r05-p024-row01-status.png
5,24,2,amount,($25.000.00),0.715,ocr:amt,data/fy09/transparency-resolutions/review-crops/r05-p024-row02-amount.png
5,24,2,organization,"City University of New York School of Law Foundation, Inc. CUNY Citizenship and Immigration Project",0.729,ocr:lowconf,data/fy09/transparency-resolutions/review-crops/r05-p024-row02-organization.png
5,24,2,agency,DYCD,0.711,ocr:lowconf,data/fy09/transparency-resolutions/review-crops/r05-p024-row02-agency.png
5,24,2,amount,($25.000.00),0.715,ocr:lowconf,data/fy09/transparency-resolutions/review-crops/r05-p024-row02-amount.png
5,24,3,amount,"($25,000. .00)",0.961,ocr:amt,data/fy09/transparency-resolutions/review-crops/r05-p024-row03-amount.png
5,24,3,member,Manhattan,0.63,ocr:lowconf,data/fy09/transparency-resolutions/review-crops/r05-p024-row03-member.png
5,24,3,organization,"City University of New York School of Law Foundation, Inc. - CUNY Citizenship and Immigration Project",0.672,ocr:lowconf,data/fy09/transparency-resolutions/review-crops/r05-p024-row03-organization.png
5,24,3,status,Government Entity,0.515,ocr:lowconf,data/fy09/transparency-resolutions/review-crops/r05-p024-row03-status.png
5,24,5,organization,Research Foundation of the City University of New York - CUNY Citizenship and Immigration Project,0.576,ocr:lowconf,data/fy09/transparency-resolutions/review-crops/r05-p024-row05-organization.png
5,24,6,organization,Research Foundation of the City University of New York - CUNY Citizenship and Immigration Project,0.775,ocr:lowconf,data/fy09/transparency-resolutions/review-crops/r05-p024-row06-organization.png
5,24,7,amount,"$25,000.00",0.726,ocr:lowconf,data/fy09/transparency-resolutions/review-crops/r05-p024-row07-amount.png
5,24,8,organization,"American-ltalian Coalition of Organizations, Inc. (AMICO)",0.663,ocr:lowconf,data/fy09/transparency-resolutions/review-crops/r05-p024-row08-organization.png
5,24,8,ein,11-2488439,0.791,ocr:lowconf,data/fy09/transparency-resolutions/review-crops/r05-p024-row08-ein.png
5,24,9,organization,"Jewish Community Center of Staten Island, Inc.",0.731,ocr:lowconf,data/fy09/transparency-resolutions/review-crops/r05-p024-row09-organization.png
5,24,9,ein,13-5562256,0.663,ocr:lowconf,data/fy09/transparency-resolutions/review-crops/r05-p024-row09-ein.png
5,24,11,organization,"Polonians Organized to Minister Our Community (POMOC), Inc. - St. Stanislaus Kostka Church",0.574,ocr:lowconf,data/fy09/transparency-resolutions/review-crops/r05-p024-row11-organization.png
5,24,12,organization,"Polonians Organized to Minister Our Community (POMOC), Inc. WILL ACT AS A FISCAL CONDUIT FOR: St. Stanislaus Kostka Church",0.514,ocr:lowconf,data/fy09/transparency-resolutions/review-crops/r05-p024-row12-organization.png
5,24,13,organization,Community Legal Resource Network (CLRN),0.762,ocr:lowconf,data/fy09/transparency-resolutions/review-crops/r05-p024-row13-organization.png
5,24,13,amount,"($160,000.00)",0.765,ocr:lowconf,data/fy09/transparency-resolutions/review-crops/r05-p024-row13-amount.png
5,24,13,status,Government Entity,0.516,ocr:lowconf,data/fy09/transparency-resolutions/review-crops/r05-p024-row13-status.png
5,24,14,member,Queens,0.745,ocr:lowconf,data/fy09/transparency-resolutions/review-crops/r05-p024-row14-member.png
5,24,14,organization,"City Univeristy of New York School of Law Foundation, Inc., The WILL ACT AS A FISCAL CONDUIT FOR: Community Legal Resource Network (CLRN)",0.537,ocr:lowconf,data/fy09/transparency-resolutions/review-crops/r05-p024-row14-organization.png
5,24,14,status,Government Entity,0.741,ocr:lowconf,data/fy09/transparency-resolutions/review-crops/r05-p024-row14-status.png
5,24,15,amount,"($80,000.00)",0.568,ocr:lowconf,data/fy09/transparency-resolutions/review-crops/r05-p024-row15-amount.png
5,24,16,amount,"($95,000.00)",0.52,ocr:lowconf,data/fy09/transparency-resolutions/review-crops/r05-p024-row16-amount.png
5,24,17,amount,"($30,838.50)",0.981,ocr:amt,data/fy09/transparency-resolutions/review-crops/r05-p024-row17-amount.png
5,24,17,organization,Legal Aid Society I Civil Division- Brooklyn,0.451,ocr:lowconf,data/fy09/transparency-resolutions/review-crops/r05-p024-row17-organization.png
5,24,18,member,Brooklyn,0.665,ocr:lowconf,data/fy09/transparency-resolutions/review-crops/r05-p024-row18-member.png
5,24,18,organization,Legal Aid Society / Civil Division- Brooklyn,0.599,ocr:lowconf,data/fy09/transparency-resolutions/review-crops/r05-p024-row18-organization.png
5,24,19,organization,Legal Services NYC - Bedford Stuyvesant Community Legal Services Corporation,0.751,ocr:lowconf,data/fy09/transparency-resolutions/review-crops/r05-p024-row19-organization.png
5,24,19,ein,11-2149962,0.524,ocr:lowconf,data/fy09/transparency-resolutions/review-crops/r05-p024-row19-ein.png
5,24,20,agy_num,260,0.602,ocr:lowconf,data/fy09/transparency-resolutions/review-crops/r05-p024-row20-agy_num.png
5,24,20,status,Cleared,0.756,ocr:lowconf,data/fy09/transparency-resolutions/review-crops/r05-p024-row20-status.png
5,24,21,member,Queens,0.735,ocr:lowconf,data/fy09/transparency-resolutions/review-crops/r05-p024-row21-member.png
5,25,0,amount,"($30,838.50)",0.709,ocr:amt,data/fy09/transparency-resolutions/review-crops/r05-p025-row00-amount.png
5,25,0,organization,South Brooklyn Legai Services,0.786,ocr:lowconf,data/fy09/transparency-resolutions/review-crops/r05-p025-row00-organization.png
5,25,0,amount,"($30,838.50)",0.709,ocr:lowconf,data/fy09/transparency-resolutions/review-crops/r05-p025-row00-amount.png
5,25,1,ein,13-5562265,0.531,ocr:lowconf,data/fy09/transparency-resolutions/review-crops/r05-p025-row01-ein.png
5,25,2,organization,Legal Aid Society,0.694,ocr:lowconf,data/fy09/transparency-resolutions/review-crops/r05-p025-row02-organization.png
5,25,3,amount,"$98,338.50",0.757,ocr:amt,data/fy09/transparency-resolutions/review-crops/r05-p025-row03-amount.png
5,25,3,amount,"$98,338.50",0.757,ocr:lowconf,data/fy09/transparency-resolutions/review-crops/r05-p025-row03-amount.png
5,25,5,organization,Legal Aid Society / Civil Division- Brooklyn,0.554,ocr:lowconf,data/fy09/transparency-resolutions/review-crops/r05-p025-row05-organization.png
5,25,5,status,Cleared,0.736,ocr:lowconf,data/fy09/transparency-resolutions/review-crops/r05-p025-row05-status.png
5,25,6,amount,"$61,677.50",0.843,ocr:amt,data/fy09/transparency-resolutions/review-crops/r05-p025-row06-amount.png
5,25,6,organization,Legal Services NYC - Bedford Stuyvesant Community Legal Services Corporation,0.547,ocr:lowconf,data/fy09/transparency-resolutions/review-crops/r05-p025-row06-organization.png
5,25,7,amount,"$61,661.50",0.896,ocr:amt,data/fy09/transparency-resolutions/review-crops/r05-p025-row07-amount.png
5,25,9,amount,"$30,838.50",0.869,ocr:amt,data/fy09/transparency-resolutions/review-crops/r05-p025-row09-amount.png
5,25,11,organization,Legal Services NYC - Manhattan,0.501,ocr:lowconf,data/fy09/transparency-resolutions/review-crops/r05-p025-row11-organization.png
5,25,11,agency,DYCD,0.702,ocr:lowconf,data/fy09/transparency-resolutions/review-crops/r05-p025-row11-agency.png
5,25,11,amount,"$42,500.00",0.726,ocr:lowconf,data/fy09/transparency-resolutions/review-crops/r05-p025-row11-amount.png
5,37,0,ein,13-1988190),0.638,ocr:ein,data/fy09/transparency-resolutions/review-crops/r05-p037-row00-ein.png
5,37,0,organization,"Research and Evaluation Center, John Jay College/CUNY",0.527,ocr:lowconf,data/fy09/transparency-resolutions/review-crops/r05-p037-row00-organization.png
5,37,0,ein,13-1988190),0.638,ocr:lowconf,data/fy09/transparency-resolutions/review-crops/r05-p037-row00-ein.png
5,37,1,organization,"Research and Evaluation Center, John Jay College/CUNY",0.794,ocr:lowconf,data/fy09/transparency-resolutions/review-crops/r05-p037-row01-organization.png
5,37,2,ein,13-1988190,0.672,ocr:lowconf,data/fy09/transparency-resolutions/review-crops/r05-p037-row02-ein.png
5,37,3,organization,"Urban Dove, inc.",0.594,ocr:lowconf,data/fy09/transparency-resolutions/review-crops/r05-p037-row03-organization.png
5,37,4,ua,002,0.505,ocr:lowconf,data/fy09/transparency-resolutions/review-crops/r05-p037-row04-ua.png
5,37,4,status,Cleared,0.766,ocr:lowconf,data/fy09/transparency-resolutions/review-crops/r05-p037-row04-status.png
5,37,5,ein,13-6277895,0.785,ocr:lowconf,data/fy09/transparency-resolutions/review-crops/r05-p037-row05-ein.png
5,37,7,ein,13-5562324,0.393,ocr:lowconf,data/fy09/transparency-resolutions/review-crops/r05-p037-row07-ein.png
5,37,7,status,Government Entity,0.641,ocr:lowconf,data/fy09/transparency-resolutions/review-crops/r05-p037-row07-status.png
5,37,8,organization,Community Counseling and Mediation,0.636,ocr:lowconf,data/fy09/transparency-resolutions/review-crops/r05-p037-row08-organization.png
5,37,9,ein,,1.0,ocr:ein,data/fy09/transparency-resolutions/review-crops/r05-p037-row09-ein.png
5,37,9,organization,Violence Prevention for Boys in Secure Detention (VENDOR TO BE SELECTED BY DJJ),0.658,ocr:lowconf,data/fy09/transparency-resolutions/review-crops/r05-p037-row09-organization.png
5,37,10,ein,,1.0,ocr:ein,data/fy09/transparency-resolutions/review-crops/r05-p037-row10-ein.png
5,37,11,ein,,1.0,ocr:ein,data/fy09/transparency-resolutions/review-crops/r05-p037-row11-ein.png
5,37,11,organization,Mentoring for Youth in Non-Secure Detention (VENDOR TO BE SELECTED BY DJJ),0.778,ocr:lowconf,data/fy09/transparency-resolutions/review-crops/r05-p037-row11-organization.png
5,37,11,amount,"$30,000.00",0.772,ocr:lowconf,data/fy09/transparency-resolutions/review-crops/r05-p037-row11-amount.png
5,37,12,ein,,1.0,ocr:ein,data/fy09/transparency-resolutions/review-crops/r05-p037-row12-ein.png
5,37,12,organization,Expressive Arts for Youth in Secure Detention and Group Homes (VENDOR TO BE SELECTED BY DJJ),0.597,ocr:lowconf,data/fy09/transparency-resolutions/review-crops/r05-p037-row12-organization.png
5,37,12,amount,"$28,223.00",0.74,ocr:lowconf,data/fy09/transparency-resolutions/review-crops/r05-p037-row12-amount.png
5,47,0,organization,"Agudath Israel of America Community Services, Inc",0.676,ocr:lowconf,data/fy09/transparency-resolutions/review-crops/r05-p047-row00-organization.png
5,47,1,agy_num,125,0.572,ocr:lowconf,data/fy09/transparency-resolutions/review-crops/r05-p047-row01-agy_num.png
5,47,2,program,ARC FtWashington Senior Center,0.712,ocr:lowconf,data/fy09/transparency-resolutions/review-crops/r05-p047-row02-program.png
5,47,3,amount,"$10,000. .00",0.707,ocr:amt,data/fy09/transparency-resolutions/review-crops/r05-p047-row03-amount.png
5,47,3,organization,"Bedford Park Multi- Service Center for Senior Citizens, Inc..",0.746,ocr:lowconf,data/fy09/transparency-resolutions/review-crops/r05-p047-row03-organization.png
5,47,3,amount,"$10,000. .00",0.707,ocr:lowconf,data/fy09/transparency-resolutions/review-crops/r05-p047-row03-amount.png
5,47,4,amount,"$11,280. .00",0.827,ocr:amt,data/fy09/transparency-resolutions/review-crops/r05-p047-row04-amount.png
5,47,4,organization,"Caring Community. Inc., The",0.553,ocr:lowconf,data/fy09/transparency-resolutions/review-crops/r05-p047-row04-organization.png
5,47,4,program,Caring Community 1st Presbyterian,0.563,ocr:lowconf,data/fy09/transparency-resolutions/review-crops/r05-p047-row04-program.png
5,47,6,organization,"Carter Burden Center for the Aging, Inc., The",0.676,ocr:lowconf,data/fy09/transparency-resolutions/review-crops/r05-p047-row06-organization.png
5,47,7,organization,"Catholic Charities Neighborhood Services, Inc.",0.783,ocr:lowconf,data/fy09/transparency-resolutions/review-crops/r05-p047-row07-organization.png
5,47,8,program,CCNS Hillcrest,0.559,ocr:lowconf,data/fy09/transparency-resolutions/review-crops/r05-p047-row08-program.png
5,47,12,organization,"Centrai Harlem Senior Citizens Coalition, Inc",0.71,ocr:lowconf,data/fy09/transparency-resolutions/review-crops/r05-p047-row12-organization.png
5,47,12,program,Kennedy Senior Center,0.796,ocr:lowconf,data/fy09/transparency-resolutions/review-crops/r05-p047-row12-program.png
5,47,12,amount,"$36,000.00",0.698,ocr:lowconf,data/fy09/transparency-resolutions/review-crops/r05-p047-row12-amount.png
5,47,13,organization,"Church on the Hill Older Adult (COTHOA) Luncheon Club, Inc.",0.5,ocr:lowconf,data/fy09/transparency-resolutions/review-crops/r05-p047-row13-organization.png
5,47,13,ein,13-3608860,0.59,ocr:lowconf,data/fy09/transparency-resolutions/review-crops/r05-p047-row13-ein.png
5,47,14,organization,"Council of Belmont Organizations, Inc.",0.723,ocr:lowconf,data/fy09/transparency-resolutions/review-crops/r05-p047-row14-organization.png
5,47,14,program,COBO/Mt. Carmel,0.73,ocr:lowconf,data/fy09/transparency-resolutions/review-crops/r05-p047-row14-program.png
5,47,15,organization,Crown Heights Preservation Committee Corp.,0.739,ocr:lowconf,data/fy09/transparency-resolutions/review-crops/r05-p047-row15-organization.png
5,47,17,program,Eileen Dugan,0.702,ocr:lowconf,data/fy09/transparency-resolutions/review-crops/r05-p047-row17-program.png
5,47,18,organization,"Elmcor Youth and Adult Activities, Inc.",0.556,ocr:lowconf,data/fy09/transparency-resolutions/review-crops/r05-p047-row18-organization.png
5,47,18,program,Elmcor Lefrak Senior Center,0.745,ocr:lowconf,data/fy09/transparency-resolutions/review-crops/r05-p047-row18-program.png
5,47,20,organization,"Fort Greene Senior Citizens Council, Inc",0.786,ocr:lowconf,data/fy09/transparency-resolutions/review-crops/r05-p047-row20-organization.png
5,47,21,organization,"Glenridge Senior Citizen Multi-Service & Advisory Center, Inc.",0.617,ocr:lowconf,data/fy09/transparency-resolutions/review-crops/r05-p047-row21-organization.png
5,47,21,program,Glenridge Senior Citizens,0.673,ocr:lowconf,data/fy09/transparency-resolutions/review-crops/r05-p047-row21-program.png
5,47,21,ein,11-2327136,0.621,ocr:lowconf,data/fy09/transparency-resolutions/review-crops/r05-p047-row21-ein.png
5,47,22,program,Hope of israel Senior Citizens Center,0.764,ocr:lowconf,data/fy09/transparency-resolutions/review-crops/r05-p047-row22-program.png
5,47,23,organization,"Italian Senior Citizens Center, Inc",0.501,ocr:lowconf,data/fy09/transparency-resolutions/review-crops/r05-p047-row23-organization.png
5,47,23,ua,003,0.748,ocr:lowconf,data/fy09/transparency-resolutions/review-crops/r05-p047-row23-ua.png
5,47,24,program,JSPOA Transportation,0.53,ocr:lowconf,data/fy09/transparency-resolutions/review-crops/r05-p047-row24-program.png
5,47,26,organization,Jewish Association for Services for the Aged (JASA),0.593,ocr:lowconf,data/fy09/transparency-resolutions/review-crops/r05-p047-row26-organization.png
5,47,27,organization,Jewish Association for Services for the Aged (JASA),0.675,ocr:lowconf,data/fy09/transparency-resolutions/review-crops/r05-p047-row27-organization.png
5,47,28,amount,$39.000.00,0.999,ocr:amt,data/fy09/transparency-resolutions/review-crops/r05-p047-row28-amount.png
5,47,28,program,JASA Starrett City,0.717,ocr:lowconf,data/fy09/transparency-resolutions/review-crops/r05-p047-row28-program.png
5,47,29,organization,"Jewish Community Council of Greater Coney Island, Inc.",0.574,ocr:lowconf,data/fy09/transparency-resolutions/review-crops/r05-p047-row29-organization.png
5,47,29,program,Jay Senior Center,0.593,ocr:lowconf,data/fy09/transparency-resolutions/review-crops/r05-p047-row29-program.png
5,47,30,amount,$37. 400.00,0.766,ocr:amt,data/fy09/transparency-resolutions/review-crops/r05-p047-row30-amount.png
5,47,30,organization,"Korean Community Services of Metropolitan New York, Inc.",0.799,ocr:lowconf,data/fy09/transparency-resolutions/review-crops/r05-p047-row30-organization.png
5,47,30,amount,$37. 400.00,0.766,ocr:lowconf,data/fy09/transparency-resolutions/review-crops/r05-p047-row30-amount.png
5,47,31,organization,"Korean Community Services of Metropolitan New York, Inc.",0.613,ocr:lowconf,data/fy09/transparency-resolutions/review-crops/r05-p047-row31-organization.png
5,47,32,program,Lenox Hill Senior Center II,0.578,ocr:lowconf,data/fy09/transparency-resolutions/review-crops/r05-p047-row32-program.png
5,47,32,status,Cleared,0.723,ocr:lowconf,data/fy09/transparency-resolutions/review-crops/r05-p047-row32-status.png
5,47,33,amount,$27.000.00,0.989,ocr:amt,data/fy09/transparency-resolutions/review-crops/r05-p047-row33-amount.png
5,47,33,organization,Manhattan Valley Golden Age Senior Center. Inc,0.733,ocr:lowconf,data/fy09/transparency-resolutions/review-crops/r05-p047-row33-organization.png
5,47,34,organization,Merrill Park Civic Association of Springfield Gardens,0.537,ocr:lowconf,data/fy09/transparency-resolutions/review-crops/r05-p047-row34-organization.png
5,47,34,amount,"$46,000.00",0.576,ocr:lowconf,data/fy09/transparency-resolutions/review-crops/r05-p047-row34-amount.png
5,48,1,amount,$25.000.00,0.999,ocr:amt,data/fy09/transparency-resolutions/review-crops/r05-p048-row01-amount.png
5,48,1,ein,11-2328536,0.604,ocr:lowconf,data/fy09/transparency-resolutions/review-crops/r05-p048-row01-ein.png
5,48,2,organization,Rabbi Israei Meyer Hacohen Rabbinical Seminary of America,0.713,ocr:lowconf,data/fy09/transparency-resolutions/review-crops/r05-p048-row02-organization.png
5,48,3,organization,"Regional Aid for Interim Needs, Inc.",0.591,ocr:lowconf,data/fy09/transparency-resolutions/review-crops/r05-p048-row03-organization.png
5,48,4,program,RAIN/East Tremont Senior Center,0.7,ocr:lowconf,data/fy09/transparency-resolutions/review-crops/r05-p048-row04-program.png
5,48,4,amount,"$21,400.00",0.663,ocr:lowconf,data/fy09/transparency-resolutions/review-crops/r05-p048-row04-amount.png
5,48,5,amount,"$6,500.00",0.75,ocr:lowconf,data/fy09/transparency-resolutions/review-crops/r05-p048-row05-amount.png
5,48,6,program,RAIN/Nereid Senior Center,0.504,ocr:lowconf,data/fy09/transparency-resolutions/review-crops/r05-p048-row06-program.png
5,48,7,organization,"Ridgewood Bushwick Senior Citizens Council, Inc.",0.526,ocr:lowconf,data/fy09/transparency-resolutions/review-crops/r05-p048-row07-organization.png
5,48,8,program,Ridgewood Older Adult Center & Services,0.75,ocr:lowconf,data/fy09/transparency-resolutions/review-crops/r05-p048-row08-program.png
5,48,9,ein,23-7357997,0.651,ocr:lowconf,data/fy09/transparency-resolutions/review-crops/r05-p048-row09-ein.png
5,48,10,organization,Selfhelp Community Services. inc.,0.529,ocr:lowconf,data/fy09/transparency-resolutions/review-crops/r05-p048-row10-organization.png
5,48,10,amount,"$7,000.00",0.759,ocr:lowconf,data/fy09/transparency-resolutions/review-crops/r05-p048-row10-amount.png
5,48,12,ua,003,0.611,ocr:lowconf,data/fy09/transparency-resolutions/review-crops/r05-p048-row12-ua.png
5,48,13,status,Application Pending,0.71,ocr:lowconf,data/fy09/transparency-resolutions/review-crops/r05-p048-row13-status.png
5,48,14,status,S10K PQL Not Required,0.59,ocr:lowconf,data/fy09/transparency-resolutions/review-crops/r05-p048-row14-status.png
5,48,15,organization,"Services Now for Adult Persons (SNAP), inc.",0.558,ocr:lowconf,data/fy09/transparency-resolutions/review-crops/r05-p048-row15-organization.png
5,48,15,agency,DFTA,0.75,ocr:lowconf,data/fy09/transparency-resolutions/review-crops/r05-p048-row15-agency.png
5,48,16,organization,Southeast Queens Multiservice Senior Center,0.668,ocr:lowconf,data/fy09/transparency-resolutions/review-crops/r05-p048-row16-organization.png
5,48,17,organization,Southside United Housing Development Fund Corp,0.678,ocr:lowconf,data/fy09/transparency-resolutions/review-crops/r05-p048-row17-organization.png
5,48,18,program,RAICES Corona (utilities-moving expenses),0.464,ocr:lowconf,data/fy09/transparency-resolutions/review-crops/r05-p048-row18-program.png
5,48,18,ein,11-2730462,0.747,ocr:lowconf,data/fy09/transparency-resolutions/review-crops/r05-p048-row18-ein.png
5,48,19,organization,Spanish Speaking Elderly Council-RAICES,0.7,ocr:lowconf,data/fy09/transparency-resolutions/review-crops/r05-p048-row19-organization.png
5,48,19,amount,"$120,000.00",0.526,ocr:lowconf,data/fy09/transparency-resolutions/review-crops/r05-p048-row19-amount.png
5,48,20,organization,St. Gabriel's Episcopal Church Senior Center,0.693,ocr:lowconf,data/fy09/transparency-resolutions/review-crops/r05-p048-row20-organization.png
5,48,20,amount,"$18, 000.00",0.703,ocr:lowconf,data/fy09/transparency-resolutions/review-crops/r05-p048-row20-amount.png
5,48,21,organization,St. John-St. Matthew Emanuel Lutheran Church,0.527,ocr:lowconf,data/fy09/transparency-resolutions/review-crops/r05-p048-row21-organization.png
5,48,21,program,Prospect Hill,0.51,ocr:lowconf,data/fy09/transparency-resolutions/review-crops/r05-p048-row21-program.png
5,48,21,ein,11-2252582,0.775,ocr:lowconf,data/fy09/transparency-resolutions/review-crops/r05-p048-row21-ein.png
5,48,22,status,Application Pending,0.574,ocr:lowconf,data/fy09/transparency-resolutions/review-crops/r05-p048-row22-status.png
5,48,23,organization,"Staten Island Community Services Fnendship Clubs, Inc.",0.578,ocr:lowconf,data/fy09/transparency-resolutions/review-crops/r05-p048-row23-organization.png
5,48,24,amount,"$6, ,000.00",0.693,ocr:amt,data/fy09/transparency-resolutions/review-crops/r05-p048-row24-amount.png
5,48,24,amount,"$6, ,000.00",0.693,ocr:lowconf,data/fy09/transparency-resolutions/review-crops/r05-p048-row24-amount.png
5,48,25,amount,$76. 340.00,0.983,ocr:amt,data/fy09/transparency-resolutions/review-crops/r05-p048-row25-amount.png
5,48,25,organization,"Sunnyside Community Services Center, inc.",0.694,ocr:lowconf,data/fy09/transparency-resolutions/review-crops/r05-p048-row25-organization.png
5,48,26,amount,"$21,21200",0.973,ocr:amt,data/fy09/transparency-resolutions/review-crops/r05-p048-row26-amount.png
5,48,26,organization,"Tolentine- Zeiser Community Life Center, Inc.",0.522,ocr:lowconf,data/fy09/transparency-resolutions/review-crops/r05-p048-row26-organization.png
5,48,26,status,Cleared,0.622,ocr:lowconf,data/fy09/transparency-resolutions/review-crops/r05-p048-row26-status.png
5,48,27,organization,"United Hindu Cultural Council of USA, North America, Inc.",0.785,ocr:lowconf,data/fy09/transparency-resolutions/review-crops/r05-p048-row27-organization.png
5,48,27,program,United Hindu,0.698,ocr:lowconf,data/fy09/transparency-resolutions/review-crops/r05-p048-row27-program.png
5,48,27,ein,11-3451990,0.681,ocr:lowconf,data/fy09/transparency-resolutions/review-crops/r05-p048-row27-ein.png
5,48,28,organization,"United Senior Citizen Center of Sunset Park, Inc.",0.799,ocr:lowconf,data/fy09/transparency-resolutions/review-crops/r05-p048-row28-organization.png
5,48,29,organization,Young israel Programs,0.54,ocr:lowconf,data/fy09/transparency-resolutions/review-crops/r05-p048-row29-organization.png
5,48,29,program,Young Israel Forest Hills Senior League,0.67,ocr:lowconf,data/fy09/transparency-resolutions/review-crops/r05-p048-row29-program.png
5,48,30,program,Young israel Queens Valley,0.578,ocr:lowconf,data/fy09/transparency-resolutions/review-crops/r05-p048-row30-program.png
5,48,31,amount,"$8,000.00",0.745,ocr:lowconf,data/fy09/transparency-resolutions/review-crops/r05-p048-row31-amount.png
5,48,31,status,Missing PQL Application,0.742,ocr:lowconf,data/fy09/transparency-resolutions/review-crops/r05-p048-row31-status.png
6,9,0,member,Gentile,0.597,ocr:lowconf,data/fy09/transparency-resolutions/review-crops/r06-p009-row00-member.png
6,9,1,conduit_org,Saint Rosalia- -Regina Pacis Neighborhood Improvement. Association,0.482,ocr:lowconf,data/fy09/transparency-resolutions/review-crops/r06-p009-row01-conduit_org.png
6,9,2,organization,Veterans of Foreign Wars Post #4785 Memorial Association,0.692,ocr:lowconf,data/fy09/transparency-resolutions/review-crops/r06-p009-row02-organization.png
6,9,2,conduit_org,Saint Rosalia- -Regina Pacis Neighborhood Improvement Association,0.69,ocr:lowconf,data/fy09/transparency-resolutions/review-crops/r06-p009-row02-conduit_org.png
6,9,3,organization,"Reaching- -Out Community Services, Inc.",0.579,ocr:lowconf,data/fy09/transparency-resolutions/review-crops/r06-p009-row03-organization.png
6,9,3,agency,DYCD,0.672,ocr:lowconf,data/fy09/transparency-resolutions/review-crops/r06-p009-row03-agency.png
6,9,4,member,Gentile,0.768,ocr:lowconf,data/fy09/transparency-resolutions/review-crops/r06-p009-row04-member.png
6,9,4,conduit_org,Bay Ridge Bensonhurst Beautification and,0.576,ocr:lowconf,data/fy09/transparency-resolutions/review-crops/r06-p009-row04-conduit_org.png
6,9,5,member,Gentie,0.788,ocr:lowconf,data/fy09/transparency-resolutions/review-crops/r06-p009-row05-member.png
6,9,5,organization,Saint Rosalia- -Regina Pacis Neighborhood,0.619,ocr:lowconf,data/fy09/transparency-resolutions/review-crops/r06-p009-row05-organization.png
6,9,7,member,Viverito,0.745,ocr:lowconf,data/fy09/transparency-resolutions/review-crops/r06-p009-row07-member.png
6,9,8,organization,"Lammies Day Care, Inc.",0.541,ocr:lowconf,data/fy09/transparency-resolutions/review-crops/r06-p009-row08-organization.png
6,9,8,ein,11-3470759,0.526,ocr:lowconf,data/fy09/transparency-resolutions/review-crops/r06-p009-row08-ein.png
6,9,8,amount,"($12,500.00)",0.791,ocr:lowconf,data/fy09/transparency-resolutions/review-crops/r06-p009-row08-amount.png
6,9,12,ein,14-1885605,0.791,ocr:lowconf,data/fy09/transparency-resolutions/review-crops/r06-p009-row12-ein.png
6,9,13,organization,William A. Epps Community Center of St. Phillips Baptist Church,0.532,ocr:lowconf,data/fy09/transparency-resolutions/review-crops/r06-p009-row13-organization.png
6,9,15,member,Weprin,0.79,ocr:lowconf,data/fy09/transparency-resolutions/review-crops/r06-p009-row15-member.png
6,9,15,organization,Mosdos Bnos Frima,0.629,ocr:lowconf,data/fy09/transparency-resolutions/review-crops/r06-p009-row15-organization.png
6,9,15,amount,"($10,000.00)",0.563,ocr:lowconf,data/fy09/transparency-resolutions/review-crops/r06-p009-row15-amount.png
6,9,16,member,Weprin,0.638,ocr:lowconf,data/fy09/transparency-resolutions/review-crops/r06-p009-row16-member.png
6,9,17,organization,Department of Tanspotaton.DUMBO: Historic District,0.502,ocr:lowconf,data/fy09/transparency-resolutions/review-crops/r06-p009-row17-organization.png
6,9,19,organization,Albermarle Neighborhood Association,0.547,ocr:lowconf,data/fy09/transparency-resolutions/review-crops/r06-p009-row19-organization.png
6,9,19,status,Application incomplete at Deadline,0.606,ocr:lowconf,data/fy09/transparency-resolutions/review-crops/r06-p009-row19-status.png
6,9,20,organization,Young Men's Christian Association of Greater New York - Prospect Park,0.627,ocr:lowconf,data/fy09/transparency-resolutions/review-crops/r06-p009-row20-organization.png
6,9,21,member,Mitchell,0.747,ocr:lowconf,data/fy09/transparency-resolutions/review-crops/r06-p009-row21-member.png
6,9,21,organization,LLia Park Summer Program,0.44,ocr:lowconf,data/fy09/transparency-resolutions/review-crops/r06-p009-row21-organization.png
6,9,22,organization,Department of Parks and Recreation-Lt Lia Summer Program,0.657,ocr:lowconf,data/fy09/transparency-resolutions/review-crops/r06-p009-row22-organization.png
6,9,23,organization,"Davidson Community Center, inc.",0.595,ocr:lowconf,data/fy09/transparency-resolutions/review-crops/r06-p009-row23-organization.png
6,9,23,amount,"($10,000.00)",0.797,ocr:lowconf,data/fy09/transparency-resolutions/review-crops/r06-p009-row23-amount.png
6,9,23,status,Denied for Senior Services,0.666,ocr:lowconf,data/fy09/transparency-resolutions/review-crops/r06-p009-row23-status.png
6,9,25,organization,Goodwill Baptist Church,0.429,ocr:lowconf,data/fy09/transparency-resolutions/review-crops/r06-p009-row25-organization.png
6,9,26,organization,Northwest Bronx Community and Clergy Coalition for Sistas and Brothas United,0.566,ocr:lowconf,data/fy09/transparency-resolutions/review-crops/r06-p009-row26-organization.png
6,9,27,amount,"($15,000.00)",0.589,ocr:lowconf,data/fy09/transparency-resolutions/review-crops/r06-p009-row27-amount.png
6,9,28,organization,United Community Houses and Services Corporation d/bla United Community Services of Boro Park,0.618,ocr:lowconf,data/fy09/transparency-resolutions/review-crops/r06-p009-row28-organization.png
6,9,28,agy_num,125,0.529,ocr:lowconf,data/fy09/transparency-resolutions/review-crops/r06-p009-row28-agy_num.png
6,9,29,amount,"($15,000.00)",0.589,ocr:lowconf,data/fy09/transparency-resolutions/review-crops/r06-p009-row29-amount.png
6,9,31,organization,"Rosedale Little League Baseball, inc.",0.571,ocr:lowconf,data/fy09/transparency-resolutions/review-crops/r06-p009-row31-organization.png
6,9,32,organization,"Parodneck Foundation for Self-Help Housing and Community Development, Inc., The",0.481,ocr:lowconf,data/fy09/transparency-resolutions/review-crops/r06-p009-row32-organization.png
6,10,0,amount,"($8,500.00)",0.659,ocr:lowconf,data/fy09/transparency-resolutions/review-crops/r06-p010-row00-amount.png
6,10,0,status,Application Incomplete at Deadline,0.569,ocr:lowconf,data/fy09/transparency-resolutions/review-crops/r06-p010-row00-status.png
6,10,2,conduit_org,"South Brooklyn Youth Consortium, Inc.",0.765,ocr:lowconf,data/fy09/transparency-resolutions/review-crops/r06-p010-row02-conduit_org.png
6,10,3,organization,Grace Gravesend Athletic Association,0.687,ocr:lowconf,data/fy09/transparency-resolutions/review-crops/r06-p010-row03-organization.png
6,10,4,ein,26-2384342,0.75,ocr:lowconf,data/fy09/transparency-resolutions/review-crops/r06-p010-row04-ein.png
6,10,4,conduit_org,"Sunnyside Community Services Center, Inc.",0.508,ocr:lowconf,data/fy09/transparency-resolutions/review-crops/r06-p010-row04-conduit_org.png
6,10,4,status,Application Incomplete at Deadline,0.707,ocr:lowconf,data/fy09/transparency-resolutions/review-crops/r06-p010-row04-status.png
6,10,5,organization,"Sunnyside Community Services Center, Inc.",0.594,ocr:lowconf,data/fy09/transparency-resolutions/review-crops/r06-p010-row05-organization.png
6,10,6,organization,Waterside Tenants Association,0.569,ocr:lowconf,data/fy09/transparency-resolutions/review-crops/r06-p010-row06-organization.png
6,10,7,member,Garodnick,0.693,ocr:lowconf,data/fy09/transparency-resolutions/review-crops/r06-p010-row07-member.png
6,10,7,status,Approved,0.546,ocr:lowconf,data/fy09/transparency-resolutions/review-crops/r06-p010-row07-status.png
6,10,8,amount,"($20,000.00)",0.466,ocr:lowconf,data/fy09/transparency-resolutions/review-crops/r06-p010-row08-amount.png
6,10,9,organization,"Afikim Foundation, The",0.659,ocr:lowconf,data/fy09/transparency-resolutions/review-crops/r06-p010-row09-organization.png
6,10,10,ein,,1.0,ocr:ein,data/fy09/transparency-resolutions/review-crops/r06-p010-row10-ein.png
6,10,10,organization,"Quebradillas Baseball Organization, Inc.",0.651,ocr:lowconf,data/fy09/transparency-resolutions/review-crops/r06-p010-row10-organization.png
6,10,10,amount,"($10,000.00)",0.599,ocr:lowconf,data/fy09/transparency-resolutions/review-crops/r06-p010-row10-amount.png
6,10,10,status,Application Incomplete at Deadline,0.576,ocr:lowconf,data/fy09/transparency-resolutions/review-crops/r06-p010-row10-status.png
6,10,12,organization,St. Rita's Roman Catholic Church,0.506,ocr:lowconf,data/fy09/transparency-resolutions/review-crops/r06-p010-row12-organization.png
6,10,12,ein,11-1711002,0.586,ocr:lowconf,data/fy09/transparency-resolutions/review-crops/r06-p010-row12-ein.png
6,10,12,status,Approved,0.64,ocr:lowconf,data/fy09/transparency-resolutions/review-crops/r06-p010-row12-status.png
6,10,13,organization,"Salvation Army of Greater New York, The - Bushwick Corps.",0.753,ocr:lowconf,data/fy09/transparency-resolutions/review-crops/r06-p010-row13-organization.png
6,10,14,ein,13-3864712,0.73,ocr:lowconf,data/fy09/transparency-resolutions/review-crops/r06-p010-row14-ein.png
6,10,16,organization,"United Jewish Community. Advocacy Relations and Enrichment (UJ CARE), Inc.",0.56,ocr:lowconf,data/fy09/transparency-resolutions/review-crops/r06-p010-row16-organization.png
6,10,16,status,Application incomplete at Deadline,0.511,ocr:lowconf,data/fy09/transparency-resolutions/review-crops/r06-p010-row16-status.png
6,10,17,organization,Borough Park. Jewish Community Council,0.67,ocr:lowconf,data/fy09/transparency-resolutions/review-crops/r06-p010-row17-organization.png
6,10,17,ein,11-3475993,0.756,ocr:lowconf,data/fy09/transparency-resolutions/review-crops/r06-p010-row17-ein.png
6,10,17,agency,DYCD,0.51,ocr:lowconf,data/fy09/transparency-resolutions/review-crops/r06-p010-row17-agency.png
6,10,18,status,Application Incomplete at Deadline,0.605,ocr:lowconf,data/fy09/transparency-resolutions/review-crops/r06-p010-row18-status.png
6,10,18,star,*,0.571,ocr:lowconf,data/fy09/transparency-resolutions/review-crops/r06-p010-row18-star.png
6,10,19,agency,DFTA,0.662,ocr:lowconf,data/fy09/transparency-resolutions/review-crops/r06-p010-row19-agency.png
6,10,21,member,MN Delegation,0.735,ocr:lowconf,data/fy09/transparency-resolutions/review-crops/r06-p010-row21-member.png
6,10,21,organization,Upper Manhattan Council Assisting Neighbors,0.503,ocr:lowconf,data/fy09/transparency-resolutions/review-crops/r06-p010-row21-organization.png
6,10,22,organization,Washington Heights and Inwood Development Corporation,0.506,ocr:lowconf,data/fy09/transparency-resolutions/review-crops/r06-p010-row22-organization.png
6,10,23,organization,"Washington Heights Business Improvement District Management Association, Inc.",0.593,ocr:lowconf,data/fy09/transparency-resolutions/review-crops/r06-p010-row23-organization.png
6,10,23,ein,13-3348873,0.793,ocr:lowconf,data/fy09/transparency-resolutions/review-crops/r06-p010-row23-ein.png
6,10,24,status,Application Incomplete at Deadine,0.587,ocr:lowconf,data/fy09/transparency-resolutions/review-crops/r06-p010-row24-status.png
6,10,25,organization,Hollis Presbyterian Church,0.721,ocr:lowconf,data/fy09/transparency-resolutions/review-crops/r06-p010-row25-organization.png
6,10,26,organization,Millennium Minds,0.613,ocr:lowconf,data/fy09/transparency-resolutions/review-crops/r06-p010-row26-organization.png
6,10,27,member,Comrie,0.555,ocr:lowconf,data/fy09/transparency-resolutions/review-crops/r06-p010-row27-member.png
6,10,27,star,:,0.25,ocr:lowconf,data/fy09/transparency-resolutions/review-crops/r06-p010-row27-star.png
6,10,28,conduit_org,"Southern Queens Park Association, Inc.",0.577,ocr:lowconf,data/fy09/transparency-resolutions/review-crops/r06-p010-row28-conduit_org.png
6,10,28,status,Application Incomplete at Deadine,0.611,ocr:lowconf,data/fy09/transparency-resolutions/review-crops/r06-p010-row28-status.png
6,10,29,organization,Cambria Heights Sports Association,0.767,ocr:lowconf,data/fy09/transparency-resolutions/review-crops/r06-p010-row29-organization.png
6,10,29,status,Application Not Rec'd at Deadline,0.535,ocr:lowconf,data/fy09/transparency-resolutions/review-crops/r06-p010-row29-status.png
6,10,30,ein,11-2394796,0.737,ocr:lowconf,data/fy09/transparency-resolutions/review-crops/r06-p010-row30-ein.png
6,10,30,status,Application Incomplete at Deadine,0.617,ocr:lowconf,data/fy09/transparency-resolutions/review-crops/r06-p010-row30-status.png
6,10,32,organization,368A-429 Decatur Street Block Association,0.621,ocr:lowconf,data/fy09/transparency-resolutions/review-crops/r06-p010-row32-organization.png
6,10,32,ua,002,0.659,ocr:lowconf,data/fy09/transparency-resolutions/review-crops/r06-p010-row32-ua.png
6,10,32,status,Technical Change,0.562,ocr:lowconf,data/fy09/transparency-resolutions/review-crops/r06-p010-row32-status.png
6,10,33,member,Mealy,0.663,ocr:lowconf,data/fy09/transparency-resolutions/review-crops/r06-p010-row33-member.png
6,10,33,organization,"368A-429 Decatur, Inc.",0.648,ocr:lowconf,data/fy09/transparency-resolutions/review-crops/r06-p010-row33-organization.png
6,10,34,organization,"S.P.A.R.E., Inc.",0.539,ocr:lowconf,data/fy09/transparency-resolutions/review-crops/r06-p010-row34-organization.png
6,10,34,amount,"($20,000.00)",0.538,ocr:lowconf,data/fy09/transparency-resolutions/review-crops/r06-p010-row34-amount.png
6,11,0,organization,"Metropolitan New York Coordinating Council on. Jewish Poverty, Inc.",0.697,ocr:lowconf,data/fy09/transparency-resolutions/review-crops/r06-p011-row00-organization.png
6,11,0,status,Approved,0.759,ocr:lowconf,data/fy09/transparency-resolutions/review-crops/r06-p011-row00-status.png
6,11,1,amount,"$10,000.00",0.607,ocr:lowconf,data/fy09/transparency-resolutions/review-crops/r06-p011-row01-amount.png
6,11,2,organization,"ICYP Youth Program of Astoria, Inc,",0.609,ocr:lowconf,data/fy09/transparency-resolutions/review-crops/r06-p011-row02-organization.png
6,11,2,amount,"($8,000.00)",0.641,ocr:lowconf,data/fy09/transparency-resolutions/review-crops/r06-p011-row02-amount.png
6,11,2,status,Applivation Incomplete at Deadline,0.572,ocr:lowconf,data/fy09/transparency-resolutions/review-crops/r06-p011-row02-status.png
6,11,3,member,"Vallone, Jr",0.651,ocr:lowconf,data/fy09/transparency-resolutions/review-crops/r06-p011-row03-member.png
6,11,3,amount,"($10,000.00)",0.627,ocr:lowconf,data/fy09/transparency-resolutions/review-crops/r06-p011-row03-amount.png
6,11,3,status,Applivation incomplete at Deadine,0.625,ocr:lowconf,data/fy09/transparency-resolutions/review-crops/r06-p011-row03-status.png
6,11,4,organization,St Margaret Mary R.C. Church,0.771,ocr:lowconf,data/fy09/transparency-resolutions/review-crops/r06-p011-row04-organization.png
6,11,6,organization,St. Joseph R. C. Church,0.753,ocr:lowconf,data/fy09/transparency-resolutions/review-crops/r06-p011-row06-organization.png
6,11,7,member,Mitchell,0.757,ocr:lowconf,data/fy09/transparency-resolutions/review-crops/r06-p011-row07-member.png
6,11,7,status,Application Incomplete at Deadline,0.773,ocr:lowconf,data/fy09/transparency-resolutions/review-crops/r06-p011-row07-status.png
6,11,8,organization,St. Peter's Elementary School,0.598,ocr:lowconf,data/fy09/transparency-resolutions/review-crops/r06-p011-row08-organization.png
6,11,8,conduit_org,United Activites Unlimited,0.508,ocr:lowconf,data/fy09/transparency-resolutions/review-crops/r06-p011-row08-conduit_org.png
6,11,9,conduit_org,United Activites Unlimited,0.656,ocr:lowconf,data/fy09/transparency-resolutions/review-crops/r06-p011-row09-conduit_org.png
6,11,9,status,Redesignated,0.541,ocr:lowconf,data/fy09/transparency-resolutions/review-crops/r06-p011-row09-status.png
6,11,10,amount,"($10,000.00)",0.757,ocr:lowconf,data/fy09/transparency-resolutions/review-crops/r06-p011-row10-amount.png
6,11,11,status,Approved,0.639,ocr:lowconf,data/fy09/transparency-resolutions/review-crops/r06-p011-row11-status.png
6,11,13,organization,"Serving Those Who Serve, Inc.",0.8,ocr:lowconf,data/fy09/transparency-resolutions/review-crops/r06-p011-row13-organization.png
6,11,14,organization,St. Stanislaus Kostka Church,0.508,ocr:lowconf,data/fy09/transparency-resolutions/review-crops/r06-p011-row14-organization.png
6,11,14,agency,DYCD,0.536,ocr:lowconf,data/fy09/transparency-resolutions/review-crops/r06-p011-row14-agency.png
6,11,15,amount,"$,000.00",0.803,ocr:amt,data/fy09/transparency-resolutions/review-crops/r06-p011-row15-amount.png
6,11,15,organization,"United Activities Unlimited, Inc.",0.778,ocr:lowconf,data/fy09/transparency-resolutions/review-crops/r06-p011-row15-organization.png
6,11,15,status,Approved,0.641,ocr:lowconf,data/fy09/transparency-resolutions/review-crops/r06-p011-row15-status.png
6,11,15,amount,"$,000.00",0.803,ocr:cellspan,data/fy09/transparency-resolutions/review-crops/r06-p011-row15-amount.png
6,11,16,organization,Dr. Theodore A. Atlas Foundation,0.624,ocr:lowconf,data/fy09/transparency-resolutions/review-crops/r06-p011-row16-organization.png
6,11,16,status,Application Pending,0.503,ocr:lowconf,data/fy09/transparency-resolutions/review-crops/r06-p011-row16-status.png
6,11,17,member,"CC, Koppell",0.452,ocr:lowconf,data/fy09/transparency-resolutions/review-crops/r06-p011-row17-member.png
6,11,17,agency,DOHMH,0.544,ocr:lowconf,data/fy09/transparency-resolutions/review-crops/r06-p011-row17-agency.png
6,11,17,amount,"($40,000.00)",0.71,ocr:lowconf,data/fy09/transparency-resolutions/review-crops/r06-p011-row17-amount.png
6,11,18,organization,Harlem United Community AIDS Center,0.709,ocr:lowconf,data/fy09/transparency-resolutions/review-crops/r06-p011-row18-organization.png
6,11,18,ein,13-3461695,0.778,ocr:lowconf,data/fy09/transparency-resolutions/review-crops/r06-p011-row18-ein.png
6,11,18,agency,DOHMH,0.707,ocr:lowconf,data/fy09/transparency-resolutions/review-crops/r06-p011-row18-agency.png
6,11,18,status,Approved,0.548,ocr:lowconf,data/fy09/transparency-resolutions/review-crops/r06-p011-row18-status.png
6,11,19,organization,"Gilda's Club New York, Inc.",0.539,ocr:lowconf,data/fy09/transparency-resolutions/review-crops/r06-p011-row19-organization.png
6,11,21,member,"CC, Martinez",0.742,ocr:lowconf,data/fy09/transparency-resolutions/review-crops/r06-p011-row21-member.png
6,11,25,ein,26-2057862,0.629,ocr:lowconf,data/fy09/transparency-resolutions/review-crops/r06-p011-row25-ein.png
6,11,25,status,Application incompiete at Deadline,0.726,ocr:lowconf,data/fy09/transparency-resolutions/review-crops/r06-p011-row25-status.png
6,11,26,member,CC,0.644,ocr:lowconf,data/fy09/transparency-resolutions/review-crops/r06-p011-row26-member.png
6,11,26,amount,"($15,000.00)",0.592,ocr:lowconf,data/fy09/transparency-resolutions/review-crops/r06-p011-row26-amount.png
6,11,26,status,Application incomplete at Deadline,0.527,ocr:lowconf,data/fy09/transparency-resolutions/review-crops/r06-p011-row26-status.png
6,11,27,organization,"Yeled V'Yalda Early Childhood Center, Inc.",0.506,ocr:lowconf,data/fy09/transparency-resolutions/review-crops/r06-p011-row27-organization.png
6,11,27,ein,11-3050340,0.548,ocr:lowconf,data/fy09/transparency-resolutions/review-crops/r06-p011-row27-ein.png
6,11,28,organization,"Agudath Israel of America Community Services, Inc.",0.659,ocr:lowconf,data/fy09/transparency-resolutions/review-crops/r06-p011-row28-organization.png
6,11,29,member,"CC, DeBlasio, Brewer, Weprin, Recchia, Eugene",0.681,ocr:lowconf,data/fy09/transparency-resolutions/review-crops/r06-p011-row29-member.png
6,11,30,amount,"$7,500.00",0.738,ocr:lowconf,data/fy09/transparency-resolutions/review-crops/r06-p011-row30-amount.png
6,11,31,ein,13-4130051,0.769,ocr:lowconf,data/fy09/transparency-resolutions/review-crops/r06-p011-row31-ein.png
6,11,31,status,Application Pending,0.625,ocr:lowconf,data/fy09/transparency-resolutions/review-crops/r06-p011-row31-status.png
6,11,31,star,:,0.419,ocr:lowconf,data/fy09/transparency-resolutions/review-crops/r06-p011-row31-star.png
6,13,0,conduit_org,Saint Rosalia-Regina Pacis Neighborhood Improvement Association,0.589,ocr:lowconf,data/fy09/transparency-resolutions/review-crops/r06-p013-row00-conduit_org.png
6,13,0,status,Application Incomplete at Deadline,0.671,ocr:lowconf,data/fy09/transparency-resolutions/review-crops/r06-p013-row00-status.png
6,13,1,conduit_org,"Saint Rosalia-Regina Pacis Neighborhood Improvement, Association",0.411,ocr:lowconf,data/fy09/transparency-resolutions/review-crops/r06-p013-row01-conduit_org.png
6,13,2,organization,Saint Rosalia- -Regina Pacis Neighborhood Improvement Association,0.563,ocr:lowconf,data/fy09/transparency-resolutions/review-crops/r06-p013-row02-organization.png
6,13,3,organization,Joint Public Affairs Committee for Older Aduits (JPAC),0.581,ocr:lowconf,data/fy09/transparency-resolutions/review-crops/r06-p013-row03-organization.png
6,13,3,status,Technical Change,0.529,ocr:lowconf,data/fy09/transparency-resolutions/review-crops/r06-p013-row03-status.png
6,13,4,organization,Joint Public Affairs Committee for Older Adults (JPAC),0.693,ocr:lowconf,data/fy09/transparency-resolutions/review-crops/r06-p013-row04-organization.png
6,13,4,status,Technical Change,0.751,ocr:lowconf,data/fy09/transparency-resolutions/review-crops/r06-p013-row04-status.png
6,13,8,organization,"Queens Jewish Community Council, Inc.",0.774,ocr:lowconf,data/fy09/transparency-resolutions/review-crops/r06-p013-row08-organization.png
6,13,9,organization,Centrai Family Life Center,0.676,ocr:lowconf,data/fy09/transparency-resolutions/review-crops/r06-p013-row09-organization.png
6,13,9,status,Application Incompiete at Deadline,0.67,ocr:lowconf,data/fy09/transparency-resolutions/review-crops/r06-p013-row09-status.png
6,13,10,organization,"Community Agency for Senior Citizens, Inc.",0.745,ocr:lowconf,data/fy09/transparency-resolutions/review-crops/r06-p013-row10-organization.png
6,15,0,organization,"Independent Learners, Inc. Ready,Set, GoToo!",0.529,ocr:lowconf,data/fy09/transparency-resolutions/review-crops/r06-p015-row00-organization.png
6,15,0,star,:,0.344,ocr:lowconf,data/fy09/transparency-resolutions/review-crops/r06-p015-row00-star.png
6,15,0,ein,83-0473957,0.995,ocr:cellspan,data/fy09/transparency-resolutions/review-crops/r06-p015-row00-ein.png
6,15,1,organization,"Jewish Community Council of the Rockaway Peninsula, Inc.",0.574,ocr:lowconf,data/fy09/transparency-resolutions/review-crops/r06-p015-row01-organization.png
6,15,2,organization,Cambria Heights Sports Association,0.584,ocr:lowconf,data/fy09/transparency-resolutions/review-crops/r06-p015-row02-organization.png
6,15,2,amount,"($12,500.00)",0.717,ocr:lowconf,data/fy09/transparency-resolutions/review-crops/r06-p015-row02-amount.png
6,15,3,member,Comrie,0.519,ocr:lowconf,data/fy09/transparency-resolutions/review-crops/r06-p015-row03-member.png
6,15,3,status,Application Incomplete at Deadline,0.793,ocr:lowconf,data/fy09/transparency-resolutions/review-crops/r06-p015-row03-status.png
6,15,5,organization,"ICYP Youth Program of Astoria, Inc,",0.617,ocr:lowconf,data/fy09/transparency-resolutions/review-crops/r06-p015-row05-organization.png
6,15,5,status,Application Incomplete at Deadline,0.724,ocr:lowconf,data/fy09/transparency-resolutions/review-crops/r06-p015-row05-status.png
6,15,8,member,Mitchell,0.69,ocr:lowconf,data/fy09/transparency-resolutions/review-crops/r06-p015-row08-member.png
6,15,9,member,Mitchel!,0.509,ocr:member,data/fy09/transparency-resolutions/review-crops/r06-p015-row09-member.png
6,15,9,member,Mitchel!,0.509,ocr:lowconf,data/fy09/transparency-resolutions/review-crops/r06-p015-row09-member.png
6,15,9,amount,"($3,000.00)",0.694,ocr:lowconf,data/fy09/transparency-resolutions/review-crops/r06-p015-row09-amount.png
6,15,10,member,Mitchell,0.79,ocr:lowconf,data/fy09/transparency-resolutions/review-crops/r06-p015-row10-member.png
6,15,10,organization,Universal Temple oft the Arts,0.71,ocr:lowconf,data/fy09/transparency-resolutions/review-crops/r06-p015-row10-organization.png
6,15,11,organization,"Children's Aid Society, The",0.656,ocr:lowconf,data/fy09/transparency-resolutions/review-crops/r06-p015-row11-organization.png
6,15,12,amount,"($13,000.00)",0.748,ocr:lowconf,data/fy09/transparency-resolutions/review-crops/r06-p015-row12-amount.png
6,15,12,status,Application Incomplete at Deadline,0.741,ocr:lowconf,data/fy09/transparency-resolutions/review-crops/r06-p015-row12-status.png
6,15,13,organization,"Lenox Hil Neighborhood House, Inc.",0.762,ocr:lowconf,data/fy09/transparency-resolutions/review-crops/r06-p015-row13-organization.png
6,16,0,member,Mealy,0.654,ocr:lowconf,data/fy09/transparency-resolutions/review-crops/r06-p016-row00-member.png
6,16,0,organization,Vgumbs Family Advocacy & Pre-Trial Services,0.623,ocr:lowconf,data/fy09/transparency-resolutions/review-crops/r06-p016-row00-organization.png
6,16,0,amount,"($5,000.00)",0.738,ocr:lowconf,data/fy09/transparency-resolutions/review-crops/r06-p016-row00-amount.png
6,16,0,status,Application Incomplete at Deadline,0.723,ocr:lowconf,data/fy09/transparency-resolutions/review-crops/r06-p016-row00-status.png
6,16,1,organization,"Episcopal Social Services of New York, Inc.",0.708,ocr:lowconf,data/fy09/transparency-resolutions/review-crops/r06-p016-row01-organization.png
6,16,1,ein,13-3709095,0.508,ocr:lowconf,data/fy09/transparency-resolutions/review-crops/r06-p016-row01-ein.png
6,16,3,organization,New Life Tabernacle Church,0.584,ocr:lowconf,data/fy09/transparency-resolutions/review-crops/r06-p016-row03-organization.png
6,16,3,conduit_org,"Council of. Jewish Organizations of Flatbush, Inc.",0.521,ocr:lowconf,data/fy09/transparency-resolutions/review-crops/r06-p016-row03-conduit_org.png
6,16,3,status,Application Not Rec'd at Deadline,0.618,ocr:lowconf,data/fy09/transparency-resolutions/review-crops/r06-p016-row03-status.png
6,16,5,organization,"Sesame Flyers International, Inc.",0.72,ocr:lowconf,data/fy09/transparency-resolutions/review-crops/r06-p016-row05-organization.png
6,16,6,member,Stewart,0.68,ocr:lowconf,data/fy09/transparency-resolutions/review-crops/r06-p016-row06-member.png
6,16,8,organization,Caribbean American Sports and Cultural Youth Movem,0.607,ocr:lowconf,data/fy09/transparency-resolutions/review-crops/r06-p016-row08-organization.png
6,16,8,status,Application Pending,0.66,ocr:lowconf,data/fy09/transparency-resolutions/review-crops/r06-p016-row08-status.png
6,16,8,star,*,0.477,ocr:lowconf,data/fy09/transparency-resolutions/review-crops/r06-p016-row08-star.png
6,16,9,organization,Vanderveer Park United Methodist Church,0.717,ocr:lowconf,data/fy09/transparency-resolutions/review-crops/r06-p016-row09-organization.png
6,16,12,organization,"Ranger Corps, inc.",0.782,ocr:lowconf,data/fy09/transparency-resolutions/review-crops/r06-p016-row12-organization.png
6,16,12,amount,"($17,500.00)",0.781,ocr:lowconf,data/fy09/transparency-resolutions/review-crops/r06-p016-row12-amount.png
6,16,12,status,Application Incomplete at Deadline,0.579,ocr:lowconf,data/fy09/transparency-resolutions/review-crops/r06-p016-row12-status.png
6,16,13,amount,"$4,375.00",0.575,ocr:lowconf,data/fy09/transparency-resolutions/review-crops/r06-p016-row13-amount.png
6,16,14,organization,Phipps Community Development Corporation,0.556,ocr:lowconf,data/fy09/transparency-resolutions/review-crops/r06-p016-row14-organization.png
6,16,15,member,Rivera,0.542,ocr:lowconf,data/fy09/transparency-resolutions/review-crops/r06-p016-row15-member.png
6,16,15,organization,"Mary Mitchell Youth and Family Center, Inc.",0.577,ocr:lowconf,data/fy09/transparency-resolutions/review-crops/r06-p016-row15-organization.png
6,16,18,organization,"Southern Queens Park Association, Inc.",0.565,ocr:lowconf,data/fy09/transparency-resolutions/review-crops/r06-p016-row18-organization.png
6,16,18,status,Approved,0.672,ocr:lowconf,data/fy09/transparency-resolutions/review-crops/r06-p016-row18-status.png
6,16,19,organization,Ichud Mosdos Hachinuch of Brooklyn,0.795,ocr:lowconf,data/fy09/transparency-resolutions/review-crops/r06-p016-row19-organization.png
6,16,19,amount,"($15,000.00)",0.613,ocr:lowconf,data/fy09/transparency-resolutions/review-crops/r06-p016-row19-amount.png
6,16,19,status,Application Incomplete at Deadine,0.615,ocr:lowconf,data/fy09/transparency-resolutions/review-crops/r06-p016-row19-status.png
6,16,20,organization,Groundswell Community! Mural Project,0.745,ocr:lowconf,data/fy09/transparency-resolutions/review-crops/r06-p016-row20-organization.png
6,16,21,member,Palma,0.794,ocr:lowconf,data/fy09/transparency-resolutions/review-crops/r06-p016-row21-member.png
6,16,21,status,Application Incomplete at Deadline,0.646,ocr:lowconf,data/fy09/transparency-resolutions/review-crops/r06-p016-row21-status.png
6,16,22,member,Palma,0.763,ocr:lowconf,data/fy09/transparency-resolutions/review-crops/r06-p016-row22-member.png
6,16,22,organization,"Kips Bay Boys and Giris Club, Inc.",0.597,ocr:lowconf,data/fy09/transparency-resolutions/review-crops/r06-p016-row22-organization.png
6,16,23,organization,Indian. Jewish Congregation of USA,0.765,ocr:lowconf,data/fy09/transparency-resolutions/review-crops/r06-p016-row23-organization.png
6,16,24,status,Govemmental Entity,0.588,ocr:lowconf,data/fy09/transparency-resolutions/review-crops/r06-p016-row24-status.png
6,16,25,status,Application Pending,0.726,ocr:lowconf,data/fy09/transparency-resolutions/review-crops/r06-p016-row25-status.png
6,16,26,member,Sears,0.755,ocr:lowconf,data/fy09/transparency-resolutions/review-crops/r06-p016-row26-member.png
6,16,26,status,Application Pending,0.648,ocr:lowconf,data/fy09/transparency-resolutions/review-crops/r06-p016-row26-status.png
6,16,26,star,*,0.467,ocr:lowconf,data/fy09/transparency-resolutions/review-crops/r06-p016-row26-star.png
6,16,27,organization,Upper Manhattan Council Assisting Neighbors,0.5,ocr:lowconf,data/fy09/transparency-resolutions/review-crops/r06-p016-row27-organization.png
6,16,28,member,Martinez,0.721,ocr:lowconf,data/fy09/transparency-resolutions/review-crops/r06-p016-row28-member.png
6,16,28,organization,"Inwood-Manhattan Littie League Baseball, Inc.",0.692,ocr:lowconf,data/fy09/transparency-resolutions/review-crops/r06-p016-row28-organization.png
6,16,29,organization,"Worid Vision, Inc.",0.713,ocr:lowconf,data/fy09/transparency-resolutions/review-crops/r06-p016-row29-organization.png
6,16,29,amount,"($10,000.00)",0.632,ocr:lowconf,data/fy09/transparency-resolutions/review-crops/r06-p016-row29-amount.png
6,16,29,status,Application incomplete at Deadline,0.638,ocr:lowconf,data/fy09/transparency-resolutions/review-crops/r06-p016-row29-status.png
6,16,30,organization,"Padres Abogando Por Los Ninos (PAN), Inc.",0.661,ocr:lowconf,data/fy09/transparency-resolutions/review-crops/r06-p016-row30-organization.png
6,16,30,amount,"($15,000.00)",0.614,ocr:lowconf,data/fy09/transparency-resolutions/review-crops/r06-p016-row30-amount.png
6,16,30,status,Application Not Rec'd at Deadline,0.523,ocr:lowconf,data/fy09/transparency-resolutions/review-crops/r06-p016-row30-status.png
6,16,31,organization,"Vocational Foundation, Inc.",0.76,ocr:lowconf,data/fy09/transparency-resolutions/review-crops/r06-p016-row31-organization.png
6,16,32,organization,"Alianza Dominicana, Inc.-Conjunto Foiklorico Dance Group",0.542,ocr:lowconf,data/fy09/transparency-resolutions/review-crops/r06-p016-row32-organization.png
6,16,33,organization,Dwarf-Giraffe Athletic League,0.674,ocr:lowconf,data/fy09/transparency-resolutions/review-crops/r06-p016-row33-organization.png
6,16,33,amount,"($11,000.00)",0.539,ocr:lowconf,data/fy09/transparency-resolutions/review-crops/r06-p016-row33-amount.png
6,16,34,member,Avella,0.571,ocr:lowconf,data/fy09/transparency-resolutions/review-crops/r06-p016-row34-member.png
6,26,0,amount,"($84,888. .00)",0.984,ocr:amt,data/fy09/transparency-resolutions/review-crops/r06-p026-row00-amount.png
6,26,0,organization,Legal Services NYC - Bedford Stuyvesant Community Legal Services Corporation,0.786,ocr:lowconf,data/fy09/transparency-resolutions/review-crops/r06-p026-row00-organization.png
6,26,0,ua,009,0.767,ocr:lowconf,data/fy09/transparency-resolutions/review-crops/r06-p026-row00-ua.png
6,26,1,organization,Legal Services NYC Bronx,0.62,ocr:lowconf,data/fy09/transparency-resolutions/review-crops/r06-p026-row01-organization.png
6,26,2,status,Approved,0.655,ocr:lowconf,data/fy09/transparency-resolutions/review-crops/r06-p026-row02-status.png
6,26,3,ein,13-2600199,0.659,ocr:lowconf,data/fy09/transparency-resolutions/review-crops/r06-p026-row03-ein.png
6,26,6,organization,Legal Services NYC - South Brooklyn Legal Services,0.794,ocr:lowconf,data/fy09/transparency-resolutions/review-crops/r06-p026-row06-organization.png
6,26,7,organization,LSNY Bronx Corporation d/b/a Legal Services NYC- Bronx,0.716,ocr:lowconf,data/fy09/transparency-resolutions/review-crops/r06-p026-row07-organization.png
6,26,7,agy_num,806,0.639,ocr:lowconf,data/fy09/transparency-resolutions/review-crops/r06-p026-row07-agy_num.png
6,26,8,organization,Bedford-Sltuyvesant Community Legal Services Corporation,0.505,ocr:lowconf,data/fy09/transparency-resolutions/review-crops/r06-p026-row08-organization.png
6,26,9,ein,13-2605599,0.717,ocr:lowconf,data/fy09/transparency-resolutions/review-crops/r06-p026-row09-ein.png
6,26,10,organization,"South Brooklyn Legal Services, Inc.",0.78,ocr:lowconf,data/fy09/transparency-resolutions/review-crops/r06-p026-row10-organization.png
6,26,10,ein,13-2605605,0.531,ocr:lowconf,data/fy09/transparency-resolutions/review-crops/r06-p026-row10-ein.png
6,28,0,ein,,1.0,ocr:ein,data/fy09/transparency-resolutions/review-crops/r06-p028-row00-ein.png
6,28,1,ein,,1.0,ocr:ein,data/fy09/transparency-resolutions/review-crops/r06-p028-row01-ein.png
6,28,1,organization,Spirituality and Stress Reduction (VENDOR TO BE SELECTED BY DJJ),0.546,ocr:lowconf,data/fy09/transparency-resolutions/review-crops/r06-p028-row01-organization.png
6,28,2,ein,,1.0,ocr:ein,data/fy09/transparency-resolutions/review-crops/r06-p028-row02-ein.png
6,28,3,ein,,1.0,ocr:ein,data/fy09/transparency-resolutions/review-crops/r06-p028-row03-ein.png
6,28,6,organization,Research Foundation of the City University of New York/CUNY Medgar Evers,0.583,ocr:lowconf,data/fy09/transparency-resolutions/review-crops/r06-p028-row06-organization.png
6,36,0,organization,"National Black Leadership Commission on AIDS, Inc.",0.552,ocr:lowconf,data/fy09/transparency-resolutions/review-crops/r06-p036-row00-organization.png
6,36,0,agency,DOHMH,0.695,ocr:lowconf,data/fy09/transparency-resolutions/review-crops/r06-p036-row00-agency.png
6,36,1,organization,"National Black Leadership Commission on AIDS, Inc. Abyssinian Baptist Church",0.511,ocr:lowconf,data/fy09/transparency-resolutions/review-crops/r06-p036-row01-organization.png
6,36,2,organization,"National Black Leadership Commission on AIDS, Inc. Antioch Baptist Church/Brooklyn",0.658,ocr:lowconf,data/fy09/transparency-resolutions/review-crops/r06-p036-row02-organization.png
6,36,2,amount,"($3,528.00)",0.605,ocr:lowconf,data/fy09/transparency-resolutions/review-crops/r06-p036-row02-amount.png
6,36,4,amount,"($3,528.00)",0.784,ocr:lowconf,data/fy09/transparency-resolutions/review-crops/r06-p036-row04-amount.png
6,36,5,agency,DOHMH,0.787,ocr:lowconf,data/fy09/transparency-resolutions/review-crops/r06-p036-row05-agency.png
6,36,5,amount,"($3,528.00)",0.613,ocr:lowconf,data/fy09/transparency-resolutions/review-crops/r06-p036-row05-amount.png
6,36,7,organization,"National Black Leadership Commission on AIDS, Inc. Bethany Baptist Church/Brooklyn",0.681,ocr:lowconf,data/fy09/transparency-resolutions/review-crops/r06-p036-row07-organization.png
6,36,7,amount,"($10,000.00)",0.687,ocr:lowconf,data/fy09/transparency-resolutions/review-crops/r06-p036-row07-amount.png
6,36,8,organization,"National Black Leadership Commission on AIDS, Inc. - Bethesda Missionary Baptist",0.711,ocr:lowconf,data/fy09/transparency-resolutions/review-crops/r06-p036-row08-organization.png
6,36,9,organization,"National Black Leadership Commission on AIDS, Inc. Brown Memorial Baptist Church",0.712,ocr:lowconf,data/fy09/transparency-resolutions/review-crops/r06-p036-row09-organization.png
6,36,10,organization,"National Black Leadership Commission on AIDS, Inc. Cathedral of God's Lighthousé of Power",0.534,ocr:lowconf,data/fy09/transparency-resolutions/review-crops/r06-p036-row10-organization.png
6,36,11,organization,"National Black Leadership Commission on AIDS, Inc. - Canaan Baptist Church",0.616,ocr:lowconf,data/fy09/transparency-resolutions/review-crops/r06-p036-row11-organization.png
6,36,14,organization,"National Black Leadership Commission on AIDS, Inc. - Christ the Rock International",0.717,ocr:lowconf,data/fy09/transparency-resolutions/review-crops/r06-p036-row14-organization.png
6,36,14,amount,"($3,528.00)",0.713,ocr:lowconf,data/fy09/transparency-resolutions/review-crops/r06-p036-row14-amount.png
6,36,15,organization,"National Black Leadership Commission on AIDS, Inc. Church of God's Children",0.547,ocr:lowconf,data/fy09/transparency-resolutions/review-crops/r06-p036-row15-organization.png
6,36,15,amount,"($3,528.00)",0.785,ocr:lowconf,data/fy09/transparency-resolutions/review-crops/r06-p036-row15-amount.png
6,36,16,organization,"National Black Leadership Commission on AIDS, Inc. - Church of the Open Door",0.576,ocr:lowconf,data/fy09/transparency-resolutions/review-crops/r06-p036-row16-organization.png
6,36,16,amount,"($10,000.00)",0.711,ocr:lowconf,data/fy09/transparency-resolutions/review-crops/r06-p036-row16-amount.png
6,36,17,organization,"National Black Leadership Commission on AIDS, Inc. - Concord Baptist Church",0.73,ocr:lowconf,data/fy09/transparency-resolutions/review-crops/r06-p036-row17-organization.png
6,36,18,organization,"National Black Leadership Commission on AIDS, Inc. Convent Avenue Baptist Church",0.719,ocr:lowconf,data/fy09/transparency-resolutions/review-crops/r06-p036-row18-organization.png
6,36,20,organization,"National Black Leadership Commission on AIDS, Inc. - Emmanuel Baptist Church/Bklyn",0.528,ocr:lowconf,data/fy09/transparency-resolutions/review-crops/r06-p036-row20-organization.png
6,36,21,organization,"National Black Leadership Commission on AIDS, Inc. Emmanuel Baptist Church/Bronx",0.67,ocr:lowconf,data/fy09/transparency-resolutions/review-crops/r06-p036-row21-organization.png
6,36,21,amount,"($3,528.00)",0.727,ocr:lowconf,data/fy09/transparency-resolutions/review-crops/r06-p036-row21-amount.png
6,36,23,amount,"($3,528.00)",0.733,ocr:lowconf,data/fy09/transparency-resolutions/review-crops/r06-p036-row23-amount.png
6,37,0,organization,"National Black Leadership Commission on AIDS, Inc. - First Bethel AME",0.773,ocr:lowconf,data/fy09/transparency-resolutions/review-crops/r06-p037-row00-organization.png
6,37,0,ein,13-3530749,0.582,ocr:lowconf,data/fy09/transparency-resolutions/review-crops/r06-p037-row00-ein.png
6,37,0,agency,DOHMH,0.462,ocr:lowconf,data/fy09/transparency-resolutions/review-crops/r06-p037-row00-agency.png
6,37,0,amount,"($3,528.00)",0.715,ocr:lowconf,data/fy09/transparency-resolutions/review-crops/r06-p037-row00-amount.png
6,37,1,amount,"($3,528.00)",0.616,ocr:lowconf,data/fy09/transparency-resolutions/review-crops/r06-p037-row01-amount.png
6,37,3,agency,DOHMH,0.568,ocr:lowconf,data/fy09/transparency-resolutions/review-crops/r06-p037-row03-agency.png
6,37,3,amount,"($3,528.00)",0.511,ocr:lowconf,data/fy09/transparency-resolutions/review-crops/r06-p037-row03-amount.png
6,37,4,organization,"National Black Leadership Commission on AIDS, Inc. - Greater Allen AME Cathedral Church",0.547,ocr:lowconf,data/fy09/transparency-resolutions/review-crops/r06-p037-row04-organization.png
6,37,4,ein,13-3530740,0.671,ocr:lowconf,data/fy09/transparency-resolutions/review-crops/r06-p037-row04-ein.png
6,37,5,organization,"National Black Leadership Commission on AIDS, Inc. Greater Emmanuel",0.669,ocr:lowconf,data/fy09/transparency-resolutions/review-crops/r06-p037-row05-organization.png
6,37,5,agency,DOHMH,0.771,ocr:lowconf,data/fy09/transparency-resolutions/review-crops/r06-p037-row05-agency.png
6,37,5,amount,"($3,528.00)",0.711,ocr:lowconf,data/fy09/transparency-resolutions/review-crops/r06-p037-row05-amount.png
6,37,6,organization,"National Black Leadership Commission on AIDS, Inc. Judah International",0.757,ocr:lowconf,data/fy09/transparency-resolutions/review-crops/r06-p037-row06-organization.png
6,37,6,amount,"($3,528.00)",0.716,ocr:lowconf,data/fy09/transparency-resolutions/review-crops/r06-p037-row06-amount.png
6,37,7,agy_num,816,0.51,ocr:lowconf,data/fy09/transparency-resolutions/review-crops/r06-p037-row07-agy_num.png
6,37,7,status,Approved,0.549,ocr:lowconf,data/fy09/transparency-resolutions/review-crops/r06-p037-row07-status.png
6,37,8,organization,"National Black Leadership Commission on AIDS, inc. - Macedonia Baptist Church Survivors Fountain of Hope Wellness Initiative",0.457,ocr:lowconf,data/fy09/transparency-resolutions/review-crops/r06-p037-row08-organization.png
6,37,8,amount,"($3,528.00)",0.526,ocr:lowconf,data/fy09/transparency-resolutions/review-crops/r06-p037-row08-amount.png
6,37,9,organization,"National Black Leadership Commission on AIDS, Inc. Masjid Malcolm Shabazz",0.583,ocr:lowconf,data/fy09/transparency-resolutions/review-crops/r06-p037-row09-organization.png
6,37,9,agency,DOHMH,0.621,ocr:lowconf,data/fy09/transparency-resolutions/review-crops/r06-p037-row09-agency.png
6,37,10,organization,"National Black Leadership Commission on AIDS, Inc. Memorial Baptist Church",0.626,ocr:lowconf,data/fy09/transparency-resolutions/review-crops/r06-p037-row10-organization.png
6,37,10,agency,DOHMH,0.747,ocr:lowconf,data/fy09/transparency-resolutions/review-crops/r06-p037-row10-agency.png
6,37,10,amount,"($3,528.00)",0.719,ocr:lowconf,data/fy09/transparency-resolutions/review-crops/r06-p037-row10-amount.png
6,37,11,organization,"National Black Leadership Commission on AIDS, Inc. Mt. Carmel AME Church Mt. Carmel Youth Development Corporation",0.581,ocr:lowconf,data/fy09/transparency-resolutions/review-crops/r06-p037-row11-organization.png
6,37,12,agency,DOHMH,0.605,ocr:lowconf,data/fy09/transparency-resolutions/review-crops/r06-p037-row12-agency.png
6,37,13,agency,DOHMH,0.634,ocr:lowconf,data/fy09/transparency-resolutions/review-crops/r06-p037-row13-agency.png
6,37,14,organization,"National Black Leadership Commission on AIDS, Inc. - Mt. Paran Baptist Çhurch",0.571,ocr:lowconf,data/fy09/transparency-resolutions/review-crops/r06-p037-row14-organization.png
6,37,14,amount,"($3,528.00)",0.716,ocr:lowconf,data/fy09/transparency-resolutions/review-crops/r06-p037-row14-amount.png
6,37,15,agency,DOHMH,0.664,ocr:lowconf,data/fy09/transparency-resolutions/review-crops/r06-p037-row15-agency.png
6,37,15,amount,"($3,528.00)",0.599,ocr:lowconf,data/fy09/transparency-resolutions/review-crops/r06-p037-row15-amount.png
6,37,16,organization,"National Black Leadership Commission on AIDS, Inc. - Mt. Sinai United (JAFASI)",0.789,ocr:lowconf,data/fy09/transparency-resolutions/review-crops/r06-p037-row16-organization.png
6,37,17,ein,13-3530740,0.752,ocr:lowconf,data/fy09/transparency-resolutions/review-crops/r06-p037-row17-ein.png
6,37,17,amount,"($3,528.00)",0.674,ocr:lowconf,data/fy09/transparency-resolutions/review-crops/r06-p037-row17-amount.png
6,37,18,organization,"National Black Leadership Commission on AIDS, Inc. - Mount Olivet Baptist Church",0.582,ocr:lowconf,data/fy09/transparency-resolutions/review-crops/r06-p037-row18-organization.png
6,37,19,amount,"($3,528.00)",0.553,ocr:lowconf,data/fy09/transparency-resolutions/review-crops/r06-p037-row19-amount.png
6,37,20,ein,13-3530740,0.491,ocr:lowconf,data/fy09/transparency-resolutions/review-crops/r06-p037-row20-ein.png
6,37,20,agency,DOHMH,0.748,ocr:lowconf,data/fy09/transparency-resolutions/review-crops/r06-p037-row20-agency.png
6,37,20,amount,"($3,528.00)",0.578,ocr:lowconf,data/fy09/transparency-resolutions/review-crops/r06-p037-row20-amount.png
6,37,21,amount,"($3,528.00)",0.675,ocr:lowconf,data/fy09/transparency-resolutions/review-crops/r06-p037-row21-amount.png
6,37,22,organization,"National Black Leadership Commission on AIDS, Inc. Paradise Baptist Church",0.686,ocr:lowconf,data/fy09/transparency-resolutions/review-crops/r06-p037-row22-organization.png
6,37,22,ein,13-3530740,0.732,ocr:lowconf,data/fy09/transparency-resolutions/review-crops/r06-p037-row22-ein.png
6,37,23,ein,13-3530740,0.657,ocr:lowconf,data/fy09/transparency-resolutions/review-crops/r06-p037-row23-ein.png
6,37,23,agency,DOHMH,0.544,ocr:lowconf,data/fy09/transparency-resolutions/review-crops/r06-p037-row23-agency.png
6,37,24,organization,"National Black Leadership Commission on AIDS, inc. - Powerful Praise Tabernacle",0.68,ocr:lowconf,data/fy09/transparency-resolutions/review-crops/r06-p037-row24-organization.png
6,38,0,organization,"National Black Leadership Commission on AIDS, Inc. - Rehoboth Church International",0.536,ocr:lowconf,data/fy09/transparency-resolutions/review-crops/r06-p038-row00-organization.png
6,38,0,ein,13-3530740,0.466,ocr:lowconf,data/fy09/transparency-resolutions/review-crops/r06-p038-row00-ein.png
6,38,0,amount,"($3,528.00)",0.663,ocr:lowconf,data/fy09/transparency-resolutions/review-crops/r06-p038-row00-amount.png
6,38,1,amount,"($3,528. .00)",0.971,ocr:amt,data/fy09/transparency-resolutions/review-crops/r06-p038-row01-amount.png
6,38,1,organization,"National Black Leadership Commission on AIDS, Inc. Raising Star Baptist Church",0.738,ocr:lowconf,data/fy09/transparency-resolutions/review-crops/r06-p038-row01-organization.png
6,38,1,status,Approved,0.562,ocr:lowconf,data/fy09/transparency-resolutions/review-crops/r06-p038-row01-status.png
6,38,2,agency,DOHMH,0.696,ocr:lowconf,data/fy09/transparency-resolutions/review-crops/r06-p038-row02-agency.png
6,38,3,amount,"($3,528. .00)",0.921,ocr:amt,data/fy09/transparency-resolutions/review-crops/r06-p038-row03-amount.png
6,38,3,organization,"National Black Leadership Commission on AIDS, Inc. St. Phillips AME Church",0.599,ocr:lowconf,data/fy09/transparency-resolutions/review-crops/r06-p038-row03-organization.png
6,38,3,agency,DOHMH,0.496,ocr:lowconf,data/fy09/transparency-resolutions/review-crops/r06-p038-row03-agency.png
6,38,4,organization,"National Black Leadership Commission on AIDS, Inc. - Siloam Presbyterian",0.684,ocr:lowconf,data/fy09/transparency-resolutions/review-crops/r06-p038-row04-organization.png
6,38,4,agency,DOHMH,0.727,ocr:lowconf,data/fy09/transparency-resolutions/review-crops/r06-p038-row04-agency.png
6,38,4,agy_num,816,0.532,ocr:lowconf,data/fy09/transparency-resolutions/review-crops/r06-p038-row04-agy_num.png
6,38,5,agency,DOHMH,0.644,ocr:lowconf,data/fy09/transparency-resolutions/review-crops/r06-p038-row05-agency.png
6,38,5,amount,"($3,528.00)",0.743,ocr:lowconf,data/fy09/transparency-resolutions/review-crops/r06-p038-row05-amount.png
6,38,6,organization,"National Black Leadership Commission on AIDS, Inc. Staten island Deliverance Temple",0.62,ocr:lowconf,data/fy09/transparency-resolutions/review-crops/r06-p038-row06-organization.png
6,38,7,organization,"National Black Leadership Commission on AIDS, Inc. St. Luke's Episcopal Church",0.559,ocr:lowconf,data/fy09/transparency-resolutions/review-crops/r06-p038-row07-organization.png
6,38,7,amount,"($3,528.00)",0.71,ocr:lowconf,data/fy09/transparency-resolutions/review-crops/r06-p038-row07-amount.png
6,38,8,organization,"National Black Leadership Commission on AIDS, Inc. St. Phillip's Missionary Baptist Church",0.77,ocr:lowconf,data/fy09/transparency-resolutions/review-crops/r06-p038-row08-organization.png
6,38,9,organization,"National Black Leadership Commission on AIDS, Inc. St. Paul's Community Baptist Church",0.699,ocr:lowconf,data/fy09/transparency-resolutions/review-crops/r06-p038-row09-organization.png
6,38,9,ein,13-3530740,0.687,ocr:lowconf,data/fy09/transparency-resolutions/review-crops/r06-p038-row09-ein.png
6,38,9,agency,DOHMH,0.596,ocr:lowconf,data/fy09/transparency-resolutions/review-crops/r06-p038-row09-agency.png
6,38,9,amount,"($3,528.00)",0.567,ocr:lowconf,data/fy09/transparency-resolutions/review-crops/r06-p038-row09-amount.png
6,38,10,ein,13-3530749,0.449,ocr:lowconf,data/fy09/transparency-resolutions/review-crops/r06-p038-row10-ein.png
6,38,10,amount,"($3,528.00)",0.574,ocr:lowconf,data/fy09/transparency-resolutions/review-crops/r06-p038-row10-amount.png
6,38,11,organization,"National Black Leadership Commission on AIDS, Inc. Stapleton United AME Methodist Church",0.533,ocr:lowconf,data/fy09/transparency-resolutions/review-crops/r06-p038-row11-organization.png
6,38,11,ua,112,0.756,ocr:lowconf,data/fy09/transparency-resolutions/review-crops/r06-p038-row11-ua.png
6,38,12,agency,"DOHMH,",0.493,ocr:agency,data/fy09/transparency-resolutions/review-crops/r06-p038-row12-agency.png
6,38,12,organization,"National Black Leadership Commission on AIDS, Inc. Second Providence Baptist Church *Community Health & Awareness Ministry",0.547,ocr:lowconf,data/fy09/transparency-resolutions/review-crops/r06-p038-row12-organization.png
6,38,12,agency,"DOHMH,",0.493,ocr:lowconf,data/fy09/transparency-resolutions/review-crops/r06-p038-row12-agency.png
6,38,13,organization,"National Black Leadership Commission on AIDS, Inc. - St. Luke's AME Church",0.627,ocr:lowconf,data/fy09/transparency-resolutions/review-crops/r06-p038-row13-organization.png
6,38,14,amount,"($3,528.00)",0.623,ocr:lowconf,data/fy09/transparency-resolutions/review-crops/r06-p038-row14-amount.png
6,38,15,organization,"National Black Leadership Commission on AIDS, Inc. Tolentine-Zeiser Community Life Center",0.679,ocr:lowconf,data/fy09/transparency-resolutions/review-crops/r06-p038-row15-organization.png
6,38,16,organization,"National Black Leadership Commission on AIDS, Inc. - Unity Fellowship Church",0.596,ocr:lowconf,data/fy09/transparency-resolutions/review-crops/r06-p038-row16-organization.png
6,38,16,amount,"($3,528.00)",0.518,ocr:lowconf,data/fy09/transparency-resolutions/review-crops/r06-p038-row16-amount.png
6,38,18,organization,"Latino Commision on AIDS, Inc. - Iglesia De Dios ""Roca de Salvacion""",0.541,ocr:lowconf,data/fy09/transparency-resolutions/review-crops/r06-p038-row18-organization.png
6,38,18,amount,"($3,528.00)",0.621,ocr:lowconf,data/fy09/transparency-resolutions/review-crops/r06-p038-row18-amount.png
6,38,19,amount,"($3,528.00)",0.796,ocr:lowconf,data/fy09/transparency-resolutions/review-crops/r06-p038-row19-amount.png
6,38,20,organization,"Latino Commision on AIDS, Inc. - Muslim Women' 's Institute for Research and Development, Inc.",0.544,ocr:lowconf,data/fy09/transparency-resolutions/review-crops/r06-p038-row20-organization.png
6,38,20,amount,"($3,528.00)",0.574,ocr:lowconf,data/fy09/transparency-resolutions/review-crops/r06-p038-row20-amount.png
6,38,21,ein,13-3629446,0.585,ocr:lowconf,data/fy09/transparency-resolutions/review-crops/r06-p038-row21-ein.png
6,38,21,amount,"($3,528.00)",0.762,ocr:lowconf,data/fy09/transparency-resolutions/review-crops/r06-p038-row21-amount.png
6,38,22,organization,"Latino Commision on AIDS, Inc. - Church of Christ the King RC",0.655,ocr:lowconf,data/fy09/transparency-resolutions/review-crops/r06-p038-row22-organization.png
6,38,23,organization,"Latino Commision on AIDS, Inc. The United Methodist Church of the Village",0.771,ocr:lowconf,data/fy09/transparency-resolutions/review-crops/r06-p038-row23-organization.png
6,38,24,organization,"Latino Commision on AIDS, Inc. - First United Methodist Church of Corona",0.676,ocr:lowconf,data/fy09/transparency-resolutions/review-crops/r06-p038-row24-organization.png
6,38,24,amount,"($3,528.00)",0.584,ocr:lowconf,data/fy09/transparency-resolutions/review-crops/r06-p038-row24-amount.png
6,38,25,organization,"Latino Commision on AIDS, Inc. - Iglesia Cristiana ""Venciendo al Gigante""",0.785,ocr:lowconf,data/fy09/transparency-resolutions/review-crops/r06-p038-row25-organization.png
6,38,27,amount,"($3,528.00)",0.563,ocr:lowconf,data/fy09/transparency-resolutions/review-crops/r06-p038-row27-amount.png
6,38,27,status,Approved,0.662,ocr:lowconf,data/fy09/transparency-resolutions/review-crops/r06-p038-row27-status.png
6,39,0,organization,"Latino Commision on AIDS, Inc. : Mision San Juan Bautista",0.312,ocr:lowconf,data/fy09/transparency-resolutions/review-crops/r06-p039-row00-organization.png
6,39,0,agency,DOHMH,0.439,ocr:lowconf,data/fy09/transparency-resolutions/review-crops/r06-p039-row00-agency.png
6,39,0,amount,"($3,528.00)",0.54,ocr:lowconf,data/fy09/transparency-resolutions/review-crops/r06-p039-row00-amount.png
6,39,2,amount,"($3,528.00)",0.726,ocr:lowconf,data/fy09/transparency-resolutions/review-crops/r06-p039-row02-amount.png
6,39,3,organization,"Latino Commision on AIDS, inc. - Church of the Mediator",0.689,ocr:lowconf,data/fy09/transparency-resolutions/review-crops/r06-p039-row03-organization.png
6,39,3,status,Approved,0.762,ocr:lowconf,data/fy09/transparency-resolutions/review-crops/r06-p039-row03-status.png
6,39,4,agency,DOHMH,0.494,ocr:lowconf,data/fy09/transparency-resolutions/review-crops/r06-p039-row04-agency.png
6,39,5,amount,"($3,528.00)",0.631,ocr:lowconf,data/fy09/transparency-resolutions/review-crops/r06-p039-row05-amount.png
6,39,6,amount,"($3,528.00)",0.636,ocr:lowconf,data/fy09/transparency-resolutions/review-crops/r06-p039-row06-amount.png
6,39,7,ein,13-3629446,0.624,ocr:lowconf,data/fy09/transparency-resolutions/review-crops/r06-p039-row07-ein.png
6,39,7,amount,"($3,528.00)",0.596,ocr:lowconf,data/fy09/transparency-resolutions/review-crops/r06-p039-row07-amount.png
6,39,8,ein,13-3629446,0.725,ocr:lowconf,data/fy09/transparency-resolutions/review-crops/r06-p039-row08-ein.png
6,39,8,agency,DOHMH,0.594,ocr:lowconf,data/fy09/transparency-resolutions/review-crops/r06-p039-row08-agency.png
6,39,8,amount,"($3,528.00)",0.57,ocr:lowconf,data/fy09/transparency-resolutions/review-crops/r06-p039-row08-amount.png
6,39,9,amount,"($3,528.00)",0.65,ocr:lowconf,data/fy09/transparency-resolutions/review-crops/r06-p039-row09-amount.png
6,39,10,organization,"Latino Commision on AIDS, Inc. - Iglesia Pentecostal Jesucristo el Libertador, Inc.",0.658,ocr:lowconf,data/fy09/transparency-resolutions/review-crops/r06-p039-row10-organization.png
6,39,11,organization,"Latino Commision on AIDS, Inc. - Most Holy Trinity/Saint Mary's RC",0.658,ocr:lowconf,data/fy09/transparency-resolutions/review-crops/r06-p039-row11-organization.png
6,39,11,amount,"($3,528.00)",0.746,ocr:lowconf,data/fy09/transparency-resolutions/review-crops/r06-p039-row11-amount.png
6,39,13,ein,13-3629446,0.639,ocr:lowconf,data/fy09/transparency-resolutions/review-crops/r06-p039-row13-ein.png
6,39,14,amount,"($3,528.00)",0.588,ocr:lowconf,data/fy09/transparency-resolutions/review-crops/r06-p039-row14-amount.png
6,39,15,amount,"($3,528.00)",0.7,ocr:lowconf,data/fy09/transparency-resolutions/review-crops/r06-p039-row15-amount.png
6,39,16,agency,"DOHMH,",0.355,ocr:agency,data/fy09/transparency-resolutions/review-crops/r06-p039-row16-agency.png
6,39,16,agency,"DOHMH,",0.355,ocr:lowconf,data/fy09/transparency-resolutions/review-crops/r06-p039-row16-agency.png
6,39,16,amount,"($3,528.00)",0.553,ocr:lowconf,data/fy09/transparency-resolutions/review-crops/r06-p039-row16-amount.png
6,39,17,agency,"DOHMH,",0.775,ocr:agency,data/fy09/transparency-resolutions/review-crops/r06-p039-row17-agency.png
6,39,17,organization,"Latino Commision on AIDS, Inc. - Iglesia El Calvario",0.744,ocr:lowconf,data/fy09/transparency-resolutions/review-crops/r06-p039-row17-organization.png
6,39,17,agency,"DOHMH,",0.775,ocr:lowconf,data/fy09/transparency-resolutions/review-crops/r06-p039-row17-agency.png
6,39,18,organization,"Latino Commision on AIDS, Inc. - Ministerio Rescate, Inc.",0.79,ocr:lowconf,data/fy09/transparency-resolutions/review-crops/r06-p039-row18-organization.png
6,39,18,agency,DOHMH,0.7,ocr:lowconf,data/fy09/transparency-resolutions/review-crops/r06-p039-row18-agency.png
6,39,19,organization,"Latino Commision on AIDS, Inc. - Reaching Across the World Ministries",0.696,ocr:lowconf,data/fy09/transparency-resolutions/review-crops/r06-p039-row19-organization.png
6,39,19,status,Approved,0.605,ocr:lowconf,data/fy09/transparency-resolutions/review-crops/r06-p039-row19-status.png
6,39,20,organization,"Latino Commision on AIDS, Inc. Saint Agustin RC",0.538,ocr:lowconf,data/fy09/transparency-resolutions/review-crops/r06-p039-row20-organization.png
6,39,21,organization,"Latino Commision on AIDS, Inc. Ascension Roman Catholic Church",0.627,ocr:lowconf,data/fy09/transparency-resolutions/review-crops/r06-p039-row21-organization.png
6,39,21,amount,"($3,528.00)",0.724,ocr:lowconf,data/fy09/transparency-resolutions/review-crops/r06-p039-row21-amount.png
6,39,22,agency,DOHMH,0.731,ocr:lowconf,data/fy09/transparency-resolutions/review-crops/r06-p039-row22-agency.png
6,39,23,organization,"Latino Commision on AIDS, Inç. - Iglesia Pentecostal ""La Cruzada Evangélica""",0.609,ocr:lowconf,data/fy09/transparency-resolutions/review-crops/r06-p039-row23-organization.png
6,39,23,amount,"($3,528.00)",0.606,ocr:lowconf,data/fy09/transparency-resolutions/review-crops/r06-p039-row23-amount.png
6,39,24,amount,"($3,528.00)",0.631,ocr:lowconf,data/fy09/transparency-resolutions/review-crops/r06-p039-row24-amount.png
6,39,25,organization,Black Veterans for Social Justice,0.771,ocr:lowconf,data/fy09/transparency-resolutions/review-crops/r06-p039-row25-organization.png
6,39,25,agency,DOHMH,0.668,ocr:lowconf,data/fy09/transparency-resolutions/review-crops/r06-p039-row25-agency.png
6,39,26,organization,"National Black Leadership Commission on AIDS, inc. AIDS Center of Queens County, Inc.",0.597,ocr:lowconf,data/fy09/transparency-resolutions/review-crops/r06-p039-row26-organization.png
6,39,26,ein,13-3530740,0.743,ocr:lowconf,data/fy09/transparency-resolutions/review-crops/r06-p039-row26-ein.png
6,39,27,organization,"National Black Leadership Commission on AIDS, Inc. - Alpha Phi Alpha Senior Citizens Center, Inc. Youth Programs",0.715,ocr:lowconf,data/fy09/transparency-resolutions/review-crops/r06-p039-row27-organization.png
6,39,27,ein,13-3530749,0.707,ocr:lowconf,data/fy09/transparency-resolutions/review-crops/r06-p039-row27-ein.png
6,39,28,organization,"National Black Leadership Commission on AIDS, Inc. Amethyst Women' s Project, Inc.",0.608,ocr:lowconf,data/fy09/transparency-resolutions/review-crops/r06-p039-row28-organization.png
6,39,29,organization,"National Black Leadership Commission on AIDS, Inc. - Brooklyn AIDS Task Force, Inq.",0.565,ocr:lowconf,data/fy09/transparency-resolutions/review-crops/r06-p039-row29-organization.png
6,39,30,organization,"National Black Leadership Commission on AIDS, Inc. - Bronx AIDS Services, Inc.",0.781,ocr:lowconf,data/fy09/transparency-resolutions/review-crops/r06-p039-row30-organization.png
6,39,31,organization,"National Black Leadership Commission on AIDS, Inc. - Gay Men of African Descent (GMAD)",0.567,ocr:lowconf,data/fy09/transparency-resolutions/review-crops/r06-p039-row31-organization.png
6,39,31,amount,"$9,708.00",0.506,ocr:lowconf,data/fy09/transparency-resolutions/review-crops/r06-p039-row31-amount.png
6,39,32,agency,DOHMH!,0.369,ocr:agency,data/fy09/transparency-resolutions/review-crops/r06-p039-row32-agency.png
6,39,32,organization,"National Black Leadership Commission on AIDS, Inc. Harlem Congregations for Community Improvement",0.573,ocr:lowconf,data/fy09/transparency-resolutions/review-crops/r06-p039-row32-organization.png
6,39,32,agency,DOHMH!,0.369,ocr:lowconf,data/fy09/transparency-resolutions/review-crops/r06-p039-row32-agency.png
6,39,32,amount,"$9,708.00",0.576,ocr:lowconf,data/fy09/transparency-resolutions/review-crops/r06-p039-row32-amount.png
6,40,0,ein,13-3530749,0.519,ocr:lowconf,data/fy09/transparency-resolutions/review-crops/r06-p040-row00-ein.png
6,40,1,organization,"National Black Leadership Commission on AIDS, Inc. Life Force Women Fighting AIDS, Inc.",0.706,ocr:lowconf,data/fy09/transparency-resolutions/review-crops/r06-p040-row01-organization.png
6,40,2,organization,"National Black Leadership Commission on AIDS, Inc. Iris House - A Center For Women Living with HIVIAIDS, Inc.",0.508,ocr:lowconf,data/fy09/transparency-resolutions/review-crops/r06-p040-row02-organization.png
6,40,2,agency,DOHMH,0.575,ocr:lowconf,data/fy09/transparency-resolutions/review-crops/r06-p040-row02-agency.png
6,40,3,organization,"National Black Leadership Commission on AIDS, Inc. Judah International Christian Center, Inc.",0.576,ocr:lowconf,data/fy09/transparency-resolutions/review-crops/r06-p040-row03-organization.png
6,40,3,ein,13-3530744,0.424,ocr:lowconf,data/fy09/transparency-resolutions/review-crops/r06-p040-row03-ein.png
6,40,3,agency,DOHMH,0.533,ocr:lowconf,data/fy09/transparency-resolutions/review-crops/r06-p040-row03-agency.png
6,40,4,organization,"National Black Leadership Commission on AIDS, Inc. Mind Builders Creative Arts Center, Inc.",0.708,ocr:lowconf,data/fy09/transparency-resolutions/review-crops/r06-p040-row04-organization.png
6,40,6,organization,"National Black Leadership Commission on AIDS, Inc. Village Care of New York, Inc. - Red Hook Community Service Center",0.768,ocr:lowconf,data/fy09/transparency-resolutions/review-crops/r06-p040-row06-organization.png
6,40,7,organization,"National Black Leadership Commission on AIDS, Inc. Community Health Action of Staten Island (formerly SI Aids Taskforce)",0.565,ocr:lowconf,data/fy09/transparency-resolutions/review-crops/r06-p040-row07-organization.png
6,40,7,ein,13-3530740,0.644,ocr:lowconf,data/fy09/transparency-resolutions/review-crops/r06-p040-row07-ein.png
6,40,8,agency,"DOHMH,",0.525,ocr:agency,data/fy09/transparency-resolutions/review-crops/r06-p040-row08-agency.png
6,40,8,agency,"DOHMH,",0.525,ocr:lowconf,data/fy09/transparency-resolutions/review-crops/r06-p040-row08-agency.png
6,40,9,organization,"National Black Leadership Commission on AIDS, Inc. Steinway Children and Family Services, Inc.",0.575,ocr:lowconf,data/fy09/transparency-resolutions/review-crops/r06-p040-row09-organization.png
6,40,9,ein,13-3530740,0.621,ocr:lowconf,data/fy09/transparency-resolutions/review-crops/r06-p040-row09-ein.png
6,40,10,organization,"National Black Leadership Commission on AIDS, Inc. - Vannguard Urban Improvement Association, Inc.",0.708,ocr:lowconf,data/fy09/transparency-resolutions/review-crops/r06-p040-row10-organization.png
6,40,10,ein,13-3530740,0.562,ocr:lowconf,data/fy09/transparency-resolutions/review-crops/r06-p040-row10-ein.png
6,40,11,organization,"Latino Commision on AIDS, Inc. Beulah Baptist Church",0.63,ocr:lowconf,data/fy09/transparency-resolutions/review-crops/r06-p040-row11-organization.png
6,40,11,amount,"$6,472.00",0.758,ocr:lowconf,data/fy09/transparency-resolutions/review-crops/r06-p040-row11-amount.png
6,40,12,amount,"$6,472.00",0.757,ocr:lowconf,data/fy09/transparency-resolutions/review-crops/r06-p040-row12-amount.png
6,40,14,organization,"Latino Commision on AIDS, Inc. Grace Baptist Church",0.74,ocr:lowconf,data/fy09/transparency-resolutions/review-crops/r06-p040-row14-organization.png
6,40,15,organization,"Latino Commision on AIDS, Inc. Mosque of Islam Brotherhood",0.558,ocr:lowconf,data/fy09/transparency-resolutions/review-crops/r06-p040-row15-organization.png
6,40,16,organization,"Latino Commision on AIDS, Inc. - Pilgrim Cathedral of Harlem/500",0.629,ocr:lowconf,data/fy09/transparency-resolutions/review-crops/r06-p040-row16-organization.png
6,40,17,organization,"Latino Commision on AIDS, Inc. - St. Albans Congregational Church",0.534,ocr:lowconf,data/fy09/transparency-resolutions/review-crops/r06-p040-row17-organization.png
6,40,18,organization,"Latino Commision on AIDS, Inc. - United Community Baptist Church",0.613,ocr:lowconf,data/fy09/transparency-resolutions/review-crops/r06-p040-row18-organization.png
6,40,18,agency,DOHMH,0.507,ocr:lowconf,data/fy09/transparency-resolutions/review-crops/r06-p040-row18-agency.png
6,40,19,organization,"National Black Leadership Commission on AIDS, Inc. Abyssinian Development Corp",0.689,ocr:lowconf,data/fy09/transparency-resolutions/review-crops/r06-p040-row19-organization.png
6,40,20,organization,"National Black Leadership Commission on AIDS, Inc. Bedford-Sluyvesant Family Health Center",0.584,ocr:lowconf,data/fy09/transparency-resolutions/review-crops/r06-p040-row20-organization.png
6,40,21,organization,"National Black Leadership Commission on AIDS, Inc. - BronxHIVIAIDS Care Network",0.593,ocr:lowconf,data/fy09/transparency-resolutions/review-crops/r06-p040-row21-organization.png
6,40,22,organization,"National Black Leadership Commission on AIDS, Inc. - AIDS Center of Queens County, Inc.",0.798,ocr:lowconf,data/fy09/transparency-resolutions/review-crops/r06-p040-row22-organization.png
6,40,22,amount,"$12,944.00",0.794,ocr:lowconf,data/fy09/transparency-resolutions/review-crops/r06-p040-row22-amount.png
6,40,23,organization,"National Black Leadership Commission on AIDS, Inc. - Caribbean Women's Health Association",0.696,ocr:lowconf,data/fy09/transparency-resolutions/review-crops/r06-p040-row23-organization.png
6,40,23,agency,DOHMH,0.524,ocr:lowconf,data/fy09/transparency-resolutions/review-crops/r06-p040-row23-agency.png
6,41,0,organization,"National Black Leadership Commission on AIDS, Inc. JAFASI",0.595,ocr:lowconf,data/fy09/transparency-resolutions/review-crops/r06-p041-row00-organization.png
6,41,0,ein,13-3530740,0.423,ocr:lowconf,data/fy09/transparency-resolutions/review-crops/r06-p041-row00-ein.png
6,41,0,agency,DOHMH,0.636,ocr:lowconf,data/fy09/transparency-resolutions/review-crops/r06-p041-row00-agency.png
6,41,0,status,Approved,0.58,ocr:lowconf,data/fy09/transparency-resolutions/review-crops/r06-p041-row00-status.png
6,41,3,organization,"National Black Leadership Commission on AIDS, Inc. Staten island HIVIAIDS Care Network",0.564,ocr:lowconf,data/fy09/transparency-resolutions/review-crops/r06-p041-row03-organization.png
6,41,4,agency,DOHMH],0.441,ocr:agency,data/fy09/transparency-resolutions/review-crops/r06-p041-row04-agency.png
6,41,4,organization,"National Black Leadership Commission on AIDS, Inc. Young Women of Color HIVIAIDS Coalition",0.576,ocr:lowconf,data/fy09/transparency-resolutions/review-crops/r06-p041-row04-organization.png
6,41,4,agency,DOHMH],0.441,ocr:lowconf,data/fy09/transparency-resolutions/review-crops/r06-p041-row04-agency.png
7,13,1,organization,Bronx Community Board #4,0.683,ocr:lowconf,data/fy09/transparency-resolutions/review-crops/r07-p013-row01-organization.png
7,13,1,status,Government Entity,0.653,ocr:lowconf,data/fy09/transparency-resolutions/review-crops/r07-p013-row01-status.png
7,13,2,organization,Bronx Community Board #5,0.542,ocr:lowconf,data/fy09/transparency-resolutions/review-crops/r07-p013-row02-organization.png
7,13,2,status,Government Entity,0.743,ocr:lowconf,data/fy09/transparency-resolutions/review-crops/r07-p013-row02-status.png
7,13,4,ein,,1.0,ocr:ein,data/fy09/transparency-resolutions/review-crops/r07-p013-row04-ein.png
7,13,4,organization,46th Precinct Community Council,0.591,ocr:lowconf,data/fy09/transparency-resolutions/review-crops/r07-p013-row04-organization.png
7,13,4,amount,"($15,000.00)",0.595,ocr:lowconf,data/fy09/transparency-resolutions/review-crops/r07-p013-row04-amount.png
7,13,6,status,Application Incomplete at Deadline,0.792,ocr:lowconf,data/fy09/transparency-resolutions/review-crops/r07-p013-row06-status.png
7,13,7,amount,"($10,000.00)",0.663,ocr:lowconf,data/fy09/transparency-resolutions/review-crops/r07-p013-row07-amount.png
7,13,7,status,Application Incomplete at Deadline,0.727,ocr:lowconf,data/fy09/transparency-resolutions/review-crops/r07-p013-row07-status.png
7,13,8,ein,13-4009829,0.478,ocr:lowconf,data/fy09/transparency-resolutions/review-crops/r07-p013-row08-ein.png
7,13,9,organization,"Citizens Advice Bureau, Inc., The East Concourse Senior Center",0.691,ocr:lowconf,data/fy09/transparency-resolutions/review-crops/r07-p013-row09-organization.png
7,13,11,organization,"Midtown Management Group, inc., The Inside Broadway",0.515,ocr:lowconf,data/fy09/transparency-resolutions/review-crops/r07-p013-row11-organization.png
7,13,11,amount,"$10,000.00",0.555,ocr:lowconf,data/fy09/transparency-resolutions/review-crops/r07-p013-row11-amount.png
7,13,13,organization,"Regional Aid for Interim Needs, Inc. - Bailey Senior Center",0.493,ocr:lowconf,data/fy09/transparency-resolutions/review-crops/r07-p013-row13-organization.png
7,13,14,amount,"($3,000.00)",0.572,ocr:lowconf,data/fy09/transparency-resolutions/review-crops/r07-p013-row14-amount.png
7,13,15,organization,Chinatown Community Emergency Response Team,0.785,ocr:lowconf,data/fy09/transparency-resolutions/review-crops/r07-p013-row15-organization.png
7,13,16,organization,Tribeca Community Emergency Response Team,0.648,ocr:lowconf,data/fy09/transparency-resolutions/review-crops/r07-p013-row16-organization.png
7,13,16,ein,26-0260476,0.786,ocr:lowconf,data/fy09/transparency-resolutions/review-crops/r07-p013-row16-ein.png
7,13,18,organization,St. Rosalia- Regina Pacis Neighborhood Improvement Association,0.587,ocr:lowconf,data/fy09/transparency-resolutions/review-crops/r07-p013-row18-organization.png
7,13,21,ein,,1.0,ocr:ein,data/fy09/transparency-resolutions/review-crops/r07-p013-row21-ein.png
7,13,21,conduit_org,Cooper Square Community Development Comm. & Bus,0.542,ocr:lowconf,data/fy09/transparency-resolutions/review-crops/r07-p013-row21-conduit_org.png
7,13,22,organization,"Cooper Square Community Development Committee and Businessmen's Association, Inc.",0.589,ocr:lowconf,data/fy09/transparency-resolutions/review-crops/r07-p013-row22-organization.png
7,13,23,amount,"($10,000.00)",0.648,ocr:lowconf,data/fy09/transparency-resolutions/review-crops/r07-p013-row23-amount.png
7,13,25,organization,Latin Souls Little League Basebali,0.687,ocr:lowconf,data/fy09/transparency-resolutions/review-crops/r07-p013-row25-organization.png
7,13,25,amount,"($6,500.00)",0.568,ocr:lowconf,data/fy09/transparency-resolutions/review-crops/r07-p013-row25-amount.png
7,13,26,organization,Latin Souls Littie League Baseball,0.599,ocr:lowconf,data/fy09/transparency-resolutions/review-crops/r07-p013-row26-organization.png
7,13,27,organization,Flatbush Park. Jewish Center,0.487,ocr:lowconf,data/fy09/transparency-resolutions/review-crops/r07-p013-row27-organization.png
7,13,27,amount,"($3,000.00)",0.773,ocr:lowconf,data/fy09/transparency-resolutions/review-crops/r07-p013-row27-amount.png
7,13,29,status,Approved,0.677,ocr:lowconf,data/fy09/transparency-resolutions/review-crops/r07-p013-row29-status.png
7,13,30,organization,Flatbush Park Jewish Center,0.699,ocr:lowconf,data/fy09/transparency-resolutions/review-crops/r07-p013-row30-organization.png
7,13,31,amount,"($10,000.00)",0.566,ocr:lowconf,data/fy09/transparency-resolutions/review-crops/r07-p013-row31-amount.png
7,13,32,organization,Staten Island Liberian Community Association,0.522,ocr:lowconf,data/fy09/transparency-resolutions/review-crops/r07-p013-row32-organization.png
7,13,32,agy_num,260,1.0,ocr:cellspan,data/fy09/transparency-resolutions/review-crops/r07-p013-row32-agy_num.png
7,14,0,ua,1005,0.737,ocr:code,data/fy09/transparency-resolutions/review-crops/r07-p014-row00-ua.png
7,14,0,organization,Trinity Lutheran Church,0.573,ocr:lowconf,data/fy09/transparency-resolutions/review-crops/r07-p014-row00-organization.png
7,14,0,amount,"($5,000.00)",0.518,ocr:lowconf,data/fy09/transparency-resolutions/review-crops/r07-p014-row00-amount.png
7,14,0,ua,1005,0.737,ocr:lowconf,data/fy09/transparency-resolutions/review-crops/r07-p014-row00-ua.png
7,14,2,status,Application incomplete at Deadine,0.669,ocr:lowconf,data/fy09/transparency-resolutions/review-crops/r07-p014-row02-status.png
7,14,3,status,Application Incomplete at Deadline,0.471,ocr:lowconf,data/fy09/transparency-resolutions/review-crops/r07-p014-row03-status.png
7,14,4,status,Application Incomplete at. Deadline,0.713,ocr:lowconf,data/fy09/transparency-resolutions/review-crops/r07-p014-row04-status.png
7,14,5,status,Application Incomplete at Deadline,0.646,ocr:lowconf,data/fy09/transparency-resolutions/review-crops/r07-p014-row05-status.png
7,14,7,organization,Bnois Bais Yaakov,0.709,ocr:lowconf,data/fy09/transparency-resolutions/review-crops/r07-p014-row07-organization.png
7,14,11,organization,Springfield Gardens United Methodist Church,0.583,ocr:lowconf,data/fy09/transparency-resolutions/review-crops/r07-p014-row11-organization.png
7,14,12,organization,Springfield Gardens United Methodist Church,0.759,ocr:lowconf,data/fy09/transparency-resolutions/review-crops/r07-p014-row12-organization.png
7,14,13,organization,Preservation League of Staten Island,0.791,ocr:lowconf,data/fy09/transparency-resolutions/review-crops/r07-p014-row13-organization.png
7,14,13,status,Approved,0.746,ocr:lowconf,data/fy09/transparency-resolutions/review-crops/r07-p014-row13-status.png
7,14,14,ein,13-3000468,0.548,ocr:lowconf,data/fy09/transparency-resolutions/review-crops/r07-p014-row14-ein.png
7,14,15,organization,St. Jerome's HANDS Community Center,0.567,ocr:lowconf,data/fy09/transparency-resolutions/review-crops/r07-p014-row15-organization.png
7,14,15,status,Approved,0.794,ocr:lowconf,data/fy09/transparency-resolutions/review-crops/r07-p014-row15-status.png
7,14,16,organization,St. Jerome's HANDS Community Center,0.545,ocr:lowconf,data/fy09/transparency-resolutions/review-crops/r07-p014-row16-organization.png
7,14,16,ein,80-0247898,0.627,ocr:lowconf,data/fy09/transparency-resolutions/review-crops/r07-p014-row16-ein.png
7,14,17,organization,"Lincoln Civic Block Association, Inc",0.722,ocr:lowconf,data/fy09/transparency-resolutions/review-crops/r07-p014-row17-organization.png
7,14,19,amount,"($2,500.00)",0.635,ocr:lowconf,data/fy09/transparency-resolutions/review-crops/r07-p014-row19-amount.png
7,14,19,conduit_org,"United Activities Unlimited, Inc.",0.628,ocr:lowconf,data/fy09/transparency-resolutions/review-crops/r07-p014-row19-conduit_org.png
7,14,20,organization,New Lane Shores Tenant Association,0.545,ocr:lowconf,data/fy09/transparency-resolutions/review-crops/r07-p014-row20-organization.png
7,14,20,conduit_org,"United Activities Unlimited, Inc.",0.54,ocr:lowconf,data/fy09/transparency-resolutions/review-crops/r07-p014-row20-conduit_org.png
7,14,20,status,Government Entity,0.787,ocr:lowconf,data/fy09/transparency-resolutions/review-crops/r07-p014-row20-status.png
7,14,21,organization,"Staten Isiand Supports Our Soldiers, Inc.",0.793,ocr:lowconf,data/fy09/transparency-resolutions/review-crops/r07-p014-row21-organization.png
7,14,21,amount,"($1,000.00)",0.754,ocr:lowconf,data/fy09/transparency-resolutions/review-crops/r07-p014-row21-amount.png
7,14,21,conduit_org,"United Activities Unlimited, Inc.",0.566,ocr:lowconf,data/fy09/transparency-resolutions/review-crops/r07-p014-row21-conduit_org.png
7,14,21,status,Application Incomplete at Deadiine,0.519,ocr:lowconf,data/fy09/transparency-resolutions/review-crops/r07-p014-row21-status.png
7,14,22,conduit_org,"American-I -Italian Coalition of Organizations, Inc. (AMICO)",0.429,ocr:lowconf,data/fy09/transparency-resolutions/review-crops/r07-p014-row22-conduit_org.png
7,14,22,status,Application Incomplete at Deadine,0.608,ocr:lowconf,data/fy09/transparency-resolutions/review-crops/r07-p014-row22-status.png
7,14,23,organization,Central Family Life Center,0.719,ocr:lowconf,data/fy09/transparency-resolutions/review-crops/r07-p014-row23-organization.png
7,14,23,status,Application Incomplete at Deadline,0.734,ocr:lowconf,data/fy09/transparency-resolutions/review-crops/r07-p014-row23-status.png
7,14,24,organization,Lady Tigers Fast Pitch Softball,0.771,ocr:lowconf,data/fy09/transparency-resolutions/review-crops/r07-p014-row24-organization.png
7,14,24,conduit_org,"United Activities Unlimited, Inc.",0.657,ocr:lowconf,data/fy09/transparency-resolutions/review-crops/r07-p014-row24-conduit_org.png
7,14,24,status,Application Incomplete at Deadline,0.701,ocr:lowconf,data/fy09/transparency-resolutions/review-crops/r07-p014-row24-status.png
7,14,25,organization,"Meals on Wheels of Staten Island, Inc.",0.753,ocr:lowconf,data/fy09/transparency-resolutions/review-crops/r07-p014-row25-organization.png
7,14,28,organization,"Hudsonic Showstopper Production, Org.",0.78,ocr:lowconf,data/fy09/transparency-resolutions/review-crops/r07-p014-row28-organization.png
7,14,28,ein,11-3196374,0.681,ocr:lowconf,data/fy09/transparency-resolutions/review-crops/r07-p014-row28-ein.png
7,14,28,amount,"($4,000.00)",0.668,ocr:lowconf,data/fy09/transparency-resolutions/review-crops/r07-p014-row28-amount.png
7,14,28,status,Application Incomplete at Deadiine,0.528,ocr:lowconf,data/fy09/transparency-resolutions/review-crops/r07-p014-row28-status.png
7,14,30,organization,St. Finbar's Golden Age Club,0.518,ocr:lowconf,data/fy09/transparency-resolutions/review-crops/r07-p014-row30-organization.png
7,14,30,ein,11-1631812,0.534,ocr:lowconf,data/fy09/transparency-resolutions/review-crops/r07-p014-row30-ein.png
7,14,30,amount,"($5,000.00)",0.597,ocr:lowconf,data/fy09/transparency-resolutions/review-crops/r07-p014-row30-amount.png
7,14,30,conduit_org,"American- -Italian Coalition of Organizations, Inc. (AMICO)",0.574,ocr:lowconf,data/fy09/transparency-resolutions/review-crops/r07-p014-row30-conduit_org.png
7,14,30,status,Application Incomplete at Deadine,0.594,ocr:lowconf,data/fy09/transparency-resolutions/review-crops/r07-p014-row30-status.png
7,14,31,organization,"BrooklynArts Counci, Inc.",0.444,ocr:lowconf,data/fy09/transparency-resolutions/review-crops/r07-p014-row31-organization.png
7,14,31,ein,23-7072915,0.624,ocr:lowconf,data/fy09/transparency-resolutions/review-crops/r07-p014-row31-ein.png
7,14,32,organization,Stapleton Union American Methodist Episcopal Church,0.735,ocr:lowconf,data/fy09/transparency-resolutions/review-crops/r07-p014-row32-organization.png
7,14,34,member,Mitchell,0.776,ocr:lowconf,data/fy09/transparency-resolutions/review-crops/r07-p014-row34-member.png
7,14,34,organization,Community Health Action of Staten Island (formerly SI Aids Taskforce),0.539,ocr:lowconf,data/fy09/transparency-resolutions/review-crops/r07-p014-row34-organization.png
7,14,35,organization,"BrooklynArts Council, Inc.",0.63,ocr:lowconf,data/fy09/transparency-resolutions/review-crops/r07-p014-row35-organization.png
7,14,36,organization,Staten Island Children's Museum,0.626,ocr:lowconf,data/fy09/transparency-resolutions/review-crops/r07-p014-row36-organization.png
7,15,0,ein,EX212023,0.932,ocr:ein,data/fy09/transparency-resolutions/review-crops/r07-p015-row00-ein.png
7,15,0,amount,"($10,000.00)",0.538,ocr:lowconf,data/fy09/transparency-resolutions/review-crops/r07-p015-row00-amount.png
7,15,2,organization,"Bridgefield Civic League, Inc.",0.782,ocr:lowconf,data/fy09/transparency-resolutions/review-crops/r07-p015-row02-organization.png
7,15,2,status,Application Not Rec'd at Deadline,0.596,ocr:lowconf,data/fy09/transparency-resolutions/review-crops/r07-p015-row02-status.png
7,15,3,organization,"Unity Neighborhood Center, Inc.",0.541,ocr:lowconf,data/fy09/transparency-resolutions/review-crops/r07-p015-row03-organization.png
7,15,4,organization,"American-litalian Coalition of Organizations, Inc. (AMICO)",0.5,ocr:lowconf,data/fy09/transparency-resolutions/review-crops/r07-p015-row04-organization.png
7,15,4,amount,"($3,500.00)",0.51,ocr:lowconf,data/fy09/transparency-resolutions/review-crops/r07-p015-row04-amount.png
7,15,5,organization,"American-Italian Coalition of Organizations, Inc. (AMICO) Extended Services Program",0.625,ocr:lowconf,data/fy09/transparency-resolutions/review-crops/r07-p015-row05-organization.png
7,15,5,amount,"($20,000.00)",0.632,ocr:lowconf,data/fy09/transparency-resolutions/review-crops/r07-p015-row05-amount.png
7,15,6,organization,"American-Italian Coalition of Organizations, Inc. (AMICO)",0.558,ocr:lowconf,data/fy09/transparency-resolutions/review-crops/r07-p015-row06-organization.png
7,15,7,organization,"American-lItalian Coalition of Organizations, Inc. (AMICO)- Extended Services Program",0.663,ocr:lowconf,data/fy09/transparency-resolutions/review-crops/r07-p015-row07-organization.png
7,15,8,organization,Bruce Bishop's Developmental Basketball Camp,0.668,ocr:lowconf,data/fy09/transparency-resolutions/review-crops/r07-p015-row08-organization.png
7,15,9,amount,"($5,000.00)",0.74,ocr:lowconf,data/fy09/transparency-resolutions/review-crops/r07-p015-row09-amount.png
7,15,11,organization,York College Performing. Arts Center,0.501,ocr:lowconf,data/fy09/transparency-resolutions/review-crops/r07-p015-row11-organization.png
7,15,12,status,Application Incomplete at Deadine,0.67,ocr:lowconf,data/fy09/transparency-resolutions/review-crops/r07-p015-row12-status.png
7,15,13,organization,Committee for a Better Harlem,0.717,ocr:lowconf,data/fy09/transparency-resolutions/review-crops/r07-p015-row13-organization.png
7,15,13,amount,"($5,000.00)",0.658,ocr:lowconf,data/fy09/transparency-resolutions/review-crops/r07-p015-row13-amount.png
7,15,14,member,Dickens,0.78,ocr:lowconf,data/fy09/transparency-resolutions/review-crops/r07-p015-row14-member.png
7,15,14,organization,Westsiders For Responsible Development,0.514,ocr:lowconf,data/fy09/transparency-resolutions/review-crops/r07-p015-row14-organization.png
7,15,14,ein,20-3046724,0.615,ocr:lowconf,data/fy09/transparency-resolutions/review-crops/r07-p015-row14-ein.png
7,15,14,status,Application Incomplete at Deadline,0.737,ocr:lowconf,data/fy09/transparency-resolutions/review-crops/r07-p015-row14-status.png
7,15,16,organization,Abraham Lincoin Development Corp,0.749,ocr:lowconf,data/fy09/transparency-resolutions/review-crops/r07-p015-row16-organization.png
7,15,16,ein,75-3260950,0.698,ocr:lowconf,data/fy09/transparency-resolutions/review-crops/r07-p015-row16-ein.png
7,15,16,agency,MISC,0.658,ocr:lowconf,data/fy09/transparency-resolutions/review-crops/r07-p015-row16-agency.png
7,15,17,organization,"Colonial Park Senior Citizens, Inc.",0.644,ocr:lowconf,data/fy09/transparency-resolutions/review-crops/r07-p015-row17-organization.png
7,15,18,organization,"Jackie Robinson Tenant's Association, Inc.",0.756,ocr:lowconf,data/fy09/transparency-resolutions/review-crops/r07-p015-row18-organization.png
7,15,19,member,Dickens,0.767,ocr:lowconf,data/fy09/transparency-resolutions/review-crops/r07-p015-row19-member.png
7,15,20,organization,Rev. Dr. Martin Luther King Towers,0.554,ocr:lowconf,data/fy09/transparency-resolutions/review-crops/r07-p015-row20-organization.png
7,15,22,agency,MISC,0.515,ocr:lowconf,data/fy09/transparency-resolutions/review-crops/r07-p015-row22-agency.png
7,15,23,status,Application Not Rec'd at Deadine,0.472,ocr:lowconf,data/fy09/transparency-resolutions/review-crops/r07-p015-row23-status.png
7,15,24,member,Ulrich,0.636,ocr:lowconf,data/fy09/transparency-resolutions/review-crops/r07-p015-row24-member.png
7,15,25,amount,"($5,000.00)",0.676,ocr:lowconf,data/fy09/transparency-resolutions/review-crops/r07-p015-row25-amount.png
7,15,25,status,Application Incomplete at Deadline,0.578,ocr:lowconf,data/fy09/transparency-resolutions/review-crops/r07-p015-row25-status.png
7,15,26,organization,"Child Center of New York, Inc., The",0.522,ocr:lowconf,data/fy09/transparency-resolutions/review-crops/r07-p015-row26-organization.png
7,15,27,member,Brooklyn Del.,0.56,ocr:lowconf,data/fy09/transparency-resolutions/review-crops/r07-p015-row27-member.png
7,15,27,amount,"($16,875.00)",0.55,ocr:lowconf,data/fy09/transparency-resolutions/review-crops/r07-p015-row27-amount.png
7,15,28,member,Brooklyn Del.,0.58,ocr:lowconf,data/fy09/transparency-resolutions/review-crops/r07-p015-row28-member.png
7,15,28,organization,"National Black Leadership Commission on AIDS, Inc.",0.783,ocr:lowconf,data/fy09/transparency-resolutions/review-crops/r07-p015-row28-organization.png
7,15,29,amount,"($35,000.00)",0.602,ocr:lowconf,data/fy09/transparency-resolutions/review-crops/r07-p015-row29-amount.png
7,15,30,member,CC-Comrie,0.764,ocr:lowconf,data/fy09/transparency-resolutions/review-crops/r07-p015-row30-member.png
7,16,0,organization,Metropolitan Eagles Sports Club,0.578,ocr:lowconf,data/fy09/transparency-resolutions/review-crops/r07-p016-row00-organization.png
7,16,3,amount,"$3,500.00",0.77,ocr:lowconf,data/fy09/transparency-resolutions/review-crops/r07-p016-row03-amount.png
7,16,3,status,Application Pending,0.558,ocr:lowconf,data/fy09/transparency-resolutions/review-crops/r07-p016-row03-status.png
7,20,0,organization,"Little Sheppard's Community Center, Inc.",0.526,ocr:lowconf,data/fy09/transparency-resolutions/review-crops/r07-p020-row00-organization.png
7,20,0,status,Application Incomplete at Deadline,0.731,ocr:lowconf,data/fy09/transparency-resolutions/review-crops/r07-p020-row00-status.png
7,20,1,organization,Love Gospel Assembly,0.692,ocr:lowconf,data/fy09/transparency-resolutions/review-crops/r07-p020-row01-organization.png
7,20,1,amount,"($20,000.00)",0.698,ocr:lowconf,data/fy09/transparency-resolutions/review-crops/r07-p020-row01-amount.png
7,20,2,organization,"Metropolitan New York Coordinating Council on Jewish Poverty, Inc.",0.602,ocr:lowconf,data/fy09/transparency-resolutions/review-crops/r07-p020-row02-organization.png
7,20,4,organization,"Common Cents New York, Inc.",0.788,ocr:lowconf,data/fy09/transparency-resolutions/review-crops/r07-p020-row04-organization.png
7,20,5,organization,"Committee for Hispanic Children and Families, Inc.,",0.585,ocr:lowconf,data/fy09/transparency-resolutions/review-crops/r07-p020-row05-organization.png
7,20,7,organization,"Tolentine-Zeiser Community Life Center, inc.",0.625,ocr:lowconf,data/fy09/transparency-resolutions/review-crops/r07-p020-row07-organization.png
7,20,7,ein,13-3131888,0.698,ocr:lowconf,data/fy09/transparency-resolutions/review-crops/r07-p020-row07-ein.png
7,20,11,status,Approved,0.75,ocr:lowconf,data/fy09/transparency-resolutions/review-crops/r07-p020-row11-status.png
7,20,12,organization,"Mount Hope Housing Company, inc., The",0.739,ocr:lowconf,data/fy09/transparency-resolutions/review-crops/r07-p020-row12-organization.png
7,20,13,organization,"Middle Village Baseball/Softball Camp, Inc.",0.631,ocr:lowconf,data/fy09/transparency-resolutions/review-crops/r07-p020-row13-organization.png
7,20,14,organization,"Maspeth Town Hall, Inc.",0.796,ocr:lowconf,data/fy09/transparency-resolutions/review-crops/r07-p020-row14-organization.png
7,20,15,organization,"Lenox Hil Neighborhood House, Inc.",0.447,ocr:lowconf,data/fy09/transparency-resolutions/review-crops/r07-p020-row15-organization.png
7,20,19,status,Approved,0.77,ocr:lowconf,data/fy09/transparency-resolutions/review-crops/r07-p020-row19-status.png
7,20,24,member,Monserrate,0.616,ocr:lowconf,data/fy09/transparency-resolutions/review-crops/r07-p020-row24-member.png
7,20,24,agency,DYCD,0.775,ocr:lowconf,data/fy09/transparency-resolutions/review-crops/r07-p020-row24-agency.png
7,20,27,amount,"($5,000.00)",0.663,ocr:lowconf,data/fy09/transparency-resolutions/review-crops/r07-p020-row27-amount.png
7,20,27,ua,312,0.747,ocr:lowconf,data/fy09/transparency-resolutions/review-crops/r07-p020-row27-ua.png
7,20,27,status,Approved,0.624,ocr:lowconf,data/fy09/transparency-resolutions/review-crops/r07-p020-row27-status.png
7,20,29,amount,"($10,000.00)",0.701,ocr:lowconf,data/fy09/transparency-resolutions/review-crops/r07-p020-row29-amount.png
7,20,30,organization,"Battalion Pentecostal, Assembly",0.53,ocr:lowconf,data/fy09/transparency-resolutions/review-crops/r07-p020-row30-organization.png
7,20,34,organization,Myanmar Chinese Association of New York,0.704,ocr:lowconf,data/fy09/transparency-resolutions/review-crops/r07-p020-row34-organization.png
7,21,0,member,Barron,0.614,ocr:lowconf,data/fy09/transparency-resolutions/review-crops/r07-p021-row00-member.png
7,21,0,organization,"Unity int the Community Sports Foundation, Inc.",0.606,ocr:lowconf,data/fy09/transparency-resolutions/review-crops/r07-p021-row00-organization.png
7,21,0,amount,"($40,000.00)",0.557,ocr:lowconf,data/fy09/transparency-resolutions/review-crops/r07-p021-row00-amount.png
7,21,0,status,Application Incomplete at Deadine,0.56,ocr:lowconf,data/fy09/transparency-resolutions/review-crops/r07-p021-row00-status.png
7,21,2,organization,"Code Foundation, Inc., The",0.556,ocr:lowconf,data/fy09/transparency-resolutions/review-crops/r07-p021-row02-organization.png
7,21,2,amount,"$30,000.00",0.743,ocr:lowconf,data/fy09/transparency-resolutions/review-crops/r07-p021-row02-amount.png
7,21,3,ein,EX212023,0.916,ocr:ein,data/fy09/transparency-resolutions/review-crops/r07-p021-row03-ein.png
7,21,3,amount,"($10,000.00)",0.798,ocr:lowconf,data/fy09/transparency-resolutions/review-crops/r07-p021-row03-amount.png
7,21,3,status,Application Not Rec'd at Deadine,0.528,ocr:lowconf,data/fy09/transparency-resolutions/review-crops/r07-p021-row03-status.png
7,21,4,organization,"First Baptist Church of Corona NY, Inc.",0.78,ocr:lowconf,data/fy09/transparency-resolutions/review-crops/r07-p021-row04-organization.png
7,21,4,amount,"$10,000.00",0.783,ocr:lowconf,data/fy09/transparency-resolutions/review-crops/r07-p021-row04-amount.png
7,21,5,amount,"($3,500.00)",0.748,ocr:lowconf,data/fy09/transparency-resolutions/review-crops/r07-p021-row05-amount.png
7,21,5,status,Application Incomplete at Deadline,0.55,ocr:lowconf,data/fy09/transparency-resolutions/review-crops/r07-p021-row05-status.png
7,21,7,status,Application Incomplete at Deadline,0.582,ocr:lowconf,data/fy09/transparency-resolutions/review-crops/r07-p021-row07-status.png
7,21,8,organization,Reconstruct/ Art,0.756,ocr:lowconf,data/fy09/transparency-resolutions/review-crops/r07-p021-row08-organization.png
7,21,9,organization,Bronx Renaissance Community Theater,0.621,ocr:lowconf,data/fy09/transparency-resolutions/review-crops/r07-p021-row09-organization.png
7,21,11,organization,Fourth Avenue Presbyterian Church/The Children's Community Chorus,0.721,ocr:lowconf,data/fy09/transparency-resolutions/review-crops/r07-p021-row11-organization.png
7,21,11,amount,"($3,500.00)",0.572,ocr:lowconf,data/fy09/transparency-resolutions/review-crops/r07-p021-row11-amount.png
7,21,12,member,Gentile,0.55,ocr:lowconf,data/fy09/transparency-resolutions/review-crops/r07-p021-row12-member.png
7,21,12,organization,Fourth Avenue Presbyterian Church/The Children's Community Chorus,0.637,ocr:lowconf,data/fy09/transparency-resolutions/review-crops/r07-p021-row12-organization.png
7,21,12,conduit_org,Bay Ridge Bensonhurst Beautification and Preservation Alliance,0.465,ocr:lowconf,data/fy09/transparency-resolutions/review-crops/r07-p021-row12-conduit_org.png
7,21,13,status,Application Incomplete at Deadline,0.588,ocr:lowconf,data/fy09/transparency-resolutions/review-crops/r07-p021-row13-status.png
7,21,14,organization,"Garden School, Inc. Jackson Heights Poetry Festival",0.777,ocr:lowconf,data/fy09/transparency-resolutions/review-crops/r07-p021-row14-organization.png
7,21,14,status,Application Incomplete at Deadline,0.575,ocr:lowconf,data/fy09/transparency-resolutions/review-crops/r07-p021-row14-status.png
7,21,15,organization,"Helping Our Guys and Giris Succeed, Inc.",0.593,ocr:lowconf,data/fy09/transparency-resolutions/review-crops/r07-p021-row15-organization.png
7,21,16,organization,"Learning Tree Mulit-Cultural Center, The",0.555,ocr:lowconf,data/fy09/transparency-resolutions/review-crops/r07-p021-row16-organization.png
7,21,16,ein,11-3381237,0.594,ocr:lowconf,data/fy09/transparency-resolutions/review-crops/r07-p021-row16-ein.png
7,21,17,ein,11-2203300,0.759,ocr:lowconf,data/fy09/transparency-resolutions/review-crops/r07-p021-row17-ein.png
7,21,17,status,Application Incomplete at Deadine,0.548,ocr:lowconf,data/fy09/transparency-resolutions/review-crops/r07-p021-row17-status.png
7,21,18,amount,"$5,000.00",0.504,ocr:lowconf,data/fy09/transparency-resolutions/review-crops/r07-p021-row18-amount.png
7,21,18,status,Approved,0.565,ocr:lowconf,data/fy09/transparency-resolutions/review-crops/r07-p021-row18-status.png
7,21,19,ein,11-3101774,0.784,ocr:lowconf,data/fy09/transparency-resolutions/review-crops/r07-p021-row19-ein.png
7,21,19,conduit_org,"Samuel Fieid YM & YWHA, Inc.",0.523,ocr:lowconf,data/fy09/transparency-resolutions/review-crops/r07-p021-row19-conduit_org.png
7,21,19,status,Application Incomplete at Deadine,0.662,ocr:lowconf,data/fy09/transparency-resolutions/review-crops/r07-p021-row19-status.png
7,21,20,agency,DYCD,0.842,ocr:cellspan,data/fy09/transparency-resolutions/review-crops/r07-p021-row20-agency.png
7,25,1,organization,Friends of Crown Heights Educational Center,0.689,ocr:lowconf,data/fy09/transparency-resolutions/review-crops/r07-p025-row01-organization.png
7,25,2,member,Queens,0.631,ocr:lowconf,data/fy09/transparency-resolutions/review-crops/r07-p025-row02-member.png
7,25,2,organization,"Metropolitan New York Coordinating Council on Jewish Poverty, Inc.",0.797,ocr:lowconf,data/fy09/transparency-resolutions/review-crops/r07-p025-row02-organization.png
7,25,3,organization,"Metropolitan New York Coordinating Council on Jewish Poverty, Inc.",0.744,ocr:lowconf,data/fy09/transparency-resolutions/review-crops/r07-p025-row03-organization.png
7,25,4,organization,Flushing Jewish Community Council**,0.385,ocr:lowconf,data/fy09/transparency-resolutions/review-crops/r07-p025-row04-organization.png
7,25,5,organization,"Edith and Carl Marks Jewish Community. House of Bensonhurst""",0.48,ocr:lowconf,data/fy09/transparency-resolutions/review-crops/r07-p025-row05-organization.png
7,25,6,organization,United Jewish Organizations (UJO) of Williamsburg**,0.755,ocr:lowconf,data/fy09/transparency-resolutions/review-crops/r07-p025-row06-organization.png
7,25,8,organization,Church Avenue Merchants Block Association (CAMBA),0.528,ocr:lowconf,data/fy09/transparency-resolutions/review-crops/r07-p025-row08-organization.png
7,25,10,status,Approved,0.754,ocr:lowconf,data/fy09/transparency-resolutions/review-crops/r07-p025-row10-status.png
7,27,0,agency,MISC,0.739,ocr:lowconf,data/fy09/transparency-resolutions/review-crops/r07-p027-row00-agency.png
7,27,0,amount,"($75,000.00)",0.554,ocr:lowconf,data/fy09/transparency-resolutions/review-crops/r07-p027-row00-amount.png
7,27,1,organization,District Attorney-Brooklyn,0.678,ocr:lowconf,data/fy09/transparency-resolutions/review-crops/r07-p027-row01-organization.png
7,27,1,amount,"$75,000.00",0.749,ocr:lowconf,data/fy09/transparency-resolutions/review-crops/r07-p027-row01-amount.png
7,27,2,organization,Brownsville Community Development Corporation (d/bla BMS Family Health Center) (BMSFHC),0.507,ocr:lowconf,data/fy09/transparency-resolutions/review-crops/r07-p027-row02-organization.png
7,27,2,ein,11-2544630,0.554,ocr:lowconf,data/fy09/transparency-resolutions/review-crops/r07-p027-row02-ein.png
7,27,3,amount,"($18,750.00)",0.392,ocr:lowconf,data/fy09/transparency-resolutions/review-crops/r07-p027-row03-amount.png
7,27,5,amount,"($26,250.00)",0.545,ocr:lowconf,data/fy09/transparency-resolutions/review-crops/r07-p027-row05-amount.png
7,27,6,ein,13-4178608,0.75,ocr:lowconf,data/fy09/transparency-resolutions/review-crops/r07-p027-row06-ein.png
7,29,0,organization,"Flatbush Haitian Center, Inc.**",0.747,ocr:lowconf,data/fy09/transparency-resolutions/review-crops/r07-p029-row00-organization.png
7,29,0,amount,"($10,000.00)",0.73,ocr:lowconf,data/fy09/transparency-resolutions/review-crops/r07-p029-row00-amount.png
7,29,0,status,Application Incomplete at Deadline,0.765,ocr:lowconf,data/fy09/transparency-resolutions/review-crops/r07-p029-row00-status.png
7,29,1,organization,"Council of Peoples Organization""*",0.537,ocr:lowconf,data/fy09/transparency-resolutions/review-crops/r07-p029-row01-organization.png
7,29,1,ein,75-3046891,0.779,ocr:lowconf,data/fy09/transparency-resolutions/review-crops/r07-p029-row01-ein.png
7,29,2,amount,"($30,952.38)",0.978,ocr:amt,data/fy09/transparency-resolutions/review-crops/r07-p029-row02-amount.png
7,29,2,ein,11-3559496,0.505,ocr:lowconf,data/fy09/transparency-resolutions/review-crops/r07-p029-row02-ein.png
7,29,2,status,Application Incomplete at Deadline,0.626,ocr:lowconf,data/fy09/transparency-resolutions/review-crops/r07-p029-row02-status.png
7,29,3,amount,"$7,738.10",1.0,ocr:amt,data/fy09/transparency-resolutions/review-crops/r07-p029-row03-amount.png
7,29,3,organization,"Central Queens YM & YWHA, Inc.",0.65,ocr:lowconf,data/fy09/transparency-resolutions/review-crops/r07-p029-row03-organization.png
7,29,3,ein,11-1633509,0.597,ocr:lowconf,data/fy09/transparency-resolutions/review-crops/r07-p029-row03-ein.png
7,29,4,amount,"$7,738.10",0.999,ocr:amt,data/fy09/transparency-resolutions/review-crops/r07-p029-row04-amount.png
7,29,4,organization,"Jacob A. Riis Neighborhood Settiement House, Inc.",0.749,ocr:lowconf,data/fy09/transparency-resolutions/review-crops/r07-p029-row04-organization.png
7,29,5,amount,"$7,738.09",1.0,ocr:amt,data/fy09/transparency-resolutions/review-crops/r07-p029-row05-amount.png
7,29,5,ein,11-3560625,0.754,ocr:lowconf,data/fy09/transparency-resolutions/review-crops/r07-p029-row05-ein.png
7,29,5,status,Approved,0.666,ocr:lowconf,data/fy09/transparency-resolutions/review-crops/r07-p029-row05-status.png
7,29,6,amount,"$7,738.09",1.0,ocr:amt,data/fy09/transparency-resolutions/review-crops/r07-p029-row06-amount.png
7,29,6,organization,"Southern Queens Park Association, Inc.",0.547,ocr:lowconf,data/fy09/transparency-resolutions/review-crops/r07-p029-row06-organization.png
7,29,6,ein,11-2432846,0.647,ocr:lowconf,data/fy09/transparency-resolutions/review-crops/r07-p029-row06-ein.png
7,31,0,ein,,1.0,ocr:ein,data/fy09/transparency-resolutions/review-crops/r07-p031-row00-ein.png
7,31,0,amount,"($5,000.00):",0.555,ocr:amt,data/fy09/transparency-resolutions/review-crops/r07-p031-row00-amount.png
7,31,0,amount,"($5,000.00):",0.555,ocr:lowconf,data/fy09/transparency-resolutions/review-crops/r07-p031-row00-amount.png
7,31,3,organization,Bethel Seventh Day Adventist Church,0.706,ocr:lowconf,data/fy09/transparency-resolutions/review-crops/r07-p031-row03-organization.png
7,31,3,ein,11-2500161,0.773,ocr:lowconf,data/fy09/transparency-resolutions/review-crops/r07-p031-row03-ein.png
7,31,4,ein,,1.0,ocr:ein,data/fy09/transparency-resolutions/review-crops/r07-p031-row04-ein.png
7,31,6,ein,,1.0,ocr:ein,data/fy09/transparency-resolutions/review-crops/r07-p031-row06-ein.png
7,31,6,amount,"($10,000.00)",0.466,ocr:lowconf,data/fy09/transparency-resolutions/review-crops/r07-p031-row06-amount.png
7,31,8,amount,"($5,000.00)",0.745,ocr:lowconf,data/fy09/transparency-resolutions/review-crops/r07-p031-row08-amount.png
7,31,10,ein,,1.0,ocr:ein,data/fy09/transparency-resolutions/review-crops/r07-p031-row10-ein.png
7,31,10,organization,Price Memorial Baptist Church,0.585,ocr:lowconf,data/fy09/transparency-resolutions/review-crops/r07-p031-row10-organization.png
7,31,10,amount,"($5,000.00)",0.572,ocr:lowconf,data/fy09/transparency-resolutions/review-crops/r07-p031-row10-amount.png
7,31,12,ein,,1.0,ocr:ein,data/fy09/transparency-resolutions/review-crops/r07-p031-row12-ein.png
7,31,13,organization,Educational Alliance,0.524,ocr:lowconf,data/fy09/transparency-resolutions/review-crops/r07-p031-row13-organization.png
7,31,14,ein,,1.0,ocr:ein,data/fy09/transparency-resolutions/review-crops/r07-p031-row14-ein.png
7,31,14,organization,Queen of All Saints Church/Fort Greene Food Pantry,0.568,ocr:lowconf,data/fy09/transparency-resolutions/review-crops/r07-p031-row14-organization.png
7,31,15,status,Approved,0.563,ocr:lowconf,data/fy09/transparency-resolutions/review-crops/r07-p031-row15-status.png
7,31,18,ein,11-3596619,0.67,ocr:lowconf,data/fy09/transparency-resolutions/review-crops/r07-p031-row18-ein.png
7,31,18,status,Approved,0.791,ocr:lowconf,data/fy09/transparency-resolutions/review-crops/r07-p031-row18-status.png
7,31,19,ein,11-1667624,0.605,ocr:lowconf,data/fy09/transparency-resolutions/review-crops/r07-p031-row19-ein.png
7,31,20,amount,"($5,000.00)",0.68,ocr:lowconf,data/fy09/transparency-resolutions/review-crops/r07-p031-row20-amount.png
7,31,21,ein,90-0140023,0.762,ocr:lowconf,data/fy09/transparency-resolutions/review-crops/r07-p031-row21-ein.png
7,31,21,agy_num,260,0.593,ocr:lowconf,data/fy09/transparency-resolutions/review-crops/r07-p031-row21-agy_num.png
7,31,22,ein,,1.0,ocr:ein,data/fy09/transparency-resolutions/review-crops/r07-p031-row22-ein.png
7,31,23,ein,11-2419185,0.51,ocr:lowconf,data/fy09/transparency-resolutions/review-crops/r07-p031-row23-ein.png
7,31,23,amount,"$10,000.00",0.714,ocr:lowconf,data/fy09/transparency-resolutions/review-crops/r07-p031-row23-amount.png
7,31,25,organization,New Day Christian Fellowship Church of Apolistic Faith,0.685,ocr:lowconf,data/fy09/transparency-resolutions/review-crops/r07-p031-row25-organization.png
7,31,26,organization,Hanson Place Seventh Day Adventist Church - Community Service Pantry,0.654,ocr:lowconf,data/fy09/transparency-resolutions/review-crops/r07-p031-row26-organization.png
7,31,27,organization,Hanson Place Seventh Day Adventist Church - Community Service Food Kitchen,0.615,ocr:lowconf,data/fy09/transparency-resolutions/review-crops/r07-p031-row27-organization.png
7,31,28,ein,11-3168615,0.565,ocr:lowconf,data/fy09/transparency-resolutions/review-crops/r07-p031-row28-ein.png
7,33,0,agency,DOHMH,0.692,ocr:lowconf,data/fy09/transparency-resolutions/review-crops/r07-p033-row00-agency.png
7,33,1,agency,"DOHMH,",0.751,ocr:agency,data/fy09/transparency-resolutions/review-crops/r07-p033-row01-agency.png
7,33,1,organization,"National Black Leadership Commission on AIDS, Inc. Staten Island HIVIAIDS Care Network",0.576,ocr:lowconf,data/fy09/transparency-resolutions/review-crops/r07-p033-row01-organization.png
7,33,1,agency,"DOHMH,",0.751,ocr:lowconf,data/fy09/transparency-resolutions/review-crops/r07-p033-row01-agency.png
7,33,1,amount,"($6,472.00)",0.72,ocr:lowconf,data/fy09/transparency-resolutions/review-crops/r07-p033-row01-amount.png
7,33,2,organization,"National Black Leadership Commission on AIDS, Inc. - Young Women of Color HIVIAIDS Coalition",0.572,ocr:lowconf,data/fy09/transparency-resolutions/review-crops/r07-p033-row02-organization.png
7,33,3,organization,"National Black Leadership Commission on AIDS, Inc. Caribbean Women's Health Association",0.593,ocr:lowconf,data/fy09/transparency-resolutions/review-crops/r07-p033-row03-organization.png
7,33,3,agency,DOHMH,0.663,ocr:lowconf,data/fy09/transparency-resolutions/review-crops/r07-p033-row03-agency.png
7,33,4,organization,"National Black Leadership Commission on AIDS, Inc. - JAFASI",0.719,ocr:lowconf,data/fy09/transparency-resolutions/review-crops/r07-p033-row04-organization.png
7,33,5,organization,Womens HIV Collaborative of New York,0.73,ocr:lowconf,data/fy09/transparency-resolutions/review-crops/r07-p033-row05-organization.png
7,33,5,agency,DOHMH,0.617,ocr:lowconf,data/fy09/transparency-resolutions/review-crops/r07-p033-row05-agency.png
7,33,6,agency,DOHMHI,0.469,ocr:agency,data/fy09/transparency-resolutions/review-crops/r07-p033-row06-agency.png
7,33,6,organization,"Latino Commision on AIDS, Inc. - Beulah Baptist Church",0.717,ocr:lowconf,data/fy09/transparency-resolutions/review-crops/r07-p033-row06-organization.png
7,33,6,agency,DOHMHI,0.469,ocr:lowconf,data/fy09/transparency-resolutions/review-crops/r07-p033-row06-agency.png
7,33,6,amount,"($6,472.00)",0.698,ocr:lowconf,data/fy09/transparency-resolutions/review-crops/r07-p033-row06-amount.png
7,33,7,agency,DOHMH,0.689,ocr:lowconf,data/fy09/transparency-resolutions/review-crops/r07-p033-row07-agency.png
7,33,7,amount,"($6,472.00)",0.765,ocr:lowconf,data/fy09/transparency-resolutions/review-crops/r07-p033-row07-amount.png
7,33,8,agency,DOHMHI,0.513,ocr:agency,data/fy09/transparency-resolutions/review-crops/r07-p033-row08-agency.png
7,33,8,agency,DOHMHI,0.513,ocr:lowconf,data/fy09/transparency-resolutions/review-crops/r07-p033-row08-agency.png
7,33,8,amount,"($6,472.00)",0.733,ocr:lowconf,data/fy09/transparency-resolutions/review-crops/r07-p033-row08-amount.png
7,33,9,organization,"Latino Commision on AIDS, Inc. Grace Baptist Church",0.71,ocr:lowconf,data/fy09/transparency-resolutions/review-crops/r07-p033-row09-organization.png
7,33,9,ein,13-3629446,0.559,ocr:lowconf,data/fy09/transparency-resolutions/review-crops/r07-p033-row09-ein.png
7,33,9,agency,DOHMH,0.527,ocr:lowconf,data/fy09/transparency-resolutions/review-crops/r07-p033-row09-agency.png
7,33,9,amount,"($6,472.00)",0.524,ocr:lowconf,data/fy09/transparency-resolutions/review-crops/r07-p033-row09-amount.png
7,33,10,organization,"Latino Commision on AIDS, Inc. Mosque of Islam Brotherhood",0.678,ocr:lowconf,data/fy09/transparency-resolutions/review-crops/r07-p033-row10-organization.png
7,33,10,agency,DOHMH,0.383,ocr:lowconf,data/fy09/transparency-resolutions/review-crops/r07-p033-row10-agency.png
7,33,10,amount,"($6,472.00)",0.762,ocr:lowconf,data/fy09/transparency-resolutions/review-crops/r07-p033-row10-amount.png
7,33,11,organization,"Latino Commision on AIDS, Inc. - Pilgrim Cathedral of Harlem/500",0.502,ocr:lowconf,data/fy09/transparency-resolutions/review-crops/r07-p033-row11-organization.png
7,33,11,agency,DOHMH,0.772,ocr:lowconf,data/fy09/transparency-resolutions/review-crops/r07-p033-row11-agency.png
7,33,12,amount,"($6,472.00)",0.574,ocr:lowconf,data/fy09/transparency-resolutions/review-crops/r07-p033-row12-amount.png
7,33,13,organization,"Latino Commision on AIDS, Inc. - United Community Baptist Church",0.544,ocr:lowconf,data/fy09/transparency-resolutions/review-crops/r07-p033-row13-organization.png
7,33,13,amount,"($6,472.00)",0.552,ocr:lowconf,data/fy09/transparency-resolutions/review-crops/r07-p033-row13-amount.png
7,33,15,agency,DOHMH,0.608,ocr:lowconf,data/fy09/transparency-resolutions/review-crops/r07-p033-row15-agency.png
7,33,16,agency,DOHMH,0.526,ocr:lowconf,data/fy09/transparency-resolutions/review-crops/r07-p033-row16-agency.png
7,33,17,agency,DOHMH!,0.879,ocr:agency,data/fy09/transparency-resolutions/review-crops/r07-p033-row17-agency.png
7,33,17,organization,"National Black Leadership Commision on AIDS, Inc. Mosque of Islam Brotherhood",0.675,ocr:lowconf,data/fy09/transparency-resolutions/review-crops/r07-p033-row17-organization.png
7,33,18,organization,"National Black Leadership Commision on AIDS, Inc. - Pilgrim Cathedral of Harlem/50D",0.736,ocr:lowconf,data/fy09/transparency-resolutions/review-crops/r07-p033-row18-organization.png
7,33,19,agency,DOHMHI,0.486,ocr:agency,data/fy09/transparency-resolutions/review-crops/r07-p033-row19-agency.png
7,33,19,organization,"National Black Leadership Commision on AIDS, Inc. St. Albans Congregational Church",0.586,ocr:lowconf,data/fy09/transparency-resolutions/review-crops/r07-p033-row19-organization.png
7,33,19,agency,DOHMHI,0.486,ocr:lowconf,data/fy09/transparency-resolutions/review-crops/r07-p033-row19-agency.png
7,33,20,organization,"National Black Leadership Commision on AIDS, Inc. United Community Baptist Church",0.763,ocr:lowconf,data/fy09/transparency-resolutions/review-crops/r07-p033-row20-organization.png
7,33,20,agency,DOHMH,0.503,ocr:lowconf,data/fy09/transparency-resolutions/review-crops/r07-p033-row20-agency.png
7,33,21,status,Approved,0.544,ocr:lowconf,data/fy09/transparency-resolutions/review-crops/r07-p033-row21-status.png
7,39,0,amount,"($26,101.13)",0.937,ocr:amt,data/fy09/transparency-resolutions/review-crops/r07-p039-row00-amount.png
7,39,0,organization,Visiting Nurse Service of New York,0.636,ocr:lowconf,data/fy09/transparency-resolutions/review-crops/r07-p039-row00-organization.png
7,39,0,agency,DOHMH,0.694,ocr:lowconf,data/fy09/transparency-resolutions/review-crops/r07-p039-row00-agency.png
7,39,1,amount,"$26,101.13",0.997,ocr:amt,data/fy09/transparency-resolutions/review-crops/r07-p039-row01-amount.png
7,39,1,organization,"Visiting Nurse Service of New York Home Care, Inc.",0.53,ocr:lowconf,data/fy09/transparency-resolutions/review-crops/r07-p039-row01-organization.png
7,39,2,amount,"($19,586.25)",0.878,ocr:amt,data/fy09/transparency-resolutions/review-crops/r07-p039-row02-amount.png
7,39,3,amount,"$19,586.25",0.997,ocr:amt,data/fy09/transparency-resolutions/review-crops/r07-p039-row03-amount.png
7,41,0,amount,"($95,000.00)!",0.781,ocr:amt,data/fy09/transparency-resolutions/review-crops/r07-p041-row00-amount.png
7,41,0,agency,DOHMHI,0.475,ocr:agency,data/fy09/transparency-resolutions/review-crops/r07-p041-row00-agency.png
7,41,0,agency,DOHMHI,0.475,ocr:lowconf,data/fy09/transparency-resolutions/review-crops/r07-p041-row00-agency.png
7,41,0,amount,"($95,000.00)!",0.781,ocr:lowconf,data/fy09/transparency-resolutions/review-crops/r07-p041-row00-amount.png
7,41,1,organization,"Visiting Nurse Service of New York Home Care, Inc.",0.514,ocr:lowconf,data/fy09/transparency-resolutions/review-crops/r07-p041-row01-organization.png
7,41,2,organization,Fordham-Tremont Community Mental Health Center,0.396,ocr:lowconf,data/fy09/transparency-resolutions/review-crops/r07-p041-row02-organization.png
7,41,3,organization,St. Barnabas Hospital,0.615,ocr:lowconf,data/fy09/transparency-resolutions/review-crops/r07-p041-row03-organization.png
7,41,3,agency,DOHMH,0.603,ocr:lowconf,data/fy09/transparency-resolutions/review-crops/r07-p041-row03-agency.png
7,43,0,status,Application Incomplete at Deadline,0.506,ocr:lowconf,data/fy09/transparency-resolutions/review-crops/r07-p043-row00-status.png
7,43,1,organization,"Sephardic Multi Service Senior Citizens Center, Inc.",0.521,ocr:lowconf,data/fy09/transparency-resolutions/review-crops/r07-p043-row01-organization.png
7,43,1,ein,11-2301220,0.67,ocr:lowconf,data/fy09/transparency-resolutions/review-crops/r07-p043-row01-ein.png
7,43,1,amount,"($4,000.00)",0.616,ocr:lowconf,data/fy09/transparency-resolutions/review-crops/r07-p043-row01-amount.png
7,43,1,status,Application Incomplete at Deadline,0.721,ocr:lowconf,data/fy09/transparency-resolutions/review-crops/r07-p043-row01-status.png
7,43,3,amount,"($4,202.00)",0.489,ocr:lowconf,data/fy09/transparency-resolutions/review-crops/r07-p043-row03-amount.png
7,43,4,organization,"Southeast Queens Multiservice Senior Citizens Center, inc. - Howard Beach",0.565,ocr:lowconf,data/fy09/transparency-resolutions/review-crops/r07-p043-row04-organization.png
7,43,5,amount,"$7,481.30",0.999,ocr:amt,data/fy09/transparency-resolutions/review-crops/r07-p043-row05-amount.png
7,43,6,amount,"$7,481.30",1.0,ocr:amt,data/fy09/transparency-resolutions/review-crops/r07-p043-row06-amount.png
7,47,0,organization,Southeast Queens Multiservice Senior Center - Howard Beach Senior Center,0.717,ocr:lowconf,data/fy09/transparency-resolutions/review-crops/r07-p047-row00-organization.png
7,47,0,amount,"($30,000.00)",0.594,ocr:lowconf,data/fy09/transparency-resolutions/review-crops/r07-p047-row00-amount.png
7,47,1,organization,"Southeast Queens Multiservice Senior Citizens Center, Inc. - Howard Beach Senior Center",0.576,ocr:lowconf,data/fy09/transparency-resolutions/review-crops/r07-p047-row01-organization.png
7,47,2,organization,"American-ltalian Coalition of Organizations, Inc. (AMICO)",0.567,ocr:lowconf,data/fy09/transparency-resolutions/review-crops/r07-p047-row02-organization.png
7,47,2,ein,11-2488439,0.654,ocr:lowconf,data/fy09/transparency-resolutions/review-crops/r07-p047-row02-ein.png
7,53,0,organization,Harlem Hospital Center - Hip Hop Stroke Program,0.753,ocr:lowconf,data/fy09/transparency-resolutions/review-crops/r07-p053-row00-organization.png
7,53,0,agency,DOHMH,0.71,ocr:lowconf,data/fy09/transparency-resolutions/review-crops/r07-p053-row00-agency.png
7,53,1,organization,Lincoln Medical and Mental Health Center,0.515,ocr:lowconf,data/fy09/transparency-resolutions/review-crops/r07-p053-row01-organization.png
7,53,1,agency,DOHMH,0.72,ocr:lowconf,data/fy09/transparency-resolutions/review-crops/r07-p053-row01-agency.png
7,53,2,status,Governmental Entity,0.759,ocr:lowconf,data/fy09/transparency-resolutions/review-crops/r07-p053-row02-status.png
7,53,4,status,Governmental Entity,0.739,ocr:lowconf,data/fy09/transparency-resolutions/review-crops/r07-p053-row04-status.png
7,53,5,ein,13-2655001,0.638,ocr:lowconf,data/fy09/transparency-resolutions/review-crops/r07-p053-row05-ein.png
7,59,0,organization,Upper Manhattan Council Assisting Neighbors,0.523,ocr:lowconf,data/fy09/transparency-resolutions/review-crops/r07-p059-row00-organization.png
7,59,0,amount,"($11,637.00)",0.498,ocr:lowconf,data/fy09/transparency-resolutions/review-crops/r07-p059-row00-amount.png
7,59,0,ua,009,1.0,ocr:cellspan,data/fy09/transparency-resolutions/review-crops/r07-p059-row00-ua.png
7,59,1,amount,"($19,200.28)",0.999,ocr:amt,data/fy09/transparency-resolutions/review-crops/r07-p059-row01-amount.png
7,59,1,organization,Bronx Heights Neighborhood Community Corporation,0.717,ocr:lowconf,data/fy09/transparency-resolutions/review-crops/r07-p059-row01-organization.png
7,59,1,ein,13-2883903,0.692,ocr:lowconf,data/fy09/transparency-resolutions/review-crops/r07-p059-row01-ein.png
7,59,2,organization,"Community League of the Heights, Inc.",0.711,ocr:lowconf,data/fy09/transparency-resolutions/review-crops/r07-p059-row02-organization.png
7,59,2,ein,13-2564241,0.771,ocr:lowconf,data/fy09/transparency-resolutions/review-crops/r07-p059-row02-ein.png
7,59,3,amount,"$19,200.28",0.725,ocr:amt,data/fy09/transparency-resolutions/review-crops/r07-p059-row03-amount.png
7,59,3,amount,"$19,200.28",0.725,ocr:lowconf,data/fy09/transparency-resolutions/review-crops/r07-p059-row03-amount.png
7,63,0,organization,"Bronx Community Pride Center, Inc.",0.577,ocr:lowconf,data/fy09/transparency-resolutions/review-crops/r07-p063-row00-organization.png
7,63,0,agency,DOHMH,0.693,ocr:lowconf,data/fy09/transparency-resolutions/review-crops/r07-p063-row00-agency.png
7,63,0,status,Application Not Rec'd by] Deadline,0.544,ocr:lowconf,data/fy09/transparency-resolutions/review-crops/r07-p063-row00-status.png
7,63,1,amount,"$36,369.11",0.998,ocr:amt,data/fy09/transparency-resolutions/review-crops/r07-p063-row01-amount.png
7,63,1,organization,"New York Harm Reduction Educators, inc.",0.777,ocr:lowconf,data/fy09/transparency-resolutions/review-crops/r07-p063-row01-organization.png
7,63,1,ein,13-3678499,0.764,ocr:lowconf,data/fy09/transparency-resolutions/review-crops/r07-p063-row01-ein.png
7,63,2,amount,"$36,369.14",1.0,ocr:amt,data/fy09/transparency-resolutions/review-crops/r07-p063-row02-amount.png
7,63,2,status,Application Not Rec'd by Deadline,0.461,ocr:lowconf,data/fy09/transparency-resolutions/review-crops/r07-p063-row02-status.png
7,63,3,amount,"$36,369.14",0.987,ocr:amt,data/fy09/transparency-resolutions/review-crops/r07-p063-row03-amount.png
7,63,3,organization,"Bronx Addiction Services Integrated Concepts Systems, Inc. (BASICS)",0.545,ocr:lowconf,data/fy09/transparency-resolutions/review-crops/r07-p063-row03-organization.png
7,63,4,amount,"$36,369.14",0.999,ocr:amt,data/fy09/transparency-resolutions/review-crops/r07-p063-row04-amount.png
7,63,5,amount,"$36,369. 14",0.999,ocr:amt,data/fy09/transparency-resolutions/review-crops/r07-p063-row05-amount.png
7,63,5,member,Bronx,0.735,ocr:lowconf,data/fy09/transparency-resolutions/review-crops/r07-p063-row05-member.png
7,63,6,amount,"$36,369.14",1.0,ocr:amt,data/fy09/transparency-resolutions/review-crops/r07-p063-row06-amount.png
7,63,6,ein,11-2412205,0.784,ocr:lowconf,data/fy09/transparency-resolutions/review-crops/r07-p063-row06-ein.png
7,63,7,amount,"$36,369.14",0.757,ocr:amt,data/fy09/transparency-resolutions/review-crops/r07-p063-row07-amount.png
7,63,7,ein,11-3344389,0.699,ocr:lowconf,data/fy09/transparency-resolutions/review-crops/r07-p063-row07-ein.png
7,63,7,amount,"$36,369.14",0.757,ocr:lowconf,data/fy09/transparency-resolutions/review-crops/r07-p063-row07-amount.png
7,63,8,amount,"$36,369.14",0.999,ocr:amt,data/fy09/transparency-resolutions/review-crops/r07-p063-row08-amount.png
7,63,9,amount,"$36,369.14",0.997,ocr:amt,data/fy09/transparency-resolutions/review-crops/r07-p063-row09-amount.png
7,63,9,organization,Housing Works Health Services II,0.756,ocr:lowconf,data/fy09/transparency-resolutions/review-crops/r07-p063-row09-organization.png
7,63,9,status,Application Not Rec'd by Deadline,0.678,ocr:lowconf,data/fy09/transparency-resolutions/review-crops/r07-p063-row09-status.png
7,63,10,amount,"$36,369.14",0.998,ocr:amt,data/fy09/transparency-resolutions/review-crops/r07-p063-row10-amount.png
7,63,10,ein,33-1007278,0.768,ocr:lowconf,data/fy09/transparency-resolutions/review-crops/r07-p063-row10-ein.png
7,63,10,agency,DOHMH,0.569,ocr:lowconf,data/fy09/transparency-resolutions/review-crops/r07-p063-row10-agency.png
7,63,11,amount,"$36,369.1 .14",0.742,ocr:amt,data/fy09/transparency-resolutions/review-crops/r07-p063-row11-amount.png
7,63,11,member,Brooklyn,0.586,ocr:lowconf,data/fy09/transparency-resolutions/review-crops/r07-p063-row11-member.png
7,63,11,agency,DOHMH,0.371,ocr:lowconf,data/fy09/transparency-resolutions/review-crops/r07-p063-row11-agency.png
7,63,11,amount,"$36,369.1 .14",0.742,ocr:lowconf,data/fy09/transparency-resolutions/review-crops/r07-p063-row11-amount.png
7,63,12,amount,"$36,369. 14",0.633,ocr:amt,data/fy09/transparency-resolutions/review-crops/r07-p063-row12-amount.png
7,63,12,organization,"Discipleship Outreach Ministries, Inc. (Turning Point)",0.686,ocr:lowconf,data/fy09/transparency-resolutions/review-crops/r07-p063-row12-organization.png
7,63,12,amount,"$36,369. 14",0.633,ocr:lowconf,data/fy09/transparency-resolutions/review-crops/r07-p063-row12-amount.png
7,63,13,amount,"$36,369.14",1.0,ocr:amt,data/fy09/transparency-resolutions/review-crops/r07-p063-row13-amount.png
7,63,13,member,Brooklyn,0.651,ocr:lowconf,data/fy09/transparency-resolutions/review-crops/r07-p063-row13-member.png
7,63,14,amount,"$25,888.10",0.998,ocr:amt,data/fy09/transparency-resolutions/review-crops/r07-p063-row14-amount.png
7,63,14,organization,"Life Force: Women Fighting AIDS, Inc.",0.784,ocr:lowconf,data/fy09/transparency-resolutions/review-crops/r07-p063-row14-organization.png
7,63,15,amount,"$25,888.10",1.0,ocr:amt,data/fy09/transparency-resolutions/review-crops/r07-p063-row15-amount.png
7,63,15,organization,"Haitian Centers Council, Inc.",0.567,ocr:lowconf,data/fy09/transparency-resolutions/review-crops/r07-p063-row15-organization.png
7,63,17,status,Approved,0.697,ocr:lowconf,data/fy09/transparency-resolutions/review-crops/r07-p063-row17-status.png
7,63,18,member,Manhattan,0.651,ocr:lowconf,data/fy09/transparency-resolutions/review-crops/r07-p063-row18-member.png
7,63,18,organization,"Gay Men's Health Crisis, Inc.",0.725,ocr:lowconf,data/fy09/transparency-resolutions/review-crops/r07-p063-row18-organization.png
7,63,18,agency,DOHMH,0.468,ocr:lowconf,data/fy09/transparency-resolutions/review-crops/r07-p063-row18-agency.png
7,63,18,amount,"$48,540.00",0.754,ocr:lowconf,data/fy09/transparency-resolutions/review-crops/r07-p063-row18-amount.png
7,63,19,amount,"$36,369.14",1.0,ocr:amt,data/fy09/transparency-resolutions/review-crops/r07-p063-row19-amount.png
7,63,19,agency,DOHMH,0.544,ocr:lowconf,data/fy09/transparency-resolutions/review-crops/r07-p063-row19-agency.png
7,63,20,amount,"$36,369.14",0.995,ocr:amt,data/fy09/transparency-resolutions/review-crops/r07-p063-row20-amount.png
7,63,21,amount,"$36,369.14",1.0,ocr:amt,data/fy09/transparency-resolutions/review-crops/r07-p063-row21-amount.png
7,63,21,status,Application Not Rec'di by Deadline,0.509,ocr:lowconf,data/fy09/transparency-resolutions/review-crops/r07-p063-row21-status.png
7,63,22,amount,"$36,369.14",1.0,ocr:amt,data/fy09/transparency-resolutions/review-crops/r07-p063-row22-amount.png
7,63,22,organization,African Services Committee,0.539,ocr:lowconf,data/fy09/transparency-resolutions/review-crops/r07-p063-row22-organization.png
7,63,22,ein,13-3749744,0.499,ocr:lowconf,data/fy09/transparency-resolutions/review-crops/r07-p063-row22-ein.png
7,63,23,amount,"$36,369.14",1.0,ocr:amt,data/fy09/transparency-resolutions/review-crops/r07-p063-row23-amount.png
7,63,23,agency,DOHMH!,0.376,ocr:agency,data/fy09/transparency-resolutions/review-crops/r07-p063-row23-agency.png
7,63,23,organization,"Community Healthcare Network, Inc.",0.749,ocr:lowconf,data/fy09/transparency-resolutions/review-crops/r07-p063-row23-organization.png
7,63,23,agency,DOHMH!,0.376,ocr:lowconf,data/fy09/transparency-resolutions/review-crops/r07-p063-row23-agency.png
7,63,24,amount,"$36,369.14",0.999,ocr:amt,data/fy09/transparency-resolutions/review-crops/r07-p063-row24-amount.png
7,63,24,organization,"Asian & Pacific Islander Coalition on HIVIAIDS, Inc.",0.608,ocr:lowconf,data/fy09/transparency-resolutions/review-crops/r07-p063-row24-organization.png
7,63,24,agency,DOHMH,0.73,ocr:lowconf,data/fy09/transparency-resolutions/review-crops/r07-p063-row24-agency.png
7,63,25,amount,"$33,860.96",0.938,ocr:amt,data/fy09/transparency-resolutions/review-crops/r07-p063-row25-amount.png
7,63,25,agency,DOHMHI,0.367,ocr:agency,data/fy09/transparency-resolutions/review-crops/r07-p063-row25-agency.png
7,63,25,organization,"Latino Commision on AIDS, Inc.",0.732,ocr:lowconf,data/fy09/transparency-resolutions/review-crops/r07-p063-row25-organization.png
7,63,25,ein,13-3629466,0.706,ocr:lowconf,data/fy09/transparency-resolutions/review-crops/r07-p063-row25-ein.png
7,63,25,agency,DOHMHI,0.367,ocr:lowconf,data/fy09/transparency-resolutions/review-crops/r07-p063-row25-agency.png
7,63,26,amount,"$36,369.14",0.999,ocr:amt,data/fy09/transparency-resolutions/review-crops/r07-p063-row26-amount.png
7,63,26,agency,DOHMH:,0.454,ocr:agency,data/fy09/transparency-resolutions/review-crops/r07-p063-row26-agency.png
7,63,26,agency,DOHMH:,0.454,ocr:lowconf,data/fy09/transparency-resolutions/review-crops/r07-p063-row26-agency.png
7,63,27,amount,"$36,369. 14",0.905,ocr:amt,data/fy09/transparency-resolutions/review-crops/r07-p063-row27-amount.png
7,63,28,amount,"$36,369.14",0.999,ocr:amt,data/fy09/transparency-resolutions/review-crops/r07-p063-row28-amount.png
7,63,28,agency,DOHMH:,0.463,ocr:agency,data/fy09/transparency-resolutions/review-crops/r07-p063-row28-agency.png
7,63,28,agency,DOHMH:,0.463,ocr:lowconf,data/fy09/transparency-resolutions/review-crops/r07-p063-row28-agency.png
7,64,0,amount,"$35,825.11",0.996,ocr:amt,data/fy09/transparency-resolutions/review-crops/r07-p064-row00-amount.png
7,64,0,organization,"Clergy United for Community Empowerment, Inc.",0.523,ocr:lowconf,data/fy09/transparency-resolutions/review-crops/r07-p064-row00-organization.png
7,64,0,agency,DOHMH,0.481,ocr:lowconf,data/fy09/transparency-resolutions/review-crops/r07-p064-row00-agency.png
7,64,0,agy_num,816,0.789,ocr:lowconf,data/fy09/transparency-resolutions/review-crops/r07-p064-row00-agy_num.png
7,64,0,status,Approved,0.563,ocr:lowconf,data/fy09/transparency-resolutions/review-crops/r07-p064-row00-status.png
7,64,1,amount,"$12,933.10",0.998,ocr:amt,data/fy09/transparency-resolutions/review-crops/r07-p064-row01-amount.png
7,64,2,amount,"$16,180.10",0.997,ocr:amt,data/fy09/transparency-resolutions/review-crops/r07-p064-row02-amount.png
7,64,3,amount,"$16,072.02",0.998,ocr:amt,data/fy09/transparency-resolutions/review-crops/r07-p064-row03-amount.png
7,64,3,organization,St. Ann's Corner of Harm Reduction,0.749,ocr:lowconf,data/fy09/transparency-resolutions/review-crops/r07-p064-row03-organization.png
7,64,3,agency,DOHMH,0.682,ocr:lowconf,data/fy09/transparency-resolutions/review-crops/r07-p064-row03-agency.png
7,64,4,amount,"$16,180.10",0.984,ocr:amt,data/fy09/transparency-resolutions/review-crops/r07-p064-row04-amount.png
7,64,4,agency,DOHMH,0.482,ocr:lowconf,data/fy09/transparency-resolutions/review-crops/r07-p064-row04-agency.png
7,64,5,amount,"$16,175.57",0.999,ocr:amt,data/fy09/transparency-resolutions/review-crops/r07-p064-row05-amount.png
7,64,5,agency,DOHMH,0.764,ocr:lowconf,data/fy09/transparency-resolutions/review-crops/r07-p064-row05-agency.png
7,64,6,amount,"$16,150.98",0.986,ocr:amt,data/fy09/transparency-resolutions/review-crops/r07-p064-row06-amount.png
7,64,6,agency,DOHMH!,0.37,ocr:agency,data/fy09/transparency-resolutions/review-crops/r07-p064-row06-agency.png
7,64,6,agency,DOHMH!,0.37,ocr:lowconf,data/fy09/transparency-resolutions/review-crops/r07-p064-row06-agency.png
7,64,7,amount,"$11,131.94",0.984,ocr:amt,data/fy09/transparency-resolutions/review-crops/r07-p064-row07-amount.png
7,64,7,organization,"La Nueva Esperanza, Inc.",0.654,ocr:lowconf,data/fy09/transparency-resolutions/review-crops/r07-p064-row07-organization.png
7,64,8,amount,"$16,180.10",0.979,ocr:amt,data/fy09/transparency-resolutions/review-crops/r07-p064-row08-amount.png
7,64,8,agency,DOHMHI,0.683,ocr:agency,data/fy09/transparency-resolutions/review-crops/r07-p064-row08-agency.png
7,64,8,organization,"Iris House - A Center For Women Living with HIVIAIDS, Inc.",0.508,ocr:lowconf,data/fy09/transparency-resolutions/review-crops/r07-p064-row08-organization.png
7,64,8,agency,DOHMHI,0.683,ocr:lowconf,data/fy09/transparency-resolutions/review-crops/r07-p064-row08-agency.png
7,64,9,amount,"$16,180.10",0.984,ocr:amt,data/fy09/transparency-resolutions/review-crops/r07-p064-row09-amount.png
7,64,9,organization,Gay Men of African Descent (GMAD),0.784,ocr:lowconf,data/fy09/transparency-resolutions/review-crops/r07-p064-row09-organization.png
7,64,9,ein,13-3597820,0.68,ocr:lowconf,data/fy09/transparency-resolutions/review-crops/r07-p064-row09-ein.png
7,64,9,agency,DOHMH,0.766,ocr:lowconf,data/fy09/transparency-resolutions/review-crops/r07-p064-row09-agency.png
7,64,10,amount,"$16,180.10",0.987,ocr:amt,data/fy09/transparency-resolutions/review-crops/r07-p064-row10-amount.png
7,64,11,amount,"$16,180.10",0.983,ocr:amt,data/fy09/transparency-resolutions/review-crops/r07-p064-row11-amount.png
7,64,11,status,Application Pending,0.651,ocr:lowconf,data/fy09/transparency-resolutions/review-crops/r07-p064-row11-status.png
7,64,12,amount,"$16,180.10",0.931,ocr:amt,data/fy09/transparency-resolutions/review-crops/r07-p064-row12-amount.png
7,64,12,organization,Voces Latina Corp.,0.685,ocr:lowconf,data/fy09/transparency-resolutions/review-crops/r07-p064-row12-organization.png
7,64,13,amount,"$33,864.35",0.986,ocr:amt,data/fy09/transparency-resolutions/review-crops/r07-p064-row13-amount.png
7,64,13,organization,Community Health Action of Staten Island (formerly SI Aids Taskforce),0.697,ocr:lowconf,data/fy09/transparency-resolutions/review-crops/r07-p064-row13-organization.png
7,64,14,agency,DOHMH,0.504,ocr:lowconf,data/fy09/transparency-resolutions/review-crops/r07-p064-row14-agency.png
7,66,2,organization,Brooklyn Ballers Sports Youth and Education Corp.,0.56,ocr:lowconf,data/fy09/transparency-resolutions/review-crops/r07-p066-row02-organization.png
7,66,2,agency,MISC,0.57,ocr:lowconf,data/fy09/transparency-resolutions/review-crops/r07-p066-row02-agency.png
7,66,3,amount,"$29,797.00",0.765,ocr:lowconf,data/fy09/transparency-resolutions/review-crops/r07-p066-row03-amount.png
7,66,4,organization,"Casita Maria, Inc.",0.657,ocr:lowconf,data/fy09/transparency-resolutions/review-crops/r07-p066-row04-organization.png
7,66,5,ein,11-3559496,0.782,ocr:lowconf,data/fy09/transparency-resolutions/review-crops/r07-p066-row05-ein.png
7,66,5,agency,MISC,0.721,ocr:lowconf,data/fy09/transparency-resolutions/review-crops/r07-p066-row05-agency.png
7,66,7,amount,"$24,932.02",1.0,ocr:amt,data/fy09/transparency-resolutions/review-crops/r07-p066-row07-amount.png
7,66,8,organization,"East River Development Alliance, Inc.",0.589,ocr:lowconf,data/fy09/transparency-resolutions/review-crops/r07-p066-row08-organization.png
7,66,10,agy_num,098,0.621,ocr:lowconf,data/fy09/transparency-resolutions/review-crops/r07-p066-row10-agy_num.png
7,66,14,organization,Greenhope Services for Women,0.57,ocr:lowconf,data/fy09/transparency-resolutions/review-crops/r07-p066-row14-organization.png
7,66,19,organization,"Mary Mitchell Youth and Family Center, Inc.",0.504,ocr:lowconf,data/fy09/transparency-resolutions/review-crops/r07-p066-row19-organization.png
7,66,22,ein,11-2453853,0.651,ocr:lowconf,data/fy09/transparency-resolutions/review-crops/r07-p066-row22-ein.png
7,66,24,organization,"South Queens Boys and Girls Club, Inc.",0.761,ocr:lowconf,data/fy09/transparency-resolutions/review-crops/r07-p066-row24-organization.png
7,66,25,ein,,1.0,ocr:ein,data/fy09/transparency-resolutions/review-crops/r07-p066-row25-ein.png
7,66,26,agy_num,098,0.661,ocr:lowconf,data/fy09/transparency-resolutions/review-crops/r07-p066-row26-agy_num.png
7,66,27,status,Approved,0.773,ocr:lowconf,data/fy09/transparency-resolutions/review-crops/r07-p066-row27-status.png
7,66,29,organization,Young Men's Christian Association of Greater New York - Cross Island YMCA,0.765,ocr:lowconf,data/fy09/transparency-resolutions/review-crops/r07-p066-row29-organization.png
7,66,29,agency,MISC,0.675,ocr:lowconf,data/fy09/transparency-resolutions/review-crops/r07-p066-row29-agency.png
7,66,31,organization,Young Men's Christian Association of Greater New York - West Side YMCA,0.525,ocr:lowconf,data/fy09/transparency-resolutions/review-crops/r07-p066-row31-organization.png
7,66,32,ein,13-4006535,0.518,ocr:lowconf,data/fy09/transparency-resolutions/review-crops/r07-p066-row32-ein.png
7,66,33,organization,Yusef Iman Memorial Institute,0.723,ocr:lowconf,data/fy09/transparency-resolutions/review-crops/r07-p066-row33-organization.png
7,66,33,ein,55-0837964,0.654,ocr:lowconf,data/fy09/transparency-resolutions/review-crops/r07-p066-row33-ein.png
7,66,33,status,Approved,0.674,ocr:lowconf,data/fy09/transparency-resolutions/review-crops/r07-p066-row33-status.png
8,10,0,amount,"($3,500.0 .00)",0.885,ocr:amt,data/fy09/transparency-resolutions/review-crops/r08-p010-row00-amount.png
8,10,3,member,"Cc, BLAC, Dickens",0.542,ocr:lowconf,data/fy09/transparency-resolutions/review-crops/r08-p010-row03-member.png
8,10,7,organization,"Hunts Point Multi- Service Center, Inc.",0.72,ocr:lowconf,data/fy09/transparency-resolutions/review-crops/r08-p010-row07-organization.png
8,10,8,organization,"Hunts Point Mult-Service Center, inc.",0.608,ocr:lowconf,data/fy09/transparency-resolutions/review-crops/r08-p010-row08-organization.png
8,10,9,member,"CC, Arroyo",0.726,ocr:lowconf,data/fy09/transparency-resolutions/review-crops/r08-p010-row09-member.png
8,10,9,organization,"Hunts Point Multi- Service Center, Inc.",0.616,ocr:lowconf,data/fy09/transparency-resolutions/review-crops/r08-p010-row09-organization.png
8,10,9,ein,13-2612532,0.766,ocr:lowconf,data/fy09/transparency-resolutions/review-crops/r08-p010-row09-ein.png
8,10,10,organization,"Alliance of Guardian Angels, The",0.706,ocr:lowconf,data/fy09/transparency-resolutions/review-crops/r08-p010-row10-organization.png
8,10,10,amount,"($20,000.00)",0.793,ocr:lowconf,data/fy09/transparency-resolutions/review-crops/r08-p010-row10-amount.png
8,10,11,organization,"United Activities Unlimited, Inc.",0.626,ocr:lowconf,data/fy09/transparency-resolutions/review-crops/r08-p010-row11-organization.png
8,10,11,ein,13-2921483,0.763,ocr:lowconf,data/fy09/transparency-resolutions/review-crops/r08-p010-row11-ein.png
8,10,13,member,Mitchell,0.564,ocr:lowconf,data/fy09/transparency-resolutions/review-crops/r08-p010-row13-member.png
8,10,13,agy_num,260,0.547,ocr:lowconf,data/fy09/transparency-resolutions/review-crops/r08-p010-row13-agy_num.png
8,10,14,conduit_org,"Polonians Organized to Minister Our Community (POMOC), inc.",0.57,ocr:lowconf,data/fy09/transparency-resolutions/review-crops/r08-p010-row14-conduit_org.png
8,10,15,organization,"Parodneck Foundation for Self-Help Housing and Community Development, Inc.. The",0.558,ocr:lowconf,data/fy09/transparency-resolutions/review-crops/r08-p010-row15-organization.png
8,10,15,amount,"($4,000.00)",0.587,ocr:lowconf,data/fy09/transparency-resolutions/review-crops/r08-p010-row15-amount.png
8,10,16,organization,"Community Assisted Tenant Controlled Housing, Inc.",0.583,ocr:lowconf,data/fy09/transparency-resolutions/review-crops/r08-p010-row16-organization.png
8,10,17,organization,"Jewish Community Council of Canarsie, inc.",0.725,ocr:lowconf,data/fy09/transparency-resolutions/review-crops/r08-p010-row17-organization.png
8,10,18,organization,"Jewish Community Council of Canarsie, Inc.",0.563,ocr:lowconf,data/fy09/transparency-resolutions/review-crops/r08-p010-row18-organization.png
8,10,18,conduit_org,"Metropolitan New York Coordinating Council Jon, Jewish Poverty, Inc.",0.538,ocr:lowconf,data/fy09/transparency-resolutions/review-crops/r08-p010-row18-conduit_org.png
8,12,0,organization,"Hunts Point Multi-Service Center, Inc. - Borinquen Court, Maria Isabel",0.658,ocr:lowconf,data/fy09/transparency-resolutions/review-crops/r08-p012-row00-organization.png
8,12,1,organization,"Hunts Point Multi-Service Center, Inc. - Borinquen Court, Maria Isabel",0.709,ocr:lowconf,data/fy09/transparency-resolutions/review-crops/r08-p012-row01-organization.png
8,12,1,agency,DFTA,0.628,ocr:lowconf,data/fy09/transparency-resolutions/review-crops/r08-p012-row01-agency.png
8,12,2,member,Palma,0.545,ocr:lowconf,data/fy09/transparency-resolutions/review-crops/r08-p012-row02-member.png
8,12,2,organization,Temple Emmanuel at Parkchester - Sisterhood,0.725,ocr:lowconf,data/fy09/transparency-resolutions/review-crops/r08-p012-row02-organization.png
8,12,2,status,Approved,0.561,ocr:lowconf,data/fy09/transparency-resolutions/review-crops/r08-p012-row02-status.png
8,12,3,member,Palma,0.777,ocr:lowconf,data/fy09/transparency-resolutions/review-crops/r08-p012-row03-member.png
8,12,3,conduit_org,Jewish Association for Services for the Aged (JASA),0.668,ocr:lowconf,data/fy09/transparency-resolutions/review-crops/r08-p012-row03-conduit_org.png
8,12,4,organization,"Community Agency for Senior Citizens, Inc.",0.562,ocr:lowconf,data/fy09/transparency-resolutions/review-crops/r08-p012-row04-organization.png
8,12,9,organization,"Council of Jewish Organizations of Flatbush, inc.",0.791,ocr:lowconf,data/fy09/transparency-resolutions/review-crops/r08-p012-row09-organization.png
8,12,10,member,Yassky,0.694,ocr:lowconf,data/fy09/transparency-resolutions/review-crops/r08-p012-row10-member.png
8,12,10,organization,"Council of Jewish Organizations of Flatbush, Inc.",0.627,ocr:lowconf,data/fy09/transparency-resolutions/review-crops/r08-p012-row10-organization.png
8,12,11,organization,"Counci of Jewish Organizations of Flatbush, Inc.",0.353,ocr:lowconf,data/fy09/transparency-resolutions/review-crops/r08-p012-row11-organization.png
8,12,11,conduit_org,"Metropolitan New York Coordinating Council on Jewish Poverty, Inc.",0.414,ocr:lowconf,data/fy09/transparency-resolutions/review-crops/r08-p012-row11-conduit_org.png
8,12,12,conduit_org,"Metropolitan New York Coordinating Council on Jewish Poverty, Inc.",0.582,ocr:lowconf,data/fy09/transparency-resolutions/review-crops/r08-p012-row12-conduit_org.png
8,12,13,organization,"Council of Jewish Organizations of Flatbush, Inc.",0.766,ocr:lowconf,data/fy09/transparency-resolutions/review-crops/r08-p012-row13-organization.png
8,12,13,conduit_org,"Metropolitan New York Coordinating Council on Jewish Poverty, Inc.",0.752,ocr:lowconf,data/fy09/transparency-resolutions/review-crops/r08-p012-row13-conduit_org.png
8,12,13,conduit_ein,13-2738818,0.709,ocr:lowconf,data/fy09/transparency-resolutions/review-crops/r08-p012-row13-conduit_ein.png
8,12,14,organization,"Jackson Heights-Elmhurst Kehillah, Inc.",0.745,ocr:lowconf,data/fy09/transparency-resolutions/review-crops/r08-p012-row14-organization.png
8,12,14,ein,11-2643410,0.766,ocr:lowconf,data/fy09/transparency-resolutions/review-crops/r08-p012-row14-ein.png
8,12,14,amount,"($25,250.00)",0.749,ocr:lowconf,data/fy09/transparency-resolutions/review-crops/r08-p012-row14-amount.png
8,12,15,organization,"Jackson Heights-E Elmhurst Kehillah, Inc.",0.773,ocr:lowconf,data/fy09/transparency-resolutions/review-crops/r08-p012-row15-organization.png
8,12,15,amount,$25250.00,0.743,ocr:lowconf,data/fy09/transparency-resolutions/review-crops/r08-p012-row15-amount.png
8,12,15,conduit_org,"Metropolitan New York Coordinating Council on. Jewish Poverty, Inc.",0.56,ocr:lowconf,data/fy09/transparency-resolutions/review-crops/r08-p012-row15-conduit_org.png
8,12,16,agency,I DFTA,0.473,ocr:agency,data/fy09/transparency-resolutions/review-crops/r08-p012-row16-agency.png
8,12,16,organization,"Jewish Community Council of Kings Bay, Inc.",0.534,ocr:lowconf,data/fy09/transparency-resolutions/review-crops/r08-p012-row16-organization.png
8,12,16,agency,I DFTA,0.473,ocr:lowconf,data/fy09/transparency-resolutions/review-crops/r08-p012-row16-agency.png
8,12,18,organization,Washington Heights-Inwood Preservation and Restoration Corporation,0.683,ocr:lowconf,data/fy09/transparency-resolutions/review-crops/r08-p012-row18-organization.png
8,12,19,organization,Washington Heights-Inwood Preservation and Restoration Corporation,0.553,ocr:lowconf,data/fy09/transparency-resolutions/review-crops/r08-p012-row19-organization.png
8,12,20,organization,Washington Heights-Inwood Preservation and Restoration Corporation,0.544,ocr:lowconf,data/fy09/transparency-resolutions/review-crops/r08-p012-row20-organization.png
8,12,20,conduit_org,"Metropolitan New York Coordinating Council on Jewish Poverty, Inc.",0.388,ocr:lowconf,data/fy09/transparency-resolutions/review-crops/r08-p012-row20-conduit_org.png
8,12,21,organization,Washington Heights-Inwood Preservation and Restoration Corporation,0.553,ocr:lowconf,data/fy09/transparency-resolutions/review-crops/r08-p012-row21-organization.png
8,12,21,conduit_org,"Metropolitan New York Coordinating Council on Jewish Poverty, Inc.",0.452,ocr:lowconf,data/fy09/transparency-resolutions/review-crops/r08-p012-row21-conduit_org.png
8,14,0,member,Ignizio,0.52,ocr:lowconf,data/fy09/transparency-resolutions/review-crops/r08-p014-row00-member.png
8,14,0,organization,"Zimmer Club Youth Conservation Program of Staten Island, Inc.",0.625,ocr:lowconf,data/fy09/transparency-resolutions/review-crops/r08-p014-row00-organization.png
8,14,1,amount,"($3,500.00)",0.625,ocr:lowconf,data/fy09/transparency-resolutions/review-crops/r08-p014-row01-amount.png
8,14,2,organization,"Zimmer Club Youth Conservation Program of Staten Island, Inc.",0.708,ocr:lowconf,data/fy09/transparency-resolutions/review-crops/r08-p014-row02-organization.png
8,14,3,organization,"Zimmer Club Youth Conservation Program of Staten Island, inc.",0.672,ocr:lowconf,data/fy09/transparency-resolutions/review-crops/r08-p014-row03-organization.png
8,14,5,amount,"($20,000.00)",0.539,ocr:lowconf,data/fy09/transparency-resolutions/review-crops/r08-p014-row05-amount.png
8,14,7,organization,NAACP New York City ACT-SO,0.766,ocr:lowconf,data/fy09/transparency-resolutions/review-crops/r08-p014-row07-organization.png
8,14,7,status,Approved,0.747,ocr:lowconf,data/fy09/transparency-resolutions/review-crops/r08-p014-row07-status.png
8,14,7,ein,20-2538102,0.999,ocr:cellspan,data/fy09/transparency-resolutions/review-crops/r08-p014-row07-ein.png
8,14,12,status,Approved,0.689,ocr:lowconf,data/fy09/transparency-resolutions/review-crops/r08-p014-row12-status.png
8,14,13,amount,"($10,000.00)",0.643,ocr:lowconf,data/fy09/transparency-resolutions/review-crops/r08-p014-row13-amount.png
8,14,15,member,Weprin,0.659,ocr:lowconf,data/fy09/transparency-resolutions/review-crops/r08-p014-row15-member.png
8,14,16,organization,"Project Lead, Inc.",0.757,ocr:lowconf,data/fy09/transparency-resolutions/review-crops/r08-p014-row16-organization.png
8,14,16,conduit_org,"Metropolitan New York Coordinating Council on. Jewish Poverty, Inc.",0.741,ocr:lowconf,data/fy09/transparency-resolutions/review-crops/r08-p014-row16-conduit_org.png
8,14,17,conduit_org,"Metropolitan New York Coordinating Council on. Jewish Poverty, Inc.",0.622,ocr:lowconf,data/fy09/transparency-resolutions/review-crops/r08-p014-row17-conduit_org.png
8,14,18,organization,"Project Lead, Inc.",0.732,ocr:lowconf,data/fy09/transparency-resolutions/review-crops/r08-p014-row18-organization.png
8,14,18,conduit_org,"Metropolitan New York Coordinating Council on, Jewish Poverty, Inc.",0.477,ocr:lowconf,data/fy09/transparency-resolutions/review-crops/r08-p014-row18-conduit_org.png
8,16,0,amount,"($19,362.74)",0.769,ocr:amt,data/fy09/transparency-resolutions/review-crops/r08-p016-row00-amount.png
8,16,0,organization,Wildlife Conservation Society - Public School 277,0.676,ocr:lowconf,data/fy09/transparency-resolutions/review-crops/r08-p016-row00-organization.png
8,16,0,amount,"($19,362.74)",0.769,ocr:lowconf,data/fy09/transparency-resolutions/review-crops/r08-p016-row00-amount.png
8,16,1,amount,"($19,362.74)",0.677,ocr:amt,data/fy09/transparency-resolutions/review-crops/r08-p016-row01-amount.png
8,16,1,amount,"($19,362.74)",0.677,ocr:lowconf,data/fy09/transparency-resolutions/review-crops/r08-p016-row01-amount.png
8,16,2,amount,"$19,362.74",0.998,ocr:amt,data/fy09/transparency-resolutions/review-crops/r08-p016-row02-amount.png
8,16,3,amount,"$19,362.74",0.999,ocr:amt,data/fy09/transparency-resolutions/review-crops/r08-p016-row03-amount.png
8,16,3,organization,"BrooklynArts Council, Inc. - Public School 312",0.763,ocr:lowconf,data/fy09/transparency-resolutions/review-crops/r08-p016-row03-organization.png
8,16,4,amount,"($19,362.74)",0.606,ocr:amt,data/fy09/transparency-resolutions/review-crops/r08-p016-row04-amount.png
8,16,4,amount,"($19,362.74)",0.606,ocr:lowconf,data/fy09/transparency-resolutions/review-crops/r08-p016-row04-amount.png
8,16,5,amount,"$19,362.74",0.994,ocr:amt,data/fy09/transparency-resolutions/review-crops/r08-p016-row05-amount.png
8,16,5,organization,"Thaila Spanish Theatre, Inc. - Public School 192",0.571,ocr:lowconf,data/fy09/transparency-resolutions/review-crops/r08-p016-row05-organization.png
8,18,0,ein,11-2939346,0.55,ocr:lowconf,data/fy09/transparency-resolutions/review-crops/r08-p018-row00-ein.png
8,18,1,organization,Friends of Crown Heights Educational Center,0.619,ocr:lowconf,data/fy09/transparency-resolutions/review-crops/r08-p018-row01-organization.png
8,18,1,ein,11-2305641,0.681,ocr:lowconf,data/fy09/transparency-resolutions/review-crops/r08-p018-row01-ein.png
8,18,2,amount,"($62,500.00)",0.513,ocr:lowconf,data/fy09/transparency-resolutions/review-crops/r08-p018-row02-amount.png
8,18,3,organization,"St. Stanislaus Kostka Church""* - ESL/Civic",0.744,ocr:lowconf,data/fy09/transparency-resolutions/review-crops/r08-p018-row03-organization.png
8,18,3,status,Approved,0.758,ocr:lowconf,data/fy09/transparency-resolutions/review-crops/r08-p018-row03-status.png
8,18,4,organization,St. Stanislaus Kostka Church** - Immigrant Related Legal Services,0.52,ocr:lowconf,data/fy09/transparency-resolutions/review-crops/r08-p018-row04-organization.png
8,18,5,organization,New York State Defenders Association - Immigrant Defense Project,0.728,ocr:lowconf,data/fy09/transparency-resolutions/review-crops/r08-p018-row05-organization.png
8,20,0,organization,"Jamaica Service Program for Older Adults, Inc. (JSPOA) - Robert Couche Senior Center",0.551,ocr:lowconf,data/fy09/transparency-resolutions/review-crops/r08-p020-row00-organization.png
8,20,0,amount,"($20,000.00)",0.569,ocr:lowconf,data/fy09/transparency-resolutions/review-crops/r08-p020-row00-amount.png
8,20,2,organization,"Wayside Out-Reach Development, Inc.",0.747,ocr:lowconf,data/fy09/transparency-resolutions/review-crops/r08-p020-row02-organization.png
8,20,3,organization,"Wayside Out-Reach Development, Inc. Rosetta Gaston Senior Center",0.538,ocr:lowconf,data/fy09/transparency-resolutions/review-crops/r08-p020-row03-organization.png
