resolution,date,chart,fiscal_year,action,source,council_member,organization,program,ein,amount,agency,agy_num,ua,purpose,flags
4,2008-12-18,,2009,rescind,,Felder,Ohr Halimud,The Multi-Sensory Learning Center,050548204,-5000,DYCD,260,312,,ocr:lowconf
4,2008-12-18,,2009,rescind,,Felder,"St. Athanasius Youth Program, Inc.",,112773596,-5000,DYCD,260,312,,ocr:lowconf
4,2008-12-18,,2009,designate,,Felder,"Bonei Olam, Inc.",,113473757,10000,DYCD,260,312,,ocr:lowconf
4,2008-12-18,,2009,rescind,,Martinez,"Pedro Francisco Bono Foundation, Inc.",,133918986,-25000,DYCD,260,312,,ocr:lowconf
4,2008-12-18,,2009,designate,,Martinez,"Vocational Foundation, Inc.",,131878246,25000,DYCD,260,312,,ocr:lowconf
4,2008-12-18,,2009,rescind,,Eugene,Haitian-American Business Network,,470939800,-4000,DSBS,801,002,,ocr:lowconf
4,2008-12-18,,2009,designate,,Eugene,Haitian-American Business Network,,470939800,4000,DSBS,801,002,,*;ocr:lowconf
4,2008-12-18,,2009,rescind,,James,Fulton Area Business Association,,593768783,-5000,DSBS,801,002,,ocr:lowconf
4,2008-12-18,,2009,designate,,James,Fulton Area Business Association,,593768783,5000,DSBS,801,002,,ocr:lowconf
4,2008-12-18,,2009,rescind,,Avella,"City Solve Systems, Inc.",,133864712,-20000,DYCD,260,005,,*
4,2008-12-18,,2009,designate,,Avella,"Samuel Field YM & YWHA, Inc.",,113071518,20000,DYCD,260,005,,
4,2008-12-18,,2009,rescind,,Nelson,First Baptist Church of Sheepshead Bay,,116019293,-10000,DFTA,125,003,,ocr:lowconf
4,2008-12-18,,2009,designate,,Nelson,First Baptist Church of Sheepshead Bay,,116019293,10000,DFTA,125,003,,ocr:lowconf
4,2008-12-18,,2009,designate,,CC- Seabrook,Junior High School 113X (Richard Green School),,136400434,25000,DOE,040,402,,ocr:lowconf
4,2008-12-18,,2009,designate,,CC,Joseph S. Murphy Institute Center for Worker Education,,136400434,390000,CUNY,042,001,,ocr:lowconf
4,2008-12-18,,2009,designate,,CC-Recchia,"Congress of Italian-American Organizations, Inc.",,237082544,15000,DFTA,125,003,,.;ocr:lowconf
4,2008-12-18,,2009,designate,,CC-Arroyo,"Hunts Point Multi-Service Center, Inc.",,132612592,20000,DFTA,125,003,,.;ocr:lowconf
4,2008-12-18,,2009,designate,,CC-Arroyo,Presbyterian Senior Services,,131981482,22000,DFTA,125,003,,*;ocr:lowconf
4,2008-12-18,,2009,designate,,CC-Stewart,"West Indian American Day Carival Association, Inc.",,237176396,25000,DCA,126,003,,ocr:lowconf
4,2008-12-18,,2009,designate,,CC,"New York City Outward Bound Center, Inc.",,133471084,200000,DYCD,260,312,,ocr:lowconf
4,2008-12-18,,2009,designate,,CC,New York Industrial Retention Network,,510178586,50000,DSBS,801,002,,
4,2008-12-18,,2009,designate,,CC-Mendez,"Good Old Lower East Side, Inc.",,132915659,60000,HPD,806,009,,ocr:lowconf
4,2008-12-18,,2009,designate,,CC-Koppell,Fordham University Biological Science Research Laboratory,,131740451,40000,DOHMH,816,113,,ocr:lowconf
4,2008-12-18,,2009,rescind,,Gentile,Public School 259K,,136400434,-2000,DOE,040,402,,ocr:lowconf
4,2008-12-18,,2009,designate,,Gentile,Junior High School 259K,,136400434,2000,DYCD,260,312,,
4,2008-12-18,,2009,designate,,"Sanders, Jr","Samaritans Outreach Ministries, Inc.",,113283859,17700,DYCD,260,005,,ocr:lowconf
4,2008-12-18,,2009,designate,,"Sanders, Jr","Lammies Daycare, Inc.",,113470759,12500,DYCD,260,312,,ocr:lowconf
4,2008-12-18,,2009,designate,,Sanders. Jr,Laurelton Lions Club,,112990142,8500,DYCD,260,312,,ocr:lowconf
4,2008-12-18,,2009,designate,,"Sanders, Jr",Margert Community Corporation,,112534700,30800,DYCD,260,312,,ocr:lowconf
4,2008-12-18,,2009,designate,,"Sanders, Jr",Mount Carmel Baptist Church,,012400734,3500,DYCD,260,312,,
4,2008-12-18,,2009,designate,,"Sanders, Jr","United Black Men of Queens Foundation, Inc.",,112623993,3500,DYCD,260,312,,ocr:lowconf
4,2008-12-18,,2009,designate,,"Sanders, Jr","Episcopal Health Services, Inc. (d/bla St. John's Episcopal Hospital)",,111665825,3500,DOHMH,816,113,,
4,2008-12-18,,2009,rescind,,"Sanders, Jr",Department of Health and Mental Hygiene,,136400434,-80000,DOHMH,816,114,,ocr:lowconf
4,2008-12-18,,2009,designate,,"Vallone, Jr","Central Astoria Local Development Coalition, Inc.",,112652331,10000,DSBS,801,002,,ocr:lowconf
4,2008-12-18,,2009,rescind,,"Vallone, Jr","Steinway Street District Management Association, Inc.",,113067330,-10000,DSBS,801,002,,
4,2008-12-18,,2009,designate,,Yassky,New York Historical Society,,131624124,15000,DCA,126,003,,ocr:lowconf
4,2008-12-18,,2009,rescind,,Yassky,Central United Talmudic Academy,,203514014,-15000,DYCD,260,312,,*;ocr:lowconf
4,2008-12-18,,2009,rescind,,CC,"Vietnam Veterans of America, Inc. Queens Chapter #32",,112629339,-25000,DYCD,260,005,,
4,2008-12-18,,2009,rescind,,Liu,"Vietnam Veterans of America, Inc. Queens Chapter #32",,112629339,-5000,DYCD,260,005,,ocr:lowconf
4,2008-12-18,,2009,rescind,,QN,"Vietnam Veterans of America, Inc. Queens Chapter #32",,112629339,-4500,DYCD,260,005,,ocr:lowconf
4,2008-12-18,,2009,rescind,,"Vallone, Jr","Vietnam Veterans of America, Inc. Queens Chapter #32",,112629339,-3500,DYCD,260,005,,ocr:lowconf
4,2008-12-18,,2009,rescind,,Weprin,"Vietnam Veterans of America, Inc. Queens Chapter #32",,112629339,-3500,DYCD,260,005,,
4,2008-12-18,,2009,designate,,CC,"Vietnam Veterans of America, Inc. Queens Chapter #32",,112629339,25000,DYCD,260,005,,ocr:lowconf
4,2008-12-18,,2009,designate,,Liu,"Vietnam Veterans of America, Inc. Queens Chapter #32",,112629339,5000,DYCD,260,005,,
4,2008-12-18,,2009,designate,,QN,"Vietnam Veterans of America, Inc. Queens Chapter #32",,112629339,4500,DYCD,260,005,,ocr:lowconf
4,2008-12-18,,2009,designate,,"Vallone, Jr","Vietnam Veterans of America, Inc. Queens Chapter #32",,112629339,3500,DYCD,260,005,,ocr:lowconf
4,2008-12-18,,2009,designate,,Weprin,"Vietnam Veterans of America, inc. Queens Chapter #32",,112629339,3500,DYCD,260,005,,ocr:lowconf
4,2008-12-18,,2009,rescind,,Weprin,"Interon Productions, Inc. (aka Mel Berkowitz Productions)",,061690150,-7500,DYCD,260,312,,ocr:lowconf
4,2008-12-18,,2009,designate,,Weprin,"Interon Productions, Inc. (aka Mel Berkowitz Productions)",,061690150,7500,DYCD,260,312,,ocr:lowconf
4,2008-12-18,,2009,rescind,,DeBlasio,Brooklyn Preservation Council Foundation,,262829625,-7000,DYCD,260,005,,ocr:lowconf
4,2008-12-18,,2009,designate,,DeBlasio,Brooklyn Preservation Council Foundation,,262829625,7000,DYCD,260,005,,ocr:lowconf
4,2008-12-18,,2009,rescind,,Fidler,New York United Jewish Association,,262647383,-6500,DYCD,260,312,,*;ocr:lowconf
4,2008-12-18,,2009,designate,,Fidler,New York United Jewish Association,,262647383,6500,DFTA,125,003,,ocr:lowconf
4,2008-12-18,,2009,rescind,,Gennaro,"Northeast Queens Jewish Community Council, Inc.",,542144283,-10000,DYCD,260,005,,ocr:lowconf
4,2008-12-18,,2009,designate,,Gennaro,"Northeast Queens Jewish Community Council, Inc.",,542144283,10000,DYCD,260,005,,ocr:lowconf
4,2008-12-18,,2009,rescind,,Gennaro,New York United. Jewish Association,,262647383,-15000,DFTA,125,003,,ocr:lowconf
4,2008-12-18,,2009,designate,,Gennaro,New York United Jewish Association,,262647383,15000,DFTA,125,003,,*;ocr:lowconf
4,2008-12-18,,2009,designate,,CC-Weprin,"Jewish Children's Learning Lab, Inc.",,133817786,6214,DYCD,260,312,,ocr:lowconf
4,2008-12-18,,2009,rescind,,Gennaro,Young Israel of Queens Valley,,133613262,-10000,DFTA,125,003,,ocr:lowconf
4,2008-12-18,,2009,designate,,Gennaro,Young Israel of Queens Valley,,133613262,10000,DFTA,125,003,,
4,2008-12-18,,2009,rescind,,Gentile,Bethany Lutheran Church,,111989915,-1500,DFTA,125,003,,ocr:lowconf
4,2008-12-18,,2009,designate,,Gentile,Bethany Lutheran Church,,111989915,1500,DFTA,125,003,,ocr:lowconf
4,2008-12-18,,2009,rescind,,DeBlasio,"Holy Name Father's Guild, Inc. Windsor Terrace Senior Center",,,-5000,DFTA,125,003,,ocr:ein;ocr:lowconf
4,2008-12-18,,2009,designate,,DeBlasio,"Sunset Bay Community Services, Inc. Windsor Terrace Senior Center",,112439925,5000,DFTA,125,003,,
4,2008-12-18,,2009,rescind,,Viverito,Millbrook Senior Center,,132977839,-2500,DFTA,125,003,,ocr:lowconf
4,2008-12-18,,2009,designate,,Viverito,"Institute for the Puerto Rican/Hispanic Elderly, Inc.",,132987263,2500,DFTA,125,003,,ocr:lowconf
4,2008-12-18,,2009,rescind,,Viverito,Betances I Senior Center,,136400434,-5000,DFTA,125,003,,ocr:lowconf
4,2008-12-18,,2009,designate,,Viverito,"Institute for the Puerto Rican/Hispanic Elderly, Inc.",,132987263,5000,DFTA,125,003,,ocr:lowconf
4,2008-12-18,Youth Discretionary MOC.etc) EIN UIA EIN Status Member Organization Number Agencv Amount Aav# FiscalConduit/Sponsoring Organization Fiscal Conduit (Council. *,2009,rescind,,Felder,"Bonei Olam, Inc.",,113473757,-10000,DYCD,260,312,,ocr:lowconf
4,2008-12-18,Youth Discretionary MOC.etc) EIN UIA EIN Status Member Organization Number Agencv Amount Aav# FiscalConduit/Sponsoring Organization Fiscal Conduit (Council. *,2009,designate,,Felder,Ohr Halimud The Multi- Sensory Learing Center,,050548204,5000,DYCD,260,312,,*;ocr:lowconf
4,2008-12-18,Youth Discretionary MOC.etc) EIN UIA EIN Status Member Organization Number Agencv Amount Aav# FiscalConduit/Sponsoring Organization Fiscal Conduit (Council. *,2009,designate,,Feider,"St. Athanasius Youth Program, Inc.",,112773596,5000,DYCD,260,312,,
4,2008-12-18,Youth Discretionary MOC.etc) EIN UIA EIN Status Member Organization Number Agencv Amount Aav# FiscalConduit/Sponsoring Organization Fiscal Conduit (Council. *,2009,rescind,,Martinez,Mirabal Sisters Cultural and Community Center,,061629188,-10000,DYCD,260,312,,ocr:lowconf
4,2008-12-18,Youth Discretionary MOC.etc) EIN UIA EIN Status Member Organization Number Agencv Amount Aav# FiscalConduit/Sponsoring Organization Fiscal Conduit (Council. *,2009,rescind,,Martinez,New Marble Hill Tenants and Civic Association Ltd.,,134181819,-3500,DYCD,260,312,,ocr:lowconf
4,2008-12-18,Youth Discretionary MOC.etc) EIN UIA EIN Status Member Organization Number Agencv Amount Aav# FiscalConduit/Sponsoring Organization Fiscal Conduit (Council. *,2009,rescind,,Martinez,"Russian American Cultural Heritage Center, Inc., The",,020712132,-5000,DYCD,260,312,,ocr:lowconf
4,2008-12-18,Youth Discretionary MOC.etc) EIN UIA EIN Status Member Organization Number Agencv Amount Aav# FiscalConduit/Sponsoring Organization Fiscal Conduit (Council. *,2009,designate,,Martinez,"Vocational Foundation, Inc.",,131878246,18500,DYCD,260,312,,ocr:lowconf
4,2008-12-18,Youth Discretionary MOC.etc) EIN UIA EIN Status Member Organization Number Agencv Amount Aav# FiscalConduit/Sponsoring Organization Fiscal Conduit (Council. *,2009,rescind,,Gennaro,Young Israel of Queens Valley,,133613262,-4000,DYCD,260,312,,
4,2008-12-18,Youth Discretionary MOC.etc) EIN UIA EIN Status Member Organization Number Agencv Amount Aav# FiscalConduit/Sponsoring Organization Fiscal Conduit (Council. *,2009,designate,,Gennaro,Young Israel of Queens Valley,,133613262,4000,DYCD,260,312,,ocr:lowconf
4,2008-12-18,Youth Discretionary MOC.etc) EIN UIA EIN Status Member Organization Number Agencv Amount Aav# FiscalConduit/Sponsoring Organization Fiscal Conduit (Council. *,2009,rescind,,Viverito,"Friends ofP.S. 163, Inc.",,201670261,-6000,DYCD,260,312,,ocr:lowconf
4,2008-12-18,Youth Discretionary MOC.etc) EIN UIA EIN Status Member Organization Number Agencv Amount Aav# FiscalConduit/Sponsoring Organization Fiscal Conduit (Council. *,2009,designate,,Viverito,"Young Audiences New York, Inc.",,131997754,6000,DYCD,260,312,,ocr:lowconf
4,2008-12-18,Youth Discretionary MOC.etc) EIN UIA EIN Status Member Organization Number Agencv Amount Aav# FiscalConduit/Sponsoring Organization Fiscal Conduit (Council. *,2009,rescind,,Monserrate,BigApple Youth Soccer League,,113376770,-4000,DYCD,260,312,,ocr:lowconf
4,2008-12-18,Youth Discretionary MOC.etc) EIN UIA EIN Status Member Organization Number Agencv Amount Aav# FiscalConduit/Sponsoring Organization Fiscal Conduit (Council. *,2009,rescind,,Monserrate,Corona Basketball League,,260276417,-3500,DYCD,260,312,,ocr:lowconf
4,2008-12-18,Youth Discretionary MOC.etc) EIN UIA EIN Status Member Organization Number Agencv Amount Aav# FiscalConduit/Sponsoring Organization Fiscal Conduit (Council. *,2009,rescind,,Monserrate,Queens Parents Little League,,,-3500,DYCD,260,312,,ocr:ein;ocr:lowconf
4,2008-12-18,Youth Discretionary MOC.etc) EIN UIA EIN Status Member Organization Number Agencv Amount Aav# FiscalConduit/Sponsoring Organization Fiscal Conduit (Council. *,2009,designate,,Monserrate,Big Apple Youth Soccer League,,113376770,4000,DYCD,260,312,,ocr:lowconf
4,2008-12-18,Youth Discretionary MOC.etc) EIN UIA EIN Status Member Organization Number Agencv Amount Aav# FiscalConduit/Sponsoring Organization Fiscal Conduit (Council. *,2009,designate,,Monserrate,Corona Basketball League,,260276417,3500,DYCD,260,312,,ocr:lowconf
4,2008-12-18,Youth Discretionary MOC.etc) EIN UIA EIN Status Member Organization Number Agencv Amount Aav# FiscalConduit/Sponsoring Organization Fiscal Conduit (Council. *,2009,designate,,Monserrate,Queens Parents Little League,,,3500,DYCD,260,312,,ocr:ein;ocr:lowconf
4,2008-12-18,Youth Discretionary MOC.etc) EIN UIA EIN Status Member Organization Number Agencv Amount Aav# FiscalConduit/Sponsoring Organization Fiscal Conduit (Council. *,2009,rescind,,Gennaro,Queens Community Civic Corporation,,222183327,-7500,DYCD,260,312,,ocr:lowconf
4,2008-12-18,Youth Discretionary MOC.etc) EIN UIA EIN Status Member Organization Number Agencv Amount Aav# FiscalConduit/Sponsoring Organization Fiscal Conduit (Council. *,2009,designate,,Gennaro,Queens Community Civic Corporation,,222183327,7500,DYCD,260,312,,ocr:lowconf
4,2008-12-18,Youth Discretionary MOC.etc) EIN UIA EIN Status Member Organization Number Agencv Amount Aav# FiscalConduit/Sponsoring Organization Fiscal Conduit (Council. *,2009,rescind,,Gennaro,Young Israel of Kew Gardens Hills,,111948880,-4000,DYCD,260,312,,ocr:lowconf
4,2008-12-18,Youth Discretionary MOC.etc) EIN UIA EIN Status Member Organization Number Agencv Amount Aav# FiscalConduit/Sponsoring Organization Fiscal Conduit (Council. *,2009,designate,,Gennaro,Young Israel of Kew Gardens Hills,,111948880,4000,DYCD,260,312,,ocr:lowconf
4,2008-12-18,Youth Discretionary MOC.etc) EIN UIA EIN Status Member Organization Number Agencv Amount Aav# FiscalConduit/Sponsoring Organization Fiscal Conduit (Council. *,2009,rescind,,Stewart,67th Precinct Explorers,,,-2500,DYCD,260,312,,ocr:ein
4,2008-12-18,Youth Discretionary MOC.etc) EIN UIA EIN Status Member Organization Number Agencv Amount Aav# FiscalConduit/Sponsoring Organization Fiscal Conduit (Council. *,2009,rescind,,Stewart,67th Precinct Police Athletic League,,,-2500,DYCD,260,312,,*;ocr:ein;ocr:lowconf
4,2008-12-18,Youth Discretionary MOC.etc) EIN UIA EIN Status Member Organization Number Agencv Amount Aav# FiscalConduit/Sponsoring Organization Fiscal Conduit (Council. *,2009,rescind,,Stewart,"Abundant Life Community Service, Inc.",,113454392,-4714,DYCD,260,312,,ocr:lowconf
4,2008-12-18,Youth Discretionary MOC.etc) EIN UIA EIN Status Member Organization Number Agencv Amount Aav# FiscalConduit/Sponsoring Organization Fiscal Conduit (Council. *,2009,rescind,,Stewart,Brooklyn Knights Pathfinders,,113390715,-5000,DYCD,260,312,,ocr:lowconf
4,2008-12-18,Youth Discretionary MOC.etc) EIN UIA EIN Status Member Organization Number Agencv Amount Aav# FiscalConduit/Sponsoring Organization Fiscal Conduit (Council. *,2009,rescind,,Stewart,Christian Haitian Sports Foundation,,113598389,-10000,DYCD,260,312,,ocr:lowconf
4,2008-12-18,Youth Discretionary MOC.etc) EIN UIA EIN Status Member Organization Number Agencv Amount Aav# FiscalConduit/Sponsoring Organization Fiscal Conduit (Council. *,2009,rescind,,Stewart,Citizens for a Better Community,,,-2000,DYCD,260,312,,.;ocr:ein;ocr:lowconf
4,2008-12-18,Youth Discretionary MOC.etc) EIN UIA EIN Status Member Organization Number Agencv Amount Aav# FiscalConduit/Sponsoring Organization Fiscal Conduit (Council. *,2009,rescind,,Stewart,D'Radoes Steel Orchestra,,342027954,-8000,DYCD,260,312,,*;ocr:lowconf
4,2008-12-18,Youth Discretionary MOC.etc) EIN UIA EIN Status Member Organization Number Agencv Amount Aav# FiscalConduit/Sponsoring Organization Fiscal Conduit (Council. *,2009,rescind,,Stewart,East 34th Street Block Association,,,-2000,DYCD,260,312,,*;ocr:ein;ocr:lowconf
4,2008-12-18,Youth Discretionary MOC.etc) EIN UIA EIN Status Member Organization Number Agencv Amount Aav# FiscalConduit/Sponsoring Organization Fiscal Conduit (Council. *,2009,rescind,,Stewart,East 40th Street Block Association,,,-2000,DYCD,260,312,,ocr:ein;ocr:lowconf
4,2008-12-18,Youth Discretionary MOC.etc) EIN UIA EIN Status Member Organization Number Agencv Amount Aav# FiscalConduit/Sponsoring Organization Fiscal Conduit (Council. *,2009,rescind,,Stewart,East Flatbush Ecumenical Council,,061483690,-5000,DYCD,260,312,,*;ocr:lowconf
4,2008-12-18,Youth Discretionary MOC.etc) EIN UIA EIN Status Member Organization Number Agencv Amount Aav# FiscalConduit/Sponsoring Organization Fiscal Conduit (Council. *,2009,rescind,,Stewart,Mildred Forde Young Models,,593840756,-4000,DYCD,260,312,,ocr:lowconf
4,2008-12-18,Youth Discretionary MOC.etc) EIN UIA EIN Status Member Organization Number Agencv Amount Aav# FiscalConduit/Sponsoring Organization Fiscal Conduit (Council. *,2009,rescind,,Stewart,New Hope Community Services,,113511226,-5000,DYCD,260,312,,ocr:lowconf
4,2008-12-18,Youth Discretionary MOC.etc) EIN UIA EIN Status Member Organization Number Agencv Amount Aav# FiscalConduit/Sponsoring Organization Fiscal Conduit (Council. *,2009,rescind,,Stewart,New Life Tabernacle Church,,113168615,-15000,DYCD,260,312,,*;ocr:lowconf
4,2008-12-18,Youth Discretionary MOC.etc) EIN UIA EIN Status Member Organization Number Agencv Amount Aav# FiscalConduit/Sponsoring Organization Fiscal Conduit (Council. *,2009,rescind,,Stewart,Preparation Church of God,,112840021,-3000,DYCD,260,312,,ocr:lowconf
4,2008-12-18,Youth Discretionary MOC.etc) EIN UIA EIN Status Member Organization Number Agencv Amount Aav# FiscalConduit/Sponsoring Organization Fiscal Conduit (Council. *,2009,rescind,,Stewart,Public School 119K,,136400434,-2000,DYCD,260,312,,ocr:lowconf
4,2008-12-18,Youth Discretionary MOC.etc) EIN UIA EIN Status Member Organization Number Agencv Amount Aav# FiscalConduit/Sponsoring Organization Fiscal Conduit (Council. *,2009,rescind,,Stewart,St. Paul's Lutheran Church,,411568278,-5000,I DYCD,260,312,,*;ocr:agency;ocr:lowconf
4,2008-12-18,Youth Discretionary MOC.etc) EIN UIA EIN Status Member Organization Number Agencv Amount Aav# FiscalConduit/Sponsoring Organization Fiscal Conduit (Council. *,2009,rescind,,Stewart,St. Paul's United Methodist,,111775937,-5000,DYCD,260,312,,ocr:lowconf
4,2008-12-18,Youth Discretionary MOC.etc) EIN UIA EIN Status Member Organization Number Agencv Amount Aav# FiscalConduit/Sponsoring Organization Fiscal Conduit (Council. *,2009,rescind,,Stewart,St. Stephen's Lutheran Church,,,-5000,DYCD,260,312,,ocr:ein;ocr:lowconf
4,2008-12-18,Youth Discretionary MOC.etc) EIN UIA EIN Status Member Organization Number Agencv Amount Aav# FiscalConduit/Sponsoring Organization Fiscal Conduit (Council. *,2009,rescind,,Stewart,"United States Steelband Association, inc.",,113612068,-14000,DYCD,260,312,,.;ocr:lowconf
4,2008-12-18,Youth Discretionary MOC.etc) EIN UIA EIN Status Member Organization Number Agencv Amount Aav# FiscalConduit/Sponsoring Organization Fiscal Conduit (Council. *,2009,designate,,Stewart,67th Precinct Explorers,,,2500,DYCD,260,312,,ocr:ein;ocr:lowconf
4,2008-12-18,Youth Discretionary MOC.etc) EIN UIA EIN Status Member Organization Number Agencv Amount Aav# FiscalConduit/Sponsoring Organization Fiscal Conduit (Council. *,2009,designate,,Stewart,67th Precinct Police Athletic League,,,2500,DYCD,260,312,,ocr:ein;ocr:lowconf
4,2008-12-18,Youth Discretionary MOC.etc) EIN UIA EIN Status Member Organization Number Agencv Amount Aav# FiscalConduit/Sponsoring Organization Fiscal Conduit (Council. *,2009,designate,,Stewart,"Abundant Life Community Service, Inc.",,113454392,4714,DYCD,260,312,,ocr:lowconf
4,2008-12-18,Youth Discretionary MOC.etc) EIN UIA EIN Status Member Organization Number Agencv Amount Aav# FiscalConduit/Sponsoring Organization Fiscal Conduit (Council. *,2009,designate,,Stewart,Brooklyn Knights Pathfinders,,113390715,,DYCD,260,312,,ocr:amt;ocr:lowconf
4,2008-12-18,Youth Discretionary MOC.etc) EIN UIA EIN Status Member Organization Number Agencv Amount Aav# FiscalConduit/Sponsoring Organization Fiscal Conduit (Council. *,2009,designate,,Stewart,Christian Hatian Sports Foundation,,113598389,,DYCD,260,312,,ocr:amt;ocr:lowconf
4,2008-12-18,"Youth Discretionary (continued) EINI Number Agency Aav# UIA Fiscal Conduit EIN Status (Council, MOC. etc) Member Organization Amount FiscalConduit/Sponsoring Organization *",2009,designate,,Stewart,Citizens for a Better Community,,,2000,DYCD,260,312,,ocr:ein;ocr:lowconf
4,2008-12-18,"Youth Discretionary (continued) EINI Number Agency Aav# UIA Fiscal Conduit EIN Status (Council, MOC. etc) Member Organization Amount FiscalConduit/Sponsoring Organization *",2009,designate,,Stewart,D'Radoes Steel Orchestra,,342027954,8000,DYCD,260,312,,ocr:lowconf
4,2008-12-18,"Youth Discretionary (continued) EINI Number Agency Aav# UIA Fiscal Conduit EIN Status (Council, MOC. etc) Member Organization Amount FiscalConduit/Sponsoring Organization *",2009,designate,,Stewart,East 34th Street Block Association,,,2000,DYCD,260,312,,ocr:ein;ocr:lowconf
4,2008-12-18,"Youth Discretionary (continued) EINI Number Agency Aav# UIA Fiscal Conduit EIN Status (Council, MOC. etc) Member Organization Amount FiscalConduit/Sponsoring Organization *",2009,designate,,Stewart,East 40th Street Block Association,,,2000,DYCD,260,312,,ocr:ein;ocr:lowconf
4,2008-12-18,"Youth Discretionary (continued) EINI Number Agency Aav# UIA Fiscal Conduit EIN Status (Council, MOC. etc) Member Organization Amount FiscalConduit/Sponsoring Organization *",2009,designate,,Stewart,East Flatbush Ecumenical Council,,061483690,5000,DYCD,260,312,,ocr:lowconf
4,2008-12-18,"Youth Discretionary (continued) EINI Number Agency Aav# UIA Fiscal Conduit EIN Status (Council, MOC. etc) Member Organization Amount FiscalConduit/Sponsoring Organization *",2009,designate,,Stewart,Mildred Forde Young Models,,593840756,4000,DYCD,260,312,,ocr:lowconf
4,2008-12-18,"Youth Discretionary (continued) EINI Number Agency Aav# UIA Fiscal Conduit EIN Status (Council, MOC. etc) Member Organization Amount FiscalConduit/Sponsoring Organization *",2009,designate,,Stewart,New Hope Community Services,,113511226,5000,DYCD,260,312,,ocr:lowconf
4,2008-12-18,"Youth Discretionary (continued) EINI Number Agency Aav# UIA Fiscal Conduit EIN Status (Council, MOC. etc) Member Organization Amount FiscalConduit/Sponsoring Organization *",2009,designate,,Stewart,New Life Tabernacle Church,,113168615,15000,DYCD,260,312,,
4,2008-12-18,"Youth Discretionary (continued) EINI Number Agency Aav# UIA Fiscal Conduit EIN Status (Council, MOC. etc) Member Organization Amount FiscalConduit/Sponsoring Organization *",2009,designate,,Stewart,Preparation Church of God,,112840021,3000,DYCD,260,312,,*;ocr:lowconf
4,2008-12-18,"Youth Discretionary (continued) EINI Number Agency Aav# UIA Fiscal Conduit EIN Status (Council, MOC. etc) Member Organization Amount FiscalConduit/Sponsoring Organization *",2009,designate,,Stewart,Publiç School 119K,,136400434,2000,DYCD,260,312,,ocr:lowconf
4,2008-12-18,"Youth Discretionary (continued) EINI Number Agency Aav# UIA Fiscal Conduit EIN Status (Council, MOC. etc) Member Organization Amount FiscalConduit/Sponsoring Organization *",2009,designate,,Stewart,St. Paul's Lutheran Church,,411568278,5000,DYCD,260,312,,*;ocr:lowconf
4,2008-12-18,"Youth Discretionary (continued) EINI Number Agency Aav# UIA Fiscal Conduit EIN Status (Council, MOC. etc) Member Organization Amount FiscalConduit/Sponsoring Organization *",2009,designate,,Stewart,St. Paul's United Methodist,,111775937,5000,DYCD,260,312,,ocr:lowconf
4,2008-12-18,"Youth Discretionary (continued) EINI Number Agency Aav# UIA Fiscal Conduit EIN Status (Council, MOC. etc) Member Organization Amount FiscalConduit/Sponsoring Organization *",2009,designate,,Stewart,St. Stephen's Lutheran Church,,,5000,DYCD,260,312,,ocr:ein;ocr:lowconf
4,2008-12-18,"Youth Discretionary (continued) EINI Number Agency Aav# UIA Fiscal Conduit EIN Status (Council, MOC. etc) Member Organization Amount FiscalConduit/Sponsoring Organization *",2009,designate,,Stewart,"United States Steelband Association, Inc.",,113612068,14000,DYCD,260,312,,*;ocr:lowconf
4,2008-12-18,"(IOI) Immigrant Opportunities Initiative EIN Agy # UIA MOC, etc) Borough Agency (Council, Organization Number Amount * Status",2009,designate,,Bronx,"Alianza Dominicana, Inc.",,133402057,25000,DYCD,260,005,,ocr:lowconf
4,2008-12-18,"(IOI) Immigrant Opportunities Initiative EIN Agy # UIA MOC, etc) Borough Agency (Council, Organization Number Amount * Status",2009,designate,,Bronx,"Citizens Advice Bureau, Inc., The",,133254484,80000,DYCD,260,005,,ocr:lowconf
4,2008-12-18,"(IOI) Immigrant Opportunities Initiative EIN Agy # UIA MOC, etc) Borough Agency (Council, Organization Number Amount * Status",2009,designate,,Bronx,"City University of New York School of Law Foundation, Inc.",CUNY Citizenship and Immigration Project,113235349,85000,DYCD,260,005,,ocr:lowconf
4,2008-12-18,"(IOI) Immigrant Opportunities Initiative EIN Agy # UIA MOC, etc) Borough Agency (Council, Organization Number Amount * Status",2009,designate,,Bronx,"Committee for Hispanic Children and Families, Inc., The",,112622003,55000,DYCD,260,005,,ocr:lowconf
4,2008-12-18,"(IOI) Immigrant Opportunities Initiative EIN Agy # UIA MOC, etc) Borough Agency (Council, Organization Number Amount * Status",2009,designate,,Bronx,Emerald Isle Immigration Center,,112932528,30000,DYCD,260,005,,ocr:lowconf
4,2008-12-18,"(IOI) Immigrant Opportunities Initiative EIN Agy # UIA MOC, etc) Borough Agency (Council, Organization Number Amount * Status",2009,designate,,Bronx,"Gambian Society in New York, Inc.",,133904936,25000,DYCD,260,005,,ocr:lowconf
4,2008-12-18,"(IOI) Immigrant Opportunities Initiative EIN Agy # UIA MOC, etc) Borough Agency (Council, Organization Number Amount * Status",2009,designate,,Bronx,"International Center in New York, Inc., The",,131946733,25000,DYCD,260,005,,*;ocr:lowconf
4,2008-12-18,"(IOI) Immigrant Opportunities Initiative EIN Agy # UIA MOC, etc) Borough Agency (Council, Organization Number Amount * Status",2009,designate,,Bronx,"Kingsbridge Heights Community Center, Inc.",,132813809,25000,DYCD,260,005,,
4,2008-12-18,"(IOI) Immigrant Opportunities Initiative EIN Agy # UIA MOC, etc) Borough Agency (Council, Organization Number Amount * Status",2009,designate,,Bronx,Legal Aid Society,,135562265,80000,DYCD,260,005,,ocr:lowconf
4,2008-12-18,"(IOI) Immigrant Opportunities Initiative EIN Agy # UIA MOC, etc) Borough Agency (Council, Organization Number Amount * Status",2009,designate,,Bronx,Legal Services NYC,Bronx,132600199,95000,DYCD,260,005,,
4,2008-12-18,"(IOI) Immigrant Opportunities Initiative EIN Agy # UIA MOC, etc) Borough Agency (Council, Organization Number Amount * Status",2009,designate,,Bronx,"Mary Mitchell Youth and Family Center, Inc.",,133385032,25000,DYCD,260,005,,ocr:lowconf
4,2008-12-18,"(IOI) Immigrant Opportunities Initiative EIN Agy # UIA MOC, etc) Borough Agency (Council, Organization Number Amount * Status",2009,designate,,Bronx,"Mosholu-Montefiore Community Center, Inc.",,133622107,35000,DYCD,260,005,,
4,2008-12-18,"(IOI) Immigrant Opportunities Initiative EIN Agy # UIA MOC, etc) Borough Agency (Council, Organization Number Amount * Status",2009,designate,,Bronx,Muslim Women's Institute for Research and Development (MWIRD),,800010627,25000,DYCD,260,005,,*;ocr:lowconf
4,2008-12-18,"(IOI) Immigrant Opportunities Initiative EIN Agy # UIA MOC, etc) Borough Agency (Council, Organization Number Amount * Status",2009,designate,,Bronx,Neighborhood Initiatives Development Corporation (NIDC),,133110811,25000,DYCD,260,005,,ocr:lowconf
4,2008-12-18,"(IOI) Immigrant Opportunities Initiative EIN Agy # UIA MOC, etc) Borough Agency (Council, Organization Number Amount * Status",2009,designate,,Bronx,New York Legal Assistance Group,,133505428,95000,DYCD,260,005,,ocr:lowconf
4,2008-12-18,"(IOI) Immigrant Opportunities Initiative EIN Agy # UIA MOC, etc) Borough Agency (Council, Organization Number Amount * Status",2009,designate,,Bronx,New York State Defenders Association,Immigrant Defense Project,112461900,25000,DYCD,260,005,,ocr:lowconf
4,2008-12-18,"(IOI) Immigrant Opportunities Initiative EIN Agy # UIA MOC, etc) Borough Agency (Council, Organization Number Amount * Status",2009,designate,,Bronx,Phipps Community Development Corporation,,132707665,35000,DYCD,260,005,,ocr:lowconf
4,2008-12-18,"(IOI) Immigrant Opportunities Initiative EIN Agy # UIA MOC, etc) Borough Agency (Council, Organization Number Amount * Status",2009,designate,,Bronx,"Sanctuary for Families, Inc.",,133193119,80000,DYCD,260,005,,ocr:lowconf
4,2008-12-18,"(IOI) Immigrant Opportunities Initiative EIN Agy # UIA MOC, etc) Borough Agency (Council, Organization Number Amount * Status",2009,designate,,Bronx,South Bronx Overall Economic Development Corporation,,132736022,25000,DYCD,260,005,,ocr:lowconf
4,2008-12-18,"(IOI) Immigrant Opportunities Initiative EIN Agy # UIA MOC, etc) Borough Agency (Council, Organization Number Amount * Status",2009,designate,,Bronx,Supportive Childrens Advocacy Network (SCAN),,132912963,35000,DYCD,260,005,,*;ocr:lowconf
4,2008-12-18,"(IOI) Immigrant Opportunities Initiative EIN Agy # UIA MOC, etc) Borough Agency (Council, Organization Number Amount * Status",2009,designate,,Bronx,Urban Justice Center,,133442022,25000,DYCD,260,005,,
4,2008-12-18,"(IOI) Immigrant Opportunities Initiative EIN Agy # UIA MOC, etc) Borough Agency (Council, Organization Number Amount * Status",2009,designate,,Bronx,"West Bronx Housing and Neighborhood Resource Center, Inc.",,132941841,35000,DYCD,260,005,,
4,2008-12-18,"(IOI) Immigrant Opportunities Initiative EIN Agy # UIA MOC, etc) Borough Agency (Council, Organization Number Amount * Status",2009,designate,,Bronx,Youth Ministries For Peace and Justice,,134006535,80000,DYCD,260,005,,*
4,2008-12-18,"(IOI) Immigrant Opportunities Initiative EIN Agy # UIA MOC, etc) Borough Agency (Council, Organization Number Amount * Status",2009,designate,,Brooklyn,"Agudath Israel of America Community Services, Inc.",,133975090,45000,DYCD,260,005,,ocr:lowconf
4,2008-12-18,"(IOI) Immigrant Opportunities Initiative EIN Agy # UIA MOC, etc) Borough Agency (Council, Organization Number Amount * Status",2009,designate,,Brooklyn,Borough Park Jewish Community Council,,113475993,25000,DYCD,260,005,,ocr:lowconf
4,2008-12-18,"(IOI) Immigrant Opportunities Initiative EIN Agy # UIA MOC, etc) Borough Agency (Council, Organization Number Amount * Status",2009,designate,,Brooklyn,"Brooklyn Chinese-American Association, Inc.",,113065859,25000,DYCD,260,005,,ocr:lowconf
4,2008-12-18,"(IOI) Immigrant Opportunities Initiative EIN Agy # UIA MOC, etc) Borough Agency (Council, Organization Number Amount * Status",2009,designate,,Brooklyn,"Brooklyn Chinese-American Association, Inc.",,113065859,25000,DYCD,260,005,,ocr:lowconf
4,2008-12-18,"(IOI) Immigrant Opportunities Initiative EIN Agy # UIA MOC, etc) Borough Agency (Council, Organization Number Amount * Status",2009,designate,,Brooklyn,"Caribbean Women's Health Association, Inc.",,133323168,25833,DYCD,260,005,,*;ocr:lowconf
4,2008-12-18,"(IOI) Immigrant Opportunities Initiative EIN Agy # UIA MOC, etc) Borough Agency (Council, Organization Number Amount * Status",2009,designate,,Brooklyn,Catholic Migration Office,,113048411,25000,DYCD,260,005,,*;ocr:lowconf
4,2008-12-18,"(IOI) Immigrant Opportunities Initiative EIN Agy # UIA MOC, etc) Borough Agency (Council, Organization Number Amount * Status",2009,designate,,Brooklyn,"Center for Law and Social Justice, Medgar Evers College",,131988190,65000,DYCD,260,005,,ocr:lowconf
4,2008-12-18,"(IOI) Immigrant Opportunities Initiative EIN Agy # UIA MOC, etc) Borough Agency (Council, Organization Number Amount * Status",2009,designate,,Brooklyn,Church Avenue Merchants Block Association (CAMBA),,112480339,25834,DYCD,260,005,,ocr:lowconf
4,2008-12-18,"(IOI) Immigrant Opportunities Initiative EIN Agy # UIA MOC, etc) Borough Agency (Council, Organization Number Amount * Status",2009,designate,,Brooklyn,Church of God of East Flatbush,,112939346,31000,DYCD,260,005,,*;ocr:lowconf
4,2008-12-18,"(IOI) Immigrant Opportunities Initiative EIN Agy # UIA MOC, etc) Borough Agency (Council, Organization Number Amount * Status",2009,designate,,Brooklyn,Council of Jewish Emigré Community Organizations,,133955736,25000,DYCD,260,005,,.;ocr:lowconf
4,2008-12-18,"(IOI) Immigrant Opportunities Initiative EIN Agy # UIA MOC, etc) Borough Agency (Council, Organization Number Amount * Status",2009,designate,,Brooklyn,"Council of Jewish Organizations of Flatbush, Inc.",,112864728,25000,DYCD,260,005,,ocr:lowconf
4,2008-12-18,"(IOI) Immigrant Opportunities Initiative EIN Agy # UIA MOC, etc) Borough Agency (Council, Organization Number Amount * Status",2009,designate,,Brooklyn,"Council of Jewish Organizations of Flatbush, Inc.",,112864728,47500,DYCD,260,005,,ocr:lowconf
4,2008-12-18,"(IOI) Immigrant Opportunities Initiative EIN Agy # UIA MOC, etc) Borough Agency (Council, Organization Number Amount * Status",2009,designate,,Brooklyn,Cypress Hills Local Development Corporation,,112683663,77500,DYCD,260,005,,
4,2008-12-18,"(IOI) Immigrant Opportunities Initiative EIN Agy # UIA MOC, etc) Borough Agency (Council, Organization Number Amount * Status",2009,designate,,Brooklyn,Emerald Isle Immigration Center,,112932528,25000,DYCD,260,005,,ocr:lowconf
4,2008-12-18,"(IOI) Immigrant Opportunities Initiative EIN Agy # UIA MOC, etc) Borough Agency (Council, Organization Number Amount * Status",2009,designate,,Brooklyn,Erasmus Neighborhood Federation,,112490986,25833,DYCD,260,005,,*;ocr:lowconf
4,2008-12-18,"(IOI) Immigrant Opportunities Initiative EIN Agy # UIA MOC, etc) Borough Agency (Council, Organization Number Amount * Status",2009,designate,,Brooklyn,"Federation of Italian American Organizations of Brooklyn, Ltd.",,112507910,25000,DYCD,260,005,,ocr:lowconf
4,2008-12-18,"(IOI) Immigrant Opportunities Initiative EIN Agy # UIA MOC, etc) Borough Agency (Council, Organization Number Amount * Status",2009,designate,,Brooklyn,"Jewish Community Council of Greater Coney Island, Inc.",,112665181,47500,DYCD,260,005,,ocr:lowconf
4,2008-12-18,"(IOI) Immigrant Opportunities Initiative EIN Agy # UIA MOC, etc) Borough Agency (Council, Organization Number Amount * Status",2009,designate,,Brooklyn,"Kings Bay YM-YWHA, Inc.",,113068515,25646,DYCD,260,005,,
4,2008-12-18,"(IOI) Immigrant Opportunities Initiative EIN Agy # UIA MOC, etc) Borough Agency (Council, Organization Number Amount * Status",2009,designate,,Brooklyn,Legal Aid Society / Civil Division- Brooklyn,,135562265,,DYCD,260,005,,ocr:amt;ocr:lowconf
4,2008-12-18,"(IOI) Immigrant Opportunities Initiative EIN Agy # UIA MOC, etc) Borough Agency (Council, Organization Number Amount * Status",2009,designate,,Brooklyn,Legal Aid Society I Civil Division- Brooklyn,,135562265,25000,DYCD,260,005,,ocr:lowconf
4,2008-12-18,"(IOI) Immigrant Opportunities Initiative EIN Agy # UIA MOC, etc) Borough Agency (Council, Organization Number Amount * Status",2009,designate,,Brooklyn,Legal Services NYC,Bedford Stuyvesant Community Legal Services Corporation,112149962,61677,DYCD,260,005,,
4,2008-12-18,"(IOI) Immigrant Opportunities Initiative EIN Agy # UIA MOC, etc) Borough Agency (Council, Organization Number Amount * Status",2009,designate,,Brooklyn,"Metropolitan New York Coordinating Council on Jewish Poverty, Inc.",,132738818,35000,DYCD,260,005,,
4,2008-12-18,"(IOI) Immigrant Opportunities Initiative EIN Agy # UIA MOC, etc) Borough Agency (Council, Organization Number Amount * Status",2009,designate,,Brooklyn,"Metropolitan New York Coordinating Council on Jewish Poverty, Inc.",,132738818,25000,DYCD,260,005,,
4,2008-12-18,"(IOI) Immigrant Opportunities Initiative EIN Agy # UIA MOC, etc) Borough Agency (Council, Organization Number Amount * Status",2009,designate,,Brooklyn,"Metropolitan New York Coordinating Council on Jewish Poverty, Inc.",,132738818,70000,DYCD,260,005,,
4,2008-12-18,"(IOI) Immigrant Opportunities Initiative EIN Agy # UIA MOC, etc) Borough Agency (Council, Organization Number Amount * Status",2009,designate,,Brooklyn,"Polish and Slavic Center, Inc.",,112285970,25000,DYCD,260,005,,ocr:lowconf
4,2008-12-18,"(IOI) Immigrant Opportunities Initiative EIN Agy # UIA MOC, etc) Borough Agency (Council, Organization Number Amount * Status",2009,designate,,Brooklyn,"Safe Horizon, Inc",,132946970,25000,DYCD,260,005,,ocr:lowconf
4,2008-12-18,"(IOI) Immigrant Opportunities Initiative EIN Agy # UIA MOC, etc) Borough Agency (Council, Organization Number Amount * Status",2009,designate,,Brooklyn,"Sanctuary for Families, Inc.",,133193119,15000,DYCD,260,005,,
4,2008-12-18,"(IOI) Immigrant Opportunities Initiative EIN Agy # UIA MOC, etc) Borough Agency (Council, Organization Number Amount * Status",2009,designate,,Brooklyn,"Sanctuary for Families, Inc.",,133193119,15000,DYCD,260,005,,
4,2008-12-18,"(IOI) Immigrant Opportunities Initiative EIN Agy # UIA MOC, etc) Borough Agency (Council, Organization Number Amount * Status",2009,designate,,Brooklyn,South Brooklyn Legal Services,,132605605,,DYCD,260,005,,ocr:amt;ocr:lowconf
4,2008-12-18,"(IOI) Immigrant Opportunities Initiative EIN Agy # UIA MOC, etc) Borough Agency (Council, Organization Number Amount * Status",2009,designate,,Brooklyn,"Southside Community Mission, Inc.",,112306447,95000,DYCD,260,005,,ocr:lowconf
4,2008-12-18,"(IOI) Immigrant Opportunities Initiative EIN Agy # UIA MOC, etc) Borough Agency (Council, Organization Number Amount * Status",2009,designate,,Brooklyn,St. John's Bread and Life Program,,113174514,30000,DYCD,260,005,,*;ocr:lowconf
4,2008-12-18,"(IOI) Immigrant Opportunities Initiative EIN Agy # UIA MOC, etc) Borough Agency (Council, Organization Number Amount * Status",2009,designate,,Manhattan,African Services Committee,,133749744,25000,DYCD,260,005,,ocr:lowconf
4,2008-12-18,"(IOI) Immigrant Opportunities Initiative EIN Agy # UIA MOC, etc) Borough Agency (Council, Organization Number Amount * Status",2009,designate,,Manhattan,Asian Americans for Equality,,133187792,25000,DYCD,260,005,,
4,2008-12-18,"(IOI) Immigrant Opportunities Initiative EIN Agy # UIA MOC, etc) Borough Agency (Council, Organization Number Amount * Status",2009,designate,,Manhattan,"Chinese American Planning Council, Inc.",,136202692,25000,DYCD,260,005,,
4,2008-12-18,"(IOI) Immigrant Opportunities Initiative EIN Agy # UIA MOC, etc) Borough Agency (Council, Organization Number Amount * Status",2009,designate,,Manhattan,"City University of New York School of Law Foundation, Inc.",CUNY Citizenship and Immigration Project,113235349,25000,DYCD,260,005,,*;ocr:lowconf
4,2008-12-18,"(IOI) Immigrant Opportunities Initiative EIN Agy # UIA MOC, etc) Borough Agency (Council, Organization Number Amount * Status",2009,designate,,Manhattan,"City University of New York School of Law Foundation, Inc.",CUNY Citizenship and Immigration Project,113235349,25000,DYCD,260,005,,*;ocr:lowconf
4,2008-12-18,"(IOI) Immigrant Opportunities Initiative EIN Agy # UIA MOC, etc) Borough Agency (Council, Organization Number Amount * Status",2009,designate,,Manhattan,"Committee for Hispanic Children and Families, Inc., The",,112622003,25000,DYCD,260,005,,ocr:lowconf
4,2008-12-18,"(IOI) Immigrant Opportunities Initiative EIN Agy # UIA MOC, etc) Borough Agency (Council, Organization Number Amount * Status",2009,designate,,Manhattan,"Comprehensive Development, Inc.",,133861648,25000,DYCD,260,005,,ocr:lowconf
4,2008-12-18,"(IOI) Immigrant Opportunities Initiative EIN Agy # UIA MOC, etc) Borough Agency (Council, Organization Number Amount * Status",2009,designate,,Manhattan,Dominican Women' 's Development Center,,133593885,25000,DYCD,260,005,,*;ocr:lowconf
4,2008-12-18,"(IOI) Immigrant Opportunities Initiative EIN Agy # UIA MOC, etc) Borough Agency (Council, Organization Number Amount * Status",2009,designate,,Manhattan,Dominican Women's Development Center,,133593885,25000,DYCD,260,005,,ocr:lowconf
4,2008-12-18,"(IOI) Immigrant Opportunities Initiative EIN Agy # UIA MOC, etc) Borough Agency (Council, Organization Number Amount * Status",2009,designate,,Manhattan,"HIV Law Project, Inc., The",,133730564,25000,DYCD,260,005,,ocr:lowconf
4,2008-12-18,"(IOI) Immigrant Opportunities Initiative EIN Agy # UIA MOC, etc) Borough Agency (Council, Organization Number Amount * Status",2009,designate,,Manhattan,"HIV Law Project, Inc., The",,133730564,25000,DYCD,260,005,,ocr:lowconf
4,2008-12-18,"(IOI) Immigrant Opportunities Initiative EIN Agy # UIA MOC, etc) Borough Agency (Council, Organization Number Amount * Status",2009,designate,,Manhattan,"Housing Conservation Coordinators, Inc.",,510141489,25000,DYCD,260,005,,
4,2008-12-18,"(IOI) Immigrant Opportunities Initiative EIN Agy # UIA MOC, etc) Borough Agency (Council, Organization Number Amount * Status",2009,designate,,Manhattan,"Housing Conservation Coordinators, Inc.",,510141489,25000,DYCD,260,005,,ocr:lowconf
4,2008-12-18,"(IOI) Immigrant Opportunities Initiative EIN Agy # UIA MOC, etc) Borough Agency (Council, Organization Number Amount * Status",2009,designate,,Manhattan,Legal Aid Society,,135562265,85000,DYCD,260,005,,ocr:lowconf
4,2008-12-18,"(IOI) Immigrant Opportunities Initiative EIN Agy # UIA MOC, etc) Borough Agency (Council, Organization Number Amount * Status",2009,designate,,Manhattan,"Lenox Hill Neighborhood House, Inc.",,131628180,25000,DYCD,260,005,,ocr:lowconf
4,2008-12-18,"(IOI) Immigrant Opportunities Initiative EIN Agy # UIA MOC, etc) Borough Agency (Council, Organization Number Amount * Status",2009,designate,,Manhattan,"Lenox Hill Neighborhood House, Inc.",,131628180,25000,DYCD,260,005,,ocr:lowconf
4,2008-12-18,"(IOI) Immigrant Opportunities Initiative EIN Agy # UIA MOC, etc) Borough Agency (Council, Organization Number Amount * Status",2009,designate,,Manhattan,"Little Sisters of the Assumption Family Health Service, Inc.",,132867881,25000,DYCD,260,005,,
4,2008-12-18,"(IOI) Immigrant Opportunities Initiative EIN Agy # UIA MOC, etc) Borough Agency (Council, Organization Number Amount * Status",2009,designate,,Manhattan,"Metropolitan New York Coordinating Council on Jewish Poverty, Inc.",,132738818,25000,DYCD,260,005,,ocr:lowconf
4,2008-12-18,"(IOI) Immigrant Opportunities Initiative EIN Agy # UIA MOC, etc) Borough Agency (Council, Organization Number Amount * Status",2009,designate,,Manhattan,"MFY Legal Services, Inc.",,132622748,85000,DYCD,260,005,,
4,2008-12-18,"(IOI) Immigrant Opportunities Initiative EIN Agy # UIA MOC, etc) Borough Agency (Council, Organization Number Amount * Status",2009,designate,,Manhattan,"MFY Legal Services, Inc.",,132622748,25000,DYCD,260,005,,ocr:lowconf
4,2008-12-18,"(IOI) Immigrant Opportunities Initiative EIN Agy # UIA MOC, etc) Borough Agency (Council, Organization Number Amount * Status",2009,designate,,Manhattan,"Neighborhood Defender Service, Inc.",,061296692,25000,DYCD,260,005,,*
4,2008-12-18,"(IOI) Immigrant Opportunities Initiative EIN Agy # UIA MOC, etc) Borough Agency (Council, Organization Number Amount * Status",2009,designate,,Manhattan,"Neighborhood Defender Service, Inc.",,061296692,25000,DYCD,260,005,,*;ocr:lowconf
4,2008-12-18,"(IOI) Immigrant Opportunities Initiative EIN Agy # UIA MOC, etc) Borough Agency (Council, Organization Number Amount * Status",2009,designate,,Manhattan,Northern Manhattan Coalition for Immigrant Rights,,133255591,25000,DYCD,260,005,,*
4,2008-12-18,"(IOI) Immigrant Opportunities Initiative EIN Agy # UIA MOC, etc) Borough Agency (Council, Organization Number Amount * Status",2009,designate,,Manhattan,Northern Manhattan Coalition for Immigrant Rights,,133255591,25000,DYCD,260,005,,*;ocr:lowconf
4,2008-12-18,"(IOI) Immigrant Opportunities Initiative EIN Agy # UIA MOC, etc) Borough Agency (Council, Organization Number Amount * Status",2009,designate,,Manhattan,Northern Manhattan Improvement Corporation,,132972415,25000,DYCD,260,005,,
4,2008-12-18,"(IOI) Immigrant Opportunities Initiative EIN Agy # UIA MOC, etc) Borough Agency (Council, Organization Number Amount * Status",2009,designate,,Manhattan,NYU Immigrant Law Clinic,,135562308,25000,DYCD,260,005,,*
4,2008-12-18,"(IOI) Immigrant Opportunities Initiative EIN Agy # UIA MOC, etc) Borough Agency (Council, Organization Number Amount * Status",2009,designate,,Manhattan,"Riverside Language Program, Inc",,133280364,25000,DYCD,260,005,,ocr:lowconf
4,2008-12-18,"(IOI) Immigrant Opportunities Initiative EIN Agy # UIA MOC, etc) Borough Agency (Council, Organization Number Amount * Status",2009,designate,,Manhattan,"Riverside Language Program, Inc",,133280364,25000,DYCD,260,005,,ocr:lowconf
4,2008-12-18,"(IOI) Immigrant Opportunities Initiative EIN Agy # UIA MOC, etc) Borough Agency (Council, Organization Number Amount * Status",2009,designate,,Manhattan,"Sanctuary for Families, Inc.",,133193119,25000,DYCD,260,005,,
4,2008-12-18,"(IOI) Immigrant Opportunities Initiative EIN Agy # UIA MOC, etc) Borough Agency (Council, Organization Number Amount * Status",2009,designate,,Manhattan,Upper Manhattan Council Assisting Neighbors,,134042093,25000,DYCD,260,005,,*;ocr:lowconf
4,2008-12-18,"(IOI) Immigrant Opportunities Initiative EIN Agy # UIA MOC, etc) Borough Agency (Council, Organization Number Amount * Status",2009,designate,,Manhattan,Urban Justice Center,,133442022,25000,DYCD,260,005,,
4,2008-12-18,"(IOI) Immigrant Opportunities Initiative EIN Agy # UIA MOC, etc) Borough Agency (Council, Organization Number Amount * Status",2009,designate,,Manhattan,Urban Justice Center,,133442022,25000,DYCD,260,005,,
4,2008-12-18,"(IOI) Immigrant Opportunities Initiative EIN Agy # UIA MOC, etc) Borough Agency (Council, Organization Number Amount * Status",2009,designate,,Queens,"Association of the Bar of the City of New York Fund, Inc.",City Bar Justice Center,136003018,80000,DYCD,260,005,,*
4,2008-12-18,"(IOI) Immigrant Opportunities Initiative EIN Agy # UIA MOC, etc) Borough Agency (Council, Organization Number Amount * Status",2009,designate,,Queens,Central American Legal Assistance,,112859151,80000,DYCD,260,005,,ocr:lowconf
4,2008-12-18,"(IOI) Immigrant Opportunities Initiative EIN Agy # UIA MOC, etc) Borough Agency (Council, Organization Number Amount * Status",2009,designate,,Queens,Community Legal Resource Network (CLRN),,113235349,160000,DYCD,260,005,,*;ocr:lowconf
4,2008-12-18,"(IOI) Immigrant Opportunities Initiative EIN Agy # UIA MOC, etc) Borough Agency (Council, Organization Number Amount * Status",2009,designate,,Queens,Emerald Isle Immigration Center,,112932528,160000,DYCD,260,005,,ocr:lowconf
4,2008-12-18,"(IOI) Immigrant Opportunities Initiative EIN Agy # UIA MOC, etc) Borough Agency (Council, Organization Number Amount * Status",2009,designate,,Queens,"Hellenic American Neighborhood Action Committee, Inc. (HANAC)",,112290832,155000,DYCD,260,005,,
4,2008-12-18,"(IOI) Immigrant Opportunities Initiative EIN Agy # UIA MOC, etc) Borough Agency (Council, Organization Number Amount * Status",2009,designate,,Queens,Legal Services NYC,Queens Legal Services Corporation,132605604,160000,DYCD,260,005,,
4,2008-12-18,"(IOI) Immigrant Opportunities Initiative EIN Agy # UIA MOC, etc) Borough Agency (Council, Organization Number Amount * Status",2009,designate,,Queens,"Metropolitan New York Coordinating Council on Jewish Poverty, Inc.",,132738818,160000,DYCD,260,005,,ocr:lowconf
4,2008-12-18,"(IOI) Immigrant Opportunities Initiative EIN Agy # UIA MOC, etc) Borough Agency (Council, Organization Number Amount * Status",2009,designate,,Queens,New York Legal Assistance Group,,133505428,160000,DYCD,260,005,,ocr:lowconf
4,2008-12-18,"(IOI) Immigrant Opportunities Initiative EIN Agy # UIA MOC, etc) Borough Agency (Council, Organization Number Amount * Status",2009,designate,,Queens,"Sanctuary for Families, Inc.",,133193119,160000,DYCD,260,005,,
4,2008-12-18,"(IOI) Immigrant Opportunities Initiative EIN Agy # UIA MOC, etc) Borough Agency (Council, Organization Number Amount * Status",2009,designate,,Queens,"South Queens Boys and Girls Club, Inc.",,111966067,,DYCD,260,005,,ocr:amt;ocr:lowconf
4,2008-12-18,"(IOI) Immigrant Opportunities Initiative EIN Agy # UIA MOC, etc) Borough Agency (Council, Organization Number Amount * Status",2009,designate,,Queens,"Young Korean American Service and Education Center, Inc.",,112710506,45000,DYCD,260,005,,
4,2008-12-18,"(IOI) Immigrant Opportunities Initiative EIN Agy # UIA MOC, etc) Borough Agency (Council, Organization Number Amount * Status",2009,designate,,Staten Island,"American Italian Coalition of Organizations, Inc. (AMICO)",,112488439,35000,DYCD,260,005,,ocr:lowconf
4,2008-12-18,"(IOI) Immigrant Opportunities Initiative EIN Agy # UIA MOC, etc) Borough Agency (Council, Organization Number Amount * Status",2009,designate,,Staten Island,Central Family Life Center,,133626127,25000,DYCD,260,005,,
4,2008-12-18,"(IOI) Immigrant Opportunities Initiative EIN Agy # UIA MOC, etc) Borough Agency (Council, Organization Number Amount * Status",2009,designate,,Staten Island,"Jewish Community Center of Staten Island, Inc.",,135562256,40000,DYCD,260,005,,
4,2008-12-18,"(IOI) Immigrant Opportunities Initiative EIN Agy # UIA MOC, etc) Borough Agency (Council, Organization Number Amount * Status",2009,designate,,Staten Island,"Jewish Community Center of Staten Island, Inc.",,135562256,37500,DYCD,260,005,,ocr:lowconf
4,2008-12-18,"(IOI) Immigrant Opportunities Initiative EIN Agy # UIA MOC, etc) Borough Agency (Council, Organization Number Amount * Status",2009,designate,,Staten Island,"Jewish Community Center of Staten Island, Inc.",,135562256,40000,DYCD,260,005,,ocr:lowconf
4,2008-12-18,"(IOI) Immigrant Opportunities Initiative EIN Agy # UIA MOC, etc) Borough Agency (Council, Organization Number Amount * Status",2009,designate,,Staten Island,Legal Services NYC,Staten Island Legal Services,132600199,140000,DYCD,260,005,,
4,2008-12-18,"(IOI) Immigrant Opportunities Initiative EIN Agy # UIA MOC, etc) Borough Agency (Council, Organization Number Amount * Status",2009,designate,,Staten Island,"Polonians Organized to Minister Our Community (POMOC), Inc.",St. Stanislaus Kostka Church,112594500,37500,DYCD,260,005,,ocr:lowconf
4,2008-12-18,"(IOI) Immigrant Opportunities Initiative EIN Agy # UIA MOC, etc) Borough Agency (Council, Organization Number Amount * Status",2009,designate,,Staten Island,Staten Island Employment Education Consortium,,133097367,30000,DYCD,260,005,,*;ocr:lowconf
4,2008-12-18,"(IOI) Immigrant Opportunities Initiative EIN Agy # UIA MOC, etc) Borough Agency (Council, Organization Number Amount * Status",2009,designate,,Staten Island,Staten Island Employment Education Consortium,,133097367,60000,DYCD,260,005,,*;ocr:lowconf
4,2008-12-18,"(IOI) Immigrant Opportunities Initiative EIN Agy # UIA MOC, etc) Borough Agency (Council, Organization Number Amount * Status",2009,designate,,Bronx,"Citizens Advice Bureau, Inc., The",,133254484,,DYCD,260,005,,ocr:amt;ocr:lowconf
4,2008-12-18,"(IOI) Immigrant Opportunities Initiative EIN Agy # UIA MOC, etc) Borough Agency (Council, Organization Number Amount * Status",2009,designate,,Bronx,Fordham Bedford,Children's Services,133805049,,DYCD,260,005,,*;ocr:amt;ocr:lowconf
4,2008-12-18,"(IOI) Immigrant Opportunities Initiative EIN Agy # UIA MOC, etc) Borough Agency (Council, Organization Number Amount * Status",2009,designate,,Bronx,Highbridge Community Life Center,,133015539,,DYCD,260,005,,ocr:amt
4,2008-12-18,"(IOI) Immigrant Opportunities Initiative EIN Agy # UIA MOC, etc) Borough Agency (Council, Organization Number Amount * Status",2009,designate,,Bronx,"Kingsbridge Heights Community Center, Inc.",,132813809,,DYCD,260,005,,*;ocr:amt;ocr:lowconf
4,2008-12-18,"(IOI) Immigrant Opportunities Initiative EIN Agy # UIA MOC, etc) Borough Agency (Council, Organization Number Amount * Status",2009,designate,,Bronx,"Literacy Partners, Inc.",,510180665,,DYCD,260,005,,*;ocr:amt;ocr:lowconf
4,2008-12-18,"(IOI) Immigrant Opportunities Initiative EIN Agy # UIA MOC, etc) Borough Agency (Council, Organization Number Amount * Status",2009,designate,,Bronx,Mercy Center,,133865634,,DYCD,260,005,,ocr:amt
4,2008-12-18,"(IOI) Immigrant Opportunities Initiative EIN Agy # UIA MOC, etc) Borough Agency (Council, Organization Number Amount * Status",2009,designate,,Bronx,Phipps Community Development Corporation,,132707665,,DYCD,260,005,,ocr:amt;ocr:lowconf
4,2008-12-18,"(IOI) Immigrant Opportunities Initiative EIN Agy # UIA MOC, etc) Borough Agency (Council, Organization Number Amount * Status",2009,designate,,Bronx,South Bronx Overal! Economic Development Corporation,,132736022,,DYCD,260,005,,ocr:amt;ocr:lowconf
4,2008-12-18,"(IOI) Immigrant Opportunities Initiative EIN Agy # UIA MOC, etc) Borough Agency (Council, Organization Number Amount * Status",2009,designate,,Brooklyn,"Agudath Israel of America Community Services, Inc.",,133975090,,DYCD,260,005,,ocr:amt;ocr:lowconf
4,2008-12-18,"(IOI) Immigrant Opportunities Initiative EIN Agy # UIA MOC, etc) Borough Agency (Council, Organization Number Amount * Status",2009,designate,,Brooklyn,Church Avenue Merchants Block Association (CAMBA),,112480339,,DYCD,260,005,,ocr:amt;ocr:lowconf
4,2008-12-18,"(IOI) Immigrant Opportunities Initiative EIN Agy # UIA MOC, etc) Borough Agency (Council, Organization Number Amount * Status",2009,designate,,Brooklyn,Cypress Hills Local Development Corporation,,112683663,,DYCD,260,005,,ocr:amt
4,2008-12-18,"(IOI) Immigrant Opportunities Initiative EIN Agy # UIA MOC, etc) Borough Agency (Council, Organization Number Amount * Status",2009,designate,,Brooklyn,Discipleship Outreach Ministries (Turning Point),,112838138,,DYCD,260,005,,ocr:amt;ocr:lowconf
4,2008-12-18,"(IOI) Immigrant Opportunities Initiative EIN Agy # UIA MOC, etc) Borough Agency (Council, Organization Number Amount * Status",2009,designate,,Brooklyn,Edith and Carl Marks Jewish Community House of Bensonhurst,,111633484,,DYCD,260,005,,ocr:amt;ocr:lowconf
4,2008-12-18,"(IOI) Immigrant Opportunities Initiative EIN Agy # UIA MOC, etc) Borough Agency (Council, Organization Number Amount * Status",2009,designate,,Brooklyn,"Fifth Avenue Committee, Inc.",,112475743,,DYCD,260,005,,ocr:amt;ocr:lowconf
4,2008-12-18,"(IOI) Immigrant Opportunities Initiative EIN Agy # UIA MOC, etc) Borough Agency (Council, Organization Number Amount * Status",2009,designate,,Brooklyn,Lutheran Family Health Center's Family Support Center,,111839567,,DYCD,260,005,,ocr:amt
4,2008-12-18,"(IOI) Immigrant Opportunities Initiative EIN Agy # UIA MOC, etc) Borough Agency (Council, Organization Number Amount * Status",2009,designate,,Brooklyn,Opportunities for a Better Tomorrow,,112934620,,DYCD,260,005,,ocr:amt;ocr:lowconf
4,2008-12-18,"(IOI) Immigrant Opportunities Initiative EIN Agy # UIA MOC, etc) Borough Agency (Council, Organization Number Amount * Status",2009,designate,,Brooklyn,"Shorefront Jewish Community Council, Inc.",,112986161,,DYCD,260,005,,*;ocr:amt;ocr:lowconf
4,2008-12-18,"(IOI) Immigrant Opportunities Initiative EIN Agy # UIA MOC, etc) Borough Agency (Council, Organization Number Amount * Status",2009,designate,,Brooklyn,"St. Mary's Community Service, Inc.",,112954971,,DYCD,260,005,,ocr:amt
4,2008-12-18,"(IOI) Immigrant Opportunities Initiative EIN Agy # UIA MOC, etc) Borough Agency (Council, Organization Number Amount * Status",2009,designate,,Brooklyn,St. Nicholas Neighborhood Preservation Corporation,,510192170,,DYCD,260,005,,ocr:amt;ocr:lowconf
4,2008-12-18,"(IOI) Immigrant Opportunities Initiative EIN Agy # UIA MOC, etc) Borough Agency (Council, Organization Number Amount * Status",2009,designate,,Brooklyn,St. Rita's Roman Catholic Church,,111711002,,DYCD,260,005,,*;ocr:amt;ocr:lowconf
4,2008-12-18,"(IOI) Immigrant Opportunities Initiative EIN Agy # UIA MOC, etc) Borough Agency (Council, Organization Number Amount * Status",2009,designate,,Manhattan,"Alianza Dominicana, Inc.",,133402057,,DYCD,260,005,,ocr:amt;ocr:lowconf
4,2008-12-18,"(IOI) Immigrant Opportunities Initiative EIN Agy # UIA MOC, etc) Borough Agency (Council, Organization Number Amount * Status",2009,designate,,Manhattan,"Chinatown Manpower Project, Inc.",,132755214,,DYCD,260,005,,ocr:amt;ocr:lowconf
4,2008-12-18,"(IOI) Immigrant Opportunities Initiative EIN Agy # UIA MOC, etc) Borough Agency (Council, Organization Number Amount * Status",2009,designate,,Manhattan,Indo-China Sino American Senior Citizen Center,,133584616,,DYCD,260,005,,*;ocr:amt;ocr:lowconf
4,2008-12-18,"(IOI) Immigrant Opportunities Initiative EIN Agy # UIA MOC, etc) Borough Agency (Council, Organization Number Amount * Status",2009,designate,,Manhattan,"Literacy Partners, Inc.",,510180665,,DYCD,260,005,,ocr:amt
4,2008-12-18,"(IOI) Immigrant Opportunities Initiative EIN Agy # UIA MOC, etc) Borough Agency (Council, Organization Number Amount * Status",2009,designate,,Manhattan,Northern Manhattan Improvement Corporation,,132972415,,DYCD,260,005,,ocr:amt;ocr:lowconf
4,2008-12-18,"(IOI) Immigrant Opportunities Initiative EIN Agy # UIA MOC, etc) Borough Agency (Council, Organization Number Amount * Status",2009,designate,,Manhattan,"Riverside Language Program, Inc",,133280364,,DYCD,260,005,,ocr:amt
4,2008-12-18,"(IOI) Immigrant Opportunities Initiative EIN Agy # UIA MOC, etc) Borough Agency (Council, Organization Number Amount * Status",2009,designate,,Manhattan,University Settlement Society of New York,,135562374,,DYCD,260,005,,ocr:amt;ocr:lowconf
4,2008-12-18,"(IOI) Immigrant Opportunities Initiative EIN Agy # UIA MOC, etc) Borough Agency (Council, Organization Number Amount * Status",2009,designate,,Manhattan,Young Men's Christian Association of Greater New York,,131624228,,DYCD,260,005,,ocr:amt
4,2008-12-18,"(IOI) Immigrant Opportunities Initiative EIN Agy # UIA MOC, etc) Borough Agency (Council, Organization Number Amount * Status",2009,designate,,Queens,Asian Americans for Equality,,133187792,,DYCD,260,005,,ocr:amt;ocr:lowconf
4,2008-12-18,"(IOI) Immigrant Opportunities Initiative EIN Agy # UIA MOC, etc) Borough Agency (Council, Organization Number Amount * Status",2009,designate,,Queens,"Centro Hispano Cuzcatlan, Inc.",,113559496,,DYCD,260,005,,*;ocr:amt;ocr:lowconf
4,2008-12-18,"(IOI) Immigrant Opportunities Initiative EIN Agy # UIA MOC, etc) Borough Agency (Council, Organization Number Amount * Status",2009,designate,,Queens,"Dominico-American Society of Queens, Inc.",,061389895,,DYCD,260,005,,ocr:amt;ocr:lowconf
4,2008-12-18,"(IOI) Immigrant Opportunities Initiative EIN Agy # UIA MOC, etc) Borough Agency (Council, Organization Number Amount * Status",2009,designate,,Queens,"Ecuadorian International Center, Inc.",,010627174,,DYCD,260,005,,*;ocr:amt;ocr:lowconf
4,2008-12-18,"(IOI) Immigrant Opportunities Initiative EIN Agy # UIA MOC, etc) Borough Agency (Council, Organization Number Amount * Status",2009,designate,,Queens,"Greater Ridgewood Youth Council, Inc.",,112518141,,DYCD,260,005,,ocr:amt;ocr:lowconf
4,2008-12-18,"(IOI) Immigrant Opportunities Initiative EIN Agy # UIA MOC, etc) Borough Agency (Council, Organization Number Amount * Status",2009,designate,,Queens,"Haitian Americans United for Progress, Inc.",,112423857,,DYCD,260,005,,ocr:amt;ocr:lowconf
4,2008-12-18,"(IOI) Immigrant Opportunities Initiative EIN Agy # UIA MOC, etc) Borough Agency (Council, Organization Number Amount * Status",2009,designate,,Queens,"Hellenic American Neighborhood Action Committee, Inc. (HANAC)",,112290832,,DYCD,260,005,,ocr:amt;ocr:lowconf
4,2008-12-18,"(IOI) Immigrant Opportunities Initiative EIN Agy # UIA MOC, etc) Borough Agency (Council, Organization Number Amount * Status",2009,designate,,Queens,"Korean Community Services of Metropolitan New York, Inc.",,237348989,,DYCD,260,005,,ocr:amt;ocr:lowconf
4,2008-12-18,"(IOI) Immigrant Opportunities Initiative EIN Agy # UIA MOC, etc) Borough Agency (Council, Organization Number Amount * Status",2009,designate,,Queens,Make the Road New York,,113344389,,DYCD,260,005,,ocr:amt
4,2008-12-18,"(IOI) Immigrant Opportunities Initiative EIN Agy # UIA MOC, etc) Borough Agency (Council, Organization Number Amount * Status",2009,designate,,Queens,"Queens Community House, Inc.",,112375583,,DYCD,260,005,,ocr:amt
4,2008-12-18,"(IOI) Immigrant Opportunities Initiative EIN Agy # UIA MOC, etc) Borough Agency (Council, Organization Number Amount * Status",2009,designate,,Queens,St. George's Episcopal Church,,,,DYCD,260,005,,ocr:ein;ocr:amt;ocr:lowconf
4,2008-12-18,"(IOI) Immigrant Opportunities Initiative EIN Agy # UIA MOC, etc) Borough Agency (Council, Organization Number Amount * Status",2009,designate,,Staten Island,"American-ltalian Coalition of Organizations, Inc. (AMICO)",,112488439,10000,DYCD,260,005,,
4,2008-12-18,"(IOI) Immigrant Opportunities Initiative EIN Agy # UIA MOC, etc) Borough Agency (Council, Organization Number Amount * Status",2009,designate,,Staten Island,"Jewish Community Center of Staten Island, Inc.",,135562256,,DYCD,260,005,,ocr:amt;ocr:lowconf
4,2008-12-18,"(IOI) Immigrant Opportunities Initiative EIN Agy # UIA MOC, etc) Borough Agency (Council, Organization Number Amount * Status",2009,designate,,Staten Island,Staten Island Employment Education Consortium,,133097367,,DYCD,260,005,,*;ocr:amt;ocr:lowconf
4,2008-12-18,"(IOI) Immigrant Opportunities Initiative EIN Agy # UIA MOC, etc) Borough Agency (Council, Organization Number Amount * Status",2009,designate,,Adult Literacy/Host,Outreach,,,,,,,,ocr:ein;ocr:amt;ocr:member
4,2008-12-18,"(IOI) Immigrant Opportunities Initiative EIN Agy # UIA MOC, etc) Borough Agency (Council, Organization Number Amount * Status",2009,designate,,Bronx,"Citizens Advice Bureau, Inc., The",,133254484,10000,DYCD,260,005,,
4,2008-12-18,"(IOI) Immigrant Opportunities Initiative EIN Agy # UIA MOC, etc) Borough Agency (Council, Organization Number Amount * Status",2009,designate,,Bronx,"Mosholu-Montefiore Community Center, Inc.",,133622107,10000,DYCD,260,005,,
4,2008-12-18,"(IOI) Immigrant Opportunities Initiative EIN Agy # UIA MOC, etc) Borough Agency (Council, Organization Number Amount * Status",2009,designate,,Brooklyn,Bedford Stuyvesant Restoration Corporation,,116083182,10000,DYCD,260,005,,
4,2008-12-18,"(IOI) Immigrant Opportunities Initiative EIN Agy # UIA MOC, etc) Borough Agency (Council, Organization Number Amount * Status",2009,designate,,Brooklyn,"Council of Jewish Organizations of Flatbush, Inc.",,112864728,10000,DYCD,260,005,,ocr:lowconf
4,2008-12-18,"(IOI) Immigrant Opportunities Initiative EIN Agy # UIA MOC, etc) Borough Agency (Council, Organization Number Amount * Status",2009,designate,,Brooklyn,El Puente de Williamsburg,,112614265,10000,DYCD,260,005,,
4,2008-12-18,"(IOI) Immigrant Opportunities Initiative EIN Agy # UIA MOC, etc) Borough Agency (Council, Organization Number Amount * Status",2009,designate,,Brooklyn,"Flatbush Haitian Center, Inc.",,112758014,10000,DYCD,260,005,,*;ocr:lowconf
4,2008-12-18,"(IOI) Immigrant Opportunities Initiative EIN Agy # UIA MOC, etc) Borough Agency (Council, Organization Number Amount * Status",2009,designate,,Brooklyn,Maura Clarke-Ita Ford Center,,113188470,10000,DYCD,260,005,,*;ocr:lowconf
4,2008-12-18,"(IOI) Immigrant Opportunities Initiative EIN Agy # UIA MOC, etc) Borough Agency (Council, Organization Number Amount * Status",2009,designate,,Brooklyn,SCO Family of Services,,112777066,10000,DYCD,260,005,,ocr:lowconf
4,2008-12-18,"(IOI) Immigrant Opportunities Initiative EIN Agy # UIA MOC, etc) Borough Agency (Council, Organization Number Amount * Status",2009,designate,,Citywide,"Fortune Society, Inc., The",,132645436,10000,DYCD,260,005,,ocr:lowconf
4,2008-12-18,"(IOI) Immigrant Opportunities Initiative EIN Agy # UIA MOC, etc) Borough Agency (Council, Organization Number Amount * Status",2009,designate,,Manhattan,African Services Committee,,133749744,10000,DYCD,260,005,,ocr:lowconf
4,2008-12-18,"(IOI) Immigrant Opportunities Initiative EIN Agy # UIA MOC, etc) Borough Agency (Council, Organization Number Amount * Status",2009,designate,,Manhattan,College of Mount Saint Vincent,,131740445,10000,DYCD,260,005,,*;ocr:lowconf
4,2008-12-18,"(IOI) Immigrant Opportunities Initiative EIN Agy # UIA MOC, etc) Borough Agency (Council, Organization Number Amount * Status",2009,designate,,Manhattan,"Esperanza del Barrio, Inc.",,753128396,10000,DYCD,260,005,,*
4,2008-12-18,"(IOI) Immigrant Opportunities Initiative EIN Agy # UIA MOC, etc) Borough Agency (Council, Organization Number Amount * Status",2009,designate,,Manhattan,Inwood Community Services,,133087407,10000,DYCD,260,005,,
4,2008-12-18,"(IOI) Immigrant Opportunities Initiative EIN Agy # UIA MOC, etc) Borough Agency (Council, Organization Number Amount * Status",2009,designate,,Manhattan,"Little Sisters of the Assumption Family Health Service, Inc.",,132867881,10000,DYCD,260,005,,ocr:lowconf
4,2008-12-18,"(IOI) Immigrant Opportunities Initiative EIN Agy # UIA MOC, etc) Borough Agency (Council, Organization Number Amount * Status",2009,designate,,Manhattan,"Union Settlement Association, Inc.",,131632530,10000,DYCD,260,005,,
4,2008-12-18,"(IOI) Immigrant Opportunities Initiative EIN Agy # UIA MOC, etc) Borough Agency (Council, Organization Number Amount * Status",2009,designate,,Manhattan,Young Men's and Young Women's Hebrew Association of Washington Heights and Inwood,,131635308,10000,DYCD,260,005,,ocr:lowconf
4,2008-12-18,"(IOI) Immigrant Opportunities Initiative EIN Agy # UIA MOC, etc) Borough Agency (Council, Organization Number Amount * Status",2009,designate,,Queens,"Central Queens YM & YWHA, Inc.",,111633509,10000,DYCD,260,005,,*;ocr:lowconf
4,2008-12-18,"(IOI) Immigrant Opportunities Initiative EIN Agy # UIA MOC, etc) Borough Agency (Council, Organization Number Amount * Status",2009,designate,,Queens,"Jacob A. Riis Neighborhood Settlement House, Inc.",,111729398,10000,DYCD,260,005,,
4,2008-12-18,"(IOI) Immigrant Opportunities Initiative EIN Agy # UIA MOC, etc) Borough Agency (Council, Organization Number Amount * Status",2009,designate,,Queens,New Immigrant Community Empowerment (NICE),,113560625,10000,DYCD,260,005,,*;ocr:lowconf
4,2008-12-18,"(IOI) Immigrant Opportunities Initiative EIN Agy # UIA MOC, etc) Borough Agency (Council, Organization Number Amount * Status",2009,designate,,Queens,"Southern Queens Park Association, Inc.",,112432846,10000,DYCD,260,005,,ocr:lowconf
4,2008-12-18,"(IOI) Immigrant Opportunities Initiative EIN Agy # UIA MOC, etc) Borough Agency (Council, Organization Number Amount * Status",2009,designate,,,"National Black Leadership Commission on AIDS, Inc.",,133530740,356151,DOHMH,816,112,,*;ocr:lowconf
4,2008-12-18,"(IOI) Immigrant Opportunities Initiative EIN Agy # UIA MOC, etc) Borough Agency (Council, Organization Number Amount * Status",2009,designate,,,"National Black Leadership Commission on AIDS, Inc.",Abyssinian Baptist Church,133530740,10000,DOHMH!,816,112,,ocr:agency;ocr:lowconf
4,2008-12-18,"(IOI) Immigrant Opportunities Initiative EIN Agy # UIA MOC, etc) Borough Agency (Council, Organization Number Amount * Status",2009,designate,,,"National Black Leadership Commission on AIDS, Inc.",Antioch Baptist Church/Brooklyn,133530740,10000,DOHMH,816,112,,ocr:lowconf
4,2008-12-18,"(IOI) Immigrant Opportunities Initiative EIN Agy # UIA MOC, etc) Borough Agency (Council, Organization Number Amount * Status",2009,designate,,,"National Black Leadership Commission on AIDS, Inc. Antioch Baptist Church/Manhattan",,133530740,10000,DOHMH,816,112,,ocr:lowconf
4,2008-12-18,"(IOI) Immigrant Opportunities Initiative EIN Agy # UIA MOC, etc) Borough Agency (Council, Organization Number Amount * Status",2009,designate,,,"National Black Leadership Commission on AIDS, Inc.",Bedford Central Presbyterian,133530740,10000,DOHMH,816,112,,*;ocr:lowconf
4,2008-12-18,"(IOI) Immigrant Opportunities Initiative EIN Agy # UIA MOC, etc) Borough Agency (Council, Organization Number Amount * Status",2009,designate,,,"National Black Leadership Commission on AIDS, Inc. Berean Baptist Church",,133530740,10000,DOHMH,816,112,,*;ocr:lowconf
4,2008-12-18,"(IOI) Immigrant Opportunities Initiative EIN Agy # UIA MOC, etc) Borough Agency (Council, Organization Number Amount * Status",2009,designate,,,"National Black Leadership Commission on AIDS, Inc.",Bethany Baptist Church/Queens,133530740,10000,DOHMH,816,112,,ocr:lowconf
4,2008-12-18,"(IOI) Immigrant Opportunities Initiative EIN Agy # UIA MOC, etc) Borough Agency (Council, Organization Number Amount * Status",2009,designate,,,"National Black Leadership Commission on AIDS, Inc.",Bethany Baptist Church/Brooklyn,133530740,10000,DOHMH,816,112,,ocr:lowconf
4,2008-12-18,"(IOI) Immigrant Opportunities Initiative EIN Agy # UIA MOC, etc) Borough Agency (Council, Organization Number Amount * Status",2009,designate,,,"National Black Leadership Commission on AIDS, Inc.",Bethesda Missionary Baptist,133530740,10000,DOHMH,816,112,,
4,2008-12-18,"(IOI) Immigrant Opportunities Initiative EIN Agy # UIA MOC, etc) Borough Agency (Council, Organization Number Amount * Status",2009,designate,,,"National Black Leadership Commission on AIDS, Inc. Brown Memorial Baptist Church",,133530740,10000,DOHMH,816,112,,ocr:lowconf
4,2008-12-18,"(IOI) Immigrant Opportunities Initiative EIN Agy # UIA MOC, etc) Borough Agency (Council, Organization Number Amount * Status",2009,designate,,,"National Black Leadership Commission on AIDS, Inc. Cathedral of God's Lighthousé of Power",,133530740,10000,DOHMH,816,112,,ocr:lowconf
4,2008-12-18,"(IOI) Immigrant Opportunities Initiative EIN Agy # UIA MOC, etc) Borough Agency (Council, Organization Number Amount * Status",2009,designate,,,"National Black Leadership Commission on AIDS, Inc. Canaan Baptist Church",,133530740,10000,DOHMH,816,112,,*;ocr:lowconf
4,2008-12-18,"(IOI) Immigrant Opportunities Initiative EIN Agy # UIA MOC, etc) Borough Agency (Council, Organization Number Amount * Status",2009,designate,,,"National Black Leadership Commission on AIDS, Inc. Central Baptist",,133530740,10000,DOHMH,816,112,,ocr:lowconf
4,2008-12-18,"(IOI) Immigrant Opportunities Initiative EIN Agy # UIA MOC, etc) Borough Agency (Council, Organization Number Amount * Status",2009,designate,,,"National Black Leadership Commission on AIDS, Inc. Christ Church",,133530740,10000,DOHMH,816,112,,ocr:lowconf
4,2008-12-18,"(IOI) Immigrant Opportunities Initiative EIN Agy # UIA MOC, etc) Borough Agency (Council, Organization Number Amount * Status",2009,designate,,,"National Black Leadership Commission on AIDS, Inc. Christ the Rock International",,133530740,10000,DOHMH,816,112,,*;ocr:lowconf
4,2008-12-18,"(IOI) Immigrant Opportunities Initiative EIN Agy # UIA MOC, etc) Borough Agency (Council, Organization Number Amount * Status",2009,designate,,,"National Black Leadership Commission on AIDS, Inc. Church of God's Children",,133530740,10000,DOHMH,816,112,,*;ocr:lowconf
4,2008-12-18,"(IOI) Immigrant Opportunities Initiative EIN Agy # UIA MOC, etc) Borough Agency (Council, Organization Number Amount * Status",2009,designate,,,"National Black Leadership Commission on AIDS, Inc. Church of the Open Door",,133530740,10000,DOHMH,816,112,,*;ocr:lowconf
4,2008-12-18,"(IOI) Immigrant Opportunities Initiative EIN Agy # UIA MOC, etc) Borough Agency (Council, Organization Number Amount * Status",2009,designate,,,"National Black Leadership Commission on AIDS, Inc. Concord Baptist Church",,133530740,10000,DOHMH,816,112,,*;ocr:lowconf
4,2008-12-18,"(IOI) Immigrant Opportunities Initiative EIN Agy # UIA MOC, etc) Borough Agency (Council, Organization Number Amount * Status",2009,designate,,,"National Black Leadership Commission on AIDS, Inc. Convent Avenue Baptist Church",,133530740,10000,DOHMH,816,112,,*;ocr:lowconf
4,2008-12-18,"(IOI) Immigrant Opportunities Initiative EIN Agy # UIA MOC, etc) Borough Agency (Council, Organization Number Amount * Status",2009,designate,,,"National Black Leadership Commission on AIDS, Inc.",Day Spring Baptist Church,133530740,10000,DOHMH,816,112,,*
4,2008-12-18,"(IOI) Immigrant Opportunities Initiative EIN Agy # UIA MOC, etc) Borough Agency (Council, Organization Number Amount * Status",2009,designate,,,"National Black Leadership Commission on AIDS, Inc. Emmanuel Baptist Church/Bklyn",,133530740,10000,DOHMH,816,112,,*;ocr:lowconf
4,2008-12-18,"(IOI) Immigrant Opportunities Initiative EIN Agy # UIA MOC, etc) Borough Agency (Council, Organization Number Amount * Status",2009,designate,,,"National Black Leadership Commission on AIDS, Inc. Emmanuel Baptist Church/Bronx",,133530740,10000,DOHMH,816,112,,*;ocr:lowconf
4,2008-12-18,"(IOI) Immigrant Opportunities Initiative EIN Agy # UIA MOC, etc) Borough Agency (Council, Organization Number Amount * Status",2009,designate,,,"National Black Leadership Commission on AIDS, Inc. Fellowship Baptist Church",,133530740,,DOHMH,816,112,,*;ocr:amt;ocr:lowconf
4,2008-12-18,"(IOI) Immigrant Opportunities Initiative EIN Agy # UIA MOC, etc) Borough Agency (Council, Organization Number Amount * Status",2009,designate,,,"National Black Leadership Commission on AIDS, Inc.",First Bethel AME,133530740,10000,DOHMH,816,112,,*;ocr:lowconf
4,2008-12-18,"(IOI) Immigrant Opportunities Initiative EIN Agy # UIA MOC, etc) Borough Agency (Council, Organization Number Amount * Status",2009,designate,,,"National Black Leadership Commission on AIDS, Inc. First Central Baptist Church",,133530740,10000,DOHMH,816,112,,ocr:lowconf
4,2008-12-18,"(IOI) Immigrant Opportunities Initiative EIN Agy # UIA MOC, etc) Borough Agency (Council, Organization Number Amount * Status",2009,designate,,,"National Black Leadership Commission on AIDS, Inc.",Friendship Baptist Church,133530740,10000,DOHMH,816,112,,*;ocr:lowconf
4,2008-12-18,"(IOI) Immigrant Opportunities Initiative EIN Agy # UIA MOC, etc) Borough Agency (Council, Organization Number Amount * Status",2009,designate,,,"National Black Leadership Commission on AIDS, Inc.",FOY HIVIAIDS Ministry,133530740,10000,DOHMH,816,112,,ocr:lowconf
4,2008-12-18,"(IOI) Immigrant Opportunities Initiative EIN Agy # UIA MOC, etc) Borough Agency (Council, Organization Number Amount * Status",2009,designate,,,"National Black Leadership Commission on AIDS, Inc. Greater Allen AME Cathedral Church",,133530740,10000,DOHMH,816,112,,ocr:lowconf
4,2008-12-18,"(IOI) Immigrant Opportunities Initiative EIN Agy # UIA MOC, etc) Borough Agency (Council, Organization Number Amount * Status",2009,designate,,,"National Black Leadership Commission on AIDS, Inc.",Greater Emmanuel,133530740,10000,DOHMH,816,112,,*;ocr:lowconf
4,2008-12-18,"(IOI) Immigrant Opportunities Initiative EIN Agy # UIA MOC, etc) Borough Agency (Council, Organization Number Amount * Status",2009,designate,,,"National Black Leadership Commission on AIDS, Inc.",Judah International,133530740,10000,DOHMH,816,112,,ocr:lowconf
4,2008-12-18,"(IOI) Immigrant Opportunities Initiative EIN Agy # UIA MOC, etc) Borough Agency (Council, Organization Number Amount * Status",2009,designate,,,"National Black Leadership Commission on AIDS, Inc.",Evangelical Christian Center,133530740,10000,DOHMH,816,112,,
4,2008-12-18,"(IOI) Immigrant Opportunities Initiative EIN Agy # UIA MOC, etc) Borough Agency (Council, Organization Number Amount * Status",2009,designate,,,"National Black Leadership Commission on AIDS, Inc.",Macedonia Baptist Church Survivors Fountain of Hope Wellness Initiative,133530740,10000,DOHMH,816,112,,*;ocr:lowconf
4,2008-12-18,"(IOI) Immigrant Opportunities Initiative EIN Agy # UIA MOC, etc) Borough Agency (Council, Organization Number Amount * Status",2009,designate,,,"National Black Leadership Commission on AIDS, Inc. Masjid Malcolm Shabazz",,133530740,10000,DOHMH,816,112,,ocr:lowconf
4,2008-12-18,"(IOI) Immigrant Opportunities Initiative EIN Agy # UIA MOC, etc) Borough Agency (Council, Organization Number Amount * Status",2009,designate,,,"National Black Leadership Commission on AIDS, Inc. Memorial Baptist Church",,133530740,10000,DOHMH,816,112,,*;ocr:lowconf
4,2008-12-18,"(IOI) Immigrant Opportunities Initiative EIN Agy # UIA MOC, etc) Borough Agency (Council, Organization Number Amount * Status",2009,designate,,,"National Black Leadership Commission on AIDS, Inc. Mt. Carmel AME Church Mt. Carmel Youth Development Corporation",,133530740,10000,DOHMH,816,112,,*;ocr:lowconf
4,2008-12-18,"(IOI) Immigrant Opportunities Initiative EIN Agy # UIA MOC, etc) Borough Agency (Council, Organization Number Amount * Status",2009,designate,,,"National Black Leadership Commission on AIDS, Inc.",Mt. Carmel Baptist Church,133530740,10000,DOHMH,816,112,,*;ocr:lowconf
4,2008-12-18,"(IOI) Immigrant Opportunities Initiative EIN Agy # UIA MOC, etc) Borough Agency (Council, Organization Number Amount * Status",2009,designate,,,"National Black Leadership Commission on AIDS, Inc.",Mt. Moriah AME,133530740,10000,DOHMH,816,112,,*;ocr:lowconf
4,2008-12-18,"(IOI) Immigrant Opportunities Initiative EIN Agy # UIA MOC, etc) Borough Agency (Council, Organization Number Amount * Status",2009,designate,,,"National Black Leadership Commission on AIDS, Inc.",Mt. Paran Baptist Church,133530740,10000,DOHMH,816,112,,*;ocr:lowconf
4,2008-12-18,"(IOI) Immigrant Opportunities Initiative EIN Agy # UIA MOC, etc) Borough Agency (Council, Organization Number Amount * Status",2009,designate,,,"National Black Leadership Commission on AIDS, Inc.",Mt. Sinai Baptist Church,133530740,10000,DOHMH,816,112,,*;ocr:lowconf
4,2008-12-18,"(IOI) Immigrant Opportunities Initiative EIN Agy # UIA MOC, etc) Borough Agency (Council, Organization Number Amount * Status",2009,designate,,,"National Black Leadership Commission on AIDS, Inc.",Mt. Sinai United (JAFASI),133530740,10000,DOHMH,816,112,,*;ocr:lowconf
4,2008-12-18,"(IOI) Immigrant Opportunities Initiative EIN Agy # UIA MOC, etc) Borough Agency (Council, Organization Number Amount * Status",2009,designate,,,"National Black Leadership Commission on AIDS, Inc.",Muslim Women's Institute for Research Development,133530740,10000,DOHMH,816,112,,*;ocr:lowconf
4,2008-12-18,"(IOI) Immigrant Opportunities Initiative EIN Agy # UIA MOC, etc) Borough Agency (Council, Organization Number Amount * Status",2009,designate,,,"National Black Leadership Commission on AIDS, Inc.",Mount Olivet Baptist Church,133530740,10000,DOHMH,816,112,,*;ocr:lowconf
4,2008-12-18,"(IOI) Immigrant Opportunities Initiative EIN Agy # UIA MOC, etc) Borough Agency (Council, Organization Number Amount * Status",2009,designate,,,"National Black Leadership Commission on AIDS, Inc. New St. John the Baptist Church",,133530740,10000,DOHMH,816,112,,*;ocr:lowconf
4,2008-12-18,"(IOI) Immigrant Opportunities Initiative EIN Agy # UIA MOC, etc) Borough Agency (Council, Organization Number Amount * Status",2009,designate,,,"National Black Leadership Commission on AIDS, Inc.",New Life Tabernacle,133530740,10000,DOHMH,816,112,,*;ocr:lowconf
4,2008-12-18,"(IOI) Immigrant Opportunities Initiative EIN Agy # UIA MOC, etc) Borough Agency (Council, Organization Number Amount * Status",2009,designate,,,"National Black Leadership Commission on AIDS, Inc. New Mt. Zion Baptist Church",,133530740,10000,DOHMH,816,112,,*;ocr:lowconf
4,2008-12-18,"(IOI) Immigrant Opportunities Initiative EIN Agy # UIA MOC, etc) Borough Agency (Council, Organization Number Amount * Status",2009,designate,,,"National Black Leadership Commission on AIDS, Inc.",Paradise Baptist Church,133530740,10000,DOHMH,816,112,,*;ocr:lowconf
4,2008-12-18,"(IOI) Immigrant Opportunities Initiative EIN Agy # UIA MOC, etc) Borough Agency (Council, Organization Number Amount * Status",2009,designate,,,"National Black Leadership Commission on AIDS, Inc. Pleasant Grove Full Gospel Baptist Tabernacle",,133530740,1000000,DOHMH,816,112,,*;ocr:lowconf
4,2008-12-18,"(IOI) Immigrant Opportunities Initiative EIN Agy # UIA MOC, etc) Borough Agency (Council, Organization Number Amount * Status",2009,designate,,,"National Black Leadership Commission on AIDS, Inc.",Powerful Praise Tabernacle,133530740,10000,DOHMH!,816,112,,*;ocr:agency;ocr:lowconf
4,2008-12-18,"(IOI) Immigrant Opportunities Initiative EIN Agy # UIA MOC, etc) Borough Agency (Council, Organization Number Amount * Status",2009,designate,,,"National Black Leadership Commission on AIDS, Inc.",Rehoboth Church International,133530740,10000,DOHMH,816,112,,*;ocr:lowconf
4,2008-12-18,"(IOI) Immigrant Opportunities Initiative EIN Agy # UIA MOC, etc) Borough Agency (Council, Organization Number Amount * Status",2009,designate,,,"National Black Leadership Commission on AIDS, Inc. Raising Star Baptist Church",,133530740,10000,DOHMH,816,112,,*
4,2008-12-18,"(IOI) Immigrant Opportunities Initiative EIN Agy # UIA MOC, etc) Borough Agency (Council, Organization Number Amount * Status",2009,designate,,,"National Black Leadership Commission on AIDS, Inc. Redemption Outreach",,133530740,10000,DOHMH,816,112,,ocr:lowconf
4,2008-12-18,"(IOI) Immigrant Opportunities Initiative EIN Agy # UIA MOC, etc) Borough Agency (Council, Organization Number Amount * Status",2009,designate,,,"National Black Leadership Commission on AIDS, Inc. St. Phillips AME Church",,133530740,10000,DOHMH,816,112,,*;ocr:lowconf
4,2008-12-18,"(IOI) Immigrant Opportunities Initiative EIN Agy # UIA MOC, etc) Borough Agency (Council, Organization Number Amount * Status",2009,designate,,,"National Black Leadership Commission on AIDS, Inc.",Siloam Presbyterian,133530740,10000,DOHMH,816,112,,ocr:lowconf
4,2008-12-18,"(IOI) Immigrant Opportunities Initiative EIN Agy # UIA MOC, etc) Borough Agency (Council, Organization Number Amount * Status",2009,designate,,,"National Black Leadership Commission on AIDS, Inc.",St. George's Episcopal Church,133530740,10000,DOHMH,816,112,,ocr:lowconf
4,2008-12-18,"(IOI) Immigrant Opportunities Initiative EIN Agy # UIA MOC, etc) Borough Agency (Council, Organization Number Amount * Status",2009,designate,,,"National Black Leadership Commission on AIDS, Inc.",Staten Island Deliverance Temple,133530740,10000,DOHMH,816,112,,*;ocr:lowconf
4,2008-12-18,"(IOI) Immigrant Opportunities Initiative EIN Agy # UIA MOC, etc) Borough Agency (Council, Organization Number Amount * Status",2009,designate,,,"National Black Leadership Commission on AIDS, Inc.",St. Luke's Episcopal Church,133530740,10000,DOHMH,816,112,,*;ocr:lowconf
4,2008-12-18,"(IOI) Immigrant Opportunities Initiative EIN Agy # UIA MOC, etc) Borough Agency (Council, Organization Number Amount * Status",2009,designate,,,"National Black Leadership Commission on AIDS, Inc. St. Phillip's Missionary Baptist Church",,133530740,10000,DOHMH,816,112,,*
4,2008-12-18,"(IOI) Immigrant Opportunities Initiative EIN Agy # UIA MOC, etc) Borough Agency (Council, Organization Number Amount * Status",2009,designate,,,"National Black Leadership Commission on AIDS, Inc. St. Paul' s Community Baptist Church",,133530740,10000,DOHMH,816,112,,*;ocr:lowconf
4,2008-12-18,"(IOI) Immigrant Opportunities Initiative EIN Agy # UIA MOC, etc) Borough Agency (Council, Organization Number Amount * Status",2009,designate,,,"National Black Leadership Commission on AIDS, Inc. St. Johns Baptist Church",,133530740,10000,DOHMH,816,112,,
4,2008-12-18,"(IOI) Immigrant Opportunities Initiative EIN Agy # UIA MOC, etc) Borough Agency (Council, Organization Number Amount * Status",2009,designate,,,"National Black Leadership Commission on AIDS, Inc. Stapleton United AME Methodist Church",,133530740,10000,DOHMH,816,112,,ocr:lowconf
4,2008-12-18,"(IOI) Immigrant Opportunities Initiative EIN Agy # UIA MOC, etc) Borough Agency (Council, Organization Number Amount * Status",2009,designate,,,"National Black Leadership Commission on AIDS, Inc.",Second Providence Baptist Church *Community Health & Awareness Ministry,133530740,10000,DOHMH,816,112,,ocr:lowconf
4,2008-12-18,"(IOI) Immigrant Opportunities Initiative EIN Agy # UIA MOC, etc) Borough Agency (Council, Organization Number Amount * Status",2009,designate,,,"National Black Leadership Commission on AIDS, Inc. St. Luke's AME Church",,133530740,10000,DOHMH,816,112,,*
4,2008-12-18,"(IOI) Immigrant Opportunities Initiative EIN Agy # UIA MOC, etc) Borough Agency (Council, Organization Number Amount * Status",2009,designate,,,"National Black Leadership Commission on AIDS, Inc. St. Stephens Outreach",,133530740,10000,DOHMH,816,112,,
4,2008-12-18,"(IOI) Immigrant Opportunities Initiative EIN Agy # UIA MOC, etc) Borough Agency (Council, Organization Number Amount * Status",2009,designate,,,"National Black Leadership Commission on AIDS, Inc. Tolentine-Zeiser Community Life Center",,133530740,10000,DOHMH,816,112,,
4,2008-12-18,"(IOI) Immigrant Opportunities Initiative EIN Agy # UIA MOC, etc) Borough Agency (Council, Organization Number Amount * Status",2009,designate,,,"National Black Leadership Commission on AIDS, Inc. Unity Fellowship Church",,133530740,10000,DOHMH,816,112,,*;ocr:lowconf
4,2008-12-18,"(IOI) Immigrant Opportunities Initiative EIN Agy # UIA MOC, etc) Borough Agency (Council, Organization Number Amount * Status",2009,designate,,,"Latino Commision on AIDS, Inc.",,133629466,252000,"DOHMH,",816,112,,ocr:agency;ocr:lowconf
4,2008-12-18,"(IOI) Immigrant Opportunities Initiative EIN Agy # UIA MOC, etc) Borough Agency (Council, Organization Number Amount * Status",2009,designate,,,"Latino Commision on AIDS, Inc.",Ministerio Levântate Mujer,133629446,10000,DOHMH,816,112,,ocr:lowconf
4,2008-12-18,"(IOI) Immigrant Opportunities Initiative EIN Agy # UIA MOC, etc) Borough Agency (Council, Organization Number Amount * Status",2009,designate,,,"Latino Commision on AIDS, Inc. Iglesia De Dios ""Roca de Salvacion""",,133629446,10000,DOHMH,816,112,,ocr:lowconf
4,2008-12-18,"(IOI) Immigrant Opportunities Initiative EIN Agy # UIA MOC, etc) Borough Agency (Council, Organization Number Amount * Status",2009,designate,,,"Latino Commision on AIDS, Inc. United Methodist Church ""Broadway Temple""",,133629446,10000,DOHMH,816,112,,ocr:lowconf
4,2008-12-18,"(IOI) Immigrant Opportunities Initiative EIN Agy # UIA MOC, etc) Borough Agency (Council, Organization Number Amount * Status",2009,designate,,,"Latino Commision on AIDS, Inc. Muslim Women' 's Institute for Research and Development, Inc.",,133629446,10000,DOHMH,816,112,,ocr:lowconf
4,2008-12-18,"(IOI) Immigrant Opportunities Initiative EIN Agy # UIA MOC, etc) Borough Agency (Council, Organization Number Amount * Status",2009,designate,,,"Latino Commision on AIDS, Inc. Church of the Immaculate Conception RC",,133629446,10000,DOHMH,816,112,,
4,2008-12-18,"(IOI) Immigrant Opportunities Initiative EIN Agy # UIA MOC, etc) Borough Agency (Council, Organization Number Amount * Status",2009,designate,,,"Latino Commision on AIDS, Inc. Church of Christ the King RC",,133629446,10000,DOHMH,816,112,,ocr:lowconf
4,2008-12-18,"(IOI) Immigrant Opportunities Initiative EIN Agy # UIA MOC, etc) Borough Agency (Council, Organization Number Amount * Status",2009,designate,,,"Latino Commision on AIDS, Inc. The United Methodist Church of the Village",,133629446,10000,DOHMH,816,112,,ocr:lowconf
4,2008-12-18,"(IOI) Immigrant Opportunities Initiative EIN Agy # UIA MOC, etc) Borough Agency (Council, Organization Number Amount * Status",2009,designate,,,"Latino Commision on AIDS, Inc. First United Methodist Church of Corona",,133629446,10000,DOHMH!,816,112,,ocr:agency;ocr:lowconf
4,2008-12-18,"(IOI) Immigrant Opportunities Initiative EIN Agy # UIA MOC, etc) Borough Agency (Council, Organization Number Amount * Status",2009,designate,,,"Latino Commision on AIDS, Inc. Iglesia Cristiana ""Venciendo al Gigante""",,133629446,,DOHMH,816,112,,ocr:amt;ocr:lowconf
4,2008-12-18,"(IOI) Immigrant Opportunities Initiative EIN Agy # UIA MOC, etc) Borough Agency (Council, Organization Number Amount * Status",2009,designate,,,Latino Commision on AIDS. Inc. Instituto Latino de Cuidado Pastoral.,,133629446,10000,DOHMH,816,112,,ocr:lowconf
4,2008-12-18,"(IOI) Immigrant Opportunities Initiative EIN Agy # UIA MOC, etc) Borough Agency (Council, Organization Number Amount * Status",2009,designate,,,"Latino Commision on AIDS, Inc. Fordham Manor Church",,133629446,10000,DOHMH!,816,112,,ocr:agency;ocr:lowconf
4,2008-12-18,"(IOI) Immigrant Opportunities Initiative EIN Agy # UIA MOC, etc) Borough Agency (Council, Organization Number Amount * Status",2009,designate,,,"Latino Commision on AIDS, Inc.",Mision San Juan Bautista,133629446,10000,DOHMH,816,112,,ocr:lowconf
4,2008-12-18,"(IOI) Immigrant Opportunities Initiative EIN Agy # UIA MOC, etc) Borough Agency (Council, Organization Number Amount * Status",2009,designate,,,"Latino Commision on AIDS, Inc. Saint Simon Stock RC",,133629446,10000,DOHMH,816,112,,ocr:lowconf
4,2008-12-18,"(IOI) Immigrant Opportunities Initiative EIN Agy # UIA MOC, etc) Borough Agency (Council, Organization Number Amount * Status",2009,designate,,,"Latino Commision on AIDS, Inc. Transfiguration Church RC",,133629446,10000,DOHMH,816,112,,
4,2008-12-18,"(IOI) Immigrant Opportunities Initiative EIN Agy # UIA MOC, etc) Borough Agency (Council, Organization Number Amount * Status",2009,designate,,,"Latino Commision on AIDS, Inc. Church of the Mediator",,133629446,10000,DOHMH,816,112,,ocr:lowconf
4,2008-12-18,"(IOI) Immigrant Opportunities Initiative EIN Agy # UIA MOC, etc) Borough Agency (Council, Organization Number Amount * Status",2009,designate,,,"Latino Commision on AIDS, Inc.",Iglesia Bautista Misionera,133629446,10000,DOHMH,816,112,,ocr:lowconf
4,2008-12-18,"(IOI) Immigrant Opportunities Initiative EIN Agy # UIA MOC, etc) Borough Agency (Council, Organization Number Amount * Status",2009,designate,,,"Latino Commision on AIDS, Inc. Our Lady of Victory RC",,133629446,10000,DOHMH,816,112,,
4,2008-12-18,"(IOI) Immigrant Opportunities Initiative EIN Agy # UIA MOC, etc) Borough Agency (Council, Organization Number Amount * Status",2009,designate,,,"Latino Commision on AIDS, Inc. Church of the Holy Spirit RC",,133629446,10000,DOHMH,816,112,,ocr:lowconf
4,2008-12-18,"(IOI) Immigrant Opportunities Initiative EIN Agy # UIA MOC, etc) Borough Agency (Council, Organization Number Amount * Status",2009,designate,,,"Latino Commision on AIDS, Inc.",Saint Jerome' 's Church RC,133629446,10000,DOHMH,816,112,,ocr:lowconf
4,2008-12-18,"(IOI) Immigrant Opportunities Initiative EIN Agy # UIA MOC, etc) Borough Agency (Council, Organization Number Amount * Status",2009,designate,,,"Latino Commision on AIDS, Inc. Saint Barbara' s RC",,133629446,10000,DOHMH,816,112,,ocr:lowconf
4,2008-12-18,"(IOI) Immigrant Opportunities Initiative EIN Agy # UIA MOC, etc) Borough Agency (Council, Organization Number Amount * Status",2009,designate,,,"Latino Commision on AIDS, Inc.",Metropolitan Community Church of NY,133629446,10000,DOHMH,816,112,,ocr:lowconf
4,2008-12-18,"(IOI) Immigrant Opportunities Initiative EIN Agy # UIA MOC, etc) Borough Agency (Council, Organization Number Amount * Status",2009,designate,,,"Latino Commision on AIDS, Inc.","Iglesia Pentecostal Jesucristo el Libertador, Inc.",133629446,10000,DOHMH,816,112,,
4,2008-12-18,"(IOI) Immigrant Opportunities Initiative EIN Agy # UIA MOC, etc) Borough Agency (Council, Organization Number Amount * Status",2009,designate,,,"Latino Commision on AIDS, Inc.",Most Holy Trinity/Saint Mary's RC,133629446,10000,DOHMH,816,112,,ocr:lowconf
4,2008-12-18,"(IOI) Immigrant Opportunities Initiative EIN Agy # UIA MOC, etc) Borough Agency (Council, Organization Number Amount * Status",2009,designate,,,"Latino Commision on AIDS, Inc. Center For Peace",,133629446,10000,DOHMH,816,112,,ocr:lowconf
4,2008-12-18,"(IOI) Immigrant Opportunities Initiative EIN Agy # UIA MOC, etc) Borough Agency (Council, Organization Number Amount * Status",2009,designate,,,"Latino Commision on AIDS, Inc. The Church of God",,133629446,10000,DOHMH,816,112,,
4,2008-12-18,"(IOI) Immigrant Opportunities Initiative EIN Agy # UIA MOC, etc) Borough Agency (Council, Organization Number Amount * Status",2009,designate,,,"Latino Commision on AIDS, Inc. Mission in the City Lutheran Church",,133629446,10000,DOHMH,816,112,,ocr:lowconf
4,2008-12-18,"(IOI) Immigrant Opportunities Initiative EIN Agy # UIA MOC, etc) Borough Agency (Council, Organization Number Amount * Status",2009,designate,,,"Latino Commision on AIDS, Inc. Iglesia Metodista 4th Ave.",,133629446,10000,DOHMH,816,112,,ocr:lowconf
4,2008-12-18,"(IOI) Immigrant Opportunities Initiative EIN Agy # UIA MOC, etc) Borough Agency (Council, Organization Number Amount * Status",2009,designate,,,"Latino Commision on AIDS, Inç.","Iglesia Hispana AME ""Saint Luke""",133629446,10000,DOHMH,816,112,,ocr:lowconf
4,2008-12-18,"(IOI) Immigrant Opportunities Initiative EIN Agy # UIA MOC, etc) Borough Agency (Council, Organization Number Amount * Status",2009,designate,,,"Latino Commision on AIDS, Inc.",Iglesia El Calvario,133629446,10000,DOHMH,816,112,,ocr:lowconf
4,2008-12-18,"(IOI) Immigrant Opportunities Initiative EIN Agy # UIA MOC, etc) Borough Agency (Council, Organization Number Amount * Status",2009,designate,,,"Latino Commision on AIDS, Inc.","Ministerio Rescate, Inc.",133629446,10000,DOHMH,816,112,,ocr:lowconf
4,2008-12-18,"(IOI) Immigrant Opportunities Initiative EIN Agy # UIA MOC, etc) Borough Agency (Council, Organization Number Amount * Status",2009,designate,,,"Latino Commision on AIDS, Inc. Reaching Across the World Ministries",,133629446,10000,DOHMH,816,112,,ocr:lowconf
4,2008-12-18,"(IOI) Immigrant Opportunities Initiative EIN Agy # UIA MOC, etc) Borough Agency (Council, Organization Number Amount * Status",2009,designate,,,"Latino Commision on AIDS, Inc. Saint Agustin RC",,133629446,10000,DOHMH,816,112,,ocr:lowconf
4,2008-12-18,"(IOI) Immigrant Opportunities Initiative EIN Agy # UIA MOC, etc) Borough Agency (Council, Organization Number Amount * Status",2009,designate,,,"Latino Commision on AIDS, Inc. Ascension Roman Catholic Church",,133629446,10000,DOHMH,816,112,,ocr:lowconf
4,2008-12-18,"(IOI) Immigrant Opportunities Initiative EIN Agy # UIA MOC, etc) Borough Agency (Council, Organization Number Amount * Status",2009,designate,,,"Latino Commision on AIDS, Inc.",Saint Mark' 's Episcopal Church,133629446,10000,DOHMH,816,112,,ocr:lowconf
4,2008-12-18,"(IOI) Immigrant Opportunities Initiative EIN Agy # UIA MOC, etc) Borough Agency (Council, Organization Number Amount * Status",2009,designate,,,"Latino Commision on AIDS, Inc. Iglesia Pentecostal ""La Cruzada Evangélica""",,133629446,10000,DOHMH,816,112,,
4,2008-12-18,"(IOI) Immigrant Opportunities Initiative EIN Agy # UIA MOC, etc) Borough Agency (Council, Organization Number Amount * Status",2009,designate,,,"Latino Commision on AIDS, Inc.",Iglesia Pentecostal Jehovà Shalom,133629446,10000,DOHMH,816,112,,ocr:lowconf
4,2008-12-18,"(IOI) Immigrant Opportunities Initiative EIN Agy # UIA MOC, etc) Borough Agency (Council, Organization Number Amount * Status",2009,designate,,,Black Veterans for Social Justice,,112608983,145620,DOHMH,816,112,,ocr:lowconf
4,2008-12-18,"(IOI) Immigrant Opportunities Initiative EIN Agy # UIA MOC, etc) Borough Agency (Council, Organization Number Amount * Status",2009,designate,,,"National Black Leadership Commission on AIDS, Inc. AIDS Center of Queens County, Inc.",,133530740,16180,DOHMH,816,112,,ocr:lowconf
4,2008-12-18,"(IOI) Immigrant Opportunities Initiative EIN Agy # UIA MOC, etc) Borough Agency (Council, Organization Number Amount * Status",2009,designate,,,"National Black Leadership Commission on AIDS, Inc. Alpha Phi Alpha Senior Citizens Center, Inc. Youth Programs",,133530740,6472,DOHMH,816,112,,ocr:lowconf
4,2008-12-18,"(IOI) Immigrant Opportunities Initiative EIN Agy # UIA MOC, etc) Borough Agency (Council, Organization Number Amount * Status",2009,designate,,,"National Black Leadership Commission on AIDS, inc. Amethyst Women's Project, Inc.",,133530740,6472,DOHMH,816,112,,*;ocr:lowconf
4,2008-12-18,"(IOI) Immigrant Opportunities Initiative EIN Agy # UIA MOC, etc) Borough Agency (Council, Organization Number Amount * Status",2009,designate,,,"National Black Leadership Commission on AIDS, Inc.","Brooklyn AIDS Task Force, Ind.",133530740,6472,DOHMH,816,112,,*;ocr:lowconf
4,2008-12-18,"(IOI) Immigrant Opportunities Initiative EIN Agy # UIA MOC, etc) Borough Agency (Council, Organization Number Amount * Status",2009,designate,,,"National Black Leadership Commission on AIDS, Inc.","Bronx AIDS Services, inc.",133530740,25888,DOHMH,816,112,,ocr:lowconf
4,2008-12-18,"(IOI) Immigrant Opportunities Initiative EIN Agy # UIA MOC, etc) Borough Agency (Council, Organization Number Amount * Status",2009,designate,,,"National Black Leadership Commission on AIDS, Inc.",Gay Men of African Descent (GMAD),133530740,6472,DOHMH,816,112,,ocr:lowconf
4,2008-12-18,"(IOI) Immigrant Opportunities Initiative EIN Agy # UIA MOC, etc) Borough Agency (Council, Organization Number Amount * Status",2009,designate,,,National Black Leadership Commission on AIDS. Inc. Harlem Congregations for Community Improvement,,133530740,9708,DOHMH!,816,112,,ocr:agency;ocr:lowconf
4,2008-12-18,"(IOI) Immigrant Opportunities Initiative EIN Agy # UIA MOC, etc) Borough Agency (Council, Organization Number Amount * Status",2009,designate,,,"National Black Leadership Commission on AIDS, Inc. Harlem Dowling Westside Center for Children and Family Services",,133530740,6472,DOHMH,816,112,,*;ocr:lowconf
4,2008-12-18,"(IOI) Immigrant Opportunities Initiative EIN Agy # UIA MOC, etc) Borough Agency (Council, Organization Number Amount * Status",2009,designate,,,"National Black Leadership Commission on AIDS, Inc.","Life Force Women Fighting AIDS, Inc.",133530740,19416,DOHMH,816,112,,ocr:lowconf
4,2008-12-18,"(IOI) Immigrant Opportunities Initiative EIN Agy # UIA MOC, etc) Borough Agency (Council, Organization Number Amount * Status",2009,designate,,,"National Black Leadership Commission on AIDS, Inc. Iris House","A Center For Women Living with HIVIAIDS, Inc.",133530740,32360,DOHMH!,816,112,,ocr:agency;ocr:lowconf
4,2008-12-18,"(IOI) Immigrant Opportunities Initiative EIN Agy # UIA MOC, etc) Borough Agency (Council, Organization Number Amount * Status",2009,designate,,,"National Black Leadership Commission on AIDS, Inc. Judah International Christian Center, Inc.",,133530740,9708,DOHMH,816,112,,*;ocr:lowconf
4,2008-12-18,"(IOI) Immigrant Opportunities Initiative EIN Agy # UIA MOC, etc) Borough Agency (Council, Organization Number Amount * Status",2009,designate,,,"National Black Leadership Commission on AIDS, Inc. Mind Builders Creative Arts Center, Inc.",,133530740,6472,DOHMH,816,112,,*;ocr:lowconf
4,2008-12-18,"(IOI) Immigrant Opportunities Initiative EIN Agy # UIA MOC, etc) Borough Agency (Council, Organization Number Amount * Status",2009,designate,,,"National Black Leadership Commission on AIDS, Inc. Provident Clinical Society of Brooklyn, Inc.",,133530740,6472,DOHMH,816,112,,ocr:lowconf
4,2008-12-18,"(IOI) Immigrant Opportunities Initiative EIN Agy # UIA MOC, etc) Borough Agency (Council, Organization Number Amount * Status",2009,designate,,,"National Black Leadership Commission on AIDS, Inc.","Village Care of New York, Inc. - Red Hook Community Service Center",133530740,6472,DOHMH,816,112,,ocr:lowconf
4,2008-12-18,"(IOI) Immigrant Opportunities Initiative EIN Agy # UIA MOC, etc) Borough Agency (Council, Organization Number Amount * Status",2009,designate,,,"National Black Leadership Commission on AIDS, Inc. Community Health Action of Staten Island (formerly SI Aids Taskforce)",,133530740,16180,DOHMH,816,112,,ocr:lowconf
4,2008-12-18,"(IOI) Immigrant Opportunities Initiative EIN Agy # UIA MOC, etc) Borough Agency (Council, Organization Number Amount * Status",2009,designate,,,"National Black Leadership Commission on AIDS, Inc.","Southeast Queens Clergy for Community Empowerment, Inc.",133530740,25888,DOHMH,816,112,,ocr:lowconf
4,2008-12-18,"(IOI) Immigrant Opportunities Initiative EIN Agy # UIA MOC, etc) Borough Agency (Council, Organization Number Amount * Status",2009,designate,,,"National Black Leadership Commission on AIDS, Inc.","Steinway Children and Family Services, Inc.",133530740,19416,DOHMH,816,112,,ocr:lowconf
4,2008-12-18,"(IOI) Immigrant Opportunities Initiative EIN Agy # UIA MOC, etc) Borough Agency (Council, Organization Number Amount * Status",2009,designate,,,"National Black Leadership Commission on AIDS, Inc. Vannguard Urban Improvement Association, Inc.",,133530740,9708,DOHMH,816,112,,*;ocr:lowconf
