resolution,date,chart,fiscal_year,action,source,council_member,organization,program,ein,amount,agency,agy_num,ua,purpose,flags
3,2008-11-19,,2009,rescind,,Avella,"City Solve Systems, Inc",,133864712,-20000,DYCD,260,005,,ocr:lowconf
3,2008-11-19,,2009,designate,,Avella,City Solve Systems. Inc,,133864712,20000,DYCD,260,005,,ocr:lowconf
3,2008-11-19,,2009,designate,,Baez,46th Precinct,,136400434,,NYPD,056,100,,ocr:amt;ocr:lowconf
3,2008-11-19,,2009,rescind,,Baez,Davidson Community Center. Inc,,237010206,-25000,DFTA,125,003,,ocr:lowconf
3,2008-11-19,,2009,rescind,,Baez,Middle School 15X,,136400434,-10000,DOE,040,402,,ocr:lowconf
3,2008-11-19,,2009,rescind,,Baez,Public School 310X,,136400434,-10000,DOE,040,402,,ocr:lowconf
3,2008-11-19,,2009,designate,,Baez,46th Precinct Community Council,,,20000,DYCD,260,312,,.;ocr:ein;ocr:lowconf
3,2008-11-19,,2009,designate,,Baez,Public School 79X,,136400434,10000,DOE,040,402,,ocr:lowconf
3,2008-11-19,,2009,designate,,Baez,Public School 307X,,136400434,15000,DOE,040,402,,ocr:lowconf
3,2008-11-19,,2009,designate,,Baez,Intermediate School 117X,,136400434,10000,DOE,040,402,,ocr:lowconf
3,2008-11-19,,2009,designate,,Baez,Public School 28X,,136400434,10000,DOE,040,402,,
3,2008-11-19,,2009,designate,,Baez,Public School 33X,,136400434,10000,DOE,040,402,,
3,2008-11-19,,2009,designate,,Baez,Public School 91X,,136400434,10000,DOE,040,402,,
3,2008-11-19,,2009,rescind,,Katz,Songs of Love Foundation,,113314191,-1200,DYCD,260,312,,
3,2008-11-19,,2009,designate,,Katz,Songs of Love Foundation,,113314191,1200,DYCD,260,312,,ocr:lowconf
3,2008-11-19,,2009,rescind,,Mendez,"Murray! Hill Committee, Inc.",,237361016,-3500,DSNY,827,109,,ocr:lowconf
3,2008-11-19,,2009,designate,,Mendez,"Murray Hill Neighborhood Association, Inc.",,113455774,3500,DPR,846,006,,ocr:lowconf
3,2008-11-19,,2009,rescind,,Monserrate,Neighborhood Housing Services of New York City. Inc,,133098397,-3500,HPD,806,009,,ocr:lowconf
3,2008-11-19,,2009,designate,,Monserrate,"Neighborhood Housing Services of Jamaica, Inc.",,237398279,3500,HPD,806,009,,ocr:lowconf
3,2008-11-19,,2009,rescind,,Stewart,"Neighborhood Housing Services of New York City, Inc.",,133098397,-5000,HPD,806,009,,
3,2008-11-19,,2009,designate,,Stewart,"Neighborhood Housing Services of East Flatbush, Inc.",,133098397,5000,HPD,806,009,,ocr:lowconf
3,2008-11-19,,2009,rescind,,Fidler,Flatbush Park Jewish Center,,119169900,-3000,DFTA,125,003,,ocr:lowconf
3,2008-11-19,,2009,designate,,Fidier,Flatbush Park Jewish Center,,119169900,3000,DFTA,125,003,,-;ocr:lowconf
3,2008-11-19,,2009,rescind,,Baez,Alliance for Community Services,,133995154,-51714,DYCD,260,312,,ocr:lowconf
3,2008-11-19,,2009,rescind,,Como,"One Stop Richmond Hill Block Association, Inc",,112712761,-4000,DYCD,260,312,,ocr:lowconf
3,2008-11-19,,2009,designate,,Como,"One Stop Richmond Hill Community Center, Inc",,680602829,4000,DYCD,260,312,,
3,2008-11-19,,2009,rescind,,Como,Liberty Belles AAU Basketball Club,,111381844,-2000,DYCD,260,312,,ocr:lowconf
3,2008-11-19,,2009,designate,,Como,"Maspeth Town Hall, Inc.",,237259702,2000,DYCD,260,312,,ocr:lowconf
3,2008-11-19,,2009,designate,,Martinez,Dominican Women's Development Center,,133593885,,MISC,098,002,,ocr:amt;ocr:lowconf
3,2008-11-19,,2009,designate,,Martinez,Northern Manhattan Improvement Corporation,,132972415,31250,MISC,098,002,,ocr:lowconf
3,2008-11-19,,2009,rescind,,Mealy,Bedford Stuyvesant Family Health Center,,112412205,-37500,MISC,098,002,,ocr:lowconf
3,2008-11-19,,2009,designate,,Mealy,Brownsville Community Development Corporation (d/b/a/ BMS Family Health Center) (BMSFHC),,112544630,37500,MISC,098,002,,ocr:lowconf
3,2008-11-19,,2009,designate,,Mealy,"Jericho Road, Inc.",,113463615,18750,MISC,098,002,,
3,2008-11-19,,2009,rescind,,Mealy,"DWA Fanm, Inc.",,431952083,-18750,MISC,098,002,,ocr:lowconf
3,2008-11-19,,2009,rescind,,Mealy,South Brooklyn Legal Services,,132605605,-18750,MISC,098,002,,ocr:lowconf
3,2008-11-19,,2009,designate,,Mealy,Mount Moriah Baptist Church,,112622069,18750,MISC,098,002,,*
3,2008-11-19,,2009,designate,,Jackson,Harlem Stage,,133166308,,DYCD,260,312,,ocr:amt
3,2008-11-19,,2009,designate,,Jackson,"Children's Art Camival, Inc., The",,132735153,,DYCD,260,312,,ocr:amt;ocr:lowconf
3,2008-11-19,,2009,designate,,Martinez,Ballet Hispanico,,132685755,,DYCD,260,312,,ocr:amt;ocr:lowconf
3,2008-11-19,,2009,designate,,Martinez,"Lincoln Center for the Performing Arts, Inc.",,131847137,,DYCD,260,312,,ocr:amt;ocr:lowconf
3,2008-11-19,,2009,rescind,,Mendez,Educational Alliance. Inc. The Lillian Waid Houses,,135562210,-30000,DFTA,125,003,,ocr:lowconf
3,2008-11-19,,2009,designate,,Mendez,"Educational Alliance, Inc. The Sirovich Center",,135562210,30000,DFTA,125,003,,ocr:lowconf
3,2008-11-19,,2009,rescind,,Katz,"Self Help Community Services, Inc.",,131624178,-30000,DFTA,125,003,,ocr:lowconf
3,2008-11-19,,2009,designate,,Katz,"Self Help Community Services, Inc. Austin Street Senior Center",,131624178,30000,DFTA,125,003,,ocr:lowconf
3,2008-11-19,,2009,designate,,,"Asian American Consulting Services, Inc.",,133652716,,DYCD,260,312,,ocr:amt;ocr:lowconf
3,2008-11-19,,2009,designate,,,"Aspira of New York, Inc.",,136204790,,DYCD,260,312,,ocr:amt;ocr:lowconf
3,2008-11-19,,2009,designate,,,Brooklyn Center For Urban Environment,,112698671,,DYCD,260,312,,ocr:amt
3,2008-11-19,,2009,designate,,,Church Avenue Merchants Block Association (CAMBA),,112480339,,DYCD,260,312,,ocr:amt
3,2008-11-19,,2009,designate,,,"Catholic Charities Neighborhood Services, Inc.",,112047151,,DYCD,260,312,,ocr:amt
3,2008-11-19,,2009,designate,,,"Chinese American Planning Council, Inc.",,136202692,,DYCD,260,312,,ocr:amt;ocr:lowconf
3,2008-11-19,,2009,designate,,,"Citizens Advice Bureau, Inc., The",,133254484,,DYCD,260,312,,ocr:amt
3,2008-11-19,,2009,designate,,,"Community Mediation Services, Inc.",,112663007,,DYCD,260,312,,ocr:amt
3,2008-11-19,,2009,designate,,,"Council For Unity, Inc.",,112880221,,DYCD,260,312,,ocr:amt
3,2008-11-19,,2009,designate,,,"Crown Heights Youth Collective, Inc.",,112506422,,DYCD,260,312,,ocr:amt
3,2008-11-19,,2009,designate,,,El Puente de Williamsburg,,112614265,175000,DYCD,260,312,,ocr:lowconf
3,2008-11-19,,2009,designate,,,"Federation Employment and Guidance Service (FEGS), Inc.",,131624000,,DYCD,260,312,,ocr:amt;ocr:lowconf
3,2008-11-19,,2009,designate,,,"Federation of Italian American Organizations of Brooklyn, Ltd.",,112507910,,DYCD,260,312,,ocr:amt;ocr:lowconf
3,2008-11-19,,2009,designate,,,"Friends of Island Academy, Inc.",,133576756,,DYCD,260,312,,ocr:amt;ocr:lowconf
3,2008-11-19,,2009,designate,,,Good Shepherd Services,,135598710,,DYCD,260,312,,ocr:amt
3,2008-11-19,,2009,designate,,,Henry Street Settlement,,131562242,,DYCD,260,312,,ocr:amt;ocr:lowconf
3,2008-11-19,,2009,designate,,,"Hetrick-Martin Institute, Inc.",,133104537,,DYCD,260,312,,ocr:amt;ocr:lowconf
3,2008-11-19,,2009,designate,,,"Jacob A. Riis Neighborhood Settlement House, Inc.",,111729398,,DYCD,260,312,,ocr:amt;ocr:lowconf
3,2008-11-19,,2009,designate,,,"La Asociacion Benefica Cultural Father Billini, Inc.",,112548753,,DYCD,260,312,,ocr:amt;ocr:lowconf
3,2008-11-19,,2009,designate,,,"Lincoln Square Neighborhood Center, Inc.",,131825918,,DYCD,260,312,,*;ocr:amt
3,2008-11-19,,2009,designate,,,"Madison Square Boys & Girls Club, Inc.",,135596792,,DYCD,260,312,,*;ocr:amt;ocr:lowconf
3,2008-11-19,,2009,designate,,,Midwood Development Corporation,,112420752,,DYCD,260,312,,ocr:amt;ocr:lowconf
3,2008-11-19,,2009,designate,,,"Mind Builders Creative Arts Center, Inc.",,132988157,,DYCD,260,312,,ocr:amt
3,2008-11-19,,2009,designate,,,"New York City Outward Bound Center, Inc.",,133471084,,DYCD,260,312,,ocr:amt;ocr:lowconf
3,2008-11-19,,2009,designate,,,Phipps Community Development,,132707665,,DYCD,260,312,,ocr:amt;ocr:lowconf
3,2008-11-19,,2009,designate,,,"Queens Community House, Inc.",,112375583,,DYCD,260,312,,ocr:amt;ocr:lowconf
3,2008-11-19,,2009,designate,,,"Queens Community House, Inc.",,112375583,,DYCD,260,312,,ocr:amt;ocr:lowconf
3,2008-11-19,,2009,designate,,,"Riverdale Community Center, Inc.",,131740024,,DYCD,260,312,,ocr:amt
3,2008-11-19,,2009,designate,,,Rockaway Development and Revitalization Corporation,,112575794,,DYCD,260,312,,ocr:amt
3,2008-11-19,,2009,designate,,,"Safe Horizon, Inc",,132946970,,DYCD,260,312,,ocr:amt
3,2008-11-19,,2009,designate,,,"School Settlement Associaton, Inc.",,111646304,,DYCD,260,312,,*;ocr:amt;ocr:lowconf
3,2008-11-19,,2009,designate,,,SCO Family of Services,,112777066,,DYCD,260,312,,ocr:amt
3,2008-11-19,,2009,designate,,,Seamen's Society for Children and Families,,135563010,,DYCD,260,312,,ocr:amt;ocr:lowconf
3,2008-11-19,,2009,designate,,,"Stanley M. Isaacs Neighborhood Center, Inc.",,132572034,,DYCD,260,312,,ocr:amt
3,2008-11-19,,2009,designate,,,Supportive Childrens Advocacy Network (SCAN),,132912963,,DYCD,260,312,,*;ocr:amt
3,2008-11-19,,2009,designate,,,"Tolentine-Zeiser Community Life Center, Inc.",,133131888,,DYCD,260,312,,ocr:amt
3,2008-11-19,,2009,designate,,,"Variety Boys and Giris Club of Queens, Inc.",,116014770,,DYCD,260,312,,*;ocr:amt;ocr:lowconf
3,2008-11-19,,2009,designate,,,Washington Heights-Inwood Coalition,,132989768,,DYCD,260,312,,ocr:amt;ocr:lowconf
3,2008-11-19,,2009,designate,,,Young Men's Christian Association of Greater New York Bedford-Sluyvesant,,131624228,,DYCD,260,312,,ocr:amt
3,2008-11-19,,2009,designate,,,Young Men's Christian Association of Greater New York Prospect Park,,131624228,,DYCD,260,312,,ocr:amt
3,2008-11-19,,2009,designate,,,Young Men's Christian Association of Greater New York,Twelve Towns,131624228,,DYCD,260,312,,ocr:amt
3,2008-11-19,,2009,designate,,,Bedford Stuyvesant Restoration Corporation,,116083182,83000,DSBS,801,002,,
3,2008-11-19,,2009,designate,,,"Chinatown Manpower Project, Inc.",,132755214,108000,DSBS,801,002,,ocr:lowconf
3,2008-11-19,,2009,designate,,,"Citizens Advice Bureau, Inc., The",,133254484,88000,DSBS,801,002,,
3,2008-11-19,,2009,designate,,,City College of New York,,133850823,65000,DSBS,801,002,,ocr:lowconf
3,2008-11-19,,2009,designate,,,"Door, The A Center of Alternatives, Inc.",,136127348,83000,DSBS,801,002,,ocr:lowconf
3,2008-11-19,,2009,designate,,,East Wiliamsburg Valley Industrial Development Corporation (EWWIDCO),,112647339,2000,DSBS,801,002,,ocr:lowconf
3,2008-11-19,,2009,designate,,,Federation Employment and Guidance Service (FEGS). Inc.,,131624000,85000,DSBS,801,002,,ocr:lowconf
3,2008-11-19,,2009,designate,,,"Fifth Avenue Committee, Inc.",Brooklyn Workforce Innovations,112475743,96000,DSBS,801,002,,ocr:lowconf
3,2008-11-19,,2009,designate,,,"Fortune Society, Inc. The",,132645436,175000,DSBS,801,002,,ocr:lowconf
3,2008-11-19,,2009,designate,,,"Fund for the City of New York, Inc.",Center for Court Innovations,132612524,65000,DSBS,801,002,,ocr:lowconf
3,2008-11-19,,2009,designate,,,Greater Jamaica Development Corporation,,237021217,2000,DSBS,801,002,,
3,2008-11-19,,2009,designate,,,"HOPE Program, Inc., The",,133268539,105000,DSBS,801,002,,ocr:lowconf
3,2008-11-19,,2009,designate,,,Long Island City Business Development Corporation (LICBDC),,112651377,2000,DSBS,801,002,,
3,2008-11-19,,2009,designate,,,Opportunities for a Better Tomorrow,,112934620,88000,DSBS,801,002,,
3,2008-11-19,,2009,designate,,,"Per Scholas, Inc.",,043252955,108000,DSBS,801,002,,ocr:lowconf
3,2008-11-19,,2009,designate,,,Queens Educational Opportunity Center,SUNY,,65000,DSBS,801,002,,ocr:ein;ocr:lowconf
3,2008-11-19,,2009,designate,,,"Ridgewood Bushwick Senior Citizens Council, Inc.",,112453853,45000,DSBS,801,002,,
3,2008-11-19,,2009,designate,,,SBS Management,,136400434,100000,DSBS,801,002,,ocr:lowconf
3,2008-11-19,,2009,designate,,,South Bronx Overall Economic Development Corporation,,132736022,45000,DSBS,801,002,,
3,2008-11-19,,2009,designate,,,Southwest Brooklyn Industrial Development Corporation,,112508370,2000,DSBS,801,002,,*
3,2008-11-19,,2009,designate,,,St. Nicholas Neighborhood Preservation Corporation,,510192170,88000,DSBS,801,002,,
3,2008-11-19,,2009,designate,,,"Asian Women in Business, Inc.",,133842867,75000,DSBS,801,002,,*;ocr:lowconf
3,2008-11-19,,2009,designate,,,Bronx Overall Economic Development Corporation,,133079387,70000,DSBS,801,002,,*;ocr:lowconf
3,2008-11-19,,2009,designate,,,"Caribbean American Chamber of Commerce and Industry, Inc.",,112903423,50000,DSBS,801,002,,ocr:lowconf
3,2008-11-19,,2009,designate,,,"Harlem Business Alliance, Inc.",,133591350,50000,DSBS,801,002,,ocr:lowconf
3,2008-11-19,,2009,designate,,,New York State Chapter of the National Association of Minority Contractors,,208574186,60000,DSBS,801,002,,ocr:lowconf
3,2008-11-19,,2009,designate,,,New York Urban League,,131671035,80000,DSBS,801,002,,ocr:lowconf
3,2008-11-19,,2009,designate,,,"New York Women's Chamber of Commerce, Inc.",,141845651,150000,DSBS,801,002,,
3,2008-11-19,,2009,designate,,,"One Hundred Black Men, Inc.",,237379940,35000,DSBS,801,002,,ocr:lowconf
3,2008-11-19,,2009,designate,,,SBS Management,,136400434,190000,DSBS,801,002,,ocr:lowconf
3,2008-11-19,,2009,designate,,,South Bronx Overall Economic Development Corporation (SOBRO),,132736022,60000,DSBS,801,002,,ocr:lowconf
3,2008-11-19,,2009,designate,,,St. Nicholas Neighborhood Preservation Corporation,,510192170,70000,DSBS,801,002,,ocr:lowconf
3,2008-11-19,,2009,designate,,,Upper Manhattan Council Assisting Neighbors,,134042093,75000,DSBS,801,002,,ocr:lowconf
3,2008-11-19,,2009,designate,,,West Brighton Community Local Development Corporation,,133046424,35000,DSBS,801,002,,ocr:lowconf
3,2008-11-19,,2009,designate,,,"Billie Holiday Theatre, Inc.",,112336154,82000,DCA,126,003,,ocr:lowconf
3,2008-11-19,,2009,designate,,,Black Spectrum Theatre,,510135262,90000,DCA,126,003,,*;ocr:lowconf
3,2008-11-19,,2009,designate,,,"Forty Greene Avenue Cultural Center, Inc.",Paul Robeson Theatre,112627555,65000,DCA,126,003,,*;ocr:lowconf
3,2008-11-19,,2009,designate,,,Harlem Artist Development League Especially for You -H.A.D.LEY. Players,,133611138,50000,DCA,126,003,,ocr:lowconf
3,2008-11-19,,2009,designate,,,"International Arts Relations, Inc.",,237212492,90000,DCA,126,003,,ocr:lowconf
3,2008-11-19,,2009,designate,,,"Mind Builders Creative Arts Center, Inc.",,132988157,65000,DCA,126,003,,
3,2008-11-19,,2009,designate,,,"National Black Theatre Workshop, Inc.",,132632596,84000,DCA,126,003,,ocr:lowconf
3,2008-11-19,,2009,designate,,,"New Federal Theatre, Inc.",,132814763,80000,DCA,126,003,,*;ocr:lowconf
3,2008-11-19,,2009,designate,,,"New Heritage Theatre Group, Inc.",,132683678,80000,DCA,126,003,,*;ocr:lowconf
3,2008-11-19,,2009,designate,,,"Thaila Spanish Theatre, inc.",,237448611,84000,DCA,126,003,,ocr:lowconf
3,2008-11-19,,2009,designate,,,"UJAMAA Black Theater, Inc.",,133882348,30000,DCA,126,003,,*
3,2008-11-19,"Community Consultants Agy# Agency Status (Council, MOC, EIN Number Amount UIA Organization * etc)",2009,rescind,,,"Chelsea Housing Group, Inc.",,133542784,-5000,HPD,806,009,,ocr:lowconf
3,2008-11-19,"Community Consultants Agy# Agency Status (Council, MOC, EIN Number Amount UIA Organization * etc)",2009,designate,,,Neighborhood Housing Services WOW,,133098397,,HPD,806,009,,ocr:amt;ocr:lowconf
3,2008-11-19,"Community Consultants Agy# Agency Status (Council, MOC, EIN Number Amount UIA Organization * etc)",2009,rescind,,,"West Side Federation for Supportive Senior Housing, Inc.",,132926433,-5000,HPD,806,009,,ocr:lowconf
3,2008-11-19,"Community Consultants Agy# Agency Status (Council, MOC, EIN Number Amount UIA Organization * etc)",2009,designate,,,Hudson Guild,,135562989,5000,HPD,806,009,,
3,2008-11-19,"Community Consultants Agy# Agency Status (Council, MOC, EIN Number Amount UIA Organization * etc)",2009,designate,,,"Neighborhood Housing Services of the North Bronx, Inc.",,133098397,,HPD,806,009,,ocr:amt
3,2008-11-19,"Community Consultants Agy# Agency Status (Council, MOC, EIN Number Amount UIA Organization * etc)",2009,designate,,,"West Side Federation for Senior and Supportive Housing, Inc.",,132926433,5000,HPD,806,009,,ocr:lowconf
3,2008-11-19,"Transportation Costs Operating - Agency Agy# MOC. EIN Number Amount UIA etc) Organization Status (Council,",2009,designate,,,"Aging in America Community Services, Inc. Meals on Wheels",,134099045,,DFTA,125,003,,*;ocr:amt;ocr:lowconf
3,2008-11-19,"Transportation Costs Operating - Agency Agy# MOC. EIN Number Amount UIA etc) Organization Status (Council,",2009,designate,,,"Aging in America Community Services, inc. Meals on' Wheels",,134099045,,DFTA,125,003,,*;ocr:amt;ocr:lowconf
3,2008-11-19,"Transportation Costs Operating - Agency Agy# MOC. EIN Number Amount UIA etc) Organization Status (Council,",2009,designate,,,"Aging in America Community Services, Inc.",Meals on Wheels,134099045,,DFTA,125,003,,*;ocr:amt;ocr:lowconf
3,2008-11-19,"Transportation Costs Operating - Agency Agy# MOC. EIN Number Amount UIA etc) Organization Status (Council,",2009,designate,,,"Agudath Israel of America Community Services, Inc. Boro Park Senior Center",,133975090,,DFTA,125,003,,ocr:amt;ocr:lowconf
3,2008-11-19,"Transportation Costs Operating - Agency Agy# MOC. EIN Number Amount UIA etc) Organization Status (Council,",2009,designate,,,"Agudath Israel of America Community Services, Inc.",Boro Park Senior Center,133975090,,DFTA,125,003,,ocr:amt;ocr:lowconf
3,2008-11-19,"Transportation Costs Operating - Agency Agy# MOC. EIN Number Amount UIA etc) Organization Status (Council,",2009,designate,,,"Agudath Israel of America Community Services, Inc.",Boro Park Senior Center,133975090,,DFTA,125,003,,ocr:amt;ocr:lowconf
3,2008-11-19,"Transportation Costs Operating - Agency Agy# MOC. EIN Number Amount UIA etc) Organization Status (Council,",2009,designate,,,Allen A.M.E. Neighborhood Preservation and Development Corp.,Senior Transportation,112705085,,DFTA,125,003,,ocr:amt
3,2008-11-19,"Transportation Costs Operating - Agency Agy# MOC. EIN Number Amount UIA etc) Organization Status (Council,",2009,designate,,,Allen A.M.E. Neighborhood Preservation and Development Corp. Senior Transportation,,112705085,748130,DFTA,125,003,,ocr:lowconf
3,2008-11-19,"Transportation Costs Operating - Agency Agy# MOC. EIN Number Amount UIA etc) Organization Status (Council,",2009,designate,,,"Allen Community Senior Citizens Center, inc.",,112326244,,DFTA,125,003,,ocr:amt;ocr:lowconf
3,2008-11-19,"Transportation Costs Operating - Agency Agy# MOC. EIN Number Amount UIA etc) Organization Status (Council,",2009,designate,,,"ARC XVI Fort Washington, Inc. Whist l South Bronx Transportation",,132745426,,DFTA,125,003,,ocr:amt;ocr:lowconf
3,2008-11-19,"Transportation Costs Operating - Agency Agy# MOC. EIN Number Amount UIA etc) Organization Status (Council,",2009,designate,,,"ARC XVI Fort Washington, Inc.",Whist I South Bronx Transportation,132745426,,DFTA,125,003,,ocr:amt;ocr:lowconf
3,2008-11-19,"Transportation Costs Operating - Agency Agy# MOC. EIN Number Amount UIA etc) Organization Status (Council,",2009,designate,,,"ARC XVI Fort Washington, Inc.",Whist I South Bronx Transportation,132745426,,DFTA,125,003,,ocr:amt;ocr:lowconf
3,2008-11-19,"Transportation Costs Operating - Agency Agy# MOC. EIN Number Amount UIA etc) Organization Status (Council,",2009,designate,,,"ARC XVI Fort Washington, Inc.",Whist II South Bronx Transportation,132745426,,DFTA,125,003,,ocr:amt;ocr:lowconf
3,2008-11-19,"Transportation Costs Operating - Agency Agy# MOC. EIN Number Amount UIA etc) Organization Status (Council,",2009,designate,,,"ARCXVI Fort Washington, Inc.",Whist Transportation,132745426,,DFTA,125,003,,ocr:amt;ocr:lowconf
3,2008-11-19,"Transportation Costs Operating - Agency Agy# MOC. EIN Number Amount UIA etc) Organization Status (Council,",2009,designate,,,"ARCXVI Fort Washington, Inc.",Whist Transportation,132745426,,DFTA,125,003,,ocr:amt
3,2008-11-19,"Transportation Costs Operating - Agency Agy# MOC. EIN Number Amount UIA etc) Organization Status (Council,",2009,designate,,,"ARC XVI Fort Washington, inc.",Whist Transportation,132745426,,DFTA,125,003,,ocr:amt;ocr:lowconf
3,2008-11-19,"Transportation Costs Operating - Agency Agy# MOC. EIN Number Amount UIA etc) Organization Status (Council,",2009,designate,,,"ARC XVI Fort Washington, Inc.",Whist Transportation,132745426,,DFTA,125,003,,ocr:amt
3,2008-11-19,"Transportation Costs Operating - Agency Agy# MOC. EIN Number Amount UIA etc) Organization Status (Council,",2009,designate,,,"ARC XVI Fort Washington, Inc.",Whist Transportation,132745426,,DFTA,125,003,,ocr:amt;ocr:lowconf
3,2008-11-19,"Transportation Costs Operating - Agency Agy# MOC. EIN Number Amount UIA etc) Organization Status (Council,",2009,designate,,,"ARCXVI Fort Washington, Inc.",Whist Transportation,132745426,,DFTA,125,003,,ocr:amt;ocr:lowconf
3,2008-11-19,"Transportation Costs Operating - Agency Agy# MOC. EIN Number Amount UIA etc) Organization Status (Council,",2009,designate,,,Bethlehem Evangelical Lutheran Church,Bay Ridge Center for Older Adults,116260710,,DFTA,125,003,,ocr:amt;ocr:lowconf
3,2008-11-19,"Transportation Costs Operating - Agency Agy# MOC. EIN Number Amount UIA etc) Organization Status (Council,",2009,designate,,,Bethlehem Evangelical Lutheran Church,Bay Ridge Center for Older Adults,116260710,,DFTA,125,003,,ocr:amt;ocr:lowconf
3,2008-11-19,"Transportation Costs Operating - Agency Agy# MOC. EIN Number Amount UIA etc) Organization Status (Council,",2009,designate,,,Bethlehem Evangelical Lutheran Church,Bay Ridge Center for Older Adults,116260710,,DFTA,125,003,,*;ocr:amt;ocr:lowconf
3,2008-11-19,"Transportation Costs Operating - Agency Agy# MOC. EIN Number Amount UIA etc) Organization Status (Council,",2009,designate,,,Bethlehem Evangelical Lutheran Church Bay Ridge Center for Older Adults,,116260710,,DFTA,125,003,,*;ocr:amt;ocr:lowconf
3,2008-11-19,"Transportation Costs Operating - Agency Agy# MOC. EIN Number Amount UIA etc) Organization Status (Council,",2009,designate,,,Bethiehem Evangelical Lutheran Church Bay Ridge Center for Older Adults,,116260710,,DFTA,125,003,,*;ocr:amt;ocr:lowconf
3,2008-11-19,"Transportation Costs Operating - Agency Agy# MOC. EIN Number Amount UIA etc) Organization Status (Council,",2009,designate,,,Bethlehem Evangelical Lutheran Church,Bay Ridge Center for Older Adults,116260710,,DFTA,125,003,,ocr:amt;ocr:lowconf
3,2008-11-19,"Transportation Costs Operating - Agency Agy# MOC. EIN Number Amount UIA etc) Organization Status (Council,",2009,designate,,,Bethlehem Evangelical Lutheran Church,Bay Ridge Center for Older Adults,116260710,,DFTA,125,003,,ocr:amt;ocr:lowconf
3,2008-11-19,"Transportation Costs Operating - Agency Agy# MOC. EIN Number Amount UIA etc) Organization Status (Council,",2009,designate,,,Bethlehem Evangelical Lutheran Church,Bay Ridge Center for Older Adults,116260710,,DFTA,125,003,,ocr:amt;ocr:lowconf
3,2008-11-19,"Transportation Costs Operating - Agency Agy# MOC. EIN Number Amount UIA etc) Organization Status (Council,",2009,designate,,,"Bridge Street Senior Center, Inc.",,113060600,,DFTA,125,003,,ocr:amt
3,2008-11-19,"Transportation Costs Operating - Agency Agy# MOC. EIN Number Amount UIA etc) Organization Status (Council,",2009,designate,,,Bronx House Senior Center,,131739935,,DFTA,125,003,,ocr:amt
3,2008-11-19,"Transportation Costs Operating - Agency Agy# MOC. EIN Number Amount UIA etc) Organization Status (Council,",2009,designate,,,Bronx House Senior Center,,131739935,,DFTA,125,003,,ocr:amt
3,2008-11-19,"Transportation Costs Operating - Agency Agy# MOC. EIN Number Amount UIA etc) Organization Status (Council,",2009,designate,,,Bronx House,Senior Center,131739935,,DFTA,125,003,,ocr:amt
3,2008-11-19,"Transportation Costs Operating - Agency Agy# MOC. EIN Number Amount UIA etc) Organization Status (Council,",2009,designate,,,Bronx House,Senior Center,131739935,,DFTA,125,003,,ocr:amt
3,2008-11-19,"Transportation Costs Operating - Agency Agy# MOC. EIN Number Amount UIA etc) Organization Status (Council,",2009,designate,,,Bronx Jewish Community Council Inc,,132744533,,DFTA,125,003,,ocr:amt;ocr:lowconf
3,2008-11-19,"Transportation Costs Operating - Agency Agy# MOC. EIN Number Amount UIA etc) Organization Status (Council,",2009,designate,,,Brooks Memorial United Methodist Church,Senior Center,111832868,,DFTA,125,003,,ocr:amt;ocr:lowconf
3,2008-11-19,"Transportation Costs Operating - Agency Agy# MOC. EIN Number Amount UIA etc) Organization Status (Council,",2009,designate,,,Canaan Baptist Church of Christ,Canaan Senior Service Center,136013037,,DFTA,125,003,,ocr:amt;ocr:lowconf
3,2008-11-19,"Transportation Costs Operating - Agency Agy# MOC. EIN Number Amount UIA etc) Organization Status (Council,",2009,designate,,,"Caring Community, Inc., The",Our Lady of Pompeii Senior Center,132980755,,DFTA,125,003,,ocr:amt;ocr:lowconf
3,2008-11-19,"Transportation Costs Operating - Agency Agy# MOC. EIN Number Amount UIA etc) Organization Status (Council,",2009,designate,,,"Caring Community, Inc., The",Our Lady of Pompeil Senior Center,132980755,,DFTA,125,003,,ocr:amt;ocr:lowconf
3,2008-11-19,"Transportation Costs Operating - Agency Agy# MOC. EIN Number Amount UIA etc) Organization Status (Council,",2009,designate,,,"Catholic Charities Community Services, Archdiocese of New York CYO Senior Lunch Guild",,135562185,,DFTA,125,003,,ocr:amt
3,2008-11-19,"Transportation Costs Operating - Agency Agy# MOC. EIN Number Amount UIA etc) Organization Status (Council,",2009,designate,,,"Catholic Charities Neighborhood Services, Inc",Bay Senior Center,112047151,,DFTA,125,003,,ocr:amt;ocr:lowconf
3,2008-11-19,"Transportation Costs Operating - Agency Agy# MOC. EIN Number Amount UIA etc) Organization Status (Council,",2009,designate,,,Catholic Charities Neighborhood Services Inc,Bay Senior Center,112047151,,DFTA,125,003,,ocr:amt
3,2008-11-19,"Transportation Costs Operating - Agency Agy# MOC. EIN Number Amount UIA etc) Organization Status (Council,",2009,designate,,,Catholic Chanties Neighborhood Services Inc,Bay Sen.or Center,112047151,748130,DFTA,125,003,,ocr:lowconf
3,2008-11-19,"Transportation Costs Operating - Agency Agy# MOC. EIN Number Amount UIA etc) Organization Status (Council,",2009,designate,,,"Catholic Charities Neighborhood Services, Inc. : Bay Senior Center",,112047151,,DFTA,125,003,,ocr:amt;ocr:lowconf
3,2008-11-19,"Transportation Costs Operating - Agency Agy# MOC. EIN Number Amount UIA etc) Organization Status (Council,",2009,designate,,,"Catholic Charities Neighborhood Services, Inc.",Bay Senior Center,112047151,,DFTA,125,003,,ocr:amt
3,2008-11-19,"Transportation Costs Operating - Agency Agy# MOC. EIN Number Amount UIA etc) Organization Status (Council,",2009,designate,,,"Catholic Charities Neighborhood Services, Inc. Bay Senior Center",,112047151,,DFTA,125,003,,ocr:amt;ocr:lowconf
3,2008-11-19,"Transportation Costs Operating - Agency Agy# MOC. EIN Number Amount UIA etc) Organization Status (Council,",2009,designate,,,"Catholic Charities Neighborhood Services, Inc. Bay Senior Center",,112047151,,DFTA,125,003,,ocr:amt;ocr:lowconf
3,2008-11-19,"Transportation Costs Operating - Agency Agy# MOC. EIN Number Amount UIA etc) Organization Status (Council,",2009,designate,,,"Catholic Charities Neighborhood Services, Inc. Bayside Senior Center",,112047151,,DFTA,125,003,,ocr:amt;ocr:lowconf
3,2008-11-19,"Transportation Costs Operating - Agency Agy# MOC. EIN Number Amount UIA etc) Organization Status (Council,",2009,designate,,,"Catholic Charities Neighborhood Services, Inc. Bayside Senior Center",,112047151,,DFTA,125,003,,ocr:amt;ocr:lowconf
3,2008-11-19,"Transportation Costs Operating - Agency Agy# MOC. EIN Number Amount UIA etc) Organization Status (Council,",2009,designate,,,"Catholic Charities Neighborhood Services, Inc. Bayside Senior Center",,112047151,,DFTA,125,003,,ocr:amt;ocr:lowconf
3,2008-11-19,"Transportation Costs Operating - Agency Agy# MOC. EIN Number Amount UIA etc) Organization Status (Council,",2009,designate,,,"Catholic Charities Neighborhood Services, Inc. Bayside Senior Center",,112047151,,DFTA,125,003,,ocr:amt;ocr:lowconf
3,2008-11-19,"Transportation Costs Operating - Agency Agy# MOC. EIN Number Amount UIA etc) Organization Status (Council,",2009,designate,,,"Catholic Charities Neighborhood Services, Inc.",Bayside Senior Center,112047151,,DFTA,125,003,,ocr:amt
3,2008-11-19,"Transportation Costs Operating - Agency Agy# MOC. EIN Number Amount UIA etc) Organization Status (Council,",2009,designate,,,"Catholic Charities Neighborhood Services, Inc.",Bayside Senior Center,112047151,,DFTA,125,003,,ocr:amt;ocr:lowconf
3,2008-11-19,"Transportation Costs Operating - Agency Agy# MOC. EIN Number Amount UIA etc) Organization Status (Council,",2009,designate,,,"Catholic Charities Neighborhood Services, Inc.",Hillcrest Senior Center,112047151,,DFTA,125,003,,ocr:amt;ocr:lowconf
3,2008-11-19,"Transportation Costs Operating - Agency Agy# MOC. EIN Number Amount UIA etc) Organization Status (Council,",2009,designate,,,"Catholic Charities Neighborhood Services, Inc.",Hillcrest Senior Center,112047151,,DFTA,125,003,,ocr:amt;ocr:lowconf
3,2008-11-19,"Transportation Costs Operating - Agency Agy# MOC. EIN Number Amount UIA etc) Organization Status (Council,",2009,designate,,,"Catholic Charities Neighborhood Services, Inc.",McGuiness Northside Senior Ctr,112047151,,DFTA,125,003,,ocr:amt
3,2008-11-19,"Transportation Costs Operating - Agency Agy# MOC. EIN Number Amount UIA etc) Organization Status (Council,",2009,designate,,,"Catholic Charities Neighborhood Services, Inc.",McGuiness Northside Senior Ctr,112047151,,DFTA,125,003,,ocr:amt;ocr:lowconf
3,2008-11-19,"Transportation Costs Operating - Agency Agy# MOC. EIN Number Amount UIA etc) Organization Status (Council,",2009,designate,,,"Catholic Charities Neighborhood Services, Inc. Narrows Senior Center",,112047151,,DFTA,125,003,,ocr:amt;ocr:lowconf
3,2008-11-19,"Transportation Costs Operating - Agency Agy# MOC. EIN Number Amount UIA etc) Organization Status (Council,",2009,designate,,,"Catholic Charities Neighborhood Services, Inc.",Narrows Senior Center,112047151,,DFTA,125,003,,ocr:amt;ocr:lowconf
3,2008-11-19,"Transportation Costs Operating - Agency Agy# MOC. EIN Number Amount UIA etc) Organization Status (Council,",2009,designate,,,"Catholic Charities Neighborhood Services, Inc.",Narrows Senior Center,112047151,,DFTA,125,003,,ocr:amt;ocr:lowconf
3,2008-11-19,"Transportation Costs Operating - Agency Agy# MOC. EIN Number Amount UIA etc) Organization Status (Council,",2009,designate,,,"Catholic Charities Neighborhood Services, Inc.",Narrows Senior Center,112047151,,DFTA,125,003,,ocr:amt
3,2008-11-19,"Transportation Costs Operating - Agency Agy# MOC. EIN Number Amount UIA etc) Organization Status (Council,",2009,designate,,,"Catholic Charities Neighborhood Services, Inc. Narrows Senior Center",,112047151,,DFTA,125,003,,ocr:amt;ocr:lowconf
3,2008-11-19,"Transportation Costs Operating - Agency Agy# MOC. EIN Number Amount UIA etc) Organization Status (Council,",2009,designate,,,"Catholic Charities Neighborhood Services, Inc.","Narrows Senior Center,",112047151,,DFTA,125,003,,ocr:amt;ocr:lowconf
3,2008-11-19,"Transportation Costs Operating - Agency Agy# MOC. EIN Number Amount UIA etc) Organization Status (Council,",2009,designate,,,"Catholic Charities Neighborhood Services, Inc.",Narrows Senior Center,112047151,,DFTA,125,003,,ocr:amt
3,2008-11-19,"Transportation Costs Operating - Agency Agy# MOC. EIN Number Amount UIA etc) Organization Status (Council,",2009,designate,,,"Catholic Charities Neighborhood Services, Inc.",Saint Louis Senior Center,112047151,,DFTA,125,003,,ocr:amt;ocr:lowconf
3,2008-11-19,"Transportation Costs Operating - Agency Agy# MOC. EIN Number Amount UIA etc) Organization Status (Council,",2009,designate,,,"Catholic Charities Neighborhood Services, Inc. Saint Louis Senior Center",,112047151,,DFTA,125,003,,ocr:amt;ocr:lowconf
3,2008-11-19,"Transportation Costs Operating - Agency Agy# MOC. EIN Number Amount UIA etc) Organization Status (Council,",2009,designate,,,"Catholic Charities Neighborhood Services, Inc. Saint Louis Senior Center",,112047151,,DFTA,125,003,,ocr:amt
3,2008-11-19,"Transportation Costs Operating - Agency Agy# MOC. EIN Number Amount UIA etc) Organization Status (Council,",2009,designate,,,"Catholic Charities Neighborhood Services, Inc.",Steinway Senior Center,112047151,,DFTA,125,003,,ocr:amt;ocr:lowconf
3,2008-11-19,"Transportation Costs Operating - Agency Agy# MOC. EIN Number Amount UIA etc) Organization Status (Council,",2009,designate,,,"Catholic Charities Neighborhood Services, Inc.",Woodhaven Senior Center,112047151,,DFTA,125,003,,ocr:amt;ocr:lowconf
3,2008-11-19,"Transportation Costs Operating - Agency Agy# MOC. EIN Number Amount UIA etc) Organization Status (Council,",2009,designate,,,"Catholic Charities Neighborhood Services, Inc.",Woodhaven Senior Center,112047151,,DFTA,125,003,,ocr:amt;ocr:lowconf
3,2008-11-19,"Transportation Costs Operating - Agency Agy# MOC. EIN Number Amount UIA etc) Organization Status (Council,",2009,designate,,,"Catholic Charities Neighborhood Services, inc.",Woodhaven Senior Center,112047151,,DFTA,125,003,,ocr:amt;ocr:lowconf
3,2008-11-19,"Transportation Costs Operating - Agency Agy# MOC. EIN Number Amount UIA etc) Organization Status (Council,",2009,designate,,,"Catholic Charities Neighborhood Services, Inc. Woodhaven Senior Center",,112047151,,DFTA,125,003,,ocr:amt
3,2008-11-19,"Transportation Costs Operating - Agency Agy# MOC. EIN Number Amount UIA etc) Organization Status (Council,",2009,designate,,,"Catholic Charities Neighborhood Services, Inc.",Woodside Senior Services,112047151,,DFTA,125,003,,ocr:amt;ocr:lowconf
3,2008-11-19,"Transportation Costs Operating - Agency Agy# MOC. EIN Number Amount UIA etc) Organization Status (Council,",2009,designate,,,"Catholic Charities Neighborhood Services, Inc. Woodside Senior Services",,112047151,,DFTA,125,003,,ocr:amt;ocr:lowconf
3,2008-11-19,"Transportation Costs Operating - Agency Agy# MOC. EIN Number Amount UIA etc) Organization Status (Council,",2009,designate,,,"Catholic Charities Neighborhood Services, Inc. Woodside Senior Services",,112047151,,DFTA,125,003,,ocr:amt;ocr:lowconf
3,2008-11-19,"Transportation Costs Operating - Agency Agy# MOC. EIN Number Amount UIA etc) Organization Status (Council,",2009,designate,,,"Catholic Charities Neighborhood Services, Inc. Woodside Senior Services",,112047151,,DFTA,125,003,,ocr:amt
3,2008-11-19,"Transportation Costs Operating - Agency Agy# MOC. EIN Number Amount UIA etc) Organization Status (Council,",2009,designate,,,"Catholic Charities Neighborhood Services, Inc. Woodside Senior Services",,112047151,,DFTA,125,003,,ocr:amt;ocr:lowconf
3,2008-11-19,"Transportation Costs Operating - Agency Agy# MOC. EIN Number Amount UIA etc) Organization Status (Council,",2009,designate,,,"Central Harlem Senior Citizens Coalition, Inc. Senior Center",,132754783,,DFTA,125,003,,ocr:amt
3,2008-11-19,"Transportation Costs Operating - Agency Agy# MOC. EIN Number Amount UIA etc) Organization Status (Council,",2009,designate,,,"Charles A Walburg Multi-Service Organization, Inc. Home Delivered Meais",,237337180,,DFTA,125,003,,*;ocr:amt;ocr:lowconf
3,2008-11-19,"Transportation Costs Operating - Agency Agy# MOC. EIN Number Amount UIA etc) Organization Status (Council,",2009,designate,,,"Charles A Walburg Multi-Service Organization, Inc. Home Delivered Meals",,237337180,,DFTA,125,003,,ocr:amt;ocr:lowconf
3,2008-11-19,"Transportation Costs Operating - Agency Agy# MOC. EIN Number Amount UIA etc) Organization Status (Council,",2009,designate,,,"Charles A Walburg Multi-Service Organization, Inc. Home Delivered Meals",,237337180,,DFTA,125,003,,ocr:amt;ocr:lowconf
3,2008-11-19,"Transportation Costs Operating - Agency Agy# MOC. EIN Number Amount UIA etc) Organization Status (Council,",2009,designate,,,"Charles A Walburg Multi-Service Organization, Inc. Home Delivered Meals",,237337180,,DFTA,125,003,,ocr:amt;ocr:lowconf
3,2008-11-19,"Transportation Costs Operating - Agency Agy# MOC. EIN Number Amount UIA etc) Organization Status (Council,",2009,designate,,,"Charles A Walburg Multi- Service Organization, Inc. Home Delivered Meals",,237337180,,DFTA,125,003,,ocr:amt;ocr:lowconf
3,2008-11-19,"Transportation Costs Operating - Agency Agy# MOC. EIN Number Amount UIA etc) Organization Status (Council,",2009,designate,,,"Chinese American Planning Council, Inc Brooklyn Meals on Wheels",,136202692,,DFTA,125,003,,ocr:amt;ocr:lowconf
3,2008-11-19,"Transportation Costs Operating - Agency Agy# MOC. EIN Number Amount UIA etc) Organization Status (Council,",2009,designate,,,"Chinese American Planning Council, Inc",Project Open Door,136202692,,DFTA,125,003,,ocr:amt;ocr:lowconf
3,2008-11-19,"Transportation Costs Operating - Agency Agy# MOC. EIN Number Amount UIA etc) Organization Status (Council,",2009,designate,,,"Chinese American Planning Counci, Inc",Project Open Door,136202692,748130,DFTA,125,003,,ocr:lowconf
3,2008-11-19,"Transportation Costs Operating - Agency Agy# MOC. EIN Number Amount UIA etc) Organization Status (Council,",2009,designate,,,"Chinese American Planning Council, Inc",Project Open Door,136202692,,DFTA,125,003,,ocr:amt;ocr:lowconf
3,2008-11-19,"Transportation Costs Operating - Agency Agy# MOC. EIN Number Amount UIA etc) Organization Status (Council,",2009,designate,,,"Chinese American Planning Council, Inc",Project Open Door,136202692,,DFTA,125,003,,ocr:amt;ocr:lowconf
3,2008-11-19,"Transportation Costs Operating - Agency Agy# MOC. EIN Number Amount UIA etc) Organization Status (Council,",2009,designate,,,"Chinese American Planning Council, Inc.",Queens Nan Shan Senior Center,136202692,,DFTA,125,003,,ocr:amt
3,2008-11-19,"Transportation Costs Operating - Agency Agy# MOC. EIN Number Amount UIA etc) Organization Status (Council,",2009,designate,,,"Chinese American Planning Council, Inc.",Queens Nan Shan Senior Center,136202692,,DFTA,125,003,,ocr:amt;ocr:lowconf
3,2008-11-19,"Transportation Costs Operating - Agency Agy# MOC. EIN Number Amount UIA etc) Organization Status (Council,",2009,designate,,,"Church on the Hill Oider Adult (COTHOA) Luncheon Club, Inc.",Senior Center,133608860,,DFTA,125,003,,ocr:amt;ocr:lowconf
3,2008-11-19,"Transportation Costs Operating - Agency Agy# MOC. EIN Number Amount UIA etc) Organization Status (Council,",2009,designate,,,"Citizens Advice Bureau, Inc., The Heights Center for Seniors",,133254484,,DFTA,125,003,,ocr:amt;ocr:lowconf
3,2008-11-19,"Transportation Costs Operating - Agency Agy# MOC. EIN Number Amount UIA etc) Organization Status (Council,",2009,designate,,,"Citizens Advice Bureau, inc., The Morris Senior Center",,133254484,,DFTA,125,003,,ocr:amt;ocr:lowconf
3,2008-11-19,"Transportation Costs Operating - Agency Agy# MOC. EIN Number Amount UIA etc) Organization Status (Council,",2009,designate,,,"Citizens Care Committee, Inc.",Senior Center,136179568,,DFTA,125,003,,*;ocr:amt;ocr:lowconf
3,2008-11-19,"Transportation Costs Operating - Agency Agy# MOC. EIN Number Amount UIA etc) Organization Status (Council,",2009,designate,,,"Community Agency for Senior Citizens, Inc. Case Assistance and Transportation",,133263537,,DFTA,125,003,,ocr:amt;ocr:lowconf
3,2008-11-19,"Transportation Costs Operating - Agency Agy# MOC. EIN Number Amount UIA etc) Organization Status (Council,",2009,designate,,,"Community Agency for Senior Citizens, Inc. Case Assistance and Transportation",,133263537,,DFTA,125,003,,ocr:amt;ocr:lowconf
3,2008-11-19,"Transportation Costs Operating - Agency Agy# MOC. EIN Number Amount UIA etc) Organization Status (Council,",2009,designate,,,"Community Agency for Senior Citizens, Inc.",Case Assistance and Transportation,133263537,748130,DFTA,125,003,,ocr:lowconf
3,2008-11-19,"Transportation Costs Operating - Agency Agy# MOC. EIN Number Amount UIA etc) Organization Status (Council,",2009,designate,,,"Community Agency for Senior Citizens, Inc.",Case Assistance and Transportation,133263537,,DFTA,125,003,,ocr:amt
3,2008-11-19,"Transportation Costs Operating - Agency Agy# MOC. EIN Number Amount UIA etc) Organization Status (Council,",2009,designate,,,"Community Agency for Senior Citizens, Inc. Case Assistance and Transportation",,133263537,748130,DFTA,125,003,,ocr:lowconf
3,2008-11-19,"Transportation Costs Operating - Agency Agy# MOC. EIN Number Amount UIA etc) Organization Status (Council,",2009,designate,,,"Community Agency for Senior Citizens, Inc.",Case Assistance and Transportation,133263537,,DFTA,125,003,,ocr:amt;ocr:lowconf
3,2008-11-19,"Transportation Costs Operating - Agency Agy# MOC. EIN Number Amount UIA etc) Organization Status (Council,",2009,designate,,,"Community Agency for Senior Citizens, Inc.",Case Assistance and Transportation,133263537,,DFTA,125,003,,ocr:amt;ocr:lowconf
3,2008-11-19,"Transportation Costs Operating - Agency Agy# MOC. EIN Number Amount UIA etc) Organization Status (Council,",2009,designate,,,"Community Agency for Senior Citizens, Inc. Case Assistance and Transportation",,133263537,,DFTA,125,003,,ocr:amt;ocr:lowconf
3,2008-11-19,"Transportation Costs Operating - Agency Agy# MOC. EIN Number Amount UIA etc) Organization Status (Council,",2009,designate,,,"Community Agency for Senior Citizens, Inc. Case Assistance and Transportation",,133263537,,DFTA,125,003,,ocr:amt;ocr:lowconf
3,2008-11-19,"Transportation Costs Operating - Agency Agy# MOC. EIN Number Amount UIA etc) Organization Status (Council,",2009,designate,,,"Community Agency for Senior Citizens, Inc.",Frail Elderly Transportation,133263537,,DFTA,125,003,,ocr:amt;ocr:lowconf
3,2008-11-19,"Transportation Costs Operating - Agency Agy# MOC. EIN Number Amount UIA etc) Organization Status (Council,",2009,designate,,,"Community Agency for Senior Citizens, Inc.",Frail Elderly Transportation,133263537,,DFTA,125,003,,ocr:amt;ocr:lowconf
3,2008-11-19,"Transportation Costs Operating - Agency Agy# MOC. EIN Number Amount UIA etc) Organization Status (Council,",2009,designate,,,"Community Agency for Senior Citizens, Inc.",Frail Elderly Transportation,133263537,,DFTA,125,003,,ocr:amt
3,2008-11-19,"Transportation Costs Operating - Agency Agy# MOC. EIN Number Amount UIA etc) Organization Status (Council,",2009,designate,,,"Community Agency for Senior Citizens, Inc.",Frail Elderly Transportation,133263537,,DFTA,125,003,,ocr:amt
3,2008-11-19,"Transportation Costs Operating - Agency Agy# MOC. EIN Number Amount UIA etc) Organization Status (Council,",2009,designate,,,"Community Agency for Senior Citizens, Inc.",Frail Elderly Transportation,133263537,,DFTA,125,003,,ocr:amt;ocr:lowconf
3,2008-11-19,"Transportation Costs Operating - Agency Agy# MOC. EIN Number Amount UIA etc) Organization Status (Council,",2009,designate,,,"Community Agency for Senior Citizens, Inc.",Frail Elderly Transportation,133263537,,DFTA,125,003,,ocr:amt;ocr:lowconf
3,2008-11-19,"Transportation Costs Operating - Agency Agy# MOC. EIN Number Amount UIA etc) Organization Status (Council,",2009,designate,,,Convent Avenue Baptist Church Hamilton Grange Senior Center,,132780116,,DFTA,125,003,,ocr:amt;ocr:lowconf
3,2008-11-19,"Transportation Costs Operating - Agency Agy# MOC. EIN Number Amount UIA etc) Organization Status (Council,",2009,designate,,,Convent Avenue Baptist Church,Hamilton Grange Senior Center,132780116,,DFTA,125,003,,ocr:amt
3,2008-11-19,"Transportation Costs Operating - Agency Agy# MOC. EIN Number Amount UIA etc) Organization Status (Council,",2009,designate,,,Convent Avenue Baptist Church Hamilton Grange Senior Center,,132780116,,DFTA,125,003,,ocr:amt;ocr:lowconf
3,2008-11-19,"Transportation Costs Operating - Agency Agy# MOC. EIN Number Amount UIA etc) Organization Status (Council,",2009,designate,,,"Corona Congregational Church, Inc.",Florence E. Smith Senior Center,113024828,,DFTA,125,003,,ocr:amt;ocr:lowconf
3,2008-11-19,"Transportation Costs Operating - Agency Agy# MOC. EIN Number Amount UIA etc) Organization Status (Council,",2009,designate,,,"Corona Congregational Church, Inc. Florence E. Smith Senior Center",,113024828,,DFTA,125,003,,ocr:amt;ocr:lowconf
3,2008-11-19,"Transportation Costs Operating - Agency Agy# MOC. EIN Number Amount UIA etc) Organization Status (Council,",2009,designate,,,"Corona Congregational Church, Inc. Florence E. Smith Senior Center",,113024828,,DFTA,125,003,,ocr:amt
3,2008-11-19,"Transportation Costs Operating - Agency Agy# MOC. EIN Number Amount UIA etc) Organization Status (Council,",2009,designate,,,"Corona Congregational Church, Inc.",Florence E. Smith Senior Center,113024828,,DFTA,125,003,,ocr:amt;ocr:lowconf
3,2008-11-19,"Transportation Costs Operating - Agency Agy# MOC. EIN Number Amount UIA etc) Organization Status (Council,",2009,designate,,,"Corona Congregational Church, Inc. Florence E. Smith Senior Center",,113024828,,DFTA,125,003,,ocr:amt;ocr:lowconf
3,2008-11-19,"Transportation Costs Operating - Agency Agy# MOC. EIN Number Amount UIA etc) Organization Status (Council,",2009,designate,,,"Corona Congregational Church, Inc. Florence E. Smith Senior Center",,113024828,,DFTA,125,003,,ocr:amt;ocr:lowconf
3,2008-11-19,"Transportation Costs Operating - Agency Agy# MOC. EIN Number Amount UIA etc) Organization Status (Council,",2009,designate,,,Council of Belmont Organizations. Inc. Mt Carmel Center for Senior Citizens,,132755323,,DFTA,125,003,,ocr:amt;ocr:lowconf
3,2008-11-19,"Transportation Costs Operating - Agency Agy# MOC. EIN Number Amount UIA etc) Organization Status (Council,",2009,designate,,,Crown Heights Preservation Committee Corp Shalom Senior Center,,112322490,,DFTA,125,003,,ocr:amt;ocr:lowconf
3,2008-11-19,"Transportation Operating Costs (continued) - Amount Agy# Status (Council, MOC. EIN Number UIA etc) Organization Agency",2009,designate,,,"Cypress Hills-Fulton Street Senior Citizens Center, Inc.",,112297647,,DFTA,125,003,,ocr:amt;ocr:lowconf
3,2008-11-19,"Transportation Operating Costs (continued) - Amount Agy# Status (Council, MOC. EIN Number UIA etc) Organization Agency",2009,designate,,,DOROT. Inc. Kosher Meals for Homebound Elderly,,133264005,,DFTA,125,003,,ocr:amt;ocr:lowconf
3,2008-11-19,"Transportation Operating Costs (continued) - Amount Agy# Status (Council, MOC. EIN Number UIA etc) Organization Agency",2009,designate,,,"East Harlem Council for Human Services, inc.",Nutrition Program,136213532,,DFTA,125,003,,*;ocr:amt;ocr:lowconf
3,2008-11-19,"Transportation Operating Costs (continued) - Amount Agy# Status (Council, MOC. EIN Number UIA etc) Organization Agency",2009,designate,,,"East New York Council for the Aging, Inc. LHI Pink Senior Center",,113080634,,DFTA,125,003,,ocr:amt;ocr:lowconf
3,2008-11-19,"Transportation Operating Costs (continued) - Amount Agy# Status (Council, MOC. EIN Number UIA etc) Organization Agency",2009,designate,,,"East New York Council for the Aging, Inc.",Penn Wortman Senior Center,113080634,,DFTA,125,003,,ocr:amt;ocr:lowconf
3,2008-11-19,"Transportation Operating Costs (continued) - Amount Agy# Status (Council, MOC. EIN Number UIA etc) Organization Agency",2009,designate,,,"East New York Council for the Aging, Inc. Penn Wortman Senior Center",,113080634,,DFTA,125,003,,ocr:amt;ocr:lowconf
3,2008-11-19,"Transportation Operating Costs (continued) - Amount Agy# Status (Council, MOC. EIN Number UIA etc) Organization Agency",2009,designate,,,"East New York Council for the Aging, Inc.",Penn Wortman Senior Center,113080634,,DFTA,125,003,,ocr:amt;ocr:lowconf
3,2008-11-19,"Transportation Operating Costs (continued) - Amount Agy# Status (Council, MOC. EIN Number UIA etc) Organization Agency",2009,designate,,,Eileen Dugan Senior Citizens Center,,112301785,,DFTA,125,003,,ocr:amt
3,2008-11-19,"Transportation Operating Costs (continued) - Amount Agy# Status (Council, MOC. EIN Number UIA etc) Organization Agency",2009,designate,,,"Elmcor Youth and Adult Activities, Inc.",Senior Center,112224539,,DFTA,125,003,,ocr:amt;ocr:lowconf
3,2008-11-19,"Transportation Operating Costs (continued) - Amount Agy# Status (Council, MOC. EIN Number UIA etc) Organization Agency",2009,designate,,,"Elmcor Youth and Adult Activities, Inc. Senior Center",,112224539,,DFTA,125,003,,ocr:amt;ocr:lowconf
3,2008-11-19,"Transportation Operating Costs (continued) - Amount Agy# Status (Council, MOC. EIN Number UIA etc) Organization Agency",2009,designate,,,"Elmcor Youth and Adult Activities, Inc. Senior Center",,112224539,,DFTA,125,003,,*;ocr:amt;ocr:lowconf
3,2008-11-19,"Transportation Operating Costs (continued) - Amount Agy# Status (Council, MOC. EIN Number UIA etc) Organization Agency",2009,designate,,,"Eimcor Youth and Adult Activities, Inc. Senior Center",,112224539,,DFTA,125,003,,*;ocr:amt;ocr:lowconf
3,2008-11-19,"Transportation Operating Costs (continued) - Amount Agy# Status (Council, MOC. EIN Number UIA etc) Organization Agency",2009,designate,,,Family Care Services,Visiting Nurse Service Meals on Wheels (MOW),133213081,,DFTA,125,003,,ocr:amt;ocr:lowconf
3,2008-11-19,"Transportation Operating Costs (continued) - Amount Agy# Status (Council, MOC. EIN Number UIA etc) Organization Agency",2009,designate,,,Family Care Services,Visiting Nurse Service Meals on Wheels (MOW),133213081,,DFTA,125,003,,ocr:amt;ocr:lowconf
3,2008-11-19,"Transportation Operating Costs (continued) - Amount Agy# Status (Council, MOC. EIN Number UIA etc) Organization Agency",2009,designate,,,Family Care Services,Visiting Nurse Service Meals on Wheels (MOW),133213081,,DFTA,125,003,,ocr:amt;ocr:lowconf
3,2008-11-19,"Transportation Operating Costs (continued) - Amount Agy# Status (Council, MOC. EIN Number UIA etc) Organization Agency",2009,designate,,,Family Care Services Visiting Nurse Service Meals on' Wheels (MOW),,133213081,,DFTA,125,003,,ocr:amt;ocr:lowconf
3,2008-11-19,"Transportation Operating Costs (continued) - Amount Agy# Status (Council, MOC. EIN Number UIA etc) Organization Agency",2009,designate,,,"Fort Greene Senior Citizens Council, Inc.",Fort Greene Crown Heights,112300840,,DFTA,125,003,,ocr:amt
3,2008-11-19,"Transportation Operating Costs (continued) - Amount Agy# Status (Council, MOC. EIN Number UIA etc) Organization Agency",2009,designate,,,"Fort Greene Senior Citizens Council, Inc. Fort Greene Crown Heights",,112300840,,DFTA,125,003,,ocr:amt
3,2008-11-19,"Transportation Operating Costs (continued) - Amount Agy# Status (Council, MOC. EIN Number UIA etc) Organization Agency",2009,designate,,,"Fort Greene Senior Citizens Council, Inc.",Fort Greene Crown Heights,112300840,,DFTA,125,003,,ocr:amt;ocr:lowconf
3,2008-11-19,"Transportation Operating Costs (continued) - Amount Agy# Status (Council, MOC. EIN Number UIA etc) Organization Agency",2009,designate,,,"Fort Greene Senior Citizens Council, Inc.",Fort Greene Crown Heights,112300840,,DFTA,125,003,,ocr:amt;ocr:lowconf
3,2008-11-19,"Transportation Operating Costs (continued) - Amount Agy# Status (Council, MOC. EIN Number UIA etc) Organization Agency",2009,designate,,,"Fort Greene Senior Citizens Council, Inc.",Fort Greene Crown Heights,112300840,,DFTA,125,003,,ocr:amt;ocr:lowconf
3,2008-11-19,"Transportation Operating Costs (continued) - Amount Agy# Status (Council, MOC. EIN Number UIA etc) Organization Agency",2009,designate,,,"Fort Greene Senior Citizens Council, Inc.",Grace Agard Harewood Senior Ctr,112300840,,DFTA,125,003,,ocr:amt
3,2008-11-19,"Transportation Operating Costs (continued) - Amount Agy# Status (Council, MOC. EIN Number UIA etc) Organization Agency",2009,designate,,,"Fort Greene Senior Citizens Council, Inc.",Grace Agard Harewood Senior Ctr,112300840,,DFTA,125,003,,ocr:amt;ocr:lowconf
3,2008-11-19,"Transportation Operating Costs (continued) - Amount Agy# Status (Council, MOC. EIN Number UIA etc) Organization Agency",2009,designate,,,"Fort Greene Senior Citizens Council, Inc.",Grace Agard Harewood Senior Ctr,112300840,,DFTA,125,003,,ocr:amt
3,2008-11-19,"Transportation Operating Costs (continued) - Amount Agy# Status (Council, MOC. EIN Number UIA etc) Organization Agency",2009,designate,,,"Fort Greene Senior Citizens Council, Inc. Senior Action Center",,112300840,,DFTA,125,003,,ocr:amt;ocr:lowconf
3,2008-11-19,"Transportation Operating Costs (continued) - Amount Agy# Status (Council, MOC. EIN Number UIA etc) Organization Agency",2009,designate,,,"Fort Greene Senior Citizens Council, Inc.",Senior Action Center,112300840,,DFTA,125,003,,ocr:amt;ocr:lowconf
3,2008-11-19,"Transportation Operating Costs (continued) - Amount Agy# Status (Council, MOC. EIN Number UIA etc) Organization Agency",2009,designate,,,"Fort Greene Senior Citizens Council, Inc.",Senior Action Center,112300840,,DFTA,125,003,,ocr:amt;ocr:lowconf
3,2008-11-19,"Transportation Operating Costs (continued) - Amount Agy# Status (Council, MOC. EIN Number UIA etc) Organization Agency",2009,designate,,,"Glenridge Senior Citizen Multi-Service & Advisory Center, inc.",,112327136,,DFTA,125,003,,ocr:amt;ocr:lowconf
3,2008-11-19,"Transportation Operating Costs (continued) - Amount Agy# Status (Council, MOC. EIN Number UIA etc) Organization Agency",2009,designate,,,"Glenridge Senior Citizen Multi- Service & Advisory Center, Inc.",,112327136,,DFTA,125,003,,ocr:amt;ocr:lowconf
3,2008-11-19,"Transportation Operating Costs (continued) - Amount Agy# Status (Council, MOC. EIN Number UIA etc) Organization Agency",2009,designate,,,"Glenridge Senior Citizen Multi- Service & Advisory Center, Inc.",,112327136,,DFTA,125,003,,ocr:amt;ocr:lowconf
3,2008-11-19,"Transportation Operating Costs (continued) - Amount Agy# Status (Council, MOC. EIN Number UIA etc) Organization Agency",2009,designate,,,Goddard Riverside Community Center,Goddard Riverside Senior Center,131893908,,DFTA,125,003,,ocr:amt;ocr:lowconf
3,2008-11-19,"Transportation Operating Costs (continued) - Amount Agy# Status (Council, MOC. EIN Number UIA etc) Organization Agency",2009,designate,,,"Hamiton-Madison House, Inc. City Hall Senior Center",,135562412,,DFTA,125,003,,ocr:amt;ocr:lowconf
3,2008-11-19,"Transportation Operating Costs (continued) - Amount Agy# Status (Council, MOC. EIN Number UIA etc) Organization Agency",2009,designate,,,"Hamiton-Madison House, Inc.",City Hall Senior Center,135562412,,DFTA,125,003,,ocr:amt;ocr:lowconf
3,2008-11-19,"Transportation Operating Costs (continued) - Amount Agy# Status (Council, MOC. EIN Number UIA etc) Organization Agency",2009,designate,,,"Heights and Hill Community Council, Inc. Senior Services",,237237927,,DFTA,125,003,,ocr:amt;ocr:lowconf
3,2008-11-19,"Transportation Operating Costs (continued) - Amount Agy# Status (Council, MOC. EIN Number UIA etc) Organization Agency",2009,designate,,,"Heights and Hill Community Council, Inc.",Senior Services,237237927,,DFTA,125,003,,ocr:amt
3,2008-11-19,"Transportation Operating Costs (continued) - Amount Agy# Status (Council, MOC. EIN Number UIA etc) Organization Agency",2009,designate,,,"Hellenic American Neighborhood Action Committee, Inc. (HANAC) Angelo Petromelis College Point Senior Center",,112290832,,DFTA,125,003,,ocr:amt
3,2008-11-19,"Transportation Operating Costs (continued) - Amount Agy# Status (Council, MOC. EIN Number UIA etc) Organization Agency",2009,designate,,,"Hellenic American Neighborhood Action Committee, Inc. (HANAC) Angelo Petromelis College Point Senior Center",,112290832,,DFTA,125,003,,ocr:amt;ocr:lowconf
3,2008-11-19,"Transportation Operating Costs (continued) - Amount Agy# Status (Council, MOC. EIN Number UIA etc) Organization Agency",2009,designate,,,"Hellenic American Neighborhood Action Committee, Inc. (HANAC) East West Connection",,112290832,,DFTA,125,003,,ocr:amt;ocr:lowconf
3,2008-11-19,"Transportation Operating Costs (continued) - Amount Agy# Status (Council, MOC. EIN Number UIA etc) Organization Agency",2009,designate,,,"Hellenic American Neighborhood Action Committee, Inc. (HANAC) East West Connection",,112290832,,DFTA,125,003,,ocr:amt;ocr:lowconf
3,2008-11-19,"Transportation Operating Costs (continued) - Amount Agy# Status (Council, MOC. EIN Number UIA etc) Organization Agency",2009,designate,,,"Hellenic American Neighbornood Action Committee, inc. (HANAC)",East West Connection,112290832,,DFTA,125,003,,ocr:amt;ocr:lowconf
3,2008-11-19,"Transportation Operating Costs (continued) - Amount Agy# Status (Council, MOC. EIN Number UIA etc) Organization Agency",2009,designate,,,"Hellenic American Neighborhood Action Committee, Inc. (HANAC)",East West Connection,112290832,,DFTA,125,003,,ocr:amt;ocr:lowconf
3,2008-11-19,"Transportation Operating Costs (continued) - Amount Agy# Status (Council, MOC. EIN Number UIA etc) Organization Agency",2009,designate,,,"Hellenic American Neighborhood Action Committee, Inc. (HANAC)",East West Connection,112290832,,DFTA,125,003,,ocr:amt;ocr:lowconf
3,2008-11-19,"Transportation Operating Costs (continued) - Amount Agy# Status (Council, MOC. EIN Number UIA etc) Organization Agency",2009,designate,,,"Hellenic American Neighborhood Action Committee, Inc. (HANAC)",East West Connection,112290832,748130,DFTA,125,003,,ocr:lowconf
3,2008-11-19,"Transportation Operating Costs (continued) - Amount Agy# Status (Council, MOC. EIN Number UIA etc) Organization Agency",2009,designate,,,"Hellenic American Neighborhood Action Committee, Inc. (HANAC)- East West Connection",,112290832,,DFTA,125,003,,ocr:amt;ocr:lowconf
3,2008-11-19,"Transportation Operating Costs (continued) - Amount Agy# Status (Council, MOC. EIN Number UIA etc) Organization Agency",2009,designate,,,"Hellenic American Neighborhood Action Committee, Inc. (HANAC) East West Connection",,112290832,748130,DFTA,125,003,,ocr:lowconf
3,2008-11-19,"Transportation Operating Costs (continued) - Amount Agy# Status (Council, MOC. EIN Number UIA etc) Organization Agency",2009,designate,,,Henry Street Settlement,Good Companions Nutrition,131562242,,DFTA,125,003,,ocr:amt;ocr:lowconf
3,2008-11-19,"Transportation Operating Costs (continued) - Amount Agy# Status (Council, MOC. EIN Number UIA etc) Organization Agency",2009,designate,,,Henry Street Settlement,Good Companions Nutrition,131562242,,DFTA,125,003,,ocr:amt;ocr:lowconf
3,2008-11-19,"Transportation Operating Costs (continued) - Amount Agy# Status (Council, MOC. EIN Number UIA etc) Organization Agency",2009,designate,,,"Homecrest Community Services, Inc.",,113373115,,DFTA,125,003,,ocr:amt;ocr:lowconf
3,2008-11-19,"Transportation Operating Costs (continued) - Amount Agy# Status (Council, MOC. EIN Number UIA etc) Organization Agency",2009,designate,,,Hudson Guild,Senior Services,135562989,,DFTA,125,003,,ocr:amt
3,2008-11-19,"Transportation Operating Costs (continued) - Amount Agy# Status (Council, MOC. EIN Number UIA etc) Organization Agency",2009,designate,,,"Hunts Point Multi-Service Center, Inc.",Maria Isabel Senior Center,132612592,,DFTA,125,003,,ocr:amt;ocr:lowconf
3,2008-11-19,"Transportation Operating Costs (continued) - Amount Agy# Status (Council, MOC. EIN Number UIA etc) Organization Agency",2009,designate,,,"Institute for the Puerto Rican/Hispanic Elderly, Inc. Arturo Schomberg Senior Center",,132987263,,DFTA,125,003,,ocr:amt;ocr:lowconf
3,2008-11-19,"Transportation Operating Costs (continued) - Amount Agy# Status (Council, MOC. EIN Number UIA etc) Organization Agency",2009,designate,,,"Institute for the Puerto Rican/Hispanic Elderly, Inc. Leonard Covello Senior Center",,132987263,,DFTA,125,003,,ocr:amt;ocr:lowconf
3,2008-11-19,"Transportation Operating Costs (continued) - Amount Agy# Status (Council, MOC. EIN Number UIA etc) Organization Agency",2009,designate,,,"Jacob A. Ris Neighborhood Settlement House, Inc.",Queensbridge Riis,111729398,,DFTA,125,003,,ocr:amt;ocr:lowconf
3,2008-11-19,"Transportation Operating Costs (continued) - Amount Agy# Status (Council, MOC. EIN Number UIA etc) Organization Agency",2009,designate,,,"Jamaica Service Program for Older Adults, Inc. (JSPOA)",Conion Nutrition Center,510204121,,DFTA,125,003,,ocr:amt;ocr:lowconf
3,2008-11-19,"Transportation Operating Costs (continued) - Amount Agy# Status (Council, MOC. EIN Number UIA etc) Organization Agency",2009,designate,,,"Jamaica Service Program for Older Aduits, Inc. (JSPOA)",Conlon Nutrition Center,510204121,,DFTA,125,003,,ocr:amt;ocr:lowconf
3,2008-11-19,"Transportation Operating Costs (continued) - Amount Agy# Status (Council, MOC. EIN Number UIA etc) Organization Agency",2009,designate,,,"Jamaica Service Program for Older Adults, Inc. (JSPOA)",Conion Senior Center,510204121,,DFTA,125,003,,ocr:amt;ocr:lowconf
3,2008-11-19,"Transportation Operating Costs (continued) - Amount Agy# Status (Council, MOC. EIN Number UIA etc) Organization Agency",2009,designate,,,"Jamaica Service Program for Older Adults, Inc. (JSPOA)",Foster Laurie Senior Center,510204121,748130,DFTA,125,003,,ocr:lowconf
3,2008-11-19,"Transportation Operating Costs (continued) - Amount Agy# Status (Council, MOC. EIN Number UIA etc) Organization Agency",2009,designate,,,"Jamaica Service Program for Older Adults, Inc. (JSPOA)",Friendship Nutrition Center,510204121,,DFTA,125,003,,ocr:amt
3,2008-11-19,"Transportation Operating Costs (continued) - Amount Agy# Status (Council, MOC. EIN Number UIA etc) Organization Agency",2009,designate,,,"Jamaica Service Program for Older Adults, Inc. (JSPOA)",Friendship Nutrition Center,510204121,,DFTA,125,003,,ocr:amt;ocr:lowconf
3,2008-11-19,"Transportation Operating Costs (continued) - Amount Agy# Status (Council, MOC. EIN Number UIA etc) Organization Agency",2009,designate,,,"Jamaica Service Program for Older Adults, Inc. (JSPOA)",South Jamaica Senior Center,510204121,,DFTA,125,003,,ocr:amt;ocr:lowconf
3,2008-11-19,"Transportation Operating Costs (continued) - Amount Agy# Status (Council, MOC. EIN Number UIA etc) Organization Agency",2009,designate,,,"Jamaica Service Program for Older Aduits, Inc. (JSPOA) Theodora Jackson",,510204121,,DFTA,125,003,,ocr:amt;ocr:lowconf
3,2008-11-19,"Transportation Operating Costs (continued) - Amount Agy# Status (Council, MOC. EIN Number UIA etc) Organization Agency",2009,designate,,,"Jamaica Service Program for Older Adults, Inc. (JSPOA)",Transportation Program,510204121,,DFTA,125,003,,ocr:amt;ocr:lowconf
3,2008-11-19,"Transportation Operating Costs (continued) - Amount Agy# Status (Council, MOC. EIN Number UIA etc) Organization Agency",2009,designate,,,"Jamaica Service Program for Older Aduits, Inc. (JSPOA)",Transportation Program,510204121,,DFTA,125,003,,ocr:amt;ocr:lowconf
3,2008-11-19,"Transportation Operating Costs (continued) - Amount Agy# Status (Council, MOC. EIN Number UIA etc) Organization Agency",2009,designate,,,Jewish Association for Services for the Aged (JASA)- Brookdale,,132620896,,DFTA,125,003,,ocr:amt;ocr:lowconf
3,2008-11-19,"Transportation Operating Costs (continued) - Amount Agy# Status (Council, MOC. EIN Number UIA etc) Organization Agency",2009,designate,,,Jewish Association for Services for the Aged (JASA) Brookdale,,132620896,,DFTA,125,003,,ocr:amt;ocr:lowconf
3,2008-11-19,"Transportation Operating Costs (continued) - Amount Agy# Status (Council, MOC. EIN Number UIA etc) Organization Agency",2009,designate,,,Jewish Association for Services for the Aged (JASA) Brookdale,,132620896,,DFTA,125,003,,ocr:amt;ocr:lowconf
3,2008-11-19,"Transportation Operating Costs (continued) - Amount Agy# Status (Council, MOC. EIN Number UIA etc) Organization Agency",2009,designate,,,Jewish Association for Services for the Aged (JASA)- Brookdale,,132620896,,DFTA,125,003,,ocr:amt;ocr:lowconf
3,2008-11-19,"Transportation Operating Costs (continued) - Amount Agy# Status (Council, MOC. EIN Number UIA etc) Organization Agency",2009,designate,,,Jewish Association for Services for the Aged (JASA),Co-op City Senior Center,132620896,,DFTA,125,003,,ocr:amt;ocr:lowconf
3,2008-11-19,"Transportation Operating Costs (continued) - Amount Agy# Status (Council, MOC. EIN Number UIA etc) Organization Agency",2009,designate,,,Jewish Association for Services for the Aged (JASA)- Co-op City Senior Center,,132620896,,DFTA,125,003,,ocr:amt
3,2008-11-19,"Transportation Operating Costs (continued) - Amount Agy# Status (Council, MOC. EIN Number UIA etc) Organization Agency",2009,designate,,,Jewish Association for Services for the Aged (JASA),Co-op City Seniof Center,132620896,,DFTA,125,003,,ocr:amt
3,2008-11-19,"Transportation Operating Costs (continued) - Amount Agy# Status (Council, MOC. EIN Number UIA etc) Organization Agency",2009,designate,,,Jewish Association for Services for the Aged (JASA)- Co-op City Senior Center,,132620896,,DFTA,125,003,,ocr:amt;ocr:lowconf
3,2008-11-19,"Transportation Operating Costs (continued) - Amount Agy# Status (Council, MOC. EIN Number UIA etc) Organization Agency",2009,designate,,,Jewish Association for Services for the Aged (JASA) Mobile Meals,,132620896,,DFTA,125,003,,ocr:amt;ocr:lowconf
3,2008-11-19,"Transportation Operating Costs (continued) - Amount Agy# Status (Council, MOC. EIN Number UIA etc) Organization Agency",2009,designate,,,Jewish Association for Services for the Aged (JASA) Mobile Meals,,132620896,,DFTA,125,003,,ocr:amt;ocr:lowconf
3,2008-11-19,"Transportation Operating Costs (continued) - Amount Agy# Status (Council, MOC. EIN Number UIA etc) Organization Agency",2009,designate,,,Jewish Association for Services for the Aged (JASA) Mobile Meals,,132620896,,DFTA,125,003,,ocr:amt;ocr:lowconf
3,2008-11-19,"Transportation Operating Costs (continued) - Amount Agy# Status (Council, MOC. EIN Number UIA etc) Organization Agency",2009,designate,,,Jewish Association for Services for the Aged (JASA) Mobile Meals,,132620896,,DFTA,125,003,,ocr:amt
3,2008-11-19,"Transportation Operating Costs (continued) - Amount Agy# Status (Council, MOC. EIN Number UIA etc) Organization Agency",2009,designate,,,Jewish Association for Services for the Aged (JASA)- Mobile Meals,,132620896,,DFTA,125,003,,ocr:amt;ocr:lowconf
3,2008-11-19,"Transportation Operating Costs (continued) - Amount Agy# Status (Council, MOC. EIN Number UIA etc) Organization Agency",2009,designate,,,Jewish Association for Services for the Aged (JASA),Senior Centers,132620896,,DFTA,125,003,,ocr:amt
3,2008-11-19,"Transportation Operating Costs (continued) - Amount Agy# Status (Council, MOC. EIN Number UIA etc) Organization Agency",2009,designate,,,Jewish Association for Services for the Aged (JASA)- South Brooklyn MOW,,132620896,,DFTA,125,003,,ocr:amt;ocr:lowconf
3,2008-11-19,"Transportation Operating Costs (continued) - Amount Agy# Status (Council, MOC. EIN Number UIA etc) Organization Agency",2009,designate,,,Jewish Association for Services for the Aged (JASA)- South Brooklyn MOW,,132620896,,DFTA,125,003,,ocr:amt;ocr:lowconf
3,2008-11-19,"Transportation Operating Costs (continued) - Amount Agy# Status (Council, MOC. EIN Number UIA etc) Organization Agency",2009,designate,,,Jewish Association for Services for the Aged (JASA),South Brooklyn MOW,132620896,,DFTA,125,003,,ocr:amt;ocr:lowconf
3,2008-11-19,"Transportation Operating Costs (continued) - Amount Agy# Status (Council, MOC. EIN Number UIA etc) Organization Agency",2009,designate,,,Jewish Association for Services for the Aged (JASA),South Brooklyn MOW,132620896,,DFTA,125,003,,ocr:amt;ocr:lowconf
3,2008-11-19,"Transportation Operating Costs (continued) - Amount Agy# Status (Council, MOC. EIN Number UIA etc) Organization Agency",2009,designate,,,Jewish Association for Services for the Aged (JASA) South Brooklyn MOW,,132620896,,DFTA,125,003,,ocr:amt;ocr:lowconf
3,2008-11-19,"Transportation Operating Costs (continued) - Amount Agy# Status (Council, MOC. EIN Number UIA etc) Organization Agency",2009,designate,,,Jewish Association for Services for the Aged (JASA)- South Brooklyn MOW,,132620896,,DFTA,125,003,,ocr:amt;ocr:lowconf
3,2008-11-19,"Transportation Operating Costs (continued) - Amount Agy# Status (Council, MOC. EIN Number UIA etc) Organization Agency",2009,designate,,,Jewish Association for Services for the Aged (JASA) South Brooklyn MOW,,132620896,,DFTA,125,003,,ocr:amt;ocr:lowconf
3,2008-11-19,"Transportation Operating Costs (continued) - Amount Agy# Status (Council, MOC. EIN Number UIA etc) Organization Agency",2009,designate,,,Jewish Association for Services for the Aged (JASA),South Brooklyn MOW,132620896,,DFTA,125,003,,ocr:amt;ocr:lowconf
3,2008-11-19,"Transportation Operating Costs (continued) - Amount Agy# Status (Council, MOC. EIN Number UIA etc) Organization Agency",2009,designate,,,Jewish Association for Services for the Aged (JASA),South Brooklyn MOW,132620896,,DFTA,125,003,,ocr:amt
3,2008-11-19,"Transportation Operating Costs (continued) - Amount Agy# Status (Council, MOC. EIN Number UIA etc) Organization Agency",2009,designate,,,"Jewish Community Center of Staten island, Inc.",,135562256,,DFTA,125,003,,ocr:amt;ocr:lowconf
3,2008-11-19,"Transportation Operating Costs (continued) - Amount Agy# Status (Council, MOC. EIN Number UIA etc) Organization Agency",2009,designate,,,"Jewish Community Center of Staten Island, Inc.",,135562256,,DFTA,125,003,,ocr:amt;ocr:lowconf
3,2008-11-19,"Transportation Operating Costs (continued) - Amount Agy# Status (Council, MOC. EIN Number UIA etc) Organization Agency",2009,designate,,,"Jewish Community Center of Staten Island, Inc.",Senior Kosher Nutrition Center,135562256,,DFTA,125,003,,ocr:amt;ocr:lowconf
3,2008-11-19,"Transportation Operating Costs (continued) - Amount Agy# Status (Council, MOC. EIN Number UIA etc) Organization Agency",2009,designate,,,"Jewish Community Center of Staten island, Inc.",Senior Kosher Nutrition Center,135562256,,DFTA,125,003,,ocr:amt;ocr:lowconf
3,2008-11-19,"Transportation Operating Costs (continued) - Amount Agy# Status (Council, MOC. EIN Number UIA etc) Organization Agency",2009,designate,,,"Jewish Community Center of Staten Island, Inc. Senior Kosher Nutrition Center",,135562256,,DFTA,125,003,,ocr:amt;ocr:lowconf
3,2008-11-19,"Transportation Operating Costs (continued) - Amount Agy# Status (Council, MOC. EIN Number UIA etc) Organization Agency",2009,designate,,,"Jewish Community Center of Staten Island, Inc.",Senior Kosher Nutrition. Center,135562256,,DFTA,125,003,,ocr:amt;ocr:lowconf
3,2008-11-19,"Transportation Operating Costs (continued) - Amount Agy# Status (Council, MOC. EIN Number UIA etc) Organization Agency",2009,designate,,,"Jewish Community Center of Staten Island, Inc.",Senior Kosher Nutrition Center,135562256,,DFTA,125,003,,ocr:amt;ocr:lowconf
3,2008-11-19,"Transportation Operating Costs (continued) - Amount Agy# Status (Council, MOC. EIN Number UIA etc) Organization Agency",2009,designate,,,"Jewish Community Center of Staten Island, Inc.",Senior Kosher Nutrition Center,135562256,,DFTA,125,003,,ocr:amt;ocr:lowconf
3,2008-11-19,"Transportation Operating Costs (continued) - Amount Agy# Status (Council, MOC. EIN Number UIA etc) Organization Agency",2009,designate,,,"Jewish Community Center of Staten Island, Inc.",Senior Kosher Nutrition Center,135562256,,DFTA,125,003,,ocr:amt;ocr:lowconf
3,2008-11-19,"Transportation Operating Costs (continued) - Amount Agy# Status (Council, MOC. EIN Number UIA etc) Organization Agency",2009,designate,,,"Jewish Community Center of Staten Island, Inc. Senior Kosher Nutrition Center",,135562256,,DFTA,125,003,,ocr:amt;ocr:lowconf
3,2008-11-19,"Transportation Operating Costs (continued) - Amount Agy# Status (Council, MOC. EIN Number UIA etc) Organization Agency",2009,designate,,,"Jewish Community Council of Greater Coney Island, Inc.",Ocean Parkway SCC,112665181,,DFTA,125,003,,ocr:amt;ocr:lowconf
3,2008-11-19,"Transportation Operating Costs (continued) - Amount Agy# Status (Council, MOC. EIN Number UIA etc) Organization Agency",2009,designate,,,"Jewish Community Council of Greater Coney Island, Inc.",Ocean Parkway SCC,112665181,,DFTA,125,003,,ocr:amt;ocr:lowconf
3,2008-11-19,"Transportation Operating Costs (continued) - Amount Agy# Status (Council, MOC. EIN Number UIA etc) Organization Agency",2009,designate,,,"Jewish Community Council of Greater Coney island, Inc.",Ocean Parkway SCC,112665181,,DFTA,125,003,,ocr:amt;ocr:lowconf
3,2008-11-19,"Transportation Operating Costs (continued) - Amount Agy# Status (Council, MOC. EIN Number UIA etc) Organization Agency",2009,designate,,,"Jewish Community Council of Greater Coney Island, Inc.",Ocean Parkway SCC,112665181,,DFTA,125,003,,ocr:amt;ocr:lowconf
3,2008-11-19,"Transportation Operating Costs (continued) - Amount Agy# Status (Council, MOC. EIN Number UIA etc) Organization Agency",2009,designate,,,"Jewish Community Council of Greater Coney Island, Inc. Ocean Parkway SCC",,112665181,,DFTA,125,003,,ocr:amt;ocr:lowconf
3,2008-11-19,"Transportation Operating Costs (continued) - Amount Agy# Status (Council, MOC. EIN Number UIA etc) Organization Agency",2009,designate,,,"Jewish Community Council of Greater Coney Island, Inc.",Project Relief Transport,112665181,,DFTA,125,003,,ocr:amt;ocr:lowconf
3,2008-11-19,"Transportation Operating Costs (continued) - Amount Agy# Status (Council, MOC. EIN Number UIA etc) Organization Agency",2009,designate,,,"Jewish Community Council of Greater Coney Island, Inc.",Project Relief Transport,112665181,,DFTA,125,003,,ocr:amt;ocr:lowconf
3,2008-11-19,"Transportation Operating Costs (continued) - Amount Agy# Status (Council, MOC. EIN Number UIA etc) Organization Agency",2009,designate,,,"Kingsbridge Heights Community Center, Inc.",Community Support for the Elderly,132813809,,DFTA,125,003,,ocr:amt;ocr:lowconf
3,2008-11-19,"Transportation Operating Costs (continued) - Amount Agy# Status (Council, MOC. EIN Number UIA etc) Organization Agency",2009,designate,,,"Kips Bay Boys and Girls Club, Inc.",Castle Hill Senior Center,131623850,,DFTA,125,003,,ocr:amt;ocr:lowconf
3,2008-11-19,"Transportation Operating Costs (continued) - Amount Agy# Status (Council, MOC. EIN Number UIA etc) Organization Agency",2009,designate,,,"Korean Community Services of Metropolitan New York, inc. Korean Américan Senior Center",,237348989,,DFTA,125,003,,ocr:amt;ocr:lowconf
3,2008-11-19,"Transportation Operating Costs (continued) - Amount Agy# Status (Council, MOC. EIN Number UIA etc) Organization Agency",2009,designate,,,"Korean Community Services of Metropolitan New York, Inc. Korean Américan Senior Center",,237348989,748130,DFTA,125,003,,ocr:lowconf
3,2008-11-19,"Transportation Costs Operating (continued) - Agy# MOC, EIN UIA (Council, Organization Number Agency Amount Status etc) *",2009,designate,,,"Korean Community Services of Metropolitan New York, Inc. Korean American Senior Center",,237348989,,DFTA,125,003,,ocr:amt;ocr:lowconf
3,2008-11-19,"Transportation Costs Operating (continued) - Agy# MOC, EIN UIA (Council, Organization Number Agency Amount Status etc) *",2009,designate,,,"Korean Community Services of Metropolitan New York, Inc. Korean American Senior Center-Flushing",,237348989,,DFTA,125,003,,ocr:amt;ocr:lowconf
3,2008-11-19,"Transportation Costs Operating (continued) - Agy# MOC, EIN UIA (Council, Organization Number Agency Amount Status etc) *",2009,designate,,,"Korean Community Services of Metropolitan New York, Inc. Korean American Senior Center-Flushing",,237348989,,DFTA,125,003,,ocr:amt;ocr:lowconf
3,2008-11-19,"Transportation Costs Operating (continued) - Agy# MOC, EIN UIA (Council, Organization Number Agency Amount Status etc) *",2009,designate,,,"Lenox Hill Neighborhood House, Inc.",,131628180,,DFTA,125,003,,ocr:amt;ocr:lowconf
3,2008-11-19,"Transportation Costs Operating (continued) - Agy# MOC, EIN UIA (Council, Organization Number Agency Amount Status etc) *",2009,designate,,,"Lenox Hill Neighborhood House, Inc.",,131628180,,DFTA,125,003,,ocr:amt
3,2008-11-19,"Transportation Costs Operating (continued) - Agy# MOC, EIN UIA (Council, Organization Number Agency Amount Status etc) *",2009,designate,,,"Lenox Hill Neighborhood House, Inc.",,131628180,,DFTA,125,003,,ocr:amt;ocr:lowconf
3,2008-11-19,"Transportation Costs Operating (continued) - Agy# MOC, EIN UIA (Council, Organization Number Agency Amount Status etc) *",2009,designate,,,"Meals on Wheeis of Staten Island, Inc.",,132894978,,DFTA,125,003,,ocr:amt
3,2008-11-19,"Transportation Costs Operating (continued) - Agy# MOC, EIN UIA (Council, Organization Number Agency Amount Status etc) *",2009,designate,,,"Meals on Wheels of Staten Island, Inc.",,132894978,,DFTA,125,003,,ocr:amt;ocr:lowconf
3,2008-11-19,"Transportation Costs Operating (continued) - Agy# MOC, EIN UIA (Council, Organization Number Agency Amount Status etc) *",2009,designate,,,"Meals on Wheels of Staten Island, Inc.",,132894978,,DFTA,125,003,,ocr:amt;ocr:lowconf
3,2008-11-19,"Transportation Costs Operating (continued) - Agy# MOC, EIN UIA (Council, Organization Number Agency Amount Status etc) *",2009,designate,,,"Meals on Wheels of Staten Island, Inc.",,132894978,,DFTA,125,003,,ocr:amt
3,2008-11-19,"Transportation Costs Operating (continued) - Agy# MOC, EIN UIA (Council, Organization Number Agency Amount Status etc) *",2009,designate,,,"Meals on Wheels of Staten Island, Inc.",,132894978,,DFTA,125,003,,ocr:amt;ocr:lowconf
3,2008-11-19,"Transportation Costs Operating (continued) - Agy# MOC, EIN UIA (Council, Organization Number Agency Amount Status etc) *",2009,designate,,,"Meals on Wheeis of Staten Island, Inc.",,132894978,,DFTA,125,003,,ocr:amt;ocr:lowconf
3,2008-11-19,"Transportation Costs Operating (continued) - Agy# MOC, EIN UIA (Council, Organization Number Agency Amount Status etc) *",2009,designate,,,"Meals on Wheels of Staten Island, Inc.",,132894978,,DFTA,125,003,,ocr:amt
3,2008-11-19,"Transportation Costs Operating (continued) - Agy# MOC, EIN UIA (Council, Organization Number Agency Amount Status etc) *",2009,designate,,,"Meals on Wheels of Staten Island, Inc.",,132894978,,DFTA,125,003,,ocr:amt
3,2008-11-19,"Transportation Costs Operating (continued) - Agy# MOC, EIN UIA (Council, Organization Number Agency Amount Status etc) *",2009,designate,,,"Meais on Wheels of Staten island, Inc.",,132894978,,DFTA,125,003,,ocr:amt;ocr:lowconf
3,2008-11-19,"Transportation Costs Operating (continued) - Agy# MOC, EIN UIA (Council, Organization Number Agency Amount Status etc) *",2009,designate,,,Merrill Park Civic Association of Springfield Gardens,Robert Couche Senior Center,112304928,,DFTA,125,003,,ocr:amt;ocr:lowconf
3,2008-11-19,"Transportation Costs Operating (continued) - Agy# MOC, EIN UIA (Council, Organization Number Agency Amount Status etc) *",2009,designate,,,Merrill Park Civic Association of Springfield Gardens,Robert Couche Senior Center,112304928,,DFTA,125,003,,ocr:amt;ocr:lowconf
3,2008-11-19,"Transportation Costs Operating (continued) - Agy# MOC, EIN UIA (Council, Organization Number Agency Amount Status etc) *",2009,designate,,,"Mid-Bronx Senior Citizens Council, Inc. Home Delivered Meals Program",,237354073,,DFTA,125,003,,ocr:amt
3,2008-11-19,"Transportation Costs Operating (continued) - Agy# MOC, EIN UIA (Council, Organization Number Agency Amount Status etc) *",2009,designate,,,"Mid-Bronx Senior Citizens Council, Inc.",Home Delivered Meals Program,237354073,,DFTA,125,003,,ocr:amt;ocr:lowconf
3,2008-11-19,"Transportation Costs Operating (continued) - Agy# MOC, EIN UIA (Council, Organization Number Agency Amount Status etc) *",2009,designate,,,"Mid-Bronx Senior Citizens Council, Inc.",Home Delivered Meals Program,237354073,,DFTA,125,003,,ocr:amt
3,2008-11-19,"Transportation Costs Operating (continued) - Agy# MOC, EIN UIA (Council, Organization Number Agency Amount Status etc) *",2009,designate,,,"Mid-Bronx Senior Citizens Council, Inc. Home Delivered Meals Program",,237354073,,DFTA,125,003,,ocr:amt;ocr:lowconf
3,2008-11-19,"Transportation Costs Operating (continued) - Agy# MOC, EIN UIA (Council, Organization Number Agency Amount Status etc) *",2009,designate,,,"Mid-Bronx Senior Citizens Council, Inc.",Home Delivered Meals Program,237354073,,DFTA,125,003,,ocr:amt;ocr:lowconf
3,2008-11-19,"Transportation Costs Operating (continued) - Agy# MOC, EIN UIA (Council, Organization Number Agency Amount Status etc) *",2009,designate,,,"Mid-Bronx Senior Citizens Council, Inc.",Home Delivered Meals Program,237354073,,DFTA,125,003,,ocr:amt;ocr:lowconf
3,2008-11-19,"Transportation Costs Operating (continued) - Agy# MOC, EIN UIA (Council, Organization Number Agency Amount Status etc) *",2009,designate,,,"Mid-Bronx Senior Citizens Council, Inc.",Home Delivered Meals Program,237354073,,DFTA,125,003,,ocr:amt;ocr:lowconf
3,2008-11-19,"Transportation Costs Operating (continued) - Agy# MOC, EIN UIA (Council, Organization Number Agency Amount Status etc) *",2009,designate,,,"Mid-Bronx Senior Citizens Council, Inc.",Home Delivered Meals Program,237354073,,DFTA,125,003,,ocr:amt;ocr:lowconf
3,2008-11-19,"Transportation Costs Operating (continued) - Agy# MOC, EIN UIA (Council, Organization Number Agency Amount Status etc) *",2009,designate,,,"Mid-Bronx Senior Citizens Council, Inc.",Home Delivered Meals Program,237354073,,DFTA,125,003,,ocr:amt;ocr:lowconf
3,2008-11-19,"Transportation Costs Operating (continued) - Agy# MOC, EIN UIA (Council, Organization Number Agency Amount Status etc) *",2009,designate,,,"Mid- -Bronx Senior Citizens Council, Inc.",Home Delivered Meals Program,237354073,,DFTA,125,003,,ocr:amt;ocr:lowconf
3,2008-11-19,"Transportation Costs Operating (continued) - Agy# MOC, EIN UIA (Council, Organization Number Agency Amount Status etc) *",2009,designate,,,"Mid- Bronx Senior Citizens Council, Inc.",Home Delivered Meals Program,237354073,,DFTA,125,003,,ocr:amt
3,2008-11-19,"Transportation Costs Operating (continued) - Agy# MOC, EIN UIA (Council, Organization Number Agency Amount Status etc) *",2009,designate,,,"Mid-Bronx Senior Citizens Council, Inc.",Home Delivered Meals Program,237354073,,DFTA,125,003,,ocr:amt;ocr:lowconf
3,2008-11-19,"Transportation Costs Operating (continued) - Agy# MOC, EIN UIA (Council, Organization Number Agency Amount Status etc) *",2009,designate,,,"Mid-Bronx Senior Citizens Council, Inc.",Home Delivered Meals Program,237354073,,DFTA,125,003,,ocr:amt;ocr:lowconf
3,2008-11-19,"Transportation Costs Operating (continued) - Agy# MOC, EIN UIA (Council, Organization Number Agency Amount Status etc) *",2009,designate,,,"Mid-Bronx Senior Citizens Council, Inc. Home Delivered Meals Program",,237354073,,DFTA,125,003,,ocr:amt
3,2008-11-19,"Transportation Costs Operating (continued) - Agy# MOC, EIN UIA (Council, Organization Number Agency Amount Status etc) *",2009,designate,,,"Mid-Bronx Senior Citizens Council, Inc. Project Homebound",,237354073,,DFTA,125,003,,ocr:amt;ocr:lowconf
3,2008-11-19,"Transportation Costs Operating (continued) - Agy# MOC, EIN UIA (Council, Organization Number Agency Amount Status etc) *",2009,designate,,,"Mid-Bronx Senior Citizens Council, Inc. Project Homebound",,237354073,,DFTA,125,003,,ocr:amt;ocr:lowconf
3,2008-11-19,"Transportation Costs Operating (continued) - Agy# MOC, EIN UIA (Council, Organization Number Agency Amount Status etc) *",2009,designate,,,"New York Foundation for Senior Citizens, Inc. Transportation",,132618568,,DFTA,125,003,,ocr:amt;ocr:lowconf
3,2008-11-19,"Transportation Costs Operating (continued) - Agy# MOC, EIN UIA (Council, Organization Number Agency Amount Status etc) *",2009,designate,,,"New York Foundation for Senior Citizens, Inc. Transportation",,132618568,,DFTA,125,003,,ocr:amt;ocr:lowconf
3,2008-11-19,"Transportation Costs Operating (continued) - Agy# MOC, EIN UIA (Council, Organization Number Agency Amount Status etc) *",2009,designate,,,"New York Foundation for Senior Citizens, Inc. Transportation",,132618568,,DFTA,125,003,,ocr:amt;ocr:lowconf
3,2008-11-19,"Transportation Costs Operating (continued) - Agy# MOC, EIN UIA (Council, Organization Number Agency Amount Status etc) *",2009,designate,,,"New York Foundation for Senior Citizens, Inc",Transportation,132618568,,DFTA,125,003,,ocr:amt
3,2008-11-19,"Transportation Costs Operating (continued) - Agy# MOC, EIN UIA (Council, Organization Number Agency Amount Status etc) *",2009,designate,,,"New York Foundation for Senior Citizens, Inc.",Transportation,132618568,,DFTA,125,003,,ocr:amt
3,2008-11-19,"Transportation Costs Operating (continued) - Agy# MOC, EIN UIA (Council, Organization Number Agency Amount Status etc) *",2009,designate,,,"New York Foundation for Senior Citizens, Inc. Transportation",,132618568,,DFTA,125,003,,ocr:amt
3,2008-11-19,"Transportation Costs Operating (continued) - Agy# MOC, EIN UIA (Council, Organization Number Agency Amount Status etc) *",2009,designate,,,North East Bronx Senior Citizens Center,,132759045,,DFTA,125,003,,*;ocr:amt;ocr:lowconf
3,2008-11-19,"Transportation Costs Operating (continued) - Agy# MOC, EIN UIA (Council, Organization Number Agency Amount Status etc) *",2009,designate,,,"Peter Cardella Senior Citizen Center, Inc.",,112328536,,DFTA,125,003,,ocr:amt
3,2008-11-19,"Transportation Costs Operating (continued) - Agy# MOC, EIN UIA (Council, Organization Number Agency Amount Status etc) *",2009,designate,,,"Polish and Slavic Center, Inc.",Krakus Luncheon Club Senior Center,112285970,,DFTA,125,003,,ocr:amt;ocr:lowconf
3,2008-11-19,"Transportation Costs Operating (continued) - Agy# MOC, EIN UIA (Council, Organization Number Agency Amount Status etc) *",2009,designate,,,"Polish and Slavic Center, Inc.",Krakus Luncheon Club Senior Center,112285970,,DFTA,125,003,,ocr:amt;ocr:lowconf
3,2008-11-19,"Transportation Costs Operating (continued) - Agy# MOC, EIN UIA (Council, Organization Number Agency Amount Status etc) *",2009,designate,,,Presbyterian Senior Services,City Island,131981482,,DFTA,125,003,,*;ocr:amt;ocr:lowconf
3,2008-11-19,"Transportation Costs Operating (continued) - Agy# MOC, EIN UIA (Council, Organization Number Agency Amount Status etc) *",2009,designate,,,"Queens Community House, Inc.",Pomonok Senior Center,112375583,,DFTA,125,003,,ocr:amt;ocr:lowconf
3,2008-11-19,"Transportation Costs Operating (continued) - Agy# MOC, EIN UIA (Council, Organization Number Agency Amount Status etc) *",2009,designate,,,"Queens Community House, Inc.",Senior Center,112375583,,DFTA,125,003,,ocr:amt;ocr:lowconf
3,2008-11-19,"Transportation Costs Operating (continued) - Agy# MOC, EIN UIA (Council, Organization Number Agency Amount Status etc) *",2009,designate,,,"Queens Community House, Inc. Senior Center",,112375583,,DFTA,125,003,,ocr:amt;ocr:lowconf
3,2008-11-19,"Transportation Costs Operating (continued) - Agy# MOC, EIN UIA (Council, Organization Number Agency Amount Status etc) *",2009,designate,,,"Queens Community House, Inc.",Senior Center,112375583,,DFTA,125,003,,ocr:amt;ocr:lowconf
3,2008-11-19,"Transportation Costs Operating (continued) - Agy# MOC, EIN UIA (Council, Organization Number Agency Amount Status etc) *",2009,designate,,,"Queens Community House, Inc.",Senior Center,112375583,,DFTA,125,003,,ocr:amt;ocr:lowconf
3,2008-11-19,"Transportation Costs Operating (continued) - Agy# MOC, EIN UIA (Council, Organization Number Agency Amount Status etc) *",2009,designate,,,"Queens Community House, Inc.",Senior Center,112375583,,DFTA,125,003,,ocr:amt;ocr:lowconf
3,2008-11-19,"Transportation Costs Operating (continued) - Agy# MOC, EIN UIA (Council, Organization Number Agency Amount Status etc) *",2009,designate,,,Rabbi Israel Meyer Hacohen Rabbinical Seminary of America,Middle Village Senior Center,111752021,,DFTA,125,003,,*;ocr:amt;ocr:lowconf
3,2008-11-19,"Transportation Costs Operating (continued) - Agy# MOC, EIN UIA (Council, Organization Number Agency Amount Status etc) *",2009,designate,,,Rabbi Israel Meyer Hacohen Rabbinical Seminary of America,Middle Village Senior Center,111752021,748130,DFTA,125,003,,ocr:lowconf
3,2008-11-19,"Transportation Costs Operating (continued) - Agy# MOC, EIN UIA (Council, Organization Number Agency Amount Status etc) *",2009,designate,,,Rabbi Israel Meyer Hacohen Rabbinical Seminary of America,Middie Vilage Senior Center,111752021,,DFTA,125,003,,ocr:amt;ocr:lowconf
3,2008-11-19,"Transportation Costs Operating (continued) - Agy# MOC, EIN UIA (Council, Organization Number Agency Amount Status etc) *",2009,designate,,,"Recreation Rooms And Settlement, Inc.",Transportation,111820725,,DFTA,125,003,,*;ocr:amt;ocr:lowconf
3,2008-11-19,"Transportation Costs Operating (continued) - Agy# MOC, EIN UIA (Council, Organization Number Agency Amount Status etc) *",2009,designate,,,"Recreation Rooms And Settlement, Inc. Transportation",,111820725,,DFTA,125,003,,ocr:amt;ocr:lowconf
3,2008-11-19,"Transportation Costs Operating (continued) - Agy# MOC, EIN UIA (Council, Organization Number Agency Amount Status etc) *",2009,designate,,,"Regional Aid for Interim Needs, Inc.",Bailey Senior Center,136213586,,DFTA,125,003,,ocr:amt;ocr:lowconf
3,2008-11-19,"Transportation Costs Operating (continued) - Agy# MOC, EIN UIA (Council, Organization Number Agency Amount Status etc) *",2009,designate,,,"Regional Aid for Interim Needs, Inc.",Boston Road,136213586,,DFTA,125,003,,ocr:amt;ocr:lowconf
3,2008-11-19,"Transportation Costs Operating (continued) - Agy# MOC, EIN UIA (Council, Organization Number Agency Amount Status etc) *",2009,designate,,,"Regional Aid for Interim Needs, Inc. Boston Secor Senior Center",,136213586,,DFTA,125,003,,ocr:amt
3,2008-11-19,"Transportation Costs Operating (continued) - Agy# MOC, EIN UIA (Council, Organization Number Agency Amount Status etc) *",2009,designate,,,"Regional Aid for Interim Needs, Inc. Eastchester Senior Center",,136213586,,DFTA,125,003,,ocr:amt
3,2008-11-19,"Transportation Costs Operating (continued) - Agy# MOC, EIN UIA (Council, Organization Number Agency Amount Status etc) *",2009,designate,,,"Regional Aid for Interim Needs, Inc. Eastchester Transportation",,136213586,,DFTA,125,003,,ocr:amt
3,2008-11-19,"Transportation Costs Operating (continued) - Agy# MOC, EIN UIA (Council, Organization Number Agency Amount Status etc) *",2009,designate,,,"Regional Aid for Interim Needs, Inc.",Eastchester Transportation,136213586,,DFTA,125,003,,ocr:amt;ocr:lowconf
3,2008-11-19,"Transportation Costs Operating (continued) - Agy# MOC, EIN UIA (Council, Organization Number Agency Amount Status etc) *",2009,designate,,,"Regional Aid for Interim Needs, Inc. Eastchester Transportation",,136213586,,DFTA,125,003,,ocr:amt;ocr:lowconf
3,2008-11-19,"Transportation Costs Operating (continued) - Agy# MOC, EIN UIA (Council, Organization Number Agency Amount Status etc) *",2009,designate,,,"Regional Aid for Interim Needs, Inc. Eastchester Transportation",,136213586,,DFTA,125,003,,ocr:amt;ocr:lowconf
3,2008-11-19,"Transportation Costs Operating (continued) - Agy# MOC, EIN UIA (Council, Organization Number Agency Amount Status etc) *",2009,designate,,,"Regional Aid for Interim Needs, Inc.",Home Delivered Meals Program 11 Area,136213586,,DFTA,125,003,,ocr:amt
3,2008-11-19,"Transportation Costs Operating (continued) - Agy# MOC, EIN UIA (Council, Organization Number Agency Amount Status etc) *",2009,designate,,,"Regional Aid for Interim Needs, Inc. Home Delivered Meais Program 11Area",,136213586,,DFTA,125,003,,ocr:amt;ocr:lowconf
3,2008-11-19,"Transportation Costs Operating (continued) - Agy# MOC, EIN UIA (Council, Organization Number Agency Amount Status etc) *",2009,designate,,,"Regional Aid for Interim Needs, Inc.",Home Delivered Meals Program 11 Area,136213586,,DFTA,125,003,,ocr:amt;ocr:lowconf
3,2008-11-19,"Transportation Costs Operating (continued) - Agy# MOC, EIN UIA (Council, Organization Number Agency Amount Status etc) *",2009,designate,,,"Regional Aid for Interim Needs, Inc.",Home Delivered Meals Program 11 Area,136213586,,DFTA,125,003,,ocr:amt
3,2008-11-19,"Transportation Costs Operating (continued) - Agy# MOC, EIN UIA (Council, Organization Number Agency Amount Status etc) *",2009,designate,,,"Regional Aid for Interim Needs, Inc. Home Delivered Meals Program 117 Area",,136213586,,DFTA,125,003,,ocr:amt;ocr:lowconf
3,2008-11-19,"Transportation Costs Operating (continued) - Agy# MOC, EIN UIA (Council, Organization Number Agency Amount Status etc) *",2009,designate,,,"Regional Aid for Interim Needs, Inc.",Home Delivered Meals Program 11 Area,136213586,,DFTA,125,003,,ocr:amt;ocr:lowconf
3,2008-11-19,"Transportation Costs Operating (continued) - Agy# MOC, EIN UIA (Council, Organization Number Agency Amount Status etc) *",2009,designate,,,"Regional Aid for Interim Needs, Inc.",Home Delivered Meals Program 11-Area,136213586,,DFTA,125,003,,ocr:amt;ocr:lowconf
3,2008-11-19,"Transportation Costs Operating (continued) - Agy# MOC, EIN UIA (Council, Organization Number Agency Amount Status etc) *",2009,designate,,,"Regional Aid for Interim Needs, inc.",Home Delivered Meals Program 11Area,136213586,,DFTA,125,003,,ocr:amt;ocr:lowconf
3,2008-11-19,"Transportation Costs Operating (continued) - Agy# MOC, EIN UIA (Council, Organization Number Agency Amount Status etc) *",2009,designate,,,"Regional Aid for Interim Needs, Inc. Home Delivered Meals Program 11Area",,136213586,,DFTA,125,003,,ocr:amt;ocr:lowconf
3,2008-11-19,"Transportation Costs Operating (continued) - Agy# MOC, EIN UIA (Council, Organization Number Agency Amount Status etc) *",2009,designate,,,"Regional Aid for Interim Needs, Inc. Home Delivered Meals Program 11Area",,136213586,,DFTA,125,003,,ocr:amt;ocr:lowconf
3,2008-11-19,"Transportation Costs Operating (continued) - Agy# MOC, EIN UIA (Council, Organization Number Agency Amount Status etc) *",2009,designate,,,"Regional Aid for Interim Needs, Inc.","Home Delivered Meals Program 11,Area",136213586,,DFTA,125,003,,ocr:amt;ocr:lowconf
3,2008-11-19,"Transportation Costs Operating (continued) - Agy# MOC, EIN UIA (Council, Organization Number Agency Amount Status etc) *",2009,designate,,,"Regional Aid for Interim Needs, Inc. Home Delivered Meals Program 11Area",,136213586,,DFTA,125,003,,ocr:amt;ocr:lowconf
3,2008-11-19,"Transportation Costs Operating (continued) - Agy# MOC, EIN UIA (Council, Organization Number Agency Amount Status etc) *",2009,designate,,,Regional Aid for Interim Needs Inc. Home Delivered Meals Program 111 Area,,136213586,,DFTA,125,003,,ocr:amt
3,2008-11-19,"Transportation Costs Operating (continued) . Agency Amount Agy# Status (Council, MOC,etc) EIN Number UIA Organization",2009,designate,,,"Regional Aid for Interim Needs, Inc.",Home Delivered Meals Program 111 Area,136213586,,DFTA,125,003,,ocr:amt;ocr:lowconf
3,2008-11-19,"Transportation Costs Operating (continued) . Agency Amount Agy# Status (Council, MOC,etc) EIN Number UIA Organization",2009,designate,,,"Regional Aid for Interim Needs, Inc.",Home Delivered Meals Program 111 Area,136213586,,DFTA,125,003,,ocr:amt;ocr:lowconf
3,2008-11-19,"Transportation Costs Operating (continued) . Agency Amount Agy# Status (Council, MOC,etc) EIN Number UIA Organization",2009,designate,,,"Regional Aid for Interim Needs, Inc.",Home Delivered Meals Program 111 Area,136213586,,DFTA,125,003,,ocr:amt
3,2008-11-19,"Transportation Costs Operating (continued) . Agency Amount Agy# Status (Council, MOC,etc) EIN Number UIA Organization",2009,designate,,,"Regional Aid for Interim Needs, Inc.",Home Delivered Meals Program 111 Area,136213586,,DFTA,125,003,,ocr:amt;ocr:lowconf
3,2008-11-19,"Transportation Costs Operating (continued) . Agency Amount Agy# Status (Council, MOC,etc) EIN Number UIA Organization",2009,designate,,,"Regional Aid for Interim Needs, Inc.",Home Delivered Meals Program 111 Area,136213586,,DFTA,125,003,,ocr:amt;ocr:lowconf
3,2008-11-19,"Transportation Costs Operating (continued) . Agency Amount Agy# Status (Council, MOC,etc) EIN Number UIA Organization",2009,designate,,,"Regional Aid for Interim Needs, Inc.",Home Delivered Meals Program 111 Area,136213586,,DFTA,125,003,,ocr:amt
3,2008-11-19,"Transportation Costs Operating (continued) . Agency Amount Agy# Status (Council, MOC,etc) EIN Number UIA Organization",2009,designate,,,"Regional Aid for Interim Needs, Inc. : Inwood Senior Center",,136213586,,DFTA,125,003,,ocr:amt;ocr:lowconf
3,2008-11-19,"Transportation Costs Operating (continued) . Agency Amount Agy# Status (Council, MOC,etc) EIN Number UIA Organization",2009,designate,,,"Regional Aid for Interim Needs, Inc.",Middleton Senior Center,136213586,,DFTA,125,003,,ocr:amt;ocr:lowconf
3,2008-11-19,"Transportation Costs Operating (continued) . Agency Amount Agy# Status (Council, MOC,etc) EIN Number UIA Organization",2009,designate,,,"Regional Aid for Interim Needs, Inc.",Nereid Senior Center,136213586,,DFTA,125,003,,ocr:amt;ocr:lowconf
3,2008-11-19,"Transportation Costs Operating (continued) . Agency Amount Agy# Status (Council, MOC,etc) EIN Number UIA Organization",2009,designate,,,"Ridgewood Bushwick Senior Citizens Council, Inc. Borinquen Plaza Nutrition Program",,112453853,,DFTA,125,003,,ocr:amt
3,2008-11-19,"Transportation Costs Operating (continued) . Agency Amount Agy# Status (Council, MOC,etc) EIN Number UIA Organization",2009,designate,,,"Ridgewood Bushwick Senior Citizens Council, Inc. Borinquen Plaza Nutrition Progran",,112453853,748130,DFTA,125,003,,ocr:lowconf
3,2008-11-19,"Transportation Costs Operating (continued) . Agency Amount Agy# Status (Council, MOC,etc) EIN Number UIA Organization",2009,designate,,,"Ridgewood Bushwick Senior Citizens Council, Inc. Diana Jones Senior Center",,112453853,,DFTA,125,003,,ocr:amt
3,2008-11-19,"Transportation Costs Operating (continued) . Agency Amount Agy# Status (Council, MOC,etc) EIN Number UIA Organization",2009,designate,,,"Ridgewood Bushwick Senior Citizens Council, Inc. Hope Gardens Senior Center",,112453853,,DFTA,125,003,,ocr:amt;ocr:lowconf
3,2008-11-19,"Transportation Costs Operating (continued) . Agency Amount Agy# Status (Council, MOC,etc) EIN Number UIA Organization",2009,designate,,,"Ridgewood Bushwick Senior Citizens Council, Inc.",Senior Center,112453853,,DFTA,125,003,,ocr:amt;ocr:lowconf
3,2008-11-19,"Transportation Costs Operating (continued) . Agency Amount Agy# Status (Council, MOC,etc) EIN Number UIA Organization",2009,designate,,,"Ridgewood Bushwick Senior Citizens Council, Inc.",Senior Center,112453853,,DFTA,125,003,,ocr:amt;ocr:lowconf
3,2008-11-19,"Transportation Costs Operating (continued) . Agency Amount Agy# Status (Council, MOC,etc) EIN Number UIA Organization",2009,designate,,,"Ridgewood Bushwick Senior Citizens Council, Inc. Senior Center",,112453853,,DFTA,125,003,,ocr:amt;ocr:lowconf
3,2008-11-19,"Transportation Costs Operating (continued) . Agency Amount Agy# Status (Council, MOC,etc) EIN Number UIA Organization",2009,designate,,,"Ridgewood Bushwick Senior Citizens Council, Inc.",Senior Center,112453853,,DFTA,125,003,,ocr:amt;ocr:lowconf
3,2008-11-19,"Transportation Costs Operating (continued) . Agency Amount Agy# Status (Council, MOC,etc) EIN Number UIA Organization",2009,designate,,,"Ridgewood Bushwick Senior Citizens Council, inc. Senior Center",,112453853,,DFTA,125,003,,ocr:amt;ocr:lowconf
3,2008-11-19,"Transportation Costs Operating (continued) . Agency Amount Agy# Status (Council, MOC,etc) EIN Number UIA Organization",2009,designate,,,"Ridgewood Bushwick Senior Citizens Council, Inc.",Social Aduit Day Services,112453853,,DFTA,125,003,,ocr:amt;ocr:lowconf
3,2008-11-19,"Transportation Costs Operating (continued) . Agency Amount Agy# Status (Council, MOC,etc) EIN Number UIA Organization",2009,designate,,,"Ridgewood Older Adult Center and Services, Inc.",,050607283,,DFTA,125,003,,ocr:amt
3,2008-11-19,"Transportation Costs Operating (continued) . Agency Amount Agy# Status (Council, MOC,etc) EIN Number UIA Organization",2009,designate,,,"Riverdale Senior Services, Inc.",Tri Center Transportation,237357997,,DFTA,125,003,,ocr:amt;ocr:lowconf
3,2008-11-19,"Transportation Costs Operating (continued) . Agency Amount Agy# Status (Council, MOC,etc) EIN Number UIA Organization",2009,designate,,,"Rochdale Village Social Services, Inc. Senior Center",,113397470,,DFTA,125,003,,ocr:amt;ocr:lowconf
3,2008-11-19,"Transportation Costs Operating (continued) . Agency Amount Agy# Status (Council, MOC,etc) EIN Number UIA Organization",2009,designate,,,"Samaritan Village, Inc.",Woodside Senior Center,112635374,,DFTA,125,003,,ocr:amt;ocr:lowconf
3,2008-11-19,"Transportation Costs Operating (continued) . Agency Amount Agy# Status (Council, MOC,etc) EIN Number UIA Organization",2009,designate,,,"SEBCO Development, Inc.",Senior Programs,132944013,,DFTA,125,003,,ocr:amt;ocr:lowconf
3,2008-11-19,"Transportation Costs Operating (continued) . Agency Amount Agy# Status (Council, MOC,etc) EIN Number UIA Organization",2009,designate,,,"Selfhelp Community Services, Inc.",Consolidated Senior Center,131624178,,DFTA,125,003,,ocr:amt;ocr:lowconf
3,2008-11-19,"Transportation Costs Operating (continued) . Agency Amount Agy# Status (Council, MOC,etc) EIN Number UIA Organization",2009,designate,,,"Selfhelp Community Services, Inc.",Consolidated Senior Center,131624178,,DFTA,125,003,,ocr:amt;ocr:lowconf
3,2008-11-19,"Transportation Costs Operating (continued) . Agency Amount Agy# Status (Council, MOC,etc) EIN Number UIA Organization",2009,designate,,,"Selfhelp Community Services, Inc.",Consolidated Senior Center,131624178,,DFTA,125,003,,ocr:amt
3,2008-11-19,"Transportation Costs Operating (continued) . Agency Amount Agy# Status (Council, MOC,etc) EIN Number UIA Organization",2009,designate,,,"Selfhelp Community Services, Inc.",Consolidated Senior Center,131624178,,DFTA,125,003,,ocr:amt;ocr:lowconf
3,2008-11-19,"Transportation Costs Operating (continued) . Agency Amount Agy# Status (Council, MOC,etc) EIN Number UIA Organization",2009,designate,,,"Selfhelp Community Services, Inc.",Consolidated Senior Center,131624178,,DFTA,125,003,,ocr:amt;ocr:lowconf
3,2008-11-19,"Transportation Costs Operating (continued) . Agency Amount Agy# Status (Council, MOC,etc) EIN Number UIA Organization",2009,designate,,,"Senior Citizens League of Flatbush, Inc. Senior Center",,112347331,,DFTA,125,003,,ocr:amt;ocr:lowconf
3,2008-11-19,"Transportation Costs Operating (continued) . Agency Amount Agy# Status (Council, MOC,etc) EIN Number UIA Organization",2009,designate,,,"Senior Citizens League of Flatbush, Inc.",Senior Center,112347331,,DFTA,125,003,,ocr:amt
3,2008-11-19,"Transportation Costs Operating (continued) . Agency Amount Agy# Status (Council, MOC,etc) EIN Number UIA Organization",2009,designate,,,"Services Now for Adult Persons (SNAP), Inc. Eastern Queens Senior Center",,112591783,,DFTA,125,003,,ocr:amt
3,2008-11-19,"Transportation Costs Operating (continued) . Agency Amount Agy# Status (Council, MOC,etc) EIN Number UIA Organization",2009,designate,,,Services Now for Adult Persons (SNAP). Inc.,Eastern Queens Senior Center,112591783,,DFTA,125,003,,ocr:amt;ocr:lowconf
3,2008-11-19,"Transportation Costs Operating (continued) . Agency Amount Agy# Status (Council, MOC,etc) EIN Number UIA Organization",2009,designate,,,"Services Now for Adult Persons (SNAP), Inc.",Eastern Queens Senior Center,112591783,,DFTA,125,003,,ocr:amt;ocr:lowconf
3,2008-11-19,"Transportation Costs Operating (continued) . Agency Amount Agy# Status (Council, MOC,etc) EIN Number UIA Organization",2009,designate,,,"Services Now for Adult Persons (SNAP), Inc.",Eastern Queens Senior Center,112591783,,DFTA,125,003,,ocr:amt;ocr:lowconf
3,2008-11-19,"Transportation Costs Operating (continued) . Agency Amount Agy# Status (Council, MOC,etc) EIN Number UIA Organization",2009,designate,,,"Services Now for Adult Persons (SNAP), Inc.",Eastern Queens Senior Center,112591783,,DFTA,125,003,,ocr:amt;ocr:lowconf
3,2008-11-19,"Transportation Costs Operating (continued) . Agency Amount Agy# Status (Council, MOC,etc) EIN Number UIA Organization",2009,designate,,,"Services Now for Adult Persons (SNAP), Inc.",Eastern Queens Senior Center,112591783,,DFTA,125,003,,ocr:amt
3,2008-11-19,"Transportation Costs Operating (continued) . Agency Amount Agy# Status (Council, MOC,etc) EIN Number UIA Organization",2009,designate,,,"Services Now for Adult Persons (SNAP), Inc.",Eastern Queens Senior Center,112591783,,DFTA,125,003,,ocr:amt;ocr:lowconf
3,2008-11-19,"Transportation Costs Operating (continued) . Agency Amount Agy# Status (Council, MOC,etc) EIN Number UIA Organization",2009,designate,,,"Services Now for Adult Persons (SNAP), Inc.",Eastern Queens Senior Center,112591783,,DFTA,125,003,,ocr:amt
3,2008-11-19,"Transportation Costs Operating (continued) . Agency Amount Agy# Status (Council, MOC,etc) EIN Number UIA Organization",2009,designate,,,Southside United Housing Development Fund Corp,Los Sures Senior Center,112268359,,DFTA,125,003,,ocr:amt;ocr:lowconf
3,2008-11-19,"Transportation Operating Costs (continued) * Agy# MOC, EIN Amount UIA Status (Council, Organization Number Agency * etc)",2009,designate,,,Spanish Speaking Elderly CounCI-RAICES,Times Plaza Senior Center,112730462,,DFTA,125,003,,ocr:amt;ocr:lowconf
3,2008-11-19,"Transportation Operating Costs (continued) * Agy# MOC, EIN Amount UIA Status (Council, Organization Number Agency * etc)",2009,designate,,,St. John's/Fort Hamilton Episcopal Church,Nutrition Program,112333919,,DFTA,125,003,,*;ocr:amt;ocr:lowconf
3,2008-11-19,"Transportation Operating Costs (continued) * Agy# MOC, EIN Amount UIA Status (Council, Organization Number Agency * etc)",2009,designate,,,St. Matthew's and St. Timothy's Neighborhood Center,WEME Mainstream Nutrition Program,132587904,,DFTA,125,003,,*;ocr:amt;ocr:lowconf
3,2008-11-19,"Transportation Operating Costs (continued) * Agy# MOC, EIN Amount UIA Status (Council, Organization Number Agency * etc)",2009,designate,,,St. Matthew's and St. Timothy's Neighborhood Center,WEME Mainstream Nutrition Program,132587904,,DFTA,125,003,,ocr:amt;ocr:lowconf
3,2008-11-19,"Transportation Operating Costs (continued) * Agy# MOC, EIN Amount UIA Status (Council, Organization Number Agency * etc)",2009,designate,,,St. Matthew's and St. Timothy's Neighborhood Center,WEME Mainstream Nutrition Program,132587904,,DFTA,125,003,,ocr:amt;ocr:lowconf
3,2008-11-19,"Transportation Operating Costs (continued) * Agy# MOC, EIN Amount UIA Status (Council, Organization Number Agency * etc)",2009,designate,,,St. Matthew's and St. Timothy's Neighborhood Center,WEME Mainstream Nutrition Program,132587904,,DFTA,125,003,,*;ocr:amt;ocr:lowconf
3,2008-11-19,"Transportation Operating Costs (continued) * Agy# MOC, EIN Amount UIA Status (Council, Organization Number Agency * etc)",2009,designate,,,St. Matthew' 's and St. Timothy's Neighborhood Center WEME Mainstream Nutrition Program,,132587904,,DFTA,125,003,,ocr:amt
3,2008-11-19,"Transportation Operating Costs (continued) * Agy# MOC, EIN Amount UIA Status (Council, Organization Number Agency * etc)",2009,designate,,,"Stanley M. Isaacs Neighborhood Center, Inc. Meals on Wheels",,132572034,,DFTA,125,003,,ocr:amt;ocr:lowconf
3,2008-11-19,"Transportation Operating Costs (continued) * Agy# MOC, EIN Amount UIA Status (Council, Organization Number Agency * etc)",2009,designate,,,"Stanley M. Isaacs Neighborhood Center, Inc. Meals on Wheels",,132572034,,DFTA,125,003,,ocr:amt;ocr:lowconf
3,2008-11-19,"Transportation Operating Costs (continued) * Agy# MOC, EIN Amount UIA Status (Council, Organization Number Agency * etc)",2009,designate,,,"Stanley M. Isaacs Neighborhood Center, Inc. Meals on Wheels",,132572034,,DFTA,125,003,,ocr:amt;ocr:lowconf
3,2008-11-19,"Transportation Operating Costs (continued) * Agy# MOC, EIN Amount UIA Status (Council, Organization Number Agency * etc)",2009,designate,,,"Stanley M. Isaacs Neighborhood Center, Inc.",Meals on Wheels,132572034,,DFTA,125,003,,ocr:amt;ocr:lowconf
3,2008-11-19,"Transportation Operating Costs (continued) * Agy# MOC, EIN Amount UIA Status (Council, Organization Number Agency * etc)",2009,designate,,,"Stanley M. isaacs Neighborhood Center, Inc.",Meals on Wheels,132572034,,DFTA,125,003,,ocr:amt;ocr:lowconf
3,2008-11-19,"Transportation Operating Costs (continued) * Agy# MOC, EIN Amount UIA Status (Council, Organization Number Agency * etc)",2009,designate,,,"Staten Island Community Services Friendship Clubs, Inc.",,132778244,,DFTA,125,003,,ocr:amt;ocr:lowconf
3,2008-11-19,"Transportation Operating Costs (continued) * Agy# MOC, EIN Amount UIA Status (Council, Organization Number Agency * etc)",2009,designate,,,"Staten Island Community Services Friendship Clubs, Inc.",,132778244,,DFTA,125,003,,ocr:amt
3,2008-11-19,"Transportation Operating Costs (continued) * Agy# MOC, EIN Amount UIA Status (Council, Organization Number Agency * etc)",2009,designate,,,"Staten Island Community Services Friendship Clubs, Inc.",,132778244,,DFTA,125,003,,ocr:amt;ocr:lowconf
3,2008-11-19,"Transportation Operating Costs (continued) * Agy# MOC, EIN Amount UIA Status (Council, Organization Number Agency * etc)",2009,designate,,,"Staten Island Community Services Friendship Clubs, Inc.",,132778244,,DFTA,125,003,,ocr:amt;ocr:lowconf
3,2008-11-19,"Transportation Operating Costs (continued) * Agy# MOC, EIN Amount UIA Status (Council, Organization Number Agency * etc)",2009,designate,,,"Staten Island Community Services Friendship Clubs, Inc.",,132778244,,DFTA,125,003,,ocr:amt;ocr:lowconf
3,2008-11-19,"Transportation Operating Costs (continued) * Agy# MOC, EIN Amount UIA Status (Council, Organization Number Agency * etc)",2009,designate,,,"Staten Island Community Services Friendship Clubs, Inc.",,132778244,,DFTA,125,003,,ocr:amt;ocr:lowconf
3,2008-11-19,"Transportation Operating Costs (continued) * Agy# MOC, EIN Amount UIA Status (Council, Organization Number Agency * etc)",2009,designate,,,"Staten Island Community Services Friendship Clubs, Inc.",,132778244,,DFTA,125,003,,ocr:amt;ocr:lowconf
3,2008-11-19,"Transportation Operating Costs (continued) * Agy# MOC, EIN Amount UIA Status (Council, Organization Number Agency * etc)",2009,designate,,,"Staten Island Community Services Friendship Clubs, inc.",,132778244,,DFTA,125,003,,ocr:amt;ocr:lowconf
3,2008-11-19,"Transportation Operating Costs (continued) * Agy# MOC, EIN Amount UIA Status (Council, Organization Number Agency * etc)",2009,designate,,,"Staten Island Community Services Friendship Clubs, Inc.",,132778244,,DFTA,125,003,,ocr:amt;ocr:lowconf
3,2008-11-19,"Transportation Operating Costs (continued) * Agy# MOC, EIN Amount UIA Status (Council, Organization Number Agency * etc)",2009,designate,,,"Sunnyside Community Services Center, Inc.",Senior Center,510189327,,DFTA,125,003,,ocr:amt;ocr:lowconf
3,2008-11-19,"Transportation Operating Costs (continued) * Agy# MOC, EIN Amount UIA Status (Council, Organization Number Agency * etc)",2009,designate,,,"Sunnyside Community Services Center, Inc.",Senior Center,510189327,,DFTA,125,003,,ocr:amt;ocr:lowconf
3,2008-11-19,"Transportation Operating Costs (continued) * Agy# MOC, EIN Amount UIA Status (Council, Organization Number Agency * etc)",2009,designate,,,"Sunnyside Community Services Center, Inc. Senior Center",,510189327,,DFTA,125,003,,ocr:amt;ocr:lowconf
3,2008-11-19,"Transportation Operating Costs (continued) * Agy# MOC, EIN Amount UIA Status (Council, Organization Number Agency * etc)",2009,designate,,,"Sunnyside Community Services Center, Inc. Senior Center",,510189327,,DFTA,125,003,,ocr:amt;ocr:lowconf
3,2008-11-19,"Transportation Operating Costs (continued) * Agy# MOC, EIN Amount UIA Status (Council, Organization Number Agency * etc)",2009,designate,,,"Sunnyside Community Services Center, Inc. Senior Center",,510189327,,DFTA,125,003,,ocr:amt;ocr:lowconf
3,2008-11-19,"Transportation Operating Costs (continued) * Agy# MOC, EIN Amount UIA Status (Council, Organization Number Agency * etc)",2009,designate,,,"Sunnyside Community Services Center, Inc.",Social Adult Day Services,510189327,,DFTA,125,003,,ocr:amt
3,2008-11-19,"Transportation Operating Costs (continued) * Agy# MOC, EIN Amount UIA Status (Council, Organization Number Agency * etc)",2009,designate,,,"Sunset Bay Community Services, Inc.",Sunset Park,112439925,,DFTA,125,003,,ocr:amt;ocr:lowconf
3,2008-11-19,"Transportation Operating Costs (continued) * Agy# MOC, EIN Amount UIA Status (Council, Organization Number Agency * etc)",2009,designate,,,"Tolentine- Zeiser Community Life Center, Inc. Nutrition Program",,133131888,,DFTA,125,003,,ocr:amt
3,2008-11-19,"Transportation Operating Costs (continued) * Agy# MOC, EIN Amount UIA Status (Council, Organization Number Agency * etc)",2009,designate,,,"Tremont Community Senior Citizen Service Center, Inc. Thomas Guess Community Senior Center",,132745417,,DFTA,125,003,,*;ocr:amt;ocr:lowconf
3,2008-11-19,"Transportation Operating Costs (continued) * Agy# MOC, EIN Amount UIA Status (Council, Organization Number Agency * etc)",2009,designate,,,"Trinity Senior Services, Inc.",,113243671,,DFTA,125,003,,ocr:amt;ocr:lowconf
3,2008-11-19,"Transportation Operating Costs (continued) * Agy# MOC, EIN Amount UIA Status (Council, Organization Number Agency * etc)",2009,designate,,,"Union Settlement Association, Inc.",East Harlem Coal. (JWJ Senior Center),131632530,,DFTA,125,003,,ocr:amt;ocr:lowconf
3,2008-11-19,"Transportation Operating Costs (continued) * Agy# MOC, EIN Amount UIA Status (Council, Organization Number Agency * etc)",2009,designate,,,"Union Settlement Association, Inc. East Harlem Coal. (JWJ Senior Center)",,131632530,,DFTA,125,003,,ocr:amt;ocr:lowconf
3,2008-11-19,"Transportation Operating Costs (continued) * Agy# MOC, EIN Amount UIA Status (Council, Organization Number Agency * etc)",2009,designate,,,"Union Settlement Association, Inc",East Harlem Coal. (JWJ Senior Center),131632530,,DFTA,125,003,,ocr:amt;ocr:lowconf
3,2008-11-19,"Transportation Operating Costs (continued) * Agy# MOC, EIN Amount UIA Status (Council, Organization Number Agency * etc)",2009,designate,,,"Union Settlement Association, Inc. Transportation",,131632530,,DFTA,125,003,,ocr:amt;ocr:lowconf
3,2008-11-19,"Transportation Operating Costs (continued) * Agy# MOC, EIN Amount UIA Status (Council, Organization Number Agency * etc)",2009,designate,,,Union Settlement Association. Inc,Transportation,131632530,,DFTA,125,003,,ocr:amt;ocr:lowconf
3,2008-11-19,"Transportation Operating Costs (continued) . Agy# Status MOC, EIN Number UIA Organization Agency Amount (Council, etc) *",2009,designate,,,"Union Settlement. Association, Inc. Transportation",,131632530,,DFTA,125,003,,ocr:amt;ocr:lowconf
3,2008-11-19,"Transportation Operating Costs (continued) . Agy# Status MOC, EIN Number UIA Organization Agency Amount (Council, etc) *",2009,designate,,,"United Hindu Cultural Council ofUSA, North America, Inc. Senior Center",,113451990,,DFTA,125,003,,ocr:amt;ocr:lowconf
3,2008-11-19,"Transportation Operating Costs (continued) . Agy# Status MOC, EIN Number UIA Organization Agency Amount (Council, etc) *",2009,designate,,,"United Hindu Cultural Council of USA, North America, Inc.",Senior Center,113451990,,DFTA,125,003,,ocr:amt;ocr:lowconf
3,2008-11-19,"Transportation Operating Costs (continued) . Agy# Status MOC, EIN Number UIA Organization Agency Amount (Council, etc) *",2009,designate,,,University Settiement Society of New York Nutrition,,135562374,,DFTA,125,003,,ocr:amt;ocr:lowconf
3,2008-11-19,"Transportation Operating Costs (continued) . Agy# Status MOC, EIN Number UIA Organization Agency Amount (Council, etc) *",2009,designate,,,"Washington Heights Community Services, Inc. Senior Center",,132792876,,DFTA,125,003,,*;ocr:amt
3,2008-11-19,"Transportation Operating Costs (continued) . Agy# Status MOC, EIN Number UIA Organization Agency Amount (Council, etc) *",2009,designate,,,"Washington Heights Community Services, Inc.",Senior Center,132792876,,DFTA,125,003,,ocr:amt;ocr:lowconf
3,2008-11-19,"Transportation Operating Costs (continued) . Agy# Status MOC, EIN Number UIA Organization Agency Amount (Council, etc) *",2009,designate,,,"Wayside Out-Reach Development, Inc. -1 Tilden Senior Center",,113528680,,DFTA,125,003,,ocr:amt;ocr:lowconf
3,2008-11-19,"Transportation Operating Costs (continued) . Agy# Status MOC, EIN Number UIA Organization Agency Amount (Council, etc) *",2009,designate,,,"Wayside Out-Reach Development, Inc.",Wayside Tompkins Park Senior Center,113528680,,DFTA,125,003,,ocr:amt
3,2008-11-19,"Transportation Operating Costs (continued) . Agy# Status MOC, EIN Number UIA Organization Agency Amount (Council, etc) *",2009,designate,,,"Wayside Out-Reach Development, Inc.",Wayside Tompkins Park Senior Center,113528680,,DFTA,125,003,,ocr:amt;ocr:lowconf
3,2008-11-19,"Transportation Operating Costs (continued) . Agy# Status MOC, EIN Number UIA Organization Agency Amount (Council, etc) *",2009,designate,,,"Wayside Out-Reach Development, Inc.",Wayside Tompkins Park Senior Center,113528680,,DFTA,125,003,,ocr:amt;ocr:lowconf
3,2008-11-19,"Transportation Operating Costs (continued) . Agy# Status MOC, EIN Number UIA Organization Agency Amount (Council, etc) *",2009,designate,,,"Wayside Out-Reach Development, Inc.",Wayside Tompkins Park Senior Center,113528680,,DFTA,125,003,,ocr:amt
3,2008-11-19,"Transportation Operating Costs (continued) . Agy# Status MOC, EIN Number UIA Organization Agency Amount (Council, etc) *",2009,designate,,,"Wayside Out-Reach Development, Inc.",Wayside Tompkins Park Seniof Center,113528680,,DFTA,125,003,,ocr:amt;ocr:lowconf
3,2008-11-19,"Transportation Operating Costs (continued) . Agy# Status MOC, EIN Number UIA Organization Agency Amount (Council, etc) *",2009,designate,,,"Wayside Out-Reach Development, Inc.",Wayside Tompkins Park Senior Center,113528680,,DFTA,125,003,,ocr:amt;ocr:lowconf
3,2008-11-19,"Transportation Operating Costs (continued) . Agy# Status MOC, EIN Number UIA Organization Agency Amount (Council, etc) *",2009,designate,,,"Wayside Out-Reach Development, Inc.",Wayside Tompkins Park Senior Center,113528680,,DFTA,125,003,,ocr:amt
3,2008-11-19,"Transportation Operating Costs (continued) . Agy# Status MOC, EIN Number UIA Organization Agency Amount (Council, etc) *",2009,designate,,,"William Hodson Community Center, Inc.",,131660334,,DFTA,125,003,,ocr:amt
3,2008-11-19,"Transportation Operating Costs (continued) . Agy# Status MOC, EIN Number UIA Organization Agency Amount (Council, etc) *",2009,designate,,,Young Israel of Bedford Bay Senior Center,,112327564,,DFTA,125,003,,ocr:amt
3,2008-11-19,"Transportation Operating Costs (continued) . Agy# Status MOC, EIN Number UIA Organization Agency Amount (Council, etc) *",2009,designate,,,Young Israel of Forest Hills,Senior League,112582218,,DFTA,125,003,,ocr:amt;ocr:lowconf
3,2008-11-19,"Transportation Operating Costs (continued) . Agy# Status MOC, EIN Number UIA Organization Agency Amount (Council, etc) *",2009,designate,,,Young Israel of Forest Hills,Senior League,112582218,,DFTA,125,003,,ocr:amt;ocr:lowconf
3,2008-11-19,"Transportation Operating Costs (continued) . Agy# Status MOC, EIN Number UIA Organization Agency Amount (Council, etc) *",2009,designate,,,Young Israel of Midwood Senior Center,,134136312,,DFTA,125,003,,ocr:amt;ocr:lowconf
3,2008-11-19,"Transportation Operating Costs (continued) . Agy# Status MOC, EIN Number UIA Organization Agency Amount (Council, etc) *",2009,designate,,,Young Israel of Queens Valley,Senior League,133613262,,DFTA,125,003,,ocr:amt;ocr:lowconf
3,2008-11-19,"Transportation Operating Costs (continued) . Agy# Status MOC, EIN Number UIA Organization Agency Amount (Council, etc) *",2009,designate,,,Young Israel of Wavecrest and Bayswater,Senior League,112342565,,DFTA,125,003,,ocr:amt;ocr:lowconf
3,2008-11-19,"Transportation Operating Costs (continued) . Agy# Status MOC, EIN Number UIA Organization Agency Amount (Council, etc) *",2009,designate,,,Young Men's and Young Women's Hebrew Association of the Bronx,Dora and Harry Senior Center,131740507,,DFTA,125,003,,ocr:amt
3,2008-11-19,"Transportation Operating Costs (continued) . Agy# Status MOC, EIN Number UIA Organization Agency Amount (Council, etc) *",2009,designate,,,Young Men's and Young Women's Hebrew Association of Washington Heights and Inwood,Inwood Senior Center,131635308,748130,DFTA,125,003,,ocr:lowconf
3,2008-11-19,"Transportation Operating Costs (continued) . Agy# Status MOC, EIN Number UIA Organization Agency Amount (Council, etc) *",2009,designate,,,Young Men's and Young Women's Hebrew Association of Washington Heights and Inwood,inwood Senior Center,131635308,748130,DFTA,125,003,,ocr:lowconf
3,2008-11-19,"Anti-Illegal Eviction and SRO Contracts Services Agy# Number Agency Status (Council, MOC. EIN Amount UIA etc) Organization *",2009,designate,,,Goddard Riverside Community Center,,131893908,,HPD,806,011,,ocr:amt
3,2008-11-19,"Anti-Illegal Eviction and SRO Contracts Services Agy# Number Agency Status (Council, MOC. EIN Amount UIA etc) Organization *",2009,designate,,,Legal Aid Society / Civil Division- Bronx,,135562265,144643,HPD,806,011,,
3,2008-11-19,"Anti-Illegal Eviction and SRO Contracts Services Agy# Number Agency Status (Council, MOC. EIN Amount UIA etc) Organization *",2009,designate,,,Legal Aid Society / Civil Division- Brooklyn,,135562265,188963,HPD,806,011,,ocr:lowconf
3,2008-11-19,"Anti-Illegal Eviction and SRO Contracts Services Agy# Number Agency Status (Council, MOC. EIN Amount UIA etc) Organization *",2009,designate,,,Legal Aid Society / Civil Division- Community Law Office,,135562265,304782,HPD,806,011,,
3,2008-11-19,"Anti-Illegal Eviction and SRO Contracts Services Agy# Number Agency Status (Council, MOC. EIN Amount UIA etc) Organization *",2009,designate,,,Legal Aid Society / Civil Division- Queens,,135562265,93750,HPD,806,011,,
3,2008-11-19,"Anti-Illegal Eviction and SRO Contracts Services Agy# Number Agency Status (Council, MOC. EIN Amount UIA etc) Organization *",2009,designate,,,Legal Aid Society / Civil Division- Staten island,,135562265,68750,HPD,806,011,,ocr:lowconf
3,2008-11-19,"Anti-Illegal Eviction and SRO Contracts Services Agy# Number Agency Status (Council, MOC. EIN Amount UIA etc) Organization *",2009,designate,,,Legal Services NYC Bedford Stuyvesant Community Legal Services Corporation,,112149962,84888,HPD,806,011,,
3,2008-11-19,"Anti-Illegal Eviction and SRO Contracts Services Agy# Number Agency Status (Council, MOC. EIN Amount UIA etc) Organization *",2009,designate,,,Legal Services NYC,Bronx,132600199,87500,HPD,806,011,,ocr:lowconf
3,2008-11-19,"Anti-Illegal Eviction and SRO Contracts Services Agy# Number Agency Status (Council, MOC. EIN Amount UIA etc) Organization *",2009,designate,,,Legal Services NYC Brooklyn Branch,,132600199,57716,HPD,806,011,,ocr:lowconf
3,2008-11-19,"Anti-Illegal Eviction and SRO Contracts Services Agy# Number Agency Status (Council, MOC. EIN Amount UIA etc) Organization *",2009,designate,,,Legal Services NYC- Brooklyn Legal Services Corporation A,,132605599,98074,HPD,806,011,,ocr:lowconf
3,2008-11-19,"Anti-Illegal Eviction and SRO Contracts Services Agy# Number Agency Status (Council, MOC. EIN Amount UIA etc) Organization *",2009,designate,,,Legal Services NYC Manhattan,,132600199,95488,HPD,806,011,,
3,2008-11-19,"Anti-Illegal Eviction and SRO Contracts Services Agy# Number Agency Status (Council, MOC. EIN Amount UIA etc) Organization *",2009,designate,,,Legal Services NYC Manhattan Legal Services-Harlem Office,,132613958,64068,HPD,806,011,,ocr:lowconf
3,2008-11-19,"Anti-Illegal Eviction and SRO Contracts Services Agy# Number Agency Status (Council, MOC. EIN Amount UIA etc) Organization *",2009,designate,,,Legal Services NYC Queens Legal Services Corporation,,132605604,122294,HPD,806,011,,ocr:lowconf
3,2008-11-19,"Anti-Illegal Eviction and SRO Contracts Services Agy# Number Agency Status (Council, MOC. EIN Amount UIA etc) Organization *",2009,designate,,,Legal Services NYC South Brooklyn Legal Services,,132605605,180571,HPD,806,011,,
3,2008-11-19,"Anti-Illegal Eviction and SRO Contracts Services Agy# Number Agency Status (Council, MOC. EIN Amount UIA etc) Organization *",2009,designate,,,"MFY Legal Services, Inc.",,132622748,215975,HPD,806,011,,ocr:lowconf
3,2008-11-19,"Anti-Illegal Eviction and SRO Contracts Services Agy# Number Agency Status (Council, MOC. EIN Amount UIA etc) Organization *",2009,designate,,,Northern Manhattan Improvement Corporation,,132972415,90409,HPD,806,011,,
