fiscal_year,category,initiative,award_type,member,organization,program,ein,amount,agency,purpose,confidence,name_source,absorbed_from_file,absorbed_from_line,absorbed_from_ein,disclosure_confirmed
2016,HEALTH SERVICES,Cancer Prevention,initiative_provider,,"American Cancer Society, Inc., The",,131788491,1000000,,,low,absorbed_text,data/fy16/schedule_c/fy16_schedule_c_awards.csv,43,133035711,no
2016,SENIOR SERVICES,"Senior Centers, Programs, and Enhancements",initiative_provider,,Bowery Residents Committee Senior Center,,132736659,261000,DFTA,This allocation enhances and restores baselined funding to DFTA senior center programs and services and provides additional funding to senior centers that are underfunded or over utilized.,high,council_disclosure,data/fy16/schedule_c/fy16_schedule_c_awards.csv,197,136202692,yes
2016,CRIMINAL JUSTICE SERVICES,Alternatives to Incarceration (ATI) Programs,initiative_provider,,Center for Community Alternatives,,161395992,408978,MOCJ,"This allocation represents a restoration of $4.1 million and an enhancement of $332,000. Alternative-to-Incarceration (ATI) programs provide intermediate sanctions, such as community service and substance abuse counseling that offer judges an alternative to pre-trial detention, a sentence in jail, or prison for eligible defendants. In addition, ATI programs provide a range of rehabilitative services for defendants and allow jail beds to be made available for more violent offenders who pose a threat to the community.",high,council_disclosure,data/fy16/schedule_c/fy16_schedule_c_awards.csv,20,132645436,yes
2016,CRIMINAL JUSTICE SERVICES,Alternatives to Incarceration (ATI) Programs,initiative_provider,,Center for Employment Opportunities,,133843322,440957,MOCJ,"This allocation represents a restoration of $4.1 million and an enhancement of $332,000. Alternative-to-Incarceration (ATI) programs provide intermediate sanctions, such as community service and substance abuse counseling that offer judges an alternative to pre-trial detention, a sentence in jail, or prison for eligible defendants. In addition, ATI programs provide a range of rehabilitative services for defendants and allow jail beds to be made available for more violent offenders who pose a threat to the community.",high,council_disclosure,data/fy16/schedule_c/fy16_schedule_c_awards.csv,20,132645436,yes
2016,HEALTH SERVICES,Cancer Prevention,initiative_provider,,"Charles B. Wang Community Health Center, Inc.",,132739694,40500,DOHMH,"This allocation supports various screening, education and supportive services for breast, colon, and ovarian cancer.",high,council_disclosure,data/fy16/schedule_c/fy16_schedule_c_awards.csv,45,134046652,yes
2016,HEALTH SERVICES,"Healthy Women, Healthy Future",initiative_provider,,Choices in Childbirth,,202015286,20480,DOHMH,"This allocation to supports an array of doula services to expectant mothers and women of childbearing age. This funding supports the following: (1) birth doula care; (2) postpartum doula care; (3) program oversight including doula care coordination, training coordination, technical assistance and capacity building for all five Boroughs; (4)program evaluation; focus groups and surveys of doulas and program participants; and (5) doula training whereby doulas will be trained as birth and/or post-partum doulas.",high,council_disclosure,data/fy16/schedule_c/fy16_schedule_c_awards.csv,52,510567466,yes
2016,HOUSING INITIATIVE,Community Consultant Contracts (CCC),initiative_provider,,"Clinton Housing Development Company, Inc.",,132851988,29730,,,low,absorbed_text,data/fy16/schedule_c/fy16_schedule_c_awards.csv,74,132564241,no
2016,SMALL BUSINESS SERVICES AND WORKFORCE DEVELOPMENT,Jobs to Build On,initiative_provider,,Consortium For Worker Education (CWE),,133564313,5354200,DSBS,"To recruit and transition low-skilled, long-term unemployed and under-employed individuals, prepare them for entry-level union and non-union jobs, attain credentials enabling them to meet general employer standards, and place participants in real jobs and career prospects at a living wage.",high,council_disclosure,data/fy16/schedule_c/fy16_schedule_c_awards.csv,243,136400434,yes
2016,SMALL BUSINESS SERVICES AND WORKFORCE DEVELOPMENT,Worker Cooperative Business Development Initiative,initiative_provider,,Democracy at Work Institute (DAWI),,275265123,155000,DSBS,"The Worker Cooperative Business Development initiative will support the creation of jobs in worker cooperatives by coordinating education and training resources and by providing technical, legal, and financial assistance. The initiative will fund a comprehensive citywide effort to reach cooperative entrepreneurs, provide for the start-up of new worker cooperative small businesses, and assist existing cooperatives. The initiative will offer workforce development and concrete skills for unemployed, underemployed and discouraged workers in high-needs neighborhoods.",high,council_disclosure,data/fy16/schedule_c/fy16_schedule_c_awards.csv,266,452201993,yes
2016,CRIMINAL JUSTICE SERVICES,Alternatives to Incarceration (ATI) Programs,initiative_provider,,"Education and Assistance Corporation (EAC), Inc.",,237175609,1021340,MOCJ,"This allocation represents a restoration of $4.1 million and an enhancement of $332,000. Alternative-to-Incarceration (ATI) programs provide intermediate sanctions, such as community service and substance abuse counseling that offer judges an alternative to pre-trial detention, a sentence in jail, or prison for eligible defendants. In addition, ATI programs provide a range of rehabilitative services for defendants and allow jail beds to be made available for more violent offenders who pose a threat to the community.",high,council_disclosure,data/fy16/schedule_c/fy16_schedule_c_awards.csv,20,132645436,yes
2016,HOUSING INITIATIVE,Community Consultant Contracts (CCC),initiative_provider,,"El Barrio Operation Fight Back, Inc.",,133248777,29730,,,low,absorbed_text,data/fy16/schedule_c/fy16_schedule_c_awards.csv,75,133311582,no
2016,HOUSING INITIATIVE,Community Consultant Contracts (CCC),initiative_provider,,Gowanus Canal Community Development Corporation,,112498292,29730,,,low,absorbed_text,data/fy16/schedule_c/fy16_schedule_c_awards.csv,77,112382250,no
2016,SMALL BUSINESS SERVICES AND WORKFORCE DEVELOPMENT,Worker Cooperative Business Development Initiative,initiative_provider,,"Green Worker, Inc.",,201828936,234000,DSBS,"The Worker Cooperative Business Development initiative will support the creation of jobs in worker cooperatives by coordinating education and training resources and by providing technical, legal, and financial assistance. The initiative will fund a comprehensive citywide effort to reach cooperative entrepreneurs, provide for the start-up of new worker cooperative small businesses, and assist existing cooperatives. The initiative will offer workforce development and concrete skills for unemployed, underemployed and discouraged workers in high-needs neighborhoods.",high,council_disclosure,data/fy16/schedule_c/fy16_schedule_c_awards.csv,264,113344389,yes
2016,HOUSING INITIATIVE,Community Consultant Contracts (CCC),initiative_provider,,"Harlem Congregations for Community Improvement, Inc.",,133516262,29730,HPD,"The Community Consultant Contract (CCC) initiative provides funding for the front-line anti-eviction/anti-displacement services that community groups provide. When a community resident is at risk of eviction, or when a constituent needs assistance with a housing case, they call the CCC-funded specialist at their local community group. These specialists are knowledgeable about a full range of available resources and use all applicable tools to keep New York City residents in housing they can afford. This initiative allows neighborhood-based groups to provide the following core housing services: tenant organization; code enforcement advocacy; housing court assistance; apartment repossession; and other housing-related public education.",high,council_disclosure,data/fy16/schedule_c/fy16_schedule_c_awards.csv,78,510141489,yes
2016,HEALTH SERVICES,Obesity Prevention,initiative_provider,,"Healthcorps, Inc.",,261269358,750000,DOHMH,This allocation supports a number of obesity prevention programs that provide nutrition and wellness education and promote physical fitness to curb and prevent obesity in young New Yorkers.,high,council_disclosure,data/fy16/schedule_c/fy16_schedule_c_awards.csv,57,132949483,yes
2016,DOMESTIC VIOLENCE SERVICES,Legal Services for Domestic Violence Victims,initiative_provider,,"Her Justice, Inc.",,133688519,100000,DSS/HRA,Funding will support services provided by four community-based organizations for sexual assault related services and programs.,high,council_disclosure,data/fy16/schedule_c/fy16_schedule_c_awards.csv,29,132946970,yes
2016,HOUSING INITIATIVE,Community Consultant Contracts (CCC),initiative_provider,,Hudson Guild,,135562989,29730,HPD,"The Community Consultant Contract (CCC) initiative provides funding for the front-line anti-eviction/anti-displacement services that community groups provide. When a community resident is at risk of eviction, or when a constituent needs assistance with a housing case, they call the CCC-funded specialist at their local community group. These specialists are knowledgeable about a full range of available resources and use all applicable tools to keep New York City residents in housing they can afford. This initiative allows neighborhood-based groups to provide the following core housing services: tenant organization; code enforcement advocacy; housing court assistance; apartment repossession; and other housing-related public education.",high,council_disclosure,data/fy16/schedule_c/fy16_schedule_c_awards.csv,80,131628180,yes
2016,SMALL BUSINESS SERVICES AND WORKFORCE DEVELOPMENT,Worker Cooperative Business Development Initiative,initiative_provider,,ICA Group,,042628399,234000,DSBS,"The Worker Cooperative Business Development initiative will support the creation of jobs in worker cooperatives by coordinating education and training resources and by providing technical, legal, and financial assistance. The initiative will fund a comprehensive citywide effort to reach cooperative entrepreneurs, provide for the start-up of new worker cooperative small businesses, and assist existing cooperatives. The initiative will offer workforce development and concrete skills for unemployed, underemployed and discouraged workers in high-needs neighborhoods.",high,council_disclosure,data/fy16/schedule_c/fy16_schedule_c_awards.csv,264,113344389,yes
2016,CRIMINAL JUSTICE SERVICES,Initiative to Address Sexual Assault,initiative_provider,,Icahn School of Medicine at Mount Sinai,,136171197,150000,MOCJ,"This allocation represents a restoration of $300,000 mil and an enhancement of $300,000. Funding will support four community-based organizations that provide sexual assault related services and programs.",high,council_disclosure,data/fy16/schedule_c/fy16_schedule_c_awards.csv,25,132813809,yes
2016,SMALL BUSINESS SERVICES AND WORKFORCE DEVELOPMENT,Worker Cooperative Business Development Initiative,initiative_provider,,NYC Network of Worker Cooperatives (NYCNOWC),,465245034,148000,DSBS,"The Worker Cooperative Business Development initiative will support the creation of jobs in worker cooperatives by coordinating education and training resources and by providing technical, legal, and financial assistance. The initiative will fund a comprehensive citywide effort to reach cooperative entrepreneurs, provide for the start-up of new worker cooperative small businesses, and assist existing cooperatives. The initiative will offer workforce development and concrete skills for unemployed, underemployed and discouraged workers in high-needs neighborhoods.",high,council_disclosure,data/fy16/schedule_c/fy16_schedule_c_awards.csv,266,452201993,yes
2016,HOUSING INITIATIVE,Community Consultant Contracts (CCC),initiative_provider,,"Peoples Firehouse, Inc.",,112470566,29730,HPD,"The Community Consultant Contract (CCC) initiative provides funding for the front-line anti-eviction/anti-displacement services that community groups provide. When a community resident is at risk of eviction, or when a constituent needs assistance with a housing case, they call the CCC-funded specialist at their local community group. These specialists are knowledgeable about a full range of available resources and use all applicable tools to keep New York City residents in housing they can afford. This initiative allows neighborhood-based groups to provide the following core housing services: tenant organization; code enforcement advocacy; housing court assistance; apartment repossession; and other housing-related public education.",high,council_disclosure,data/fy16/schedule_c/fy16_schedule_c_awards.csv,90,112375583,yes
2016,SENIOR SERVICES,Services Enhancement,initiative_provider,,Selfhelp Community Services - Northridge NORC,,135654450,234000,,,low,absorbed_text,data/fy16/schedule_c/fy16_schedule_c_awards.csv,194,132947657,no
2016,SMALL BUSINESS SERVICES AND WORKFORCE DEVELOPMENT,Day Laborer Workforce Initiative,initiative_provider,,Staten Island Community Job Center,,472787706,15000,DSBS,"The funds will be used for the expansion and development of day laborer centers. These services include dignified physical space for day laborers to meet, referrals to jobs or support services, legal services to address issues such as wage theft, as well as workforce training and development.",high,council_disclosure,data/fy16/schedule_c/fy16_schedule_c_awards.csv,241,136400434,yes
2016,HOUSING INITIATIVE,Community Consultant Contracts (CCC),initiative_provider,,"Strycker's Bay Neighborhood Council, Inc.",,131943516,29730,HPD,"The Community Consultant Contract (CCC) initiative provides funding for the front-line anti-eviction/anti-displacement services that community groups provide. When a community resident is at risk of eviction, or when a constituent needs assistance with a housing case, they call the CCC-funded specialist at their local community group. These specialists are knowledgeable about a full range of available resources and use all applicable tools to keep New York City residents in housing they can afford. This initiative allows neighborhood-based groups to provide the following core housing services: tenant organization; code enforcement advocacy; housing court assistance; apartment repossession; and other housing-related public education.",high,council_disclosure,data/fy16/schedule_c/fy16_schedule_c_awards.csv,94,132735378,yes
2016,SENIOR SERVICES,Elder Abuse Enhancement,initiative_provider,,Turning Point for Women and Families,,542177390,50000,DFTA,"This allocation enhances baselined funding for elder abuse services, specifically funding organizations that specialize in serving immigrant populations.",high,council_disclosure,data/fy16/schedule_c/fy16_schedule_c_awards.csv,176,133593806,yes
2016,SMALL BUSINESS SERVICES AND WORKFORCE DEVELOPMENT,Worker Cooperative Business Development Initiative,initiative_provider,,"Working World, The (TWW)",,202264584,234000,DSBS,"The Worker Cooperative Business Development initiative will support the creation of jobs in worker cooperatives by coordinating education and training resources and by providing technical, legal, and financial assistance. The initiative will fund a comprehensive citywide effort to reach cooperative entrepreneurs, provide for the start-up of new worker cooperative small businesses, and assist existing cooperatives. The initiative will offer workforce development and concrete skills for unemployed, underemployed and discouraged workers in high-needs neighborhoods.",high,council_disclosure,data/fy16/schedule_c/fy16_schedule_c_awards.csv,264,113344389,yes
2017,CHILDREN’S SERVICES,Discretionary Child Care,initiative_provider,,A&G Early Child Care Community Network Inc.,,472375867,2000000,ACS,This allocation support child care programs and adds additional child care slots to certain programs.,high,council_disclosure,data/fy17/schedule_c/fy17_schedule_c_awards.csv,2,112290419,yes
2017,SENIOR SERVICES,Small Business Outreach and Assistance Program,initiative_provider,,"ACCION East, Inc.",,113317234,64500,DSBS,"This initiative will provide assistance to entrepreneurs and small businesses in all five boroughs.The services will include pro-bono legal assistance, technical and financing assistance,business courses, referrals to other governmental resources and support, and assistance with affordable healthcare enrollment opportunities. Some of these services will be provided on the ground at storefronts, allowing easier access by clients.",high,council_disclosure,data/fy17/schedule_c/fy17_schedule_c_awards.csv,326,133187792,yes
2017,SENIOR SERVICES,MWBE Leadership Associations,initiative_provider,,"ACCION East, Inc.",,113317234,88855,DSBS,This allocation provides a range of services including guidance on government contracting for potential or City-certified MWBEs; assistance in connecting MWBEs to potential customers; aid in the development of bids and proposals; assistance in securing project financing and bonding; and the promotion and marketing of the City’s MWBE program.,high,council_disclosure,data/fy17/schedule_c/fy17_schedule_c_awards.csv,318,133591350,yes
2017,CULTURAL ORGANIZATIONS,Coalition of Theaters of Color,initiative_provider,,"Afrikan Poetry Theatre, Inc.",,112515828,29800,DCLA,To support the operations and programming of various theaters and cultural organizations primarily in communities of color.,high,council_disclosure,data/fy17/schedule_c/fy17_schedule_c_awards.csv,55,133515233,yes
2017,CULTURAL ORGANIZATIONS,Coalition of Theaters of Color,initiative_provider,,"Amas Musical Theatre, Inc.",,237057226,29800,DCLA,To support the operations and programming of various theaters and cultural organizations primarily in communities of color.,high,council_disclosure,data/fy17/schedule_c/fy17_schedule_c_awards.csv,55,133515233,yes
2017,HEALTH SERVICES,Child Health and Wellness,initiative_provider,,American Lung Association of the City of New York,,135563004,78000,,,low,absorbed_text,data/fy17/schedule_c/fy17_schedule_c_awards.csv,107,133092676,no
2017,MENTAL HEALTH SERVICES,Medicaid Redesign Transition,initiative_provider,,"Amida Care, Inc.",,134154068,50000,DOHMH,This allocation supports organizations transitioning from a fee-for-service system to a managed-care model under New York State’s Medicaid redesign.,high,council_disclosure,data/fy17/schedule_c/fy17_schedule_c_awards.csv,270,135564937,yes
2017,YOUTH SERVICES,Sports Training and Rolemodels for Success Initiative (STARS),initiative_provider,,"Armory Foundation, The",,133680286,100000,DYCD,"This initiative offers afterschool programming promoting physical activity, healthy living and wellness for elementary, middle and high school-aged girls.",high,council_disclosure,data/fy17/schedule_c/fy17_schedule_c_awards.csv,346,043697166,yes
2017,HOUSING,Community Housing Preservation Strategies,initiative_provider,,Association for Neighborhood and Housing Development,,132775999,100000,HPD,This funding will support ANHD’s efforts to expand and strengthen technical support and a capacity building program for community-based organizations participating in Council-funded community consultant contracts and housing preservation initiative programs. The capacity-building work performed by ANHD includes 76 Council-funded groups. This funding will allow Council-funded groups to scale up their activities and conduct more robust housing and tenant advocacy.,high,council_disclosure,data/fy17/schedule_c/fy17_schedule_c_awards.csv,135,133975090,yes
2017,MENTAL HEALTH SERVICES,Medicaid Redesign Transition,initiative_provider,,Astor Services for Children & Families,,141397918,50000,DOHMH,This allocation supports organizations transitioning from a fee-for-service system to a managed-care model under New York State’s Medicaid redesign.,high,council_disclosure,data/fy17/schedule_c/fy17_schedule_c_awards.csv,270,135564937,yes
2017,MENTAL HEALTH SERVICES,Court-Involved Youth Mental Health Initiative,initiative_provider,,Astor Services for Children & Families,,141397918,150000,DOHMH,"This allocation supports programs that utilize risk assessment tools to identify juveniles in the arrest process who require mental health services; engage families of court-involved youth through family counseling, respite services, and other evidence-based practices; and connect community-based providers to other non-governmental organizations familiar with the Courts, the Administration for Children's Services (ACS), Department of Correction (DOC), and other relevant City and State agencies.",high,council_disclosure,data/fy17/schedule_c/fy17_schedule_c_awards.csv,240,111733454,yes
2017,SENIOR SERVICES,Small Business Outreach and Assistance Program,initiative_provider,,Bedford Stuyvesant Restoration Corporation,,116083182,85500,DSBS,"This initiative will provide assistance to entrepreneurs and small businesses in all five boroughs.The services will include pro-bono legal assistance, technical and financing assistance,business courses, referrals to other governmental resources and support, and assistance with affordable healthcare enrollment opportunities. Some of these services will be provided on the ground at storefronts, allowing easier access by clients.",high,council_disclosure,data/fy17/schedule_c/fy17_schedule_c_awards.csv,327,113306111,yes
2017,CHILDREN’S SERVICES,Discretionary Child Care,initiative_provider,,"Bethany Day Nursery, Inc.",,132732818,709605,ACS,This allocation support child care programs and adds additional child care slots to certain programs.,high,council_disclosure,data/fy17/schedule_c/fy17_schedule_c_awards.csv,3,131860451,yes
2017,SENIOR SERVICES,Holocaust Survivors,initiative_provider,,"Blue Card, Inc., The",,131623910,20000,DFTA,This initiative will support Holocaust survivors living at or below the poverty line by offering a range of social services and supports to maintain and improve their quality of life.,high,council_disclosure,data/fy17/schedule_c/fy17_schedule_c_awards.csv,283,111633484,yes
2017,HOUSING,Community Housing Preservation Strategies,initiative_provider,,Bridge Street Development Corporation,,113250772,29729,HPD,"The Community Consultant Contract (CCC) initiative provides funding for the front-line anti-eviction/anti-displacement services that community groups provide. When a community resident is at risk of eviction, or when a constituent needs assistance with a housing case, they call the CCC-funded specialist at their local community group. These specialists are knowledgeable about a full range of available resources and use all applicable tools to keep New York City residents in housing they can afford. This initiative allows neighborhood-based groups to provide the following core housing services: tenant organization; code enforcement advocacy; housing court assistance; apartment repossession; and other housing-related public education.",high,council_disclosure,data/fy17/schedule_c/fy17_schedule_c_awards.csv,159,112435523,yes
2017,HOUSING,Community Housing Preservation Strategies,initiative_provider,Cornegy,Bridge Street Development Corporation,,113250772,71000,HPD,"The Housing Preservation Initiative (HPI) provides funding for neighborhood-based groups to design and implement a grassroots, neighborhood-based approach to stop the loss of affordable housing. HPI seeks to protect affordable housing and promote neighborhood stabilization in needy districts. HPI funding helps local organizations work with local residents and institutions to protect affordable housing and promote neighborhood stabilization.",high,council_disclosure,data/fy17/schedule_c/fy17_schedule_c_awards.csv,139,113580935,yes
2017,CHILDREN’S SERVICES,City’s First Readers,initiative_provider,,"Broadway Housing Communities, Inc.",,133212867,47000,DYCD,,medium,council_disclosure,data/fy17/schedule_c/fy17_schedule_c_awards.csv,7,111904261,yes
2017,IMMIGRANT SERVICES,New York Immigrant Family Unity Project,initiative_provider,,"Bronx Defenders, The",,133931074,2076667,DSS/HRA,"This allocation supports the New York Immigrant Family Unity Project (NYIFUP), first funded in Fiscal 2014. NYIFUP, which is the nation’s first government-funded legal representation program for detained immigrants, provides high-quality, holistic representation to New Yorkers detained and facing deportation who cannot afford an attorney. NYIFUP attorneys carry a full caseload of deportation defense cases, and provide services including: master calendar, bond and individual merits hearings, appeals, and social work services. Vera Institute of Justice will oversee services between the legal providers and Human Resource Administration (HRA) will ensure that the initiative’s goals and objectives are accomplished. Vera will also coordinate all performance reports and track data to provide to the Council and HRA.",high,council_disclosure,data/fy17/schedule_c/fy17_schedule_c_awards.csv,209,113305406,yes
2017,SENIOR SERVICES,MWBE Leadership Associations,initiative_provider,,"Brooklyn Kings County Hispanic Chamber Of Commerce, Inc.",,202381186,30925,DSBS,This allocation provides a range of services including guidance on government contracting for potential or City-certified MWBEs; assistance in connecting MWBEs to potential customers; aid in the development of bids and proposals; assistance in securing project financing and bonding; and the promotion and marketing of the City’s MWBE program.,high,council_disclosure,data/fy17/schedule_c/fy17_schedule_c_awards.csv,318,133591350,yes
2017,SENIOR SERVICES,Small Business Outreach and Assistance Program,initiative_provider,,"Caribbean American Chamber of Commerce and Industry, Inc.",,112903423,85500,DSBS,"This initiative will provide assistance to entrepreneurs and small businesses in all five boroughs.The services will include pro-bono legal assistance, technical and financing assistance,business courses, referrals to other governmental resources and support, and assistance with affordable healthcare enrollment opportunities. Some of these services will be provided on the ground at storefronts, allowing easier access by clients.",high,council_disclosure,data/fy17/schedule_c/fy17_schedule_c_awards.csv,328,133591350,yes
2017,IMMIGRANT SERVICES,Immigrant Opportunities Initiative,initiative_provider,,"Caribbean Women's Health Association, Inc.",,133323168,25000,DSS/HRA,"This allocation supports funding to assist immigrant adults gain access to information and resources and to strengthen their participation in the democratic process.  Specifically, this initiative provides funding for legal services for recent immigrants to assist with applications for citizenship or permanent residency, and various other immigrant related legal services.",high,council_disclosure,data/fy17/schedule_c/fy17_schedule_c_awards.csv,195,112859151,yes
2017,MENTAL HEALTH SERVICES,Services,initiative_provider,,"Catholic Charities Neighborhood Services, Inc.",,112047151,31103,DOHMH,"This funding supports a range of programs and services that address the needs of individuals with chemical dependencies, developmental disabilities, and/or serious mental illnesses, as well as the needs of their families and caregivers. The funding may support medically supervised outpatient programs (MSOPs), transition management programs, Article 16 clinics, psychological clubs, recreation programs, or other behavioral health services.",high,council_disclosure,data/fy17/schedule_c/fy17_schedule_c_awards.csv,248,111733454,yes
2017,MENTAL HEALTH SERVICES,Medicaid Redesign Transition,initiative_provider,,"Catholic Charities Neighborhood Services, Inc.",,112047151,50000,DOHMH,This allocation supports organizations transitioning from a fee-for-service system to a managed-care model under New York State’s Medicaid redesign.,high,council_disclosure,data/fy17/schedule_c/fy17_schedule_c_awards.csv,270,135564937,yes
2017,MENTAL HEALTH SERVICES,Geriatric Mental Health,initiative_provider,,"Catholic Charities Neighborhood Services, Inc.",,112047151,86000,DOHMH,"This funding supports organizations that provide a range of mental health services to older adults in “non-clinical settings,” such as senior centers, drop-in centers, religious institutions, social clubs, homeless prevention programs, and individual homes.",high,council_disclosure,data/fy17/schedule_c/fy17_schedule_c_awards.csv,258,136202692,yes
2017,MENTAL HEALTH SERVICES,Court-Involved Youth Mental Health Initiative,initiative_provider,,"Catholic Charities Neighborhood Services, Inc.",,112047151,130000,DOHMH,"This allocation supports programs that utilize risk assessment tools to identify juveniles in the arrest process who require mental health services; engage families of court-involved youth through family counseling, respite services, and other evidence-based practices; and connect community-based providers to other non-governmental organizations familiar with the Courts, the Administration for Children's Services (ACS), Department of Correction (DOC), and other relevant City and State agencies.",high,council_disclosure,data/fy17/schedule_c/fy17_schedule_c_awards.csv,240,111733454,yes
2017,HOUSING,Community Housing Preservation Strategies,initiative_provider,,"Catholic Migration Services, Inc.",,112634818,51000,HPD,"The Housing Preservation Initiative (HPI) provides funding for neighborhood-based groups to design and implement a grassroots, neighborhood-based approach to stop the loss of affordable housing. HPI seeks to protect affordable housing and promote neighborhood stabilization in needy districts. HPI funding helps local organizations work with local residents and institutions to protect affordable housing and promote neighborhood stabilization.",medium,council_disclosure,data/fy17/schedule_c/fy17_schedule_c_awards.csv,139,113580935,yes
2017,HOUSING,Community Housing Preservation Strategies,initiative_provider,,"Catholic Migration Services, Inc.",,112634818,51000,HPD,"The Housing Preservation Initiative (HPI) provides funding for neighborhood-based groups to design and implement a grassroots, neighborhood-based approach to stop the loss of affordable housing. HPI seeks to protect affordable housing and promote neighborhood stabilization in needy districts. HPI funding helps local organizations work with local residents and institutions to protect affordable housing and promote neighborhood stabilization.",medium,council_disclosure,data/fy17/schedule_c/fy17_schedule_c_awards.csv,139,113580935,yes
2017,MENTAL HEALTH SERVICES,Court-Involved Youth Mental Health Initiative,initiative_provider,,"Center for Alternative Sentencing and Employment Services, Inc. (CASES)",,132668080,150000,DOHMH,"This allocation supports programs that utilize risk assessment tools to identify juveniles in the arrest process who require mental health services; engage families of court-involved youth through family counseling, respite services, and other evidence-based practices; and connect community-based providers to other non-governmental organizations familiar with the Courts, the Administration for Children's Services (ACS), Department of Correction (DOC), and other relevant City and State agencies.",high,council_disclosure,data/fy17/schedule_c/fy17_schedule_c_awards.csv,240,111733454,yes
2017,LEGAL SERVICES,Legal Services for Low-Income New Yorkers,initiative_provider,,Center for Family Representation,,510419496,250000,MOCJ,"Legal Services for Low-Income New Yorkers Initiative is intended to support direct client representation, including representation in class action cases; the provision of legal advice; community legal education presentations; pro-bono/volunteer lawyer programs; and hotline and other telephone-based legal services. Legal areas in which services may be provided included but are not limited to: unemployment insurance, supplemental security income, consumer/finance, education, employment, family, juvenile, health, housing, income maintenance, individual rights and miscellaneous benefits.",high,council_disclosure,data/fy17/schedule_c/fy17_schedule_c_awards.csv,214,135562265,yes
2017,HOUSING,Community Housing Preservation Strategies,initiative_provider,,"Central Astoria Local Development Coalition, Inc.",,112652331,29729,HPD,"The Community Consultant Contract (CCC) initiative provides funding for the front-line anti-eviction/anti-displacement services that community groups provide. When a community resident is at risk of eviction, or when a constituent needs assistance with a housing case, they call the CCC-funded specialist at their local community group. These specialists are knowledgeable about a full range of available resources and use all applicable tools to keep New York City residents in housing they can afford. This initiative allows neighborhood-based groups to provide the following core housing services: tenant organization; code enforcement advocacy; housing court assistance; apartment repossession; and other housing-related public education.",high,council_disclosure,data/fy17/schedule_c/fy17_schedule_c_awards.csv,161,132851988,yes
2017,HEALTH SERVICES,Access Health,initiative_provider,,Centro Altagracia de Fe y Justicia,,161765323,52692,DOHMH,"The Access Health NYC Initiative will enable culturally- and linguistically-competent non-profit community-based organizations (CBOs) in all 5 boroughs to do outreach and public education in their communities about options for health care access and coverage, particularly for the uninsured. Important options that these communities may not know about include HHC Options, Federally Qualified Health Centers, pre-certification for emergency Medicaid, Medicaid for Pregnant Women/Prenatal Care Assistance Program (PCAP), Family Planning Extension Program (FPEP), AIDS Drug Assistance Program (ADAP) and Children’s Health Insurance Program (CHIP). While some private foundation funds were made available to aid efforts of outreach and public education, the Access Health NYC Initiative will allow CBOs to scale up their activities and to create a more robust public health education campaign.",high,council_disclosure,data/fy17/schedule_c/fy17_schedule_c_awards.csv,95,135562202,yes
2017,HEALTH SERVICES,Cancer Services,initiative_provider,,"Charles B. Wang Community Health Center, Inc.",,132739694,50000,DOHMH,"This allocation supports various education and supportive services for breast, colon and ovarian cancer.",high,council_disclosure,data/fy17/schedule_c/fy17_schedule_c_awards.csv,102,134046652,yes
2017,IMMIGRANT SERVICES,Immigrant Health Initiative,initiative_provider,,"Charles B. Wang Community Health Center, Inc.",,132739694,75000,DOHMH,This funding will focus on decreasing health disparities among foreign born New Yorkers by focusing on the following three goals: improving access to health care; addressing cultural and language barriers; and targeting resources and interventions.,high,council_disclosure,data/fy17/schedule_c/fy17_schedule_c_awards.csv,186,111733454,yes
2017,EDUCATION,Educational Programs for Students,initiative_provider,,"Chess-in-the-Schools, Inc.",,136119036,400000,DOE,"This allocation will support direct educational initiatives for students including, but not limited to literacy, math, science and technology programs.",high,council_disclosure,data/fy17/schedule_c/fy17_schedule_c_awards.csv,81,134004600,yes
2017,MENTAL HEALTH SERVICES,Mental Health Services for Vulnerable Populations,initiative_provider,,"Children's Aid Society, The",,135562191,95000,DOHMH,"This funding supports community-based organizations and advocacy networks that provide a range of mental health programs, services, trainings, and referrals throughout the City, addressing the mental health needs of vulnerable and marginalized populations, such as HIV-positive people, suicidal individuals, and people with developmental disabilities. Additional populations of interest include children and youth, immigrants and people with limited English proficiency, homeless individuals and families, and at-risk seniors.",high,council_disclosure,data/fy17/schedule_c/fy17_schedule_c_awards.csv,277,133149298,yes
2017,MENTAL HEALTH SERVICES,Court-Involved Youth Mental Health Initiative,initiative_provider,,"Children's Aid Society, The",,135562191,100000,DOHMH,"This allocation supports programs that utilize risk assessment tools to identify juveniles in the arrest process who require mental health services; engage families of court-involved youth through family counseling, respite services, and other evidence-based practices; and connect community-based providers to other non-governmental organizations familiar with the Courts, the Administration for Children's Services (ACS), Department of Correction (DOC), and other relevant City and State agencies.",high,council_disclosure,data/fy17/schedule_c/fy17_schedule_c_awards.csv,241,135598710,yes
2017,IMMIGRANT SERVICES,Immigrant Health Initiative,initiative_provider,,"Children’s Health Fund, The",Terra Firm Clinic,133468427,75000,DOHMH,"This funding will focus on decreasing health disparities among foreign born New Yorkers by focusing on the following three goals: improving access to health care, addressing cultural and language barriers; and targeting resources and interventions.",high,council_disclosure,data/fy17/schedule_c/fy17_schedule_c_awards.csv,187,136400434,yes
2017,CULTURAL ORGANIZATIONS,Coalition of Theaters of Color,initiative_provider,,"Chinese Theater Works, Inc.",,112393789,29800,DCLA,To support the operations and programming of various theaters and cultural organizations primarily in communities of color.,high,council_disclosure,data/fy17/schedule_c/fy17_schedule_c_awards.csv,59,134046782,yes
2017,HEALTH SERVICES,Maternal and Child Health Services,initiative_provider,,Choices in Childbirth,,202015286,32000,DOHMH,"This funding supports a range of maternal and child health services and coordination efforts that aid expectant mothers and women of childbearing age, promoting women’s health before, during, and after pregnancy in an effort to improve maternal and child health outcomes and reduce infant mortality rates. Services may include doula care or home-visiting programs.",high,council_disclosure,data/fy17/schedule_c/fy17_schedule_c_awards.csv,108,136400434,yes
2017,MENTAL HEALTH SERVICES,Mental Health Services for Vulnerable Populations,initiative_provider,,"Coalition of Behavioral Health Agencies, Inc., The",,132729071,85000,DOHMH,"This funding supports community-based organizations and advocacy networks that provide a range of mental health programs, services, trainings, and referrals throughout the City, addressing the mental health needs of vulnerable and marginalized populations, such as HIV-positive people, suicidal individuals, and people with developmental disabilities. Additional populations of interest include children and youth, immigrants and people with limited English proficiency, homeless individuals and families, and at-risk seniors.",high,council_disclosure,data/fy17/schedule_c/fy17_schedule_c_awards.csv,277,133149298,yes
2017,MENTAL HEALTH SERVICES,Court-Involved Youth Mental Health Initiative,initiative_provider,,"Coalition of Behavioral Health Agencies, Inc., The",,132729071,145000,DOHMH,"This allocation supports programs that utilize risk assessment tools to identify juveniles in the arrest process who require mental health services; engage families of court-involved youth through family counseling, respite services, and other evidence-based practices; and connect community-based providers to other non-governmental organizations familiar with the Courts, the Administration for Children's Services (ACS), Department of Correction (DOC), and other relevant City and State agencies.",high,council_disclosure,data/fy17/schedule_c/fy17_schedule_c_awards.csv,241,135598710,yes
2017,SENIOR SERVICES,Initiative,initiative_provider,,"Commonwise Education, Inc.",,452201993,84000,DSBS,"The Worker Cooperative Business Development initiative will support the creation of jobs in worker cooperatives by coordinating education and training resources and by providing technical, legal, and financial assistance. The initiative will fund a comprehensive citywide effort to reach cooperative entrepreneurs, provide for the start-up of new worker cooperative small businesses, and assist existing cooperatives. The initiative will offer workforce development and concrete skills for unemployed, underemployed and discouraged workers in high-needs neighborhoods.",high,council_disclosure,data/fy17/schedule_c/fy17_schedule_c_awards.csv,331,113306111,yes
2017,HEALTH SERVICES,Maternal and Child Health Services,initiative_provider,,"Community Health Center of Richmond, Inc.",,510567466,11520,DOHMH,"This funding supports a range of maternal and child health services and coordination efforts that aid expectant mothers and women of childbearing age, promoting women’s health before, during, and after pregnancy in an effort to improve maternal and child health outcomes and reduce infant mortality rates. Services may include doula care or home-visiting programs.",high,council_disclosure,data/fy17/schedule_c/fy17_schedule_c_awards.csv,108,136400434,yes
2017,HEALTH SERVICES,Access Health,initiative_provider,,"Community Health Center of Richmond, Inc.",,510567466,52692,DOHMH,"This allocation enables culturally and linguistically competent community-based organizations in all five boroughs to conduct outreach and education efforts regarding healthcare access and coverage, including issues pertaining to Medicare, Medicaid, the Pregnant Women/Prenatal Care Assistance Program (PCAP), the Family Planning Extension Program (FPEP), the AIDS Drug Assistance Program (ADAP) and the Children’s Health Insurance Program (CHIP).",high,council_disclosure,data/fy17/schedule_c/fy17_schedule_c_awards.csv,95,135562202,yes
2017,HEALTH SERVICES,Access Health,initiative_provider,,"Community Healthcare Network, Inc.",,133083068,52692,DOHMH,"This allocation enables culturally and linguistically competent community-based organizations in all five boroughs to conduct outreach and education efforts regarding healthcare access and coverage, including issues pertaining to Medicare, Medicaid, the Pregnant Women/Prenatal Care Assistance Program (PCAP), the Family Planning Extension Program (FPEP), the AIDS Drug Assistance Program (ADAP) and the Children’s Health Insurance Program (CHIP).",high,council_disclosure,data/fy17/schedule_c/fy17_schedule_c_awards.csv,95,135562202,yes
2017,HEALTH SERVICES,Maternal and Child Health Services,initiative_provider,,"Community Healthcare Network, Inc.",,133083068,84633,DOHMH,"This funding supports a range of maternal and child health services and coordination efforts that aid expectant mothers and women of childbearing age, promoting women’s health before, during, and after pregnancy in an effort to improve maternal and child health outcomes and reduce infant mortality rates. Services may include doula care or home-visiting programs.",high,council_disclosure,data/fy17/schedule_c/fy17_schedule_c_awards.csv,108,136400434,yes
2017,CRIMINAL JUSTICE SERVICES,Support for Victims of Human Trafficking,initiative_provider,,"Community Healthcare Network, Inc.",,133083068,175000,MOCJ,The Support for Victims Human Trafficking Initiative will support community-based organizations that provide services to victims in the City's five human trafficking intervention courts.,high,council_disclosure,data/fy17/schedule_c/fy17_schedule_c_awards.csv,52,132612524,yes
2017,HOUSING,Community Housing Preservation Strategies,initiative_provider,,"Community League of the Heights, Inc.",,132564241,29729,HPD,"The Community Consultant Contract (CCC) initiative provides funding for the front-line anti-eviction/anti-displacement services that community groups provide. When a community resident is at risk of eviction, or when a constituent needs assistance with a housing case, they call the CCC-funded specialist at their local community group. These specialists are knowledgeable about a full range of available resources and use all applicable tools to keep New York City residents in housing they can afford. This initiative allows neighborhood-based groups to provide the following core housing services: tenant organization; code enforcement advocacy; housing court assistance; apartment repossession; and other housing-related public education.",high,council_disclosure,data/fy17/schedule_c/fy17_schedule_c_awards.csv,162,133248777,yes
2017,IMMIGRANT SERVICES,Immigrant Opportunities Initiative,initiative_provider,,"Comprehensive Development, Inc.",,133861648,24000,DSS/HRA,"This allocation supports funding to assist immigrant adults gain access to information and resources and to strengthen their participation in the democratic process.  Specifically, this initiative provides funding for legal services for recent immigrants to assist with applications for citizenship or permanent residency, and various other immigrant related legal services.",high,council_disclosure,data/fy17/schedule_c/fy17_schedule_c_awards.csv,198,112864728,yes
2017,CHILDREN’S SERVICES,Discretionary Child Care,initiative_provider,,"Conselyea Street Block Association, Inc.",,112347180,1448669,ACS,This allocation support child care programs and adds additional child care slots to certain programs.,high,council_disclosure,data/fy17/schedule_c/fy17_schedule_c_awards.csv,3,131860451,yes
2017,EDUCATION,Support for Educators,initiative_provider,,Council of School Supervisors and Administrators,,112024569,450000,DOE,"This allocation will provide support for DOE educators through professional development, training or supplies used for student instruction. Programs supported include STEM Teacher's College and Teacher's Choice.",high,council_disclosure,data/fy17/schedule_c/fy17_schedule_c_awards.csv,86,136400434,yes
2017,FOOD INITIATIVES,Access to Food and Nutritional Education,initiative_provider,,"Council on the Environment, Inc.",,132765465,335000,DYCD,"This allocation supports work towrards expanding access to healthy food and better understanding of health and nutrition in underserved communities. Efforts include proliferating farmers markets, expanding the use of Electronic Benefit Transfers (EBTs) towards healthier, less processed food and engaging communities to make positive changes related to food and nutritional choices.",high,council_disclosure,data/fy17/schedule_c/fy17_schedule_c_awards.csv,87,237169558,yes
2017,CULTURAL ORGANIZATIONS,Coalition of Theaters of Color,initiative_provider,,"Creative Ammo, Inc.",,134181617,14600,DCLA,To support the operations and programming of various theaters and cultural organizations primarily in communities of color.,high,council_disclosure,data/fy17/schedule_c/fy17_schedule_c_awards.csv,60,133116643,yes
2017,HOUSING,Stabilizing NYC,initiative_provider,,"Crenulated Company LTD, The",,141719016,70000,HPD,"This initiative supports a coalition of 16 not-for-profit groups that seek to combat the loss of affordable housing at the hands of predatory equity companies, and to defend low-income tenants in predatory equity building from harassment and eviction. Stabilizing NYC combines legal and organizing resources into a citywide front against predatory equity, helping tenants hold their predatory equity landlords accountable for lack of repairs, bogus evicition cases, and affirmative harassment.",high,council_disclosure,data/fy17/schedule_c/fy17_schedule_c_awards.csv,180,510188251,yes
2017,FOOD INITIATIVES,Access to Food and Nutritional Education,initiative_provider,,"Crenulated Company LTD, The",,141719016,125000,DYCD,"This allocation supports work towrards expanding access to healthy food and better understanding of health and nutrition in underserved communities. Efforts include proliferating farmers markets, expanding the use of Electronic Benefit Transfers (EBTs) towards healthier, less processed food and engaging communities to make positive changes related to food and nutritional choices.",high,council_disclosure,data/fy17/schedule_c/fy17_schedule_c_awards.csv,88,112737223,yes
2017,FOOD INITIATIVES,Access to Food and Nutritional Education,initiative_provider,,Cypress Hills Local Development Corporation,,112683663,125000,DYCD,"This allocation supports work towrards expanding access to healthy food and better understanding of health and nutrition in underserved communities. Efforts include proliferating farmers markets, expanding the use of Electronic Benefit Transfers (EBTs) towards healthier, less processed food and engaging communities to make positive changes related to food and nutritional choices.",high,council_disclosure,data/fy17/schedule_c/fy17_schedule_c_awards.csv,88,112737223,yes
2017,SENIOR SERVICES,Initiative,initiative_provider,,Democracy at Work Institute (DAWI),,275265123,155000,DSBS,"The Worker Cooperative Business Development initiative will support the creation of jobs in worker cooperatives by coordinating education and training resources and by providing technical, legal, and financial assistance. The initiative will fund a comprehensive citywide effort to reach cooperative entrepreneurs, provide for the start-up of new worker cooperative small businesses, and assist existing cooperatives. The initiative will offer workforce development and concrete skills for unemployed, underemployed and discouraged workers in high-needs neighborhoods.",high,council_disclosure,data/fy17/schedule_c/fy17_schedule_c_awards.csv,331,113306111,yes
2017,YOUTH SERVICES,COMPASS,initiative_provider,,"Development Outreach, Inc.",,132997764,150000,DYCD,This allocation supports programming for children in grades K-12 under the Comprehensive Afterschool System of New York City (COMPASS NYC).,high,council_disclosure,data/fy17/schedule_c/fy17_schedule_c_awards.csv,344,131623989,yes
2017,HEALTH SERVICES,Maternal and Child Health Services,initiative_provider,,"Diaspora Community Services, Inc.",,113122295,29157,DOHMH,"This funding supports a range of maternal and child health services and coordination efforts that aid expectant mothers and women of childbearing age, promoting women’s health before, during, and after pregnancy in an effort to improve maternal and child health outcomes and reduce infant mortality rates. Services may include doula care or home-visiting programs.",high,council_disclosure,data/fy17/schedule_c/fy17_schedule_c_awards.csv,108,136400434,yes
2017,MENTAL HEALTH SERVICES,Autism Awareness,initiative_provider,,"Eden II School for Autistic Children, Inc.",,132872916,70031,DOHMH,This allocation supports wraparound services for autistic children in after-school and summer programs and during school closings. The programs may also provide forums and training seminars to teach coping skills to families and caregivers affected by autism or other relevant services.,high,council_disclosure,data/fy17/schedule_c/fy17_schedule_c_awards.csv,224,134131863,yes
2017,EDUCATION,Dropout Prevention and Intervention Initiative,initiative_provider,,Educational Testing Services,,210634479,207000,DOE,"This allocation will support dropout prevention and intervention programs. Contracted providers offer a range of student support, school restructuring, and professional development services.",high,council_disclosure,data/fy17/schedule_c/fy17_schedule_c_awards.csv,78,132612524,yes
2017,CULTURAL ORGANIZATIONS,Coalition of Theaters of Color,initiative_provider,,"Educational Theater of New York, Inc.",,134148861,14600,DCLA,To support the operations and programming of various theaters and cultural organizations primarily in communities of color.,high,council_disclosure,data/fy17/schedule_c/fy17_schedule_c_awards.csv,60,133116643,yes
2017,HOUSING,Community Housing Preservation Strategies,initiative_provider,Mark-Viverito,"El Barrio's Operation Fightback, Inc.",,133248777,61000,HPD,"The Housing Preservation Initiative (HPI) provides funding for neighborhood-based groups to design and implement a grassroots, neighborhood-based approach to stop the loss of affordable housing. HPI seeks to protect affordable housing and promote neighborhood stabilization in needy districts. HPI funding helps local organizations work with local residents and institutions to protect affordable housing and promote neighborhood stabilization.",high,council_disclosure,data/fy17/schedule_c/fy17_schedule_c_awards.csv,140,112475743,yes
2017,EDUCATION,Dropout Prevention and Intervention Initiative,initiative_provider,,"El Puente de Williamsburg, Inc.",,112614265,33000,DOE,"This allocation will support dropout prevention and intervention programs. Contracted providers offer a range of student support, school restructuring, and professional development services.",high,council_disclosure,data/fy17/schedule_c/fy17_schedule_c_awards.csv,78,132612524,yes
2017,SENIOR SERVICES,Information and Referral Services,initiative_provider,,Emerald Isle Immigration Center,,112932528,56132,DFTA,This allocation supports community-based organizations that provide information and referral services related to senior services and other resources in the community.,high,council_disclosure,data/fy17/schedule_c/fy17_schedule_c_awards.csv,294,132738818,yes
2017,IMMIGRANT SERVICES,Immigrant Opportunities Initiative,initiative_provider,,Emerald Isle Immigration Center,,112932528,178000,DSS/HRA,"This allocation supports funding to assist immigrant adults gain access to information and resources and to strengthen their participation in the democratic process.  Specifically, this initiative provides funding for legal services for recent immigrants to assist with applications for citizenship or permanent residency, and various other immigrant related legal services.",high,council_disclosure,data/fy17/schedule_c/fy17_schedule_c_awards.csv,199,112290832,yes
2017,MENTAL HEALTH SERVICES,Services,initiative_provider,,"Epilepsy Institute, The",,132608325,189103,DOHMH,"This funding supports a range of programs and services that address the needs of individuals with chemical dependencies, developmental disabilities, and/or serious mental illnesses, as well as the needs of their families and caregivers. The funding may support medically supervised outpatient programs (MSOPs), transition management programs, Article 16 clinics, psychological clubs, recreation programs, or other behavioral health services.",high,council_disclosure,data/fy17/schedule_c/fy17_schedule_c_awards.csv,249,133306195,yes
2017,HOUSING,Community Housing Preservation Strategies,initiative_provider,,"Eviction Intervention Services Homelessness Prevention, Inc.",,133311582,29729,HPD,"The Community Consultant Contract (CCC) initiative provides funding for the front-line anti-eviction/anti-displacement services that community groups provide. When a community resident is at risk of eviction, or when a constituent needs assistance with a housing case, they call the CCC-funded specialist at their local community group. These specialists are knowledgeable about a full range of available resources and use all applicable tools to keep New York City residents in housing they can afford. This initiative allows neighborhood-based groups to provide the following core housing services: tenant organization; code enforcement advocacy; housing court assistance; apartment repossession; and other housing-related public education.",high,council_disclosure,data/fy17/schedule_c/fy17_schedule_c_awards.csv,163,112498292,yes
2017,YOUTH SERVICES,Sports Training and Rolemodels for Success Initiative (STARS),initiative_provider,,"Figure Skating in Harlem, Inc.",,133945168,50000,DYCD,"This initiative offers afterschool programming promoting physical activity, healthy living and wellness for elementary, middle and high school-aged girls.",high,council_disclosure,data/fy17/schedule_c/fy17_schedule_c_awards.csv,346,043697166,yes
2017,CHILDREN’S SERVICES,Discretionary Child Care,initiative_provider,,"Fort Greene Council, Inc.",,112300840,587058,ACS,This allocation support child care programs and adds additional child care slots to certain programs.,high,council_disclosure,data/fy17/schedule_c/fy17_schedule_c_awards.csv,3,131860451,yes
2017,HEALTH SERVICES,Maternal and Child Health Services,initiative_provider,,Fort Greene Strategic Neighborhood Action Partnership,,113343941,11253,DOHMH,"This funding supports a range of maternal and child health services and coordination efforts that aid expectant mothers and women of childbearing age, promoting women’s health before, during, and after pregnancy in an effort to improve maternal and child health outcomes and reduce infant mortality rates. Services may include doula care or home-visiting programs.",high,council_disclosure,data/fy17/schedule_c/fy17_schedule_c_awards.csv,108,136400434,yes
2017,MENTAL HEALTH SERVICES,Court-Involved Youth Mental Health Initiative,initiative_provider,,"Fortune Society, Inc., The",,132645436,150000,DOHMH,"This allocation supports programs that utilize risk assessment tools to identify juveniles in the arrest process who require mental health services; engage families of court-involved youth through family counseling, respite services, and other evidence-based practices; and connect community-based providers to other non-governmental organizations familiar with the Courts, the Administration for Children's Services (ACS), Department of Correction (DOC), and other relevant City and State agencies.",high,council_disclosure,data/fy17/schedule_c/fy17_schedule_c_awards.csv,241,135598710,yes
2017,CHILDREN’S SERVICES,Discretionary Child Care,initiative_provider,,Gan Day Care,,112302049,1136000,ACS,This allocation support child care programs and adds additional child care slots to certain programs.,high,council_disclosure,data/fy17/schedule_c/fy17_schedule_c_awards.csv,3,131860451,yes
2017,CRIMINAL JUSTICE SERVICES,Support for Victims of Human Trafficking,initiative_provider,,"Girls Educational and Mentoring Services, Inc.",,134150972,125000,MOCJ,The Support for Victims Human Trafficking Initiative will support community-based organizations that provide services to victims in the City's five human trafficking intervention courts.,high,council_disclosure,data/fy17/schedule_c/fy17_schedule_c_awards.csv,54,133286250,yes
2017,YOUTH SERVICES,Sports Training and Rolemodels for Success Initiative (STARS),initiative_provider,,"Girls Write Now, Inc.",,542115054,100000,DYCD,"This initiative offers afterschool programming promoting physical activity, healthy living and wellness for elementary, middle and high school-aged girls.",high,council_disclosure,data/fy17/schedule_c/fy17_schedule_c_awards.csv,347,113427213,yes
2017,HOUSING,Community Housing Preservation Strategies,initiative_provider,,"Good Old Lower East Side, Inc.",,132915659,29729,HPD,"The Community Consultant Contract (CCC) initiative provides funding for the front-line anti-eviction/anti-displacement services that community groups provide. When a community resident is at risk of eviction, or when a constituent needs assistance with a housing case, they call the CCC-funded specialist at their local community group. These specialists are knowledgeable about a full range of available resources and use all applicable tools to keep New York City residents in housing they can afford. This initiative allows neighborhood-based groups to provide the following core housing services: tenant organization; code enforcement advocacy; housing court assistance; apartment repossession; and other housing-related public education.",high,council_disclosure,data/fy17/schedule_c/fy17_schedule_c_awards.csv,163,112498292,yes
2017,HOUSING,Community Housing Preservation Strategies,initiative_provider,Mendez,"Good Old Lower East Side, Inc.",,132915659,51000,HPD,"The Housing Preservation Initiative (HPI) provides funding for neighborhood-based groups to design and implement a grassroots, neighborhood-based approach to stop the loss of affordable housing. HPI seeks to protect affordable housing and promote neighborhood stabilization in needy districts. HPI funding helps local organizations work with local residents and institutions to protect affordable housing and promote neighborhood stabilization.",high,council_disclosure,data/fy17/schedule_c/fy17_schedule_c_awards.csv,141,112412584,yes
2017,HOUSING,Stabilizing NYC,initiative_provider,,"Good Old Lower East Side, Inc.",,132915659,70000,HPD,"This initiative supports a coalition of 16 not-for-profit groups that seek to combat the loss of affordable housing at the hands of predatory equity companies, and to defend low-income tenants in predatory equity building from harassment and eviction. Stabilizing NYC combines legal and organizing resources into a citywide front against predatory equity, helping tenants hold their predatory equity landlords accountable for lack of repairs, bogus evicition cases, and affirmative harassment.",high,council_disclosure,data/fy17/schedule_c/fy17_schedule_c_awards.csv,181,133442022,yes
2017,IMMIGRANT SERVICES,Immigrant Health Initiative,initiative_provider,,"Grameen Primacare, Inc.",,463181224,50000,DOHMH,This funding will focus on decreasing health disparities among foreign born New Yorkers by focusing on the following three goals: improving access to health care; addressing cultural and language barriers; and targeting resources and interventions.,high,council_disclosure,data/fy17/schedule_c/fy17_schedule_c_awards.csv,187,136400434,yes
2017,HEALTH SERVICES,Maternal and Child Health Services,initiative_provider,,"Greater Brooklyn Health Coalition, Inc.",,113484928,29157,DOHMH,"This allocation promotes women’s health before, during, and after pregnancy and works in areas with the highest infant mortality rates to improve maternal and child health outcomes through a network of community based providers offering a range of interventions: outreach, referrals, workshops, case management, and peer education.",high,council_disclosure,data/fy17/schedule_c/fy17_schedule_c_awards.csv,108,136400434,yes
2017,HOUSING,Community Housing Preservation Strategies,initiative_provider,,Greater Ridgewood Restoration Corporation,,112382250,29730,HPD,"The Community Consultant Contract (CCC) initiative provides funding for the front-line anti-eviction/anti-displacement services that community groups provide. When a community resident is at risk of eviction, or when a constituent needs assistance with a housing case, they call the CCC-funded specialist at their local community group. These specialists are knowledgeable about a full range of available resources and use all applicable tools to keep New York City residents in housing they can afford. This initiative allows neighborhood-based groups to provide the following core housing services: tenant organization; code enforcement advocacy; housing court assistance; apartment repossession; and other housing-related public education.",high,council_disclosure,data/fy17/schedule_c/fy17_schedule_c_awards.csv,164,133516262,yes
2017,SENIOR SERVICES,Initiative,initiative_provider,,"Green Worker, Inc.",,201828936,234000,DSBS,"The Worker Cooperative Business Development initiative will support the creation of jobs in worker cooperatives by coordinating education and training resources and by providing technical, legal, and financial assistance. The initiative will fund a comprehensive citywide effort to reach cooperative entrepreneurs, provide for the start-up of new worker cooperative small businesses, and assist existing cooperatives. The initiative will offer workforce development and concrete skills for unemployed, underemployed and discouraged workers in high-needs neighborhoods.",high,council_disclosure,data/fy17/schedule_c/fy17_schedule_c_awards.csv,330,861096987,yes
2017,MENTAL HEALTH SERVICES,Services,initiative_provider,,"Greenwich House, Inc.",,135562204,27103,DOHMH,"This funding supports a range of programs and services that address the needs of individuals with chemical dependencies, developmental disabilities, and/or serious mental illnesses, as well as the needs of their families and caregivers. The funding may support medically supervised outpatient programs (MSOPs), transition management programs, Article 16 clinics, psychological clubs, recreation programs, or other behavioral health services.",high,council_disclosure,data/fy17/schedule_c/fy17_schedule_c_awards.csv,249,133306195,yes
2017,MENTAL HEALTH SERVICES,Mental Health Services for Vulnerable Populations,initiative_provider,,"Greenwich House, Inc.",,135562204,50000,DOHMH,"This funding supports community-based organizations and advocacy networks that provide a range of mental health programs, services, trainings, and referrals throughout the City, addressing the mental health needs of vulnerable and marginalized populations, such as HIV-positive people, suicidal individuals, and people with developmental disabilities. Additional populations of interest include children and youth, immigrants and people with limited English proficiency, homeless individuals and families, and at-risk seniors.",high,council_disclosure,data/fy17/schedule_c/fy17_schedule_c_awards.csv,277,133149298,yes
2017,IMMIGRANT SERVICES,Immigrant Opportunities Initiative,initiative_provider,,"HIV Law Project, Inc., The",,133730564,38000,DSS/HRA,"This allocation supports funding to assist immigrant adults gain access to information and resources and to strengthen their participation in the democratic process.  Specifically, this initiative provides funding for legal services for recent immigrants to assist with applications for citizenship or permanent residency, and various other immigrant related legal services.",high,council_disclosure,data/fy17/schedule_c/fy17_schedule_c_awards.csv,200,132600199,yes
2017,MENTAL HEALTH SERVICES,Services,initiative_provider,,"Hamilton-Madison House, Inc.",,135562412,38103,DOHMH,"This funding supports a range of programs and services that address the needs of individuals with chemical dependencies, developmental disabilities, and/or serious mental illnesses, as well as the needs of their families and caregivers. The funding may support medically supervised outpatient programs (MSOPs), transition management programs, Article 16 clinics, psychological clubs, recreation programs, or other behavioral health services.",high,council_disclosure,data/fy17/schedule_c/fy17_schedule_c_awards.csv,249,133306195,yes
2017,SENIOR SERVICES,Social Adult Day Care Enhancement,initiative_provider,,"Hamilton-Madison House, Inc.",,135562412,95000,DFTA,"This initiative will provide operational support to social adult day care programs, which provide non-medical adult day care services to individuals with cognitive or physical limitations.",high,council_disclosure,data/fy17/schedule_c/fy17_schedule_c_awards.csv,306,131628180,yes
2017,FOOD INITIATIVES,Access to Food and Nutritional Education,initiative_provider,,"Harvest Home Farmer’s Market, Inc.",,061800512,95000,DYCD,"This allocation supports work towrards expanding access to healthy food and better understanding of health and nutrition in underserved communities. Efforts include proliferating farmers markets, expanding the use of Electronic Benefit Transfers (EBTs) towards healthier, less processed food and engaging communities to make positive changes related to food and nutritional choices.",high,council_disclosure,data/fy17/schedule_c/fy17_schedule_c_awards.csv,87,237169558,yes
2017,MENTAL HEALTH SERVICES,Autism Awareness,initiative_provider,,Heartshare Human Services of New York,,111633549,78540,DOHMH,This allocation supports wraparound services for autistic children in after-school and summer programs and during school closings. The programs may also provide forums and training seminars to teach coping skills to families and caregivers affected by autism or other relevant services.,high,council_disclosure,data/fy17/schedule_c/fy17_schedule_c_awards.csv,225,135564937,yes
2017,YOUTH SERVICES,YouthBuild Project Initiative,initiative_provider,,"Historic Tappen Park Community Partnership, Inc.",,455576128,328800,DYCD,"YouthBuild is a comprehensive education, training, service and leadership development program that gives young adults who have left high school without a diploma the opportunity to transform their life prospects and become responsible, contributing adults.",high,council_disclosure,data/fy17/schedule_c/fy17_schedule_c_awards.csv,352,132972415,yes
2017,HOMELESS SERVICES,Children and Families in NYC Homeless System,initiative_provider,,"Homeless Services United, Inc.",,133922640,23000,DHS,"This allocation will support innovative, specialized services provided in all five boroughs targeted at children and families in homeless shelters including incorporating trauma-informed care, evidence-based practices, aftercare programs, comprehensive case management, and other strategies to prevent maltreatment in high-risk cases.",high,council_disclosure,data/fy17/schedule_c/fy17_schedule_c_awards.csv,119,133234441,yes
2017,HOUSING,Community Housing Preservation Strategies,initiative_provider,,"Housing Conservation Coordinators, Inc.",,510141489,29730,HPD,"The Community Consultant Contract (CCC) initiative provides funding for the front-line anti-eviction/anti-displacement services that community groups provide. When a community resident is at risk of eviction, or when a constituent needs assistance with a housing case, they call the CCC-funded specialist at their local community group. These specialists are knowledgeable about a full range of available resources and use all applicable tools to keep New York City residents in housing they can afford. This initiative allows neighborhood-based groups to provide the following core housing services: tenant organization; code enforcement advocacy; housing court assistance; apartment repossession; and other housing-related public education.",high,council_disclosure,data/fy17/schedule_c/fy17_schedule_c_awards.csv,165,135562989,yes
2017,IMMIGRANT SERVICES,Immigrant Opportunities Initiative,initiative_provider,,"Housing Conservation Coordinators, Inc.",,510141489,38000,DSS/HRA,"This allocation supports funding to assist immigrant adults gain access to information and resources and to strengthen their participation in the democratic process.  Specifically, this initiative provides funding for legal services for recent immigrants to assist with applications for citizenship or permanent residency, and various other immigrant related legal services.",high,council_disclosure,data/fy17/schedule_c/fy17_schedule_c_awards.csv,200,132600199,yes
2017,HOUSING,Community Housing Preservation Strategies,initiative_provider,Johnson,"Housing Conservation Coordinators, Inc.",,510141489,61000,HPD,"The Housing Preservation Initiative (HPI) provides funding for neighborhood-based groups to design and implement a grassroots, neighborhood-based approach to stop the loss of affordable housing. HPI seeks to protect affordable housing and promote neighborhood stabilization in needy districts. HPI funding helps local organizations work with local residents and institutions to protect affordable housing and promote neighborhood stabilization.",high,council_disclosure,data/fy17/schedule_c/fy17_schedule_c_awards.csv,143,112665181,yes
2017,LEGAL SERVICES,Legal Services for the Working Poor,initiative_provider,,"Housing Conservation Coordinators, Inc.",,510141489,305000,DSS/HRA,Legal Services for the Working Poor Initiative is intended to support civil legal services for the working poor including: assistance in preventing eviction and foreclosure; improvement of living conditions and removal of hazardous housing conditions in their homes; housing code enforcement actions; organization and representation of tenants groups; help in obtaining emergency grants and benefits to avoid homelessness; assistance for family members getting appropriate diability benefits such as Social Security Disability or Supplemental Security Income; immigration assistance; protection from workplace abuses; consumer protections from creditors; representation of domestic violence victims.,high,council_disclosure,data/fy17/schedule_c/fy17_schedule_c_awards.csv,219,132622748,yes
2017,HOUSING,Community Housing Preservation Strategies,initiative_provider,,"Housing Court Answers, Inc.",,133317188,29730,HPD,"The Community Consultant Contract (CCC) initiative provides funding for the front-line anti-eviction/anti-displacement services that community groups provide. When a community resident is at risk of eviction, or when a constituent needs assistance with a housing case, they call the CCC-funded specialist at their local community group. These specialists are knowledgeable about a full range of available resources and use all applicable tools to keep New York City residents in housing they can afford. This initiative allows neighborhood-based groups to provide the following core housing services: tenant organization; code enforcement advocacy; housing court assistance; apartment repossession; and other housing-related public education.",high,council_disclosure,data/fy17/schedule_c/fy17_schedule_c_awards.csv,165,135562989,yes
2017,HOUSING,Anti-Eviction and Housing Court Resources,initiative_provider,,"Housing Court Answers, Inc.",,133317188,650000,HPD,This funding supports anti-eviction education and referral services at the City's housing courts and various anti-eviction legal services groups that provide counseling and/or full legal representation for tenants seeking assistance in Housing Court.,high,council_disclosure,data/fy17/schedule_c/fy17_schedule_c_awards.csv,123,132605599,yes
2017,SENIOR SERVICES,Initiative,initiative_provider,,ICA Group,,042628399,234000,DSBS,"The Worker Cooperative Business Development initiative will support the creation of jobs in worker cooperatives by coordinating education and training resources and by providing technical, legal, and financial assistance. The initiative will fund a comprehensive citywide effort to reach cooperative entrepreneurs, provide for the start-up of new worker cooperative small businesses, and assist existing cooperatives. The initiative will offer workforce development and concrete skills for unemployed, underemployed and discouraged workers in high-needs neighborhoods.",high,council_disclosure,data/fy17/schedule_c/fy17_schedule_c_awards.csv,330,861096987,yes
2017,CRIMINAL JUSTICE SERVICES,Support for Victims of Human Trafficking,initiative_provider,,Icahn School of Medicine at Mount Sinai,,136171197,75000,MOCJ,The Support for Victims Human Trafficking Initiative will support community-based organizations that provide services to victims in the City's five human trafficking intervention courts.,high,council_disclosure,data/fy17/schedule_c/fy17_schedule_c_awards.csv,54,133286250,yes
2017,CRIMINAL JUSTICE SERVICES,Initiative to Combat Sexual Assault,initiative_provider,,Icahn School of Medicine at Mount Sinai,,136171197,150000,MOCJ,Funding will support five community-based organizations that provide sexual assault related services and programs.,high,council_disclosure,data/fy17/schedule_c/fy17_schedule_c_awards.csv,51,132946970,yes
2017,MENTAL HEALTH SERVICES,Autism Awareness,initiative_provider,,"Imagine Foundation, Inc. d/b/a Imagine Academy",,202336717,70031,DOHMH,This allocation supports wraparound services for autistic children in after-school and summer programs and during school closings. The programs may also provide forums and training seminars to teach coping skills to families and caregivers affected by autism or other relevant services.,high,council_disclosure,data/fy17/schedule_c/fy17_schedule_c_awards.csv,225,135564937,yes
2017,IMMIGRANT SERVICES,Immigrant Opportunities Initiative,initiative_provider,,"Immigrant Justice Corps, Inc.",,464879076,200000,DSS/HRA,"This allocation supports funding to assist immigrant adults gain access to information and resources and to strengthen their participation in the democratic process.  Specifically, this initiative provides funding for legal services for recent immigrants to assist with applications for citizenship or permanent residency, and various other immigrant related legal services.",high,council_disclosure,data/fy17/schedule_c/fy17_schedule_c_awards.csv,200,132600199,yes
2017,IMMIGRANT SERVICES,Immigrant Health Initiative,initiative_provider,,"Institute for Family Health, The",,133273402,100000,DOHMH,This funding will focus on decreasing health disparities among foreign born New Yorkers by focusing on the following three goals: improving access to health care; addressing cultural and language barriers; and targeting resources and interventions.,high,council_disclosure,data/fy17/schedule_c/fy17_schedule_c_awards.csv,188,132860703,yes
2017,MENTAL HEALTH SERVICES,Services,initiative_provider,,"Inwood Community Services, Inc.",,133087407,36103,DOHMH,"This funding supports a range of programs and services that address the needs of individuals with chemical dependencies, developmental disabilities, and/or serious mental illnesses, as well as the needs of their families and caregivers. The funding may support medically supervised outpatient programs (MSOPs), transition management programs, Article 16 clinics, psychological clubs, recreation programs, or other behavioral health services.",high,council_disclosure,data/fy17/schedule_c/fy17_schedule_c_awards.csv,250,135564937,yes
2017,MENTAL HEALTH SERVICES,Services,initiative_provider,,Jamaica Service Program for Older Adults (JSPOA),,510204121,204103,,,low,absorbed_text,data/fy17/schedule_c/fy17_schedule_c_awards.csv,250,135564937,no
2017,YOUTH SERVICES,COMPASS,initiative_provider,,Jewish Institute Of Queens,,542068797,210000,DYCD,This allocation supports programming for children in grades K-12 under the Comprehensive Afterschool System of New York City (COMPASS NYC).,high,council_disclosure,data/fy17/schedule_c/fy17_schedule_c_awards.csv,345,112799128,yes
2017,HEALTH SERVICES,Maternal and Child Health Services,initiative_provider,,"Joseph P. Addabbo Family Health Center, Inc., The",,061181226,29235,DOHMH,"This funding supports a range of maternal and child health services and coordination efforts that aid expectant mothers and women of childbearing age, promoting women’s health before, during, and after pregnancy in an effort to improve maternal and child health outcomes and reduce infant mortality rates. Services may include doula care or home-visiting programs.",high,council_disclosure,data/fy17/schedule_c/fy17_schedule_c_awards.csv,109,743177454,yes
2017,CHILDREN’S SERVICES,City’s First Readers,initiative_provider,,Jumpstart for Children,,043263046,175000,,,low,absorbed_text,data/fy17/schedule_c/fy17_schedule_c_awards.csv,10,131887440,no
2017,CRIMINAL JUSTICE SERVICES,Initiative to Combat Sexual Assault,initiative_provider,,"Kingsbridge Heights Community Center, Inc.",,132813809,150000,MOCJ,Funding will support five community-based organizations that provide sexual assault related services and programs.,high,council_disclosure,data/fy17/schedule_c/fy17_schedule_c_awards.csv,51,132946970,yes
2017,COMMUNITY DEVELOPMENT,,initiative_provider,,"Lander Npower, Inc.",,134145441,20000,DYCD,,low,absorbed_text,data/fy17/schedule_c/fy17_schedule_c_awards.csv,33,550882599,no
2017,MENTAL HEALTH SERVICES,Geriatric Mental Health,initiative_provider,,Lenox Hill Hospital,,131624070,81000,DOHMH,"This funding supports organizations that provide a range of mental health services to older adults in “non-clinical settings,” such as senior centers, drop-in centers, religious institutions, social clubs, homeless prevention programs, and individual homes.",high,council_disclosure,data/fy17/schedule_c/fy17_schedule_c_awards.csv,262,131628180,yes
2017,CHILDREN’S SERVICES,City’s First Readers,initiative_provider,,"Literacy, Inc. (LINC)",,133911331,440000,DYCD,"This initiative supports a coalition of nonprofit organizations that foster literacy development through direct programming, book distribution, parent engagement and in-home training. City's First Readers focuses on children ages 0 to 5, funding an array of programs designed to help participtaing children achieve reading proficiency by third grade.",high,council_disclosure,data/fy17/schedule_c/fy17_schedule_c_awards.csv,10,131887440,yes
2017,MENTAL HEALTH SERVICES,Services,initiative_provider,,Long Island Jewish Medical Center,,112241326,106103,DOHMH,"This funding supports a range of programs and services that address the needs of individuals with chemical dependencies, developmental disabilities, and/or serious mental illnesses, as well as the needs of their families and caregivers. The funding may support medically supervised outpatient programs (MSOPs), transition management programs, Article 16 clinics, psychological clubs, recreation programs, or other behavioral health services.",high,council_disclosure,data/fy17/schedule_c/fy17_schedule_c_awards.csv,251,135596746,yes
2017,HEALTH SERVICES,Maternal and Child Health Services,initiative_provider,,Lower East Side Family Union,,237412423,27891,DOHMH,"This funding supports a range of maternal and child health services and coordination efforts that aid expectant mothers and women of childbearing age, promoting women’s health before, during, and after pregnancy in an effort to improve maternal and child health outcomes and reduce infant mortality rates. Services may include doula care or home-visiting programs.",high,council_disclosure,data/fy17/schedule_c/fy17_schedule_c_awards.csv,109,743177454,yes
2017,COMMUNITY DEVELOPMENT,,initiative_provider,,"MOUSE, Inc.",,133973196,20000,DYCD,"The Digital Inclusion and Literacy Initiative address disparities in access to the Internet and increase digital literacy across the City, through programming available in every Council District.",medium,council_disclosure,data/fy17/schedule_c/fy17_schedule_c_awards.csv,38,132954007,yes
2017,COMMUNITY DEVELOPMENT,,initiative_provider,,"MOUSE, Inc.",,133973196,20000,DYCD,"The Digital Inclusion and Literacy Initiative address disparities in access to the Internet and increase digital literacy across the City, through programming available in every Council District.",medium,council_disclosure,data/fy17/schedule_c/fy17_schedule_c_awards.csv,38,132954007,yes
2017,EDUCATION,Educational Programs for Students,initiative_provider,,"MOUSE, Inc.",,133973196,275000,DOE,"This allocation will support direct educational initiatives for students including, but not limited to literacy, math, science and technology programs.",high,council_disclosure,data/fy17/schedule_c/fy17_schedule_c_awards.csv,81,134004600,yes
2017,CULTURAL ORGANIZATIONS,Coalition of Theaters of Color,initiative_provider,,Make the Road New York,,113344389,29800,DCLA,To support the operations and programming of various theaters and cultural organizations primarily in communities of color.,high,council_disclosure,data/fy17/schedule_c/fy17_schedule_c_awards.csv,63,133607832,yes
2017,EDUCATION,Dropout Prevention and Intervention Initiative,initiative_provider,,Make the Road New York,,113344389,30000,,,medium,council_disclosure,data/fy17/schedule_c/fy17_schedule_c_awards.csv,80,205620848,yes
2017,IMMIGRANT SERVICES,Immigrant Health Initiative,initiative_provider,,Make the Road New York,,113344389,50000,,,medium,council_disclosure,data/fy17/schedule_c/fy17_schedule_c_awards.csv,188,132860703,yes
2017,HEALTH SERVICES,Access Health,initiative_provider,,Make the Road New York,,113344389,52692,DOHMH,"This allocation enables culturally and linguistically competent community-based organizations in all five boroughs to conduct outreach and education efforts regarding healthcare access and coverage, including issues pertaining to Medicare, Medicaid, the Pregnant Women/Prenatal Care Assistance Program (PCAP), the Family Planning Extension Program (FPEP), the AIDS Drug Assistance Program (ADAP) and the Children’s Health Insurance Program (CHIP).",high,council_disclosure,data/fy17/schedule_c/fy17_schedule_c_awards.csv,98,133573409,yes
2017,SENIOR SERVICES,Initiative,initiative_provider,,Make the Road New York,,113344389,94000,DSBS,"The Worker Cooperative Business Development initiative will support the creation of jobs in worker cooperatives by coordinating education and training resources and by providing technical, legal, and financial assistance. The initiative will fund a comprehensive citywide effort to reach cooperative entrepreneurs, provide for the start-up of new worker cooperative small businesses, and assist existing cooperatives. The initiative will offer workforce development and concrete skills for unemployed, underemployed and discouraged workers in high-needs neighborhoods.",high,council_disclosure,data/fy17/schedule_c/fy17_schedule_c_awards.csv,330,861096987,yes
2017,SENIOR SERVICES,Small Business Outreach and Assistance Program,initiative_provider,,"Manhattan Chamber of Commerce Foundation, Inc.",,134016593,77833,DSBS,"The funds will be used to carry out outreach efforts that will increase businesses access to a variety of services right at their storefront. Specific services will include pro-bono legal assistance, financing assistance, referrals to other government resources and support, and assistance with affordable healthcare enrollment opportunities.",high,council_disclosure,data/fy17/schedule_c/fy17_schedule_c_awards.csv,326,133187792,yes
2017,IMMIGRANT SERVICES,Immigrant Health Initiative,initiative_provider,,Memorial Sloan-Kettering Cancer Center,,131924236,200000,,,low,absorbed_text,data/fy17/schedule_c/fy17_schedule_c_awards.csv,188,132860703,no
2017,MENTAL HEALTH SERVICES,Services,initiative_provider,,"Mental Health Providers of Western Queens, Inc.",,112700062,60103,DOHMH,"This funding supports a range of programs and services that address the needs of individuals with chemical dependencies, developmental disabilities, and/or serious mental illnesses, as well as the needs of their families and caregivers. The funding may support medically supervised outpatient programs (MSOPs), transition management programs, Article 16 clinics, psychological clubs, recreation programs, or other behavioral health services.",high,council_disclosure,data/fy17/schedule_c/fy17_schedule_c_awards.csv,251,135596746,yes
2017,EDUCATION,Dropout Prevention and Intervention Initiative,initiative_provider,,"Mentoring USA, Inc.",,133808013,30000,DOE,"This allocation will support dropout prevention and intervention programs. Contracted providers offer a range of student support, school restructuring, and professional development services.",high,council_disclosure,data/fy17/schedule_c/fy17_schedule_c_awards.csv,80,205620848,yes
2017,CULTURAL ORGANIZATIONS,Coalition of Theaters of Color,initiative_provider,,"Mindbuilders Creative Arts, Inc.",,132988157,29800,DCLA,To support the operations and programming of various theaters and cultural organizations primarily in communities of color.,high,council_disclosure,data/fy17/schedule_c/fy17_schedule_c_awards.csv,64,132632596,yes
2017,MENTAL HEALTH SERVICES,Services,initiative_provider,,Montefiore Medical Center,,131740114,70429,DOHMH,"This funding supports a range of programs and services that address the needs of individuals with chemical dependencies, developmental disabilities, and/or serious mental illnesses, as well as the needs of their families and caregivers. The funding may support medically supervised outpatient programs (MSOPs), transition management programs, Article 16 clinics, psychological clubs, recreation programs, or other behavioral health services.",high,council_disclosure,data/fy17/schedule_c/fy17_schedule_c_awards.csv,251,135596746,yes
2017,HEALTH SERVICES,Maternal and Child Health Services,initiative_provider,,Morris Heights Health Center,,061081232,22320,DOHMH,"This funding supports a range of maternal and child health services and coordination efforts that aid expectant mothers and women of childbearing age, promoting women’s health before, during, and after pregnancy in an effort to improve maternal and child health outcomes and reduce infant mortality rates. Services may include doula care or home-visiting programs.",high,council_disclosure,data/fy17/schedule_c/fy17_schedule_c_awards.csv,109,743177454,yes
2017,HEALTH SERVICES,Maternal and Child Health Services,initiative_provider,,Mount Sinai Hospital,,131624096,123541,DOHMH,"This funding supports a range of maternal and child health services and coordination efforts that aid expectant mothers and women of childbearing age, promoting women’s health before, during, and after pregnancy in an effort to improve maternal and child health outcomes and reduce infant mortality rates. Services may include doula care or home-visiting programs.",high,council_disclosure,data/fy17/schedule_c/fy17_schedule_c_awards.csv,109,743177454,yes
2017,YOUTH SERVICES,COMPASS,initiative_provider,,NYC Mission Society,,135562301,263200,DYCD,This allocation supports programming for children in grades K-12 under the Comprehensive Afterschool System of New York City (COMPASS NYC).,high,council_disclosure,data/fy17/schedule_c/fy17_schedule_c_awards.csv,345,112799128,yes
2017,SENIOR SERVICES,Initiative,initiative_provider,,NYC Network of Worker Cooperatives (NYCNOWC),,465245034,148000,DSBS,"The Worker Cooperative Business Development initiative will support the creation of jobs in worker cooperatives by coordinating education and training resources and by providing technical, legal, and financial assistance. The initiative will fund a comprehensive citywide effort to reach cooperative entrepreneurs, provide for the start-up of new worker cooperative small businesses, and assist existing cooperatives. The initiative will offer workforce development and concrete skills for unemployed, underemployed and discouraged workers in high-needs neighborhoods.",high,council_disclosure,data/fy17/schedule_c/fy17_schedule_c_awards.csv,331,113306111,yes
2017,CULTURAL ORGANIZATIONS,Coalition of Theaters of Color,initiative_provider,,"National Asian American Theatre Company, Inc.",,133486145,14600,DCLA,To support the operations and programming of various theaters and cultural organizations primarily in communities of color.,high,council_disclosure,data/fy17/schedule_c/fy17_schedule_c_awards.csv,64,132632596,yes
2017,CULTURAL ORGANIZATIONS,Coalition of Theaters of Color,initiative_provider,,"Negro Ensemble Company, Inc.",,136216904,113200,DCLA,To support the operations and programming of various theaters and cultural organizations primarily in communities of color.,high,council_disclosure,data/fy17/schedule_c/fy17_schedule_c_awards.csv,65,132683678,yes
2017,IMMIGRANT SERVICES,Immigrant Opportunities Initiative,initiative_provider,,"Neighborhood Defender Service, Inc.",,061296692,50000,DSS/HRA,"This allocation supports funding to assist immigrant adults gain access to information and resources and to strengthen their participation in the democratic process.  Specifically, this initiative provides funding for legal services for recent immigrants to assist with applications for citizenship or permanent residency, and various other immigrant related legal services.",high,council_disclosure,data/fy17/schedule_c/fy17_schedule_c_awards.csv,202,132972415,yes
2017,HOUSING,,initiative_provider,,"Neighborhood Housing Services of Brooklyn CDC, Inc.",,471169779,29730,HPD,"The Community Consultant Contract (CCC) initiative provides funding for the front-line anti-eviction/anti-displacement services that community groups provide. When a community resident is at risk of eviction, or when a constituent needs assistance with a housing case, they call the CCC-funded specialist at their local community group. These specialists are knowledgeable about a full range of available resources and use all applicable tools to keep New York City residents in housing they can afford. This initiative allows neighborhood-based groups to provide the following core housing services: tenant organization; code enforcement advocacy; housing court assistance; apartment repossession; and other housing-related public education.",high,council_disclosure,data/fy17/schedule_c/fy17_schedule_c_awards.csv,168,133098397,yes
2017,HOUSING,,initiative_provider,,"Neighborhood Housing Services of Jamaica, Inc.",,237398279,29730,HPD,"The Community Consultant Contract (CCC) initiative provides funding for the front-line anti-eviction/anti-displacement services that community groups provide. When a community resident is at risk of eviction, or when a constituent needs assistance with a housing case, they call the CCC-funded specialist at their local community group. These specialists are knowledgeable about a full range of available resources and use all applicable tools to keep New York City residents in housing they can afford. This initiative allows neighborhood-based groups to provide the following core housing services: tenant organization; code enforcement advocacy; housing court assistance; apartment repossession; and other housing-related public education.",high,council_disclosure,data/fy17/schedule_c/fy17_schedule_c_awards.csv,168,133098397,yes
2017,HOUSING,,initiative_provider,,Neighborhood Initiatives Development Corporation (NIDC),,133110811,29730,HPD,"The Community Consultant Contract (CCC) initiative provides funding for the front-line anti-eviction/anti-displacement services that community groups provide. When a community resident is at risk of eviction, or when a constituent needs assistance with a housing case, they call the CCC-funded specialist at their local community group. These specialists are knowledgeable about a full range of available resources and use all applicable tools to keep New York City residents in housing they can afford. This initiative allows neighborhood-based groups to provide the following core housing services: tenant organization; code enforcement advocacy; housing court assistance; apartment repossession; and other housing-related public education.",high,council_disclosure,data/fy17/schedule_c/fy17_schedule_c_awards.csv,169,112555446,yes
2017,SENIOR SERVICES,Small Business Outreach and Assistance Program,initiative_provider,,"New Bronx Chamber of Commerce, The",,371443165,60750,DSBS,"The funds will be used to carry out outreach efforts that will increase businesses access to a variety of services right at their storefront. Specific services will include pro-bono legal assistance, financing assistance, referrals to other government resources and support, and assistance with affordable healthcare enrollment opportunities.",high,council_disclosure,data/fy17/schedule_c/fy17_schedule_c_awards.csv,326,133187792,yes
2017,CULTURAL ORGANIZATIONS,Coalition of Theaters of Color,initiative_provider,,"New Federal Theatre, Inc.",,132814763,113200,DCLA,To support the operations and programming of various theaters and cultural organizations primarily in communities of color.,high,council_disclosure,data/fy17/schedule_c/fy17_schedule_c_awards.csv,65,132683678,yes
2017,HEALTH SERVICES,Cancer Services,initiative_provider,,"New York Cancer Center, Inc.",,272464042,50000,DOHMH,"This allocation supports various education and supportive services for breast, colon and ovarian cancer.",high,council_disclosure,data/fy17/schedule_c/fy17_schedule_c_awards.csv,104,743177454,yes
2017,CRIMINAL JUSTICE SERVICES,Initiative to Combat Sexual Assault,initiative_provider,,New York City Alliance Against Sexual Assault,,311702032,150000,MOCJ,Funding will support five community-based organizations that provide sexual assault related services and programs.,high,council_disclosure,data/fy17/schedule_c/fy17_schedule_c_awards.csv,51,132946970,yes
2017,VETERAN SERVICES,Legal  Services for Veterans,initiative_provider,,"New York Legal Assistance Group, Inc.",,133505428,200000,DSS/HRA,"Funding will provide legal services for NYC Veterans on a broad range of matters which include, family law, housing, public benefits, healthcare and home care, financial planning, and consumer protection.",high,council_disclosure,data/fy17/schedule_c/fy17_schedule_c_awards.csv,336,132600199,yes
2017,IMMIGRANT SERVICES,Immigrant Opportunities Initiative,initiative_provider,,"New York Legal Assistance Group, Inc.",,133505428,440000,DSS/HRA,"This allocation supports funding to assist immigrant adults gain access to information and resources and to strengthen their participation in the democratic process.  Specifically, this initiative provides funding for legal services for recent immigrants to assist with applications for citizenship or permanent residency, and various other immigrant related legal services.",high,council_disclosure,data/fy17/schedule_c/fy17_schedule_c_awards.csv,202,132972415,yes
2017,CHILDREN’S SERVICES,City’s First Readers,initiative_provider,,New York University,,135562308,236000,DYCD,"This initiative supports a coalition of nonprofit organizations that foster literacy development through direct programming, book distribution, parent engagement and in-home training. City's First Readers focuses on children ages 0 to 5, funding an array of programs designed to help participtaing children achieve reading proficiency by third grade.",high,council_disclosure,data/fy17/schedule_c/fy17_schedule_c_awards.csv,11,112495601,yes
2017,HEALTH SERVICES,Child Health and Wellness,initiative_provider,,New York University,,135562308,268000,DOHMH,"This funding supports children’s health and wellness through various programs and services, including obesity prevention and nutrition education programs, vision care and oral health services, and asthma screening, education, and care coordination projects. This allocation is for dental and vision programs.",high,council_disclosure,data/fy17/schedule_c/fy17_schedule_c_awards.csv,107,133092676,yes
2017,IMMIGRANT SERVICES,Immigrant Health Initiative,initiative_provider,,New York and Presbyterian Hospital,,133957095,50000,DOHMH,This funding will focus on decreasing health disparities among foreign born New Yorkers by focusing on the following three goals: improving access to health care; addressing cultural and language barriers; and targeting resources and interventions.,high,council_disclosure,data/fy17/schedule_c/fy17_schedule_c_awards.csv,188,132860703,yes
2017,HOUSING,,initiative_provider,,"Northfield Community LDC of Staten Island, Inc.",,132974137,29730,HPD,"The Community Consultant Contract (CCC) initiative provides funding for the front-line anti-eviction/anti-displacement services that community groups provide. When a community resident is at risk of eviction, or when a constituent needs assistance with a housing case, they call the CCC-funded specialist at their local community group. These specialists are knowledgeable about a full range of available resources and use all applicable tools to keep New York City residents in housing they can afford. This initiative allows neighborhood-based groups to provide the following core housing services: tenant organization; code enforcement advocacy; housing court assistance; apartment repossession; and other housing-related public education.",high,council_disclosure,data/fy17/schedule_c/fy17_schedule_c_awards.csv,170,112375583,yes
2017,HOUSING,Community Housing Preservation Strategies,initiative_provider,Rose,"Northfield Community LDC of Staten Island, Inc.",,132974137,61000,HPD,"The Housing Preservation Initiative (HPI) provides funding for neighborhood-based groups to design and implement a grassroots, neighborhood-based approach to stop the loss of affordable housing. HPI seeks to protect affordable housing and promote neighborhood stabilization in needy districts. HPI funding helps local organizations work with local residents and institutions to protect affordable housing and promote neighborhood stabilization.",high,council_disclosure,data/fy17/schedule_c/fy17_schedule_c_awards.csv,147,112229635,yes
2017,HOUSING,,initiative_provider,,"Northwest Bronx Community and Clergy Coalition, Inc.",,132806160,29730,HPD,"The Community Consultant Contract (CCC) initiative provides funding for the front-line anti-eviction/anti-displacement services that community groups provide. When a community resident is at risk of eviction, or when a constituent needs assistance with a housing case, they call the CCC-funded specialist at their local community group. These specialists are knowledgeable about a full range of available resources and use all applicable tools to keep New York City residents in housing they can afford. This initiative allows neighborhood-based groups to provide the following core housing services: tenant organization; code enforcement advocacy; housing court assistance; apartment repossession; and other housing-related public education.",high,council_disclosure,data/fy17/schedule_c/fy17_schedule_c_awards.csv,170,112375583,yes
2017,HOUSING,Stabilizing NYC,initiative_provider,,"Northwest Bronx Community and Clergy Coalition, Inc.",,132806160,70000,HPD,"This initiative supports a coalition of 16 not-for-profit groups that seek to combat the loss of affordable housing at the hands of predatory equity companies, and to defend low-income tenants in predatory equity building from harassment and eviction. Stabilizing NYC combines legal and organizing resources into a citywide front against predatory equity, helping tenants hold their predatory equity landlords accountable for lack of repairs, bogus evicition cases, and affirmative harassment.",high,council_disclosure,data/fy17/schedule_c/fy17_schedule_c_awards.csv,181,133442022,yes
2017,MENTAL HEALTH SERVICES,Services,initiative_provider,,"PSCH, INC. (Kingsboro Psychiatric Center)",,112542430,132103,DOHMH,"This funding supports a range of programs and services that address the needs of individuals with chemical dependencies, developmental disabilities, and/or serious mental illnesses, as well as the needs of their families and caregivers. The funding may support medically supervised outpatient programs (MSOPs), transition management programs, Article 16 clinics, psychological clubs, recreation programs, or other behavioral health services.",high,council_disclosure,data/fy17/schedule_c/fy17_schedule_c_awards.csv,253,135623279,yes
2017,CULTURAL ORGANIZATIONS,Coalition of Theaters of Color,initiative_provider,,"People's Theatre Project, Inc.",,264705999,29800,DCLA,To support the operations and programming of various theaters and cultural organizations primarily in communities of color.,high,council_disclosure,data/fy17/schedule_c/fy17_schedule_c_awards.csv,68,237330454,yes
2017,HOUSING,,initiative_provider,,"Peoples Firehouse, Inc.",,112470566,29730,HPD,"The Community Consultant Contract (CCC) initiative provides funding for the front-line anti-eviction/anti-displacement services that community groups provide. When a community resident is at risk of eviction, or when a constituent needs assistance with a housing case, they call the CCC-funded specialist at their local community group. These specialists are knowledgeable about a full range of available resources and use all applicable tools to keep New York City residents in housing they can afford. This initiative allows neighborhood-based groups to provide the following core housing services: tenant organization; code enforcement advocacy; housing court assistance; apartment repossession; and other housing-related public education.",high,council_disclosure,data/fy17/schedule_c/fy17_schedule_c_awards.csv,170,112375583,yes
2017,SENIOR SERVICES,Holocaust Survivors,initiative_provider,,"Pesach Tikvah-Hope Development, Inc.",,112642641,120000,DFTA,This initiative will support Holocaust survivors living at or below the poverty line by offering a range of social services and supports to maintain and improve their quality of life.,high,council_disclosure,data/fy17/schedule_c/fy17_schedule_c_awards.csv,288,237172152,yes
2017,CULTURAL ORGANIZATIONS,Coalition of Theaters of Color,initiative_provider,,"Point Community Development Corporation, The",,133765140,29800,DCLA,To support the operations and programming of various theaters and cultural organizations primarily in communities of color.,high,council_disclosure,data/fy17/schedule_c/fy17_schedule_c_awards.csv,68,237330454,yes
2017,IMMIGRANT SERVICES,Immigrant Opportunities Initiative,initiative_provider,,"Polish and Slavic Center, Inc.",,112285970,20000,DSS/HRA,"This allocation supports funding to assist immigrant adults gain access to information and resources and to strengthen their participation in the democratic process.  Specifically, this initiative provides funding for legal services for recent immigrants to assist with applications for citizenship or permanent residency, and various other immigrant related legal services.",high,council_disclosure,data/fy17/schedule_c/fy17_schedule_c_awards.csv,203,132946970,yes
2017,COMMUNITY DEVELOPMENT,,initiative_provider,,"PowerMyLearning, Inc.",,133935309,20000,DYCD,"The Digital Inclusion and Literacy Initiative address disparities in access to the Internet and increase digital literacy across the City, through programming available in every Council District.",medium,council_disclosure,data/fy17/schedule_c/fy17_schedule_c_awards.csv,27,550882599,yes
2017,COMMUNITY DEVELOPMENT,,initiative_provider,,"PowerMyLearning, Inc.",,133935309,20000,DYCD,"The Digital Inclusion and Literacy Initiative address disparities in access to the Internet and increase digital literacy across the City, through programming available in every Council District.",medium,council_disclosure,data/fy17/schedule_c/fy17_schedule_c_awards.csv,27,550882599,yes
2017,COMMUNITY DEVELOPMENT,,initiative_provider,,"PowerMyLearning, Inc.",,133935309,20000,DYCD,"The Digital Inclusion and Literacy Initiative address disparities in access to the Internet and increase digital literacy across the City, through programming available in every Council District.",medium,council_disclosure,data/fy17/schedule_c/fy17_schedule_c_awards.csv,27,550882599,yes
2017,HOUSING,Community Housing Preservation Strategies,initiative_provider,Cumbo,"Pratt Area Community Council, Inc.",,112451752,61000,HPD,"The Housing Preservation Initiative (HPI) provides funding for neighborhood-based groups to design and implement a grassroots, neighborhood-based approach to stop the loss of affordable housing. HPI seeks to protect affordable housing and promote neighborhood stabilization in needy districts. HPI funding helps local organizations work with local residents and institutions to protect affordable housing and promote neighborhood stabilization.",high,council_disclosure,data/fy17/schedule_c/fy17_schedule_c_awards.csv,148,112375583,yes
2017,MENTAL HEALTH SERVICES,Court-Involved Youth Mental Health Initiative,initiative_provider,,"Puerto Rican Orgnz To Motivate Enlighten and Serve Addicts, Inc. (PROMESA)",,132663328,83000,DOHMH,"This allocation supports programs that utilize risk assessment tools to identify juveniles in the arrest process who require mental health services; engage families of court-involved youth through family counseling, respite services, and other evidence-based practices; and connect community-based providers to other non-governmental organizations familiar with the Courts, the Administration for Children's Services (ACS), Department of Correction (DOC), and other relevant City and State agencies.",high,council_disclosure,data/fy17/schedule_c/fy17_schedule_c_awards.csv,246,132946970,yes
2017,SENIOR SERVICES,Small Business Outreach and Assistance Program,initiative_provider,,Queens Chamber of Commerce dba Chamber of Commerce Borough of Queens,,110559220,64167,DSBS,"This initiative will provide assistance to entrepreneurs and small businesses in all five boroughs.The services will include pro-bono legal assistance, technical and financing assistance,business courses, referrals to other governmental resources and support, and assistance with affordable healthcare enrollment opportunities. Some of these services will be provided on the ground at storefronts, allowing easier access by clients.",high,council_disclosure,data/fy17/schedule_c/fy17_schedule_c_awards.csv,326,133187792,yes
2017,HEALTH SERVICES,Maternal and Child Health Services,initiative_provider,,"Queens Comprehensive Perinatal Council, Inc.",,112870422,35484,DOHMH,"This funding supports a range of maternal and child health services and coordination efforts that aid expectant mothers and women of childbearing age, promoting women’s health before, during, and after pregnancy in an effort to improve maternal and child health outcomes and reduce infant mortality rates. Services may include doula care or home-visiting programs.",high,council_disclosure,data/fy17/schedule_c/fy17_schedule_c_awards.csv,109,743177454,yes
2017,SENIOR SERVICES,Small Business Outreach and Assistance Program,initiative_provider,,Queens Economic Development Corporation,,112436149,43250,DSBS,"This initiative will provide assistance to entrepreneurs and small businesses in all five boroughs.The services will include pro-bono legal assistance, technical and financing assistance,business courses, referrals to other governmental resources and support, and assistance with affordable healthcare enrollment opportunities. Some of these services will be provided on the ground at storefronts, allowing easier access by clients.",high,council_disclosure,data/fy17/schedule_c/fy17_schedule_c_awards.csv,329,136400434,yes
2017,HOUSING,,initiative_provider,,"Queensboro Council for Social Welfare, Inc.",,111817497,29730,HPD,"The Community Consultant Contract (CCC) initiative provides funding for the front-line anti-eviction/anti-displacement services that community groups provide. When a community resident is at risk of eviction, or when a constituent needs assistance with a housing case, they call the CCC-funded specialist at their local community group. These specialists are knowledgeable about a full range of available resources and use all applicable tools to keep New York City residents in housing they can afford. This initiative allows neighborhood-based groups to provide the following core housing services: tenant organization; code enforcement advocacy; housing court assistance; apartment repossession; and other housing-related public education.",high,council_disclosure,data/fy17/schedule_c/fy17_schedule_c_awards.csv,171,112453853,yes
2017,HEALTH SERVICES,Cancer Services,initiative_provider,,Ralph Lauren Center for Cancer Care and Prevention,,020597827,100000,DOHMH,"This allocation supports various education and supportive services for breast, colon and ovarian cancer.",high,council_disclosure,data/fy17/schedule_c/fy17_schedule_c_awards.csv,104,743177454,yes
2017,MENTAL HEALTH SERVICES,Autism Awareness,initiative_provider,,Ramapo for Children,,135600422,74187,DOHMH,This allocation supports wraparound services for autistic children in after-school and summer programs and during school closings. The programs may also provide forums and training seminars to teach coping skills to families and caregivers affected by autism or other relevant services.,high,council_disclosure,data/fy17/schedule_c/fy17_schedule_c_awards.csv,234,112594790,yes
2017,MENTAL HEALTH SERVICES,Autism Awareness,initiative_provider,,Reach for the Stars Learning Center,,203042280,30000,DOHMH,This allocation supports wraparound services for autistic children in after-school and summer programs and during school closings. The programs may also provide forums and training seminars to teach coping skills to families and caregivers affected by autism or other relevant services.,high,council_disclosure,data/fy17/schedule_c/fy17_schedule_c_awards.csv,234,112594790,yes
2017,CULTURAL ORGANIZATIONS,Coalition of Theaters of Color,initiative_provider,,"Rising Circle Theater Collective, Inc.",,201407519,14600,DCLA,To support the operations and programming of various theaters and cultural organizations primarily in communities of color.,high,council_disclosure,data/fy17/schedule_c/fy17_schedule_c_awards.csv,68,237330454,yes
2017,MENTAL HEALTH SERVICES,Mental Health Services for Vulnerable Populations,initiative_provider,,"Riverdale Mental Health Association, Inc.",,131930700,50000,DOHMH,,medium,council_disclosure,data/fy17/schedule_c/fy17_schedule_c_awards.csv,278,133164464,yes
2017,MENTAL HEALTH SERVICES,Geriatric Mental Health,initiative_provider,,"Riverdale Mental Health Association, Inc.",,131930700,118000,DOHMH,"This funding supports organizations that provide a range of mental health services to older adults in “non-clinical settings,” such as senior centers, drop-in centers, religious institutions, social clubs, homeless prevention programs, and individual homes.",high,council_disclosure,data/fy17/schedule_c/fy17_schedule_c_awards.csv,264,237357997,yes
2017,IMMIGRANT SERVICES,Immigrant Opportunities Initiative,initiative_provider,,"SBH Community Service Network, Inc. (Sephardic Bikur Cholim)",,237406410,25000,,,medium,council_disclosure,data/fy17/schedule_c/fy17_schedule_c_awards.csv,205,112306447,yes
2017,MENTAL HEALTH SERVICES,Geriatric Mental Health,initiative_provider,,"SBH Community Service Network, Inc. (Sephardic Bikur Cholim)",,237406410,63000,DOHMH,"This funding supports organizations that provide a range of mental health services to older adults in “non-clinical settings,” such as senior centers, drop-in centers, religious institutions, social clubs, homeless prevention programs, and individual homes.",high,council_disclosure,data/fy17/schedule_c/fy17_schedule_c_awards.csv,267,131740122,yes
2017,HEALTH SERVICES,Maternal and Child Health Services,initiative_provider,,SCO Family of Services,,112777066,162203,DOHMH,"This funding supports a range of maternal and child health services and coordination efforts that aid expectant mothers and women of childbearing age, promoting women’s health before, during, and after pregnancy in an effort to improve maternal and child health outcomes and reduce infant mortality rates. Services may include doula care or home-visiting programs.",high,council_disclosure,data/fy17/schedule_c/fy17_schedule_c_awards.csv,110,132884976,yes
2017,SENIOR SERVICES,Initiative,initiative_provider,,SCO Family of Services,,112777066,382000,DSBS,"The Worker Cooperative Business Development initiative will support the creation of jobs in worker cooperatives by coordinating education and training resources and by providing technical, legal, and financial assistance. The initiative will fund a comprehensive citywide effort to reach cooperative entrepreneurs, provide for the start-up of new worker cooperative small businesses, and assist existing cooperatives. The initiative will offer workforce development and concrete skills for unemployed, underemployed and discouraged workers in high-needs neighborhoods.",high,council_disclosure,data/fy17/schedule_c/fy17_schedule_c_awards.csv,330,861096987,yes
2017,SENIOR SERVICES,Elder Abuse Enhancement,initiative_provider,,Sakhi for South Asian Women,,133593806,50000,DFTA,"This allocation enhances baselined funding for elder abuse services, specifically funding organizations that specialize in serving immigrant populations.",high,council_disclosure,data/fy17/schedule_c/fy17_schedule_c_awards.csv,282,020694269,yes
2017,SENIOR SERVICES,Holocaust Survivors,initiative_provider,,"Samuel Field YM & YWHA, Inc.",,113071518,80000,DFTA,This initiative will support Holocaust survivors living at or below the poverty line by offering a range of social services and supports to maintain and improve their quality of life.,high,council_disclosure,data/fy17/schedule_c/fy17_schedule_c_awards.csv,289,112986161,yes
2017,CULTURAL ORGANIZATIONS,Coalition of Theaters of Color,initiative_provider,,"Second Generation Productions, Inc.",,133929841,14600,DCLA,To support the operations and programming of various theaters and cultural organizations primarily in communities of color.,high,council_disclosure,data/fy17/schedule_c/fy17_schedule_c_awards.csv,68,237330454,yes
2017,SENIOR SERVICES,Social Adult Day Care Enhancement,initiative_provider,,"Selfhelp Community Services, Inc.",,131624178,95000,DFTA,"This initiative will provide operational support to social adult day care programs, which provide non-medical adult day care services to individuals with cognitive or physical limitations.",high,council_disclosure,data/fy17/schedule_c/fy17_schedule_c_awards.csv,310,510189327,yes
2017,SENIOR SERVICES,Holocaust Survivors,initiative_provider,,"Selfhelp Community Services, Inc.",,131624178,165000,DFTA,This initiative will support Holocaust survivors living at or below the poverty line by offering a range of social services and supports to maintain and improve their quality of life.,high,council_disclosure,data/fy17/schedule_c/fy17_schedule_c_awards.csv,289,112986161,yes
2017,MENTAL HEALTH SERVICES,Geriatric Mental Health,initiative_provider,,"Services and Advocacy for GLBT Elders, Inc. (SAGE)",,132947657,86000,DOHMH,"This funding supports organizations that provide a range of mental health services to older adults in “non-clinical settings,” such as senior centers, drop-in centers, religious institutions, social clubs, homeless prevention programs, and individual homes.",high,council_disclosure,data/fy17/schedule_c/fy17_schedule_c_awards.csv,267,131740122,yes
2017,SENIOR SERVICES,LGBTQ Senior Services in Every Borough,initiative_provider,,"Services and Advocacy for GLBT Elders, Inc. (SAGE)",,132947657,1200000,DFTA,"This action provides LBGT culturally competent services for seniors through Services and Advocacy for GLBT Elders (SAGE) sites located in the Bronx, Brooklyn, Manhattan and Staten Island and in Queens provided by Queens Community House.",high,council_disclosure,data/fy17/schedule_c/fy17_schedule_c_awards.csv,295,112375583,yes
2017,MENTAL HEALTH SERVICES,Autism Awareness,initiative_provider,,"Shield of David, The d/b/a Shield Institute, The",,131740041,88136,DOHMH,This allocation supports wraparound services for autistic children in after-school and summer programs and during school closings. The programs may also provide forums and training seminars to teach coping skills to families and caregivers affected by autism or other relevant services.,high,council_disclosure,data/fy17/schedule_c/fy17_schedule_c_awards.csv,236,113070228,yes
2017,YOUTH SERVICES,COMPASS,initiative_provider,,"Southeast Bronx Neighborhood Centers, Inc.",,132675560,126000,DYCD,This allocation supports programming for children in grades K-12 under the Comprehensive Afterschool System of New York City (COMPASS NYC).,high,council_disclosure,data/fy17/schedule_c/fy17_schedule_c_awards.csv,345,112799128,yes
2017,MENTAL HEALTH SERVICES,Services,initiative_provider,,"St. Ann's Corner of Harm Reduction, Inc.",,133724008,92107,DOHMH,"This funding supports a range of programs and services that address the needs of individuals with chemical dependencies, developmental disabilities, and/or serious mental illnesses, as well as the needs of their families and caregivers. The funding may support medically supervised outpatient programs (MSOPs), transition management programs, Article 16 clinics, psychological clubs, recreation programs, or other behavioral health services.",high,council_disclosure,data/fy17/schedule_c/fy17_schedule_c_awards.csv,253,135623279,yes
2017,MENTAL HEALTH SERVICES,Services,initiative_provider,,St. Luke's-Roosevelt Hospital Center,,132997301,41103,DOHMH,"This funding supports a range of programs and services that address the needs of individuals with chemical dependencies, developmental disabilities, and/or serious mental illnesses, as well as the needs of their families and caregivers. The funding may support medically supervised outpatient programs (MSOPs), transition management programs, Article 16 clinics, psychological clubs, recreation programs, or other behavioral health services.",high,council_disclosure,data/fy17/schedule_c/fy17_schedule_c_awards.csv,253,135623279,yes
2017,HOUSING,Stabilizing NYC,initiative_provider,,St. Nick's Alliance Corporation,,510192170,50000,HPD,"This initiative supports a coalition of 16 not-for-profit groups that seek to combat the loss of affordable housing at the hands of predatory equity companies, and to defend low-income tenants in predatory equity building from harassment and eviction. Stabilizing NYC combines legal and organizing resources into a citywide front against predatory equity, helping tenants hold their predatory equity landlords accountable for lack of repairs, bogus evicition cases, and affirmative harassment.",high,council_disclosure,data/fy17/schedule_c/fy17_schedule_c_awards.csv,181,133442022,yes
2017,HOUSING,Community Housing Preservation Strategies,initiative_provider,Levin,St. Nick's Alliance Corporation,,510192170,61000,HPD,"The Housing Preservation Initiative (HPI) provides funding for neighborhood-based groups to design and implement a grassroots, neighborhood-based approach to stop the loss of affordable housing. HPI seeks to protect affordable housing and promote neighborhood stabilization in needy districts. HPI funding helps local organizations work with local residents and institutions to protect affordable housing and promote neighborhood stabilization.",high,council_disclosure,data/fy17/schedule_c/fy17_schedule_c_awards.csv,151,133442022,yes
2017,HOUSING,,initiative_provider,,"Staten Island Center for Independent Living, Inc.",,133266398,29730,HPD,"The Community Consultant Contract (CCC) initiative provides funding for the front-line anti-eviction/anti-displacement services that community groups provide. When a community resident is at risk of eviction, or when a constituent needs assistance with a housing case, they call the CCC-funded specialist at their local community group. These specialists are knowledgeable about a full range of available resources and use all applicable tools to keep New York City residents in housing they can afford. This initiative allows neighborhood-based groups to provide the following core housing services: tenant organization; code enforcement advocacy; housing court assistance; apartment repossession; and other housing-related public education.",high,council_disclosure,data/fy17/schedule_c/fy17_schedule_c_awards.csv,172,132735378,yes
2017,SENIOR SERVICES,Small Business Outreach and Assistance Program,initiative_provider,,"Staten Island Chamber of Commerce Foundation, Inc.",,134069282,41105,DSBS,"This initiative will provide assistance to entrepreneurs and small businesses in all five boroughs.The services will include pro-bono legal assistance, technical and financing assistance,business courses, referrals to other governmental resources and support, and assistance with affordable healthcare enrollment opportunities. Some of these services will be provided on the ground at storefronts, allowing easier access by clients.",high,council_disclosure,data/fy17/schedule_c/fy17_schedule_c_awards.csv,326,133187792,yes
2017,SENIOR SERVICES,Day Laborer Workforce Initiative,initiative_provider,,"Staten Island Community Job Center, Inc.",,472787706,50000,DSBS,"This initiative will support the expansion of the existing 4 day laborer centers to provide services in all 5 boroughs. These services include dignified physical space for day laborers to meet, referrals to jobs or support services, legal services to address issues such as wage theft, as as well as workforce training and development.",high,council_disclosure,data/fy17/schedule_c/fy17_schedule_c_awards.csv,316,135562185,yes
2017,CHILDREN’S SERVICES,Discretionary Child Care,initiative_provider,,"Staten Island Mental Health Society, Inc.",Head Start Program,135623279,325000,ACS,This allocation support child care programs and adds additional child care slots to certain programs.,high,council_disclosure,data/fy17/schedule_c/fy17_schedule_c_awards.csv,5,131992185,yes
2017,HEALTH SERVICES,Cancer Services,initiative_provider,,Staten Island University Hospital,,112868878,50000,DOHMH,"This allocation supports various education and supportive services for breast, colon and ovarian cancer.",high,council_disclosure,data/fy17/schedule_c/fy17_schedule_c_awards.csv,106,264417161,yes
2017,HOUSING,,initiative_provider,,"Strycker's Bay Neighborhood Council, Inc.",,131943516,29730,HPD,"The Community Consultant Contract (CCC) initiative provides funding for the front-line anti-eviction/anti-displacement services that community groups provide. When a community resident is at risk of eviction, or when a constituent needs assistance with a housing case, they call the CCC-funded specialist at their local community group. These specialists are knowledgeable about a full range of available resources and use all applicable tools to keep New York City residents in housing they can afford. This initiative allows neighborhood-based groups to provide the following core housing services: tenant organization; code enforcement advocacy; housing court assistance; apartment repossession; and other housing-related public education.",high,council_disclosure,data/fy17/schedule_c/fy17_schedule_c_awards.csv,172,132735378,yes
2017,YOUTH SERVICES,COMPASS,initiative_provider,,"Strycker's Bay Neighborhood Council, Inc.",,131943516,134400,DYCD,This allocation supports programming for children in grades K-12 under the Comprehensive Afterschool System of New York City (COMPASS NYC).,high,council_disclosure,data/fy17/schedule_c/fy17_schedule_c_awards.csv,345,112799128,yes
2017,CULTURAL ORGANIZATIONS,Coalition of Theaters of Color,initiative_provider,,"Take Wing and Soar Productions, Inc.",,141885605,14600,DCLA,To support the operations and programming of various theaters and cultural organizations primarily in communities of color.,high,council_disclosure,data/fy17/schedule_c/fy17_schedule_c_awards.csv,70,237448611,yes
2017,CULTURAL ORGANIZATIONS,Coalition of Theaters of Color,initiative_provider,,"Teatro Circulo, Ltd.",,133805585,29800,DCLA,To support the operations and programming of various theaters and cultural organizations primarily in communities of color.,high,council_disclosure,data/fy17/schedule_c/fy17_schedule_c_awards.csv,70,237448611,yes
2017,SENIOR SERVICES,Initiative,initiative_provider,,Third Sector New England,,042261109,66000,DSBS,"The Worker Cooperative Business Development initiative will support the creation of jobs in worker cooperatives by coordinating education and training resources and by providing technical, legal, and financial assistance. The initiative will fund a comprehensive citywide effort to reach cooperative entrepreneurs, provide for the start-up of new worker cooperative small businesses, and assist existing cooperatives. The initiative will offer workforce development and concrete skills for unemployed, underemployed and discouraged workers in high-needs neighborhoods.",high,council_disclosure,data/fy17/schedule_c/fy17_schedule_c_awards.csv,335,136400434,yes
2017,SENIOR SERVICES,Day Laborer Workforce Initiative,initiative_provider,,Third Sector New England,,042261109,170000,DSBS,"This initiative will support the expansion of the existing 4 day laborer centers to provide services in all 5 boroughs. These services include dignified physical space for day laborers to meet, referrals to jobs or support services, legal services to address issues such as wage theft, as as well as workforce training and development.",high,council_disclosure,data/fy17/schedule_c/fy17_schedule_c_awards.csv,314,113560625,yes
2017,MENTAL HEALTH SERVICES,Autism Awareness,initiative_provider,,"United Cerebral Palsy of New York City, Inc.",,135654532,13078,DOHMH,This allocation supports wraparound services for autistic children in after-school and summer programs and during school closings. The programs may also provide forums and training seminars to teach coping skills to families and caregivers affected by autism or other relevant services.,high,council_disclosure,data/fy17/schedule_c/fy17_schedule_c_awards.csv,237,263373908,yes
2017,VETERAN SERVICES,Homeless Prevention Services for Veterans,initiative_provider,,United War Veterans Council,,133793337,25000,DYCD,"This initiative includes funding for programs supporting veterans and their families in issues related to health, education, employment and building a lasting community.",high,council_disclosure,data/fy17/schedule_c/fy17_schedule_c_awards.csv,337,133213525,yes
2017,HEALTH SERVICES,Maternal and Child Health Services,initiative_provider,,"Urban Health Plan, Inc.",,237360305,22320,DOHMH,"This funding supports a range of maternal and child health services and coordination efforts that aid expectant mothers and women of childbearing age, promoting women’s health before, during, and after pregnancy in an effort to improve maternal and child health outcomes and reduce infant mortality rates. Services may include doula care or home-visiting programs.",high,council_disclosure,data/fy17/schedule_c/fy17_schedule_c_awards.csv,110,132884976,yes
2017,HOUSING,Stabilizing NYC,initiative_provider,,"Urban Homesteading Assistance Board, Inc.",,132902798,65000,HPD,"This initiative supports a coalition of 16 not-for-profit groups that seek to combat the loss of affordable housing at the hands of predatory equity companies, and to defend low-income tenants in predatory equity building from harassment and eviction. Stabilizing NYC combines legal and organizing resources into a citywide front against predatory equity, helping tenants hold their predatory equity landlords accountable for lack of repairs, bogus evicition cases, and affirmative harassment.",high,council_disclosure,data/fy17/schedule_c/fy17_schedule_c_awards.csv,181,133442022,yes
2017,HOUSING,,initiative_provider,,"West Side Federation for Senior Housing, Inc.",,132926433,29730,HPD,"The Community Consultant Contract (CCC) initiative provides funding for the front-line anti-eviction/anti-displacement services that community groups provide. When a community resident is at risk of eviction, or when a constituent needs assistance with a housing case, they call the CCC-funded specialist at their local community group. These specialists are knowledgeable about a full range of available resources and use all applicable tools to keep New York City residents in housing they can afford. This initiative allows neighborhood-based groups to provide the following core housing services: tenant organization; code enforcement advocacy; housing court assistance; apartment repossession; and other housing-related public education.",high,council_disclosure,data/fy17/schedule_c/fy17_schedule_c_awards.csv,175,112435565,yes
2017,SENIOR SERVICES,Initiative,initiative_provider,,"Working World, The (TWW)",,202264584,234000,DSBS,"The Worker Cooperative Business Development initiative will support the creation of jobs in worker cooperatives by coordinating education and training resources and by providing technical, legal, and financial assistance. The initiative will fund a comprehensive citywide effort to reach cooperative entrepreneurs, provide for the start-up of new worker cooperative small businesses, and assist existing cooperatives. The initiative will offer workforce development and concrete skills for unemployed, underemployed and discouraged workers in high-needs neighborhoods.",high,council_disclosure,data/fy17/schedule_c/fy17_schedule_c_awards.csv,330,861096987,yes
2017,YOUTH SERVICES,YouthBuild Project Initiative,initiative_provider,,Young Men’s Christian Association of Greater New York,,132736022,29000,,,low,absorbed_text,data/fy17/schedule_c/fy17_schedule_c_awards.csv,355,131624228,no
2018,Children’s Services,Discretionary Child Care,initiative_provider,,A&G Early Child Care Community Network Inc.,,472375867,2150000,ACS,This allocation provides funding for child care programs that did not receive an EarlyLearn contract or sufficient child care slots from the Administration.,high,council_disclosure,data/fy18/schedule_c/fy18_schedule_c_awards.csv,2,136400434,yes
2018,Small Business Services and Workforce Development,MWBE Leadership Associations,initiative_provider,Citywide,"Accion East, Inc.",,113317234,88855,SBS,"This funding will provide for a range of services that will help increase the capacity of MWBEs across the City. Services will include guidance on government contracting for potential or City-certified MWBEs, assistance in connecting MWBEs to potential customers, aid in the development of bids and proposals, assistance in securing project financing and bonding, and the promotion and marketing of the City’s MWBE program.",high,council_disclosure,data/fy18/schedule_c/fy18_schedule_c_awards.csv,440,371443165,yes
2018,Immigrant Services,Immigrant Opportunities Initiative,initiative_provider,Citywide,"African Services Committee, Inc.",,133749744,27000,DSS/HRA,"This initiative provides legal services for recent immigrants to assist with applications for citizenship or permanent residency, and various other immigrant related legal services.",high,council_disclosure,data/fy18/schedule_c/fy18_schedule_c_awards.csv,238,113475993,yes
2018,Health Services,Viral Hepatitis Prevention,initiative_provider,Citywide,"African Services Committee, Inc.",,133749744,40410,DHMH,"This funding supports a range of programs and services intended to combat the spread of Hepatitis B/C and HIV as passed through intravenous drug use. In addition to Hepatitis B/C testing, services may include addiction treatment, care coordination, overdose prevention, mental health assessments, and sterile syringe access.",high,council_disclosure,data/fy18/schedule_c/fy18_schedule_c_awards.csv,130,331007278,yes
2018,,,,,Asian Community United Society Inc.,,264164117,10000,DYCD,,medium,council_disclosure,data/fy18/schedule_c/fy18_appendix_a_aging.csv,11,651209580,yes
2018,Housing,Community Housing Preservation Strategies,initiative_provider,,"Association for Neighborhood & Housing Development, Inc.",,132775999,100000,HPD,This funding will support ANHD’s efforts to expand and strengthen technical support and a capacity building program for community-based organizations participating in Council-funded community consultant contracts and housing preservation initiative programs. The capacity-building work performed by ANHD includes 76 Council-funded groups. This funding will allow Council-funded groups to scale up their activities and conduct more robust housing and tenant advocacy.,high,council_disclosure,data/fy18/schedule_c/fy18_schedule_c_awards.csv,164,133020589,yes
2018,Immigrant Services,Immigrant Opportunities Initiative,initiative_provider,Citywide,"Association of the Bar of the City of New York Fund, Inc. d/b/a City Bar Justice Center",,136003018,45000,DSS/HRA,"This initiative provides legal services for recent immigrants to assist with applications for citizenship or permanent residency, and various other immigrant related legal services.",high,council_disclosure,data/fy18/schedule_c/fy18_schedule_c_awards.csv,238,113475993,yes
2018,Veteran Services,Veterans Community Development,initiative_provider,Citywide,"Bailey House, Inc.",,133165181,20000,DYCD,"Funding will be allocated through DYCD to organizations that sponsor parades and other events, feed and house veterans, and offer other services related to health, education, employment and building a lasting community.",high,council_disclosure,data/fy18/schedule_c/fy18_schedule_c_awards.csv,454,133461695,yes
2018,Mental Health Services,Mental Health Services for Vulnerable Populations,initiative_provider,Citywide,"Bailey House, Inc.",,133165181,250000,DHMH,"This funding supports community-based organizations and advocacy networks that provide a range of mental health programs, services, trainings, and referrals throughout the City, addressing the mental health needs of vulnerable and marginalized populations, such as HIV-positive people, suicidal individuals, and people with developmental disabilities. Additional populations of interest include children and youth, immigrants and people with limited English proficiency, homeless individuals and families, and at-risk seniors.",high,council_disclosure,data/fy18/schedule_c/fy18_schedule_c_awards.csv,336,111630780,yes
2018,,,,Cohen,"Bedford Park Multi-Service Center for Senior Citizens, Inc.",,132745303,30000,DFTA,"Funding will support recreational, educational, social programming, advocacy and counseling for seniors, as well as support the general operating expenses including rent, utilities, communications, equipment rental, printing supplies and other expenses to",high,council_disclosure,data/fy18/schedule_c/fy18_appendix_a_aging.csv,12,113199040,yes
2018,Children’s Services,Discretionary Child Care,initiative_provider,,"Bethany Day Nursery, Inc.",,132732818,709605,ACS,This allocation support child care programs and adds additional child care slots to certain programs.,high,council_disclosure,data/fy18/schedule_c/fy18_schedule_c_awards.csv,4,111630780,yes
2018,Cultural Organizations,Coalition of Theaters of Color,initiative_provider,,"Billie Holiday Theatre, Inc.",,112336154,123200,DCLA,To support the operations and programming of theaters and cultural organizationsprimarily in communities of color.,high,council_disclosure,data/fy18/schedule_c/fy18_schedule_c_awards.csv,38,112972441,yes
2018,Cultural Organizations,Coalition of Theaters of Color,initiative_provider,,"Black Spectrum Theatre Company, Inc.",,510135262,123200,DCLA,To support the operations and programming of theaters and cultural organizationsprimarily in communities of color.,high,council_disclosure,data/fy18/schedule_c/fy18_schedule_c_awards.csv,38,112972441,yes
2018,Immigrant Services,Immigrant Opportunities Initiative,initiative_provider,Citywide,"Boys & Girls Club of Metro Queens, Inc.",,111966067,45000,DSS/HRA,"This initiative provides legal services for recent immigrants to assist with applications for citizenship or permanent residency, and various other immigrant related legal services.",high,council_disclosure,data/fy18/schedule_c/fy18_schedule_c_awards.csv,239,113065859,yes
2018,Youth Services,COMPASS,initiative_provider,,"Boys & Girls Club of Metro Queens, Inc.",,111966067,420000,DYCD,This allocation supports programming for children in grades K-5 under the Comprehensive Afterschool System of New York City (COMPASS NYC).,high,council_disclosure,data/fy18/schedule_c/fy18_schedule_c_awards.csv,461,131623989,yes
2018,Housing,Community Housing Preservation Strategies,initiative_provider,,"Brighton Neighborhood Association, Inc.",,112435523,29729,HPD,"The Community Consultant Contract (CCC) initiative provides funding for the front-line anti-eviction/anti-displacement services that community groups provide. When a community resident is at risk of eviction, or when a constituent needs assistance with a housing case, they call the CCC-funded specialist at their local community group. These specialists are knowledgeable about a full range of available resources and use all applicable tools to keep New York City residents in housing they can afford. This initiative allows neighborhood-based groups to provide the following core housing services: tenant organization; code enforcement advocacy; housing court assistance; apartment repossession; and other housing-related public education.",high,council_disclosure,data/fy18/schedule_c/fy18_schedule_c_awards.csv,166,112634818,yes
2018,Criminal Justice Services,Bail Fund,initiative_provider,,"Bronx Freedom Fund, Inc.",,261385792,109000,,,low,absorbed_text,data/fy18/schedule_c/fy18_schedule_c_awards.csv,24,131941627,no
2018,,,,Lander,"Brooklyn Arts Council, Inc.",Senior Program,237072915,9500,DFTA,Provide arts programming at senior centers located in District 39.,high,council_disclosure,data/fy18/schedule_c/fy18_appendix_a_aging.csv,31,111630780,yes
2018,,,,Williams,"Brooklyn Arts Council, Inc.",Senior Program,237072915,10500,DFTA,Funds will be used to support Brooklyn Arts Council in providing programs and services for senior residents throughout District 45 and the Borough of Brooklyn.,high,council_disclosure,data/fy18/schedule_c/fy18_appendix_a_aging.csv,31,111630780,yes
2018,,,,Cumbo,"Brooklyn Community Pride Center, Inc.",,262214534,6500,DFTA,Funding to support operating and programming expenses to facilitate services city-wide for the LGBTQ+ community.,high,council_disclosure,data/fy18/schedule_c/fy18_appendix_a_aging.csv,38,262214534,yes
2018,Small Business Services and Workforce Development,MWBE Leadership Associations,initiative_provider,Citywide,"Brooklyn Kings County Hispanic Chamber Of Commerce, Inc.",,202381186,30925,SBS,"This funding will provide for a range of services that will help increase the capacity of MWBEs across the City. Services will include guidance on government contracting for potential or City-certified MWBEs, assistance in connecting MWBEs to potential customers, aid in the development of bids and proposals, assistance in securing project financing and bonding, and the promotion and marketing of the City’s MWBE program.",high,council_disclosure,data/fy18/schedule_c/fy18_schedule_c_awards.csv,440,371443165,yes
2018,,,,Rodriguez,"COTHOA Luncheon Club, Inc.",,133608860,5000,DFTA,Funding to support the provision of health/wellness activities for seniors.,high,council_disclosure,data/fy18/schedule_c/fy18_appendix_a_aging.csv,84,112864728,yes
2018,,,,Miller,Calvary Baptist Church,,112480945,6000,DFTA,,medium,council_disclosure,data/fy18/schedule_c/fy18_appendix_a_aging.csv,39,132720248,yes
2018,,,,Miller,Calvary Baptist Church,,112480945,6000,DFTA,,medium,council_disclosure,data/fy18/schedule_c/fy18_appendix_a_aging.csv,39,132720248,yes
2018,,,,CD28,Calvary Baptist Church,,112480945,11000,DFTA,The funding will go towards the Grandparents support group that strives to provide events and activities for grandparents who are raising grandchildren.,medium,council_disclosure,data/fy18/schedule_c/fy18_appendix_a_aging.csv,39,132720248,yes
2018,Health Services,,initiative_provider,,Care for the Homeless,,133666994,70000,DHMH,"This allocation enables culturally and linguistically competent community-based organizations in all five boroughs to conduct outreach and education efforts regarding healthcare access and coverage, including issues pertaining to Medicare, Medicaid, the Pregnant Women/Prenatal Care Assistance Program (PCAP), the Family Planning Extension Program (FPEP), the AIDS Drug Assistance Program (ADAP) and the Children’s Health Insurance Program (CHIP).",high,council_disclosure,data/fy18/schedule_c/fy18_schedule_c_awards.csv,94,510567466,yes
2018,Housing,Community Housing Preservation Strategies,initiative_provider,,"Central Astoria Local Development Coalition, Inc.",,112652331,29729,HPD,"The Community Consultant Contract (CCC) initiative provides funding for the front-line anti-eviction/anti-displacement services that community groups provide. When a community resident is at risk of eviction, or when a constituent needs assistance with a housing case, they call the CCC-funded specialist at their local community group. These specialists are knowledgeable about a full range of available resources and use all applicable tools to keep New York City residents in housing they can afford. This initiative allows neighborhood-based groups to provide the following core housing services: tenant organization; code enforcement advocacy; housing court assistance; apartment repossession; and other housing-related public education.",high,council_disclosure,data/fy18/schedule_c/fy18_schedule_c_awards.csv,168,113580935,yes
2018,Public Safety,Crisis Management System -Youth Programs,initiative_provider,,"Central Family Life Center, Inc., The",,133626127,90000,ACS,"This funding supports violence interrupters and outreach workers staff ACS non-secure placement sites to identify youth at risk of continuing the cycle of violence. Once identified, they are connected with CMS providers and wrap-around services once they leave ACS facilities.",high,council_disclosure,data/fy18/schedule_c/fy18_schedule_c_awards.csv,374,061711370,yes
2018,Cultural Organizations,Coalition of Theaters of Color,initiative_provider,,"Chinese Theatre Works, Inc.",,112393789,29800,DCLA,To support the operations and programming of theaters and cultural organizationsprimarily in communities of color.,high,council_disclosure,data/fy18/schedule_c/fy18_schedule_c_awards.csv,39,134046782,yes
2018,Health Services,Maternal and Child Health Services,initiative_provider,,Choices in Childbirth,,202015286,72000,,,low,absorbed_text,data/fy18/schedule_c/fy18_schedule_c_awards.csv,121,510567466,no
2018,Housing,Community Housing Preservation Strategies,initiative_provider,,"Clinton Housing Development Company, Inc.",,132851988,29729,HPD,"The Community Consultant Contract (CCC) initiative provides funding for the front-line anti-eviction/anti-displacement services that community groups provide. When a community resident is at risk of eviction, or when a constituent needs assistance with a housing case, they call the CCC-funded specialist at their local community group. These specialists are knowledgeable about a full range of available resources and use all applicable tools to keep New York City residents in housing they can afford. This initiative allows neighborhood-based groups to provide the following core housing services: tenant organization; code enforcement advocacy; housing court assistance; apartment repossession; and other housing-related public education.",high,council_disclosure,data/fy18/schedule_c/fy18_schedule_c_awards.csv,217,133385032,yes
2018,Mental Health Services,Court-Involved Youth Mental Health,initiative_provider,,"Coalition for Behavioral Health, Inc., The",,132729071,145000,DHMH,"This allocation supports programs that utilize risk assessment tools to identify juveniles in the arrest process who require mental health services and that provide family counseling and respite services to families of court-involved youth. The initiative also supports efforts to connect community-based providers working with court-involved youth to other non-governmental organizations familiar with the Courts, the Administration for Children's Services (ACS), the Department of Correction (DOC), and other relevant City and State agencies.",high,council_disclosure,data/fy18/schedule_c/fy18_schedule_c_awards.csv,294,132645436,yes
2018,Health Services,,initiative_provider,,"Community Healthcare Network, Inc.",,133083068,52692,DHMH,"This allocation enables culturally and linguistically competent community-based organizations in all five boroughs to conduct outreach and education efforts regarding healthcare access and coverage, including issues pertaining to Medicare, Medicaid, the Pregnant Women/Prenatal Care Assistance Program (PCAP), the Family Planning Extension Program (FPEP), the AIDS Drug Assistance Program (ADAP) and the Children’s Health Insurance Program (CHIP).",high,council_disclosure,data/fy18/schedule_c/fy18_schedule_c_awards.csv,95,135562202,yes
2018,Health Services,Viral Hepatitis Prevention,initiative_provider,Citywide,"Community Healthcare Network, Inc.",,133083068,53880,DHMH,"This funding supports a range of programs and services intended to combat the spread of Hepatitis B/C and HIV as passed through intravenous drug use. In addition to Hepatitis B/C testing, services may include addiction treatment, care coordination, overdose prevention, mental health assessments, and sterile syringe access.",high,council_disclosure,data/fy18/schedule_c/fy18_schedule_c_awards.csv,140,136400434,yes
2018,Young Women’s Initiative,Dedicated Contraceptive Fund,initiative_provider,,"Community Healthcare Network, Inc.",,133083068,63000,DHMH,"This funding will increase access to contraception, including Long-Acting Reversible Contraception (LARCs) among young women, particularly those without health insurance. This initiative will also support provider training, patient counseling and care, and the purchasing of contraceptives. Programs will serve a variety of high-risk populations, including youth of color, LGBTQ individuals, and the uninsured, in a culturally responsive manner and promote reproductive and sexual health.",high,council_disclosure,data/fy18/schedule_c/fy18_schedule_c_awards.csv,469,131624096,yes
2018,Health Services,Maternal and Child Health Services,initiative_provider,Citywide,"Community Healthcare Network, Inc.",,133083068,84633,DHMH,"This funding supports a range of maternal and child health services and coordination efforts that aid expectant mothers and women of childbearing age, promoting women’s health before, during, and after pregnancy in an effort to improve maternal and child health outcomes and reduce infant mortality rates. Services may include doula care or home-visiting programs.",high,council_disclosure,data/fy18/schedule_c/fy18_schedule_c_awards.csv,122,132655001,yes
2018,Criminal Justice Services,Support for Victims of Human Trafficking,initiative_provider,Citywide,"Community Healthcare Network, Inc.",,133083068,175000,MOCJ,"This allocation supports programs that offer counseling and assistance with mental health, educational, immigration, housing and employment, as an alternative to detention or incarceration, for defendants in the City's five human trafficking intervention courts; and for other victims of human trafficking.",high,council_disclosure,data/fy18/schedule_c/fy18_schedule_c_awards.csv,28,132612524,yes
2018,Children’s Services,Discretionary Child Care,initiative_provider,,Conselyea Street Block Association,,112347180,1448669,ACS,This allocation support child care programs and adds additional child care slots to certain programs.,high,council_disclosure,data/fy18/schedule_c/fy18_schedule_c_awards.csv,5,112300840,yes
2018,Senior Services,Information and Referral Services,initiative_provider,Citywide,"Council of Belmont Organizatons, Inc.",,132755323,103914,DFTA,This allocation supports community-based organizations that provide information and referral services related to senior services and other resources in the community.,high,council_disclosure,data/fy18/schedule_c/fy18_schedule_c_awards.csv,381,112932528,yes
2018,,,,Lander,"Council of Peoples Organization, Inc.",,753046891,3500,DFTA,Funding to support general operating and programming costs.,high,council_disclosure,data/fy18/schedule_c/fy18_appendix_a_aging.csv,86,237390996,yes
2018,,,,,"Council of Peoples Organization, Inc.",,753046891,7000,,,medium,council_disclosure,data/fy18/schedule_c/fy18_appendix_a_aging.csv,86,237390996,yes
2018,Education,Support for Educators,initiative_provider,Citywide,Council of School Supervisors and Administrators,,112024569,450000,DOE,"This allocation will provide support for DOE educators through professional development and supplies used for student instruction. Programs supported include STEM Teacher’s College ($250,000) and Teacher’s Choice ($20,104,500). In addition, $450,000 allocated to the Council of School Supervisors and Administrators supports the Executive Leadership Institute.",high,council_disclosure,data/fy18/schedule_c/fy18_schedule_c_awards.csv,83,136400434,yes
2018,,,,Chin,"Council of Senior Centers and Services of NYC, Inc.",,132967277,5000,DFTA,To support SCRIE outreach to thousands of seniors in the Council District 1 who are eligible but not yet enrolled in SCRIE.,high,council_disclosure,data/fy18/schedule_c/fy18_appendix_a_aging.csv,86,237390996,yes
2018,Cultural Organizations,Coalition of Theaters of Color,initiative_provider,,"Creative Ammo, Inc.",,134181617,14600,DCLA,To support the operations and programming of theaters and cultural organizationsprimarily in communities of color.,high,council_disclosure,data/fy18/schedule_c/fy18_schedule_c_awards.csv,40,133116643,yes
2018,,,,Eugene,Crown Heights Preservation Committee Corporation,,112322490,15000,DFTA,"Funding to support senior programming and activities including ESL classes, computer classes, and trips, and to defray the cost of wheel chair accessible senior bus.",high,council_disclosure,data/fy18/schedule_c/fy18_appendix_a_aging.csv,89,112297647,yes
2018,,,,Cumbo,Crown Heights Preservation Committee Corporation,,112322490,20000,DFTA,Funds will be used to enhance activities for seniors including educational and recreational classes and events. It will also be used for maintaining senior wheel chair accessible bus.,high,council_disclosure,data/fy18/schedule_c/fy18_appendix_a_aging.csv,89,112297647,yes
2018,Youth Services,COMPASS,initiative_provider,,"Development Outreach, Inc.",,132997764,150000,DYCD,This allocation supports programming for children in grades K-5 under the Comprehensive Afterschool System of New York City (COMPASS NYC).,high,council_disclosure,data/fy18/schedule_c/fy18_schedule_c_awards.csv,461,131623989,yes
2018,Health Services,Maternal and Child Health Services,initiative_provider,Citywide,"Diaspora Community Services, Inc.",,113122295,29157,DHMH,"This funding supports a range of maternal and child health services and coordination efforts that aid expectant mothers and women of childbearing age, promoting women’s health before, during, and after pregnancy in an effort to improve maternal and child health outcomes and reduce infant mortality rates. Services may include doula care or home-visiting programs.",high,council_disclosure,data/fy18/schedule_c/fy18_schedule_c_awards.csv,122,132655001,yes
2018,Criminal Justice Services,Alternatives to Incarceration (ATI’s),initiative_provider,,"EAC, Inc.",,237175609,1146340,MOCJ,"Funding of $5.6 million will support alternative-to-Incarceration (ATI) programs that provide individuals involved in the criminal justice system with intermediate sanctions, such as community service and substance abuse counseling as an alternative to pre-trial detention, sentence to jail or prison. In addition, this initiative supports other services for current and formerly incarcerated individuals including short-term and long-term housing, job placement and vocational training. In addition, $400,000 will provide individuals involved in the criminal justice system with a pathway to Higher Educational opportunities. Additionally, $375,000 will provide pretrial community based supervision for individuals as an alternative to pretrial detention.",high,council_disclosure,data/fy18/schedule_c/fy18_schedule_c_awards.csv,13,132645436,yes
2018,Housing,Community Housing Preservation Strategies,initiative_provider,,"EIS, Eviction Intervention Services, Homelessness Prevention, Inc.",,133311582,29729,HPD,"The Community Consultant Contract (CCC) initiative provides funding for the front-line anti-eviction/anti-displacement services that community groups provide. When a community resident is at risk of eviction, or when a constituent needs assistance with a housing case, they call the CCC-funded specialist at their local community group. These specialists are knowledgeable about a full range of available resources and use all applicable tools to keep New York City residents in housing they can afford. This initiative allows neighborhood-based groups to provide the following core housing services: tenant organization; code enforcement advocacy; housing court assistance; apartment repossession; and other housing-related public education.",high,council_disclosure,data/fy18/schedule_c/fy18_schedule_c_awards.csv,172,112475743,yes
2018,Education,Dropout Prevention and Intervention,initiative_provider,Citywide,Educational Testing Service,,210634479,207000,DOE,"This allocation will support dropout prevention and intervention programs. Contracted providers offer a range of student support, school restructuring, and professional development services.",high,council_disclosure,data/fy18/schedule_c/fy18_schedule_c_awards.csv,67,112614265,yes
2018,Health Services,Viral Hepatitis Prevention,initiative_provider,Citywide,Empire Liver Foundation,,462121958,139190,DHMH,"This funding supports a range of programs and services intended to combat the spread of Hepatitis B/C and HIV as passed through intravenous drug use. In addition to Hepatitis B/C testing, services may include addiction treatment, care coordination, overdose prevention, mental health assessments, and sterile syringe access.",high,council_disclosure,data/fy18/schedule_c/fy18_schedule_c_awards.csv,141,112592651,yes
2018,Mental Health Services,,initiative_provider,,"Epilepsy Institute, The",,132608325,189103,DHMH,"This initiative supports a range of programs and services that address the needs of individuals with chemical dependencies, developmental disabilities, and/or serious mental illnesses, as well as the needs of their families and caregivers. The funding may support medically supervised outpatient programs, transition management programs, Article 16 clinics, psychological clubs, recreation programs, or other behavioral health services.",high,council_disclosure,data/fy18/schedule_c/fy18_schedule_c_awards.csv,306,135562204,yes
2018,Education,"schools, which includes intense literacy training for high -needs students. An allocation of",initiative_provider,Citywide,"ExpandED Schools, Inc.",,134004600,1550000,DOE,"This allocation will support direct educational initiatives for students including, but not limited to literacy, math, science and technology programs. Funding for Chess in the Schools ($400,000) supports chess classes during the day, school chess clubs, and teacher training. Funding for MOUSE ($275,000) supports training for middle school and high school students in technology, digital media, and computer science. Funding for ExpandED Schools ($1,550,000) supports an extended school day in middle schools, which includes intense literacy training for high-needs students. An allocation of $750,000 supports the Middle School Quality Initiative in consultation with the Department of Education. Finally, a $915,000 allocation to the United Federation of Teachers will support the Positive Learning Collaborative ($750,000) and the Dial-a-Teacher program ($65,000), and the BRAVE mental health hotline ($100,000).",high,council_disclosure,data/fy18/schedule_c/fy18_schedule_c_awards.csv,77,136400434,yes
2018,Youth Services,Afterschool Enrichment Initiative,initiative_provider,,"ExpandED Schools, Inc.",,134004600,4000000,DYCD,"This initiative funds afterschool program providers that offer enrollment-based programs with high-quality arts and athletic activities, as well as academic enrichment and support.",high,council_disclosure,data/fy18/schedule_c/fy18_schedule_c_awards.csv,457,113112635,yes
2018,,,,Eugene,"Fenimore Senior Center, Inc.",,112772287,18375,DFTA,"Funds will be used to provide arts, crafts, educationaland other activities to local seniors, and to supplement staffing, rent, and administrative expenses.",high,council_disclosure,data/fy18/schedule_c/fy18_appendix_a_aging.csv,113,132666921,yes
2018,Youth Services,Sports Training and Rolemodels for Success Initiative (STARS),initiative_provider,Citywide,"Figure Skating in Harlem, Inc.",,133945168,50000,DYCD,"The Sports Training and Rolemodels for Success (STARS) Initiative offers afterschool programming promoting physical activity, healthy living and wellness for elementary, middle and high school girls.",high,council_disclosure,data/fy18/schedule_c/fy18_schedule_c_awards.csv,466,133942063,yes
2018,Cultural Organizations,Coalition of Theaters of Color,initiative_provider,,"Fiji Theater Company, Inc.",,132874863,29800,DCLA,To support the operations and programming of theaters and cultural organizationsprimarily in communities of color.,high,council_disclosure,data/fy18/schedule_c/fy18_schedule_c_awards.csv,41,133248928,yes
2018,,,,Williams,"Flatbush Shomrim Safety Patrol, Inc.",,203244567,7000,DFTA,Funds will be used to support FSSP in providing assistance programs for the elderly as well as awareness programs regarding anti-terrorism and medical concerns. The funding also supports assistance in case of emergencies such as natural disasters.,high,council_disclosure,data/fy18/schedule_c/fy18_appendix_a_aging.csv,115,112300840,yes
2018,,,,Deutsch,"Flatbush Shomrim Safety Patrol, Inc.",,203244567,15000,DFTA,Funding to support assistance services for various emergencies associated with seniors.,high,council_disclosure,data/fy18/schedule_c/fy18_appendix_a_aging.csv,115,112300840,yes
2018,Health Services,Maternal and Child Health Services,initiative_provider,Citywide,Fort Greene Strategic Neighborhood Action Partnership,,113343941,21253,DHMH,"This funding supports a range of maternal and child health services and coordination efforts that aid expectant mothers and women of childbearing age, promoting women’s health before, during, and after pregnancy in an effort to improve maternal and child health outcomes and reduce infant mortality rates. Services may include doula care or home-visiting programs.",high,council_disclosure,data/fy18/schedule_c/fy18_schedule_c_awards.csv,122,132655001,yes
2018,,,,,"Funding will support senior programming and meals Cornegy Sumner Houses Tenants Association, Inc.",,112733344,6750,,,low,absorbed_text,data/fy18/schedule_c/fy18_appendix_a_aging.csv,388,510189327,no
2018,Children’s Services,Discretionary Child Care,initiative_provider,,"Gan Day Care Center, Inc.",,112302049,1136000,ACS,This allocation support child care programs and adds additional child care slots to certain programs.,high,council_disclosure,data/fy18/schedule_c/fy18_schedule_c_awards.csv,6,132686694,yes
2018,Public Safety,Crisis Management System – Mental Health/Therapeutic Services,initiative_provider,,"Gangstas Making Astronomical Community Changes, Inc.",,453359451,35000,MOCJ,"This allocation funds the Crisis Management System, which uses a public health approach to prevent and respond to gun violence. The Cure Violence programs funded take a public health approach to violence prevention that understands violence as a learned behavior that can be prevented using disease control methods. The Crisis Management System uses an emergency management model which supports programs intended to prevent gun violence and restores damage done to communities by gun violence and funds programs that respond to gun violence. These neighborhood networks offer legal services, hospital response programs, youth employment opportunities, school based conflict mediation, community therapeutic services, job training programs and evaluation work.",high,council_disclosure,data/fy18/schedule_c/fy18_schedule_c_awards.csv,361,112870465,yes
2018,Public Safety,Crisis Management System – School Based Conflict Mediation,initiative_provider,,"Gangstas Making Astronomical Community Changes, Inc.",Brooklyn Bridge Academy - 18K578,453359451,40000,DOE,"This allocation supports school-based conflict mediation, violence prevention, and youth development programs.",high,council_disclosure,data/fy18/schedule_c/fy18_schedule_c_awards.csv,371,132612524,yes
2018,Public Safety,Crisis Management System -Youth Programs,initiative_provider,,"Gangstas Making Astronomical Community Changes, Inc.",,453359451,90000,ACS,"This funding supports violence interrupters and outreach workers staff ACS non-secure placement sites to identify youth at risk of continuing the cycle of violence. Once identified, they are connected with CMS providers and wrap-around services once they leave ACS facilities.",high,council_disclosure,data/fy18/schedule_c/fy18_schedule_c_awards.csv,374,061711370,yes
2018,Criminal Justice Services,Support for Victims of Human Trafficking,initiative_provider,Citywide,Girls Educational and Mentoring Services,,134150972,125000,MOCJ,"This allocation supports programs that offer counseling and assistance with mental health, educational, immigration, housing and employment, as an alternative to detention or incarceration, for defendants in the City's five human trafficking intervention courts; and for other victims of human trafficking.",high,council_disclosure,data/fy18/schedule_c/fy18_schedule_c_awards.csv,30,133286250,yes
2018,Youth Services,Sports Training and Rolemodels for Success Initiative (STARS),initiative_provider,Citywide,"Girls Write Now, Inc.",,542115054,100000,DYCD,"Through our Writing and Mentoring Program (WMP) and  Digital Media Mentoring Program (DMP), Girls Write Now provides NYC high school girls with mentorship, writing, and digital media workshops, and performance, publication, leadership opportunities to cultivate their voices, skills, and confidence.",high,council_disclosure,data/fy18/schedule_c/fy18_schedule_c_awards.csv,466,133942063,yes
2018,Youth Services,Sports Training and Rolemodels for Success Initiative (STARS),initiative_provider,Citywide,"Girls for Gender Equity, Inc.",,043697166,50000,DYCD,"The Sports Training and Rolemodels for Success (STARS) Initiative offers afterschool programming promoting physical activity, healthy living and wellness for elementary, middle and high school girls.",high,council_disclosure,data/fy18/schedule_c/fy18_schedule_c_awards.csv,466,133942063,yes
2018,Housing,Community Housing Preservation Strategies,initiative_provider,,Gowanus Canal Community Development Corporation,,112498292,29729,HPD,"The Community Consultant Contract (CCC) initiative provides funding for the front-line anti-eviction/anti-displacement services that community groups provide. When a community resident is at risk of eviction, or when a constituent needs assistance with a housing case, they call the CCC-funded specialist at their local community group. These specialists are knowledgeable about a full range of available resources and use all applicable tools to keep New York City residents in housing they can afford. This initiative allows neighborhood-based groups to provide the following core housing services: tenant organization; code enforcement advocacy; housing court assistance; apartment repossession; and other housing-related public education.",high,council_disclosure,data/fy18/schedule_c/fy18_schedule_c_awards.csv,217,133385032,yes
2018,Mental Health Services,,initiative_provider,,Grace Foundation of New York,,134131863,107372,DHMH,This allocation supports wraparound services for autistic children in after-school and summer programs and during school closings. The programs may also provide forums or training seminars to teach coping skills to families and caregivers affected by autism.,high,council_disclosure,data/fy18/schedule_c/fy18_schedule_c_awards.csv,267,135562256,yes
2018,Housing,Community Housing Preservation Strategies,initiative_provider,,Greater Ridgewood Restoration Corporation,,112382250,29730,HPD,"The Community Consultant Contract (CCC) initiative provides funding for the front-line anti-eviction/anti-displacement services that community groups provide. When a community resident is at risk of eviction, or when a constituent needs assistance with a housing case, they call the CCC-funded specialist at their local community group. These specialists are knowledgeable about a full range of available resources and use all applicable tools to keep New York City residents in housing they can afford. This initiative allows neighborhood-based groups to provide the following core housing services: tenant organization; code enforcement advocacy; housing court assistance; apartment repossession; and other housing-related public education.",high,council_disclosure,data/fy18/schedule_c/fy18_schedule_c_awards.csv,175,112412584,yes
2018,,,,Vallone,"Greater Whitestone Taxpayers Community Center, Inc.",,112791048,10000,,,medium,council_disclosure,data/fy18/schedule_c/fy18_appendix_a_aging.csv,132,135562204,yes
2018,Youth Services,Sports Training and Rolemodels for Success Initiative (STARS),initiative_provider,Citywide,"Groundswell Community Mural Project, Inc.",,113427213,100000,DYCD,"The Sports Training and Rolemodels for Success (STARS) Initiative offers afterschool programming promoting physical activity, healthy living and wellness for elementary, middle and high school girls.",high,council_disclosure,data/fy18/schedule_c/fy18_schedule_c_awards.csv,466,133942063,yes
2018,Immigrant Services,Immigrant Opportunities Initiative,initiative_provider,Citywide,"HIV Law Project, Inc.",,133730564,38000,DSS/HRA,"This initiative provides legal services for recent immigrants to assist with applications for citizenship or permanent residency, and various other immigrant related legal services.",high,council_disclosure,data/fy18/schedule_c/fy18_schedule_c_awards.csv,248,510141489,yes
2018,,,,Williams,"Haitian Centers Council, Inc.",,112648501,7000,DFTA,"Funds will support a fitness instructor and program director, as well as necessary resources for a free community fitness program.",high,council_disclosure,data/fy18/schedule_c/fy18_appendix_a_aging.csv,137,135562412,yes
2018,Small Business Services and Workforce Development,MWBE Leadership Associations,initiative_provider,Citywide,"Harlem Business Alliance, Inc.",,133591350,66450,SBS,"This funding will provide for a range of services that will help increase the capacity of MWBEs across the City. Services will include guidance on government contracting for potential or City-certified MWBEs, assistance in connecting MWBEs to potential customers, aid in the development of bids and proposals, assistance in securing project financing and bonding, and the promotion and marketing of the City’s MWBE program.",high,council_disclosure,data/fy18/schedule_c/fy18_schedule_c_awards.csv,440,371443165,yes
2018,Housing,Community Housing Preservation Strategies,initiative_provider,,"Harlem Congregations for Community Improvement, Inc.",,133516262,29730,HPD,"The Community Consultant Contract (CCC) initiative provides funding for the front-line anti-eviction/anti-displacement services that community groups provide. When a community resident is at risk of eviction, or when a constituent needs assistance with a housing case, they call the CCC-funded specialist at their local community group. These specialists are knowledgeable about a full range of available resources and use all applicable tools to keep New York City residents in housing they can afford. This initiative allows neighborhood-based groups to provide the following core housing services: tenant organization; code enforcement advocacy; housing court assistance; apartment repossession; and other housing-related public education.",high,council_disclosure,data/fy18/schedule_c/fy18_schedule_c_awards.csv,214,132974137,yes
2018,Public Safety,Crisis Management System – Mental Health/Therapeutic Services,initiative_provider,,"Harlem Mothers Stop Another Violent End, Inc.",,260847222,65000,MOCJ,"This allocation funds the Crisis Management System, which uses a public health approach to prevent and respond to gun violence. The Cure Violence programs funded take a public health approach to violence prevention that understands violence as a learned behavior that can be prevented using disease control methods. The Crisis Management System uses an emergency management model which supports programs intended to prevent gun violence and restores damage done to communities by gun violence and funds programs that respond to gun violence. These neighborhood networks offer legal services, hospital response programs, youth employment opportunities, school based conflict mediation, community therapeutic services, job training programs and evaluation work.",high,council_disclosure,data/fy18/schedule_c/fy18_schedule_c_awards.csv,360,131632530,yes
2018,Health Services,Viral Hepatitis Prevention,initiative_provider,Citywide,Harm Reduction Coalition,,943204958,13500,DHMH,"This funding supports a range of programs and services intended to combat the spread of Hepatitis B/C and HIV as passed through intravenous drug use. In addition to Hepatitis B/C testing, services may include addiction treatment, care coordination, overdose prevention, mental health assessments, and sterile syringe access.",high,council_disclosure,data/fy18/schedule_c/fy18_schedule_c_awards.csv,143,136400434,yes
2018,Food Initiatives,Access to Healthy Food and Nutritional Education,initiative_provider,,"Harvest Home Farmer's Market, Inc.",,061800512,95000,DYCD,"This allocation supports programs that will expand access to healthy food and improve understanding of nutrition and healthy food choices. Efforts include opening farmers markets, expanding the use of Electronic Benefit Transfers (EBTs) for healthier, less processed food and engaging communities to make positive changes related to food and nutritional choices. $430,000 awarded to Grow NYC and Harvest Home supports farmer’s markets and the use of EBTs at farmer’s markets and funding of $500,000 supports four community based organizations to foster healthier communities.",high,council_disclosure,data/fy18/schedule_c/fy18_schedule_c_awards.csv,86,237169558,yes
2018,Mental Health Services,,initiative_provider,,"HeartShare Human Services of NY, R.C. Diocese of Brooklyn",,111633549,128540,DHMH,This allocation supports wraparound services for autistic children in after-school and summer programs and during school closings. The programs may also provide forums or training seminars to teach coping skills to families and caregivers affected by autism.,high,council_disclosure,data/fy18/schedule_c/fy18_schedule_c_awards.csv,267,135562256,yes
2018,,,,Cornegy,"Heights and Hills, Inc.",,237237927,6000,DFTA,Funding to support the Case Management Program which currently provides ongoing in-home case management services  homebound seniors in Brooklyn.,high,council_disclosure,data/fy18/schedule_c/fy18_appendix_a_aging.csv,148,111630807,yes
2018,,,,Cumbo,"Heights and Hills, Inc.",,237237927,7000,DFTA,Funding to support in-home case management services for seniors.,high,council_disclosure,data/fy18/schedule_c/fy18_appendix_a_aging.csv,148,111630807,yes
2018,,,,Lander,"Heights and Hills, Inc.",,237237927,9000,DFTA,,medium,council_disclosure,data/fy18/schedule_c/fy18_appendix_a_aging.csv,148,111630807,yes
2018,,,,Lander,"Heights and Hills, Inc.",,237237927,9000,DFTA,,medium,council_disclosure,data/fy18/schedule_c/fy18_appendix_a_aging.csv,148,111630807,yes
2018,,,,Levin,"Heights and Hills, Inc.",,237237927,17000,DFTA,To provide in-home case management services.,high,council_disclosure,data/fy18/schedule_c/fy18_appendix_a_aging.csv,148,111630807,yes
2018,Domestic Violence Services,Supportive Alternatives to Violent Encounters (SAVE),initiative_provider,Citywide,"Her Justice, Inc.",,133688519,100000,DSS/HRA,"This allocation supports legal service organizations that provide domestic violence victims appearing in court with a range of services that include prevention, direct legal representation, counseling and referrals.",high,council_disclosure,data/fy18/schedule_c/fy18_schedule_c_awards.csv,58,133193119,yes
2018,Health Services,Viral Hepatitis Prevention,initiative_provider,Citywide,"Housing Works, Inc.",,133584089,13500,DHMH,"This funding supports a range of programs and services intended to combat the spread of Hepatitis B/C and HIV as passed through intravenous drug use. In addition to Hepatitis B/C testing, services may include addiction treatment, care coordination, overdose prevention, mental health assessments, and sterile syringe access.",high,council_disclosure,data/fy18/schedule_c/fy18_schedule_c_awards.csv,143,136400434,yes
2018,Criminal Justice Services,Support for Victims of Human Trafficking,initiative_provider,Citywide,Icahn School of Medicine at Mount Sinai,,136171197,75000,MOCJ,"This allocation supports programs that offer counseling and assistance with mental health, educational, immigration, housing and employment, as an alternative to detention or incarceration, for defendants in the City's five human trafficking intervention courts; and for other victims of human trafficking.",high,council_disclosure,data/fy18/schedule_c/fy18_schedule_c_awards.csv,30,133286250,yes
2018,Criminal Justice Services,Initiative to Combat Sexual Assault,initiative_provider,Citywide,Icahn School of Medicine at Mount Sinai,,136171197,150000,MOCJ,"Funding supports community-based organizations that provide services to victims of physical and sexual assault including crisis intervention, legal advocacy, individual and group traumafocused therapy, short-term counseling, forensic training to medical personnel and referrals. In addition, this allocation partially supports operating costs for four Child Advocacy Centers (CACs) that are located in Brooklyn, Queens, Staten Island and the Bronx.",high,council_disclosure,data/fy18/schedule_c/fy18_schedule_c_awards.csv,27,132946970,yes
2018,Public Safety,Crisis Management System – School Based Conflict Mediation,initiative_provider,,"Ifetayo Cultural Arts Academy, Inc.",Ebbets Field Middle School  - 17K352,113027538,40000,DOE,"This allocation supports school-based conflict mediation, violence prevention, and youth development programs.",high,council_disclosure,data/fy18/schedule_c/fy18_schedule_c_awards.csv,368,131988190,yes
2018,Mental Health Services,,initiative_provider,,Imagine Foundation,,202336717,70031,DHMH,This allocation supports wraparound services for autistic children in after-school and summer programs and during school closings. The programs may also provide forums or training seminars to teach coping skills to families and caregivers affected by autism.,high,council_disclosure,data/fy18/schedule_c/fy18_schedule_c_awards.csv,267,135562256,yes
2018,Immigrant Services,Immigrant Opportunities Initiative,initiative_provider,Citywide,"Immigrant Justice Corps, Inc.",,464879076,200000,DSS/HRA,"This initiative provides legal services for recent immigrants to assist with applications for citizenship or permanent residency, and various other immigrant related legal services.",high,council_disclosure,data/fy18/schedule_c/fy18_schedule_c_awards.csv,249,132600199,yes
2018,Immigrant Services,Immigrant Opportunities Initiative,initiative_provider,Citywide,Immigration Equality,,133802711,10000,DSS/HRA,"This initiative provides legal services for recent immigrants to assist with applications for citizenship or permanent residency, and various other immigrant related legal services.",high,council_disclosure,data/fy18/schedule_c/fy18_schedule_c_awards.csv,249,132600199,yes
2018,,,,Adams,"Jamaica Service Program for Older Adults, Inc. (JSPOA)",,510204121,35000,DFTA,To support programming for seniors- events and activities and general operating expenses for our senior center which focuses on the frail elder.,high,council_disclosure,data/fy18/schedule_c/fy18_appendix_a_aging.csv,173,131624148,yes
2018,Senior Services,Naturally Occurring Retirement Communities (NORCs),initiative_provider,Citywide,"Jamaica Service Program for Older Adults, Inc. (JSPOA)",NORC,510204121,45000,DFTA,This allocation supports vertical and horizontal Naturally Occurring Retirement Communities (NORCs).,high,council_disclosure,data/fy18/schedule_c/fy18_schedule_c_awards.csv,388,132620896,yes
2018,Veteran Services,Veterans Community Development,initiative_provider,Citywide,Jericho Project,,133213525,100000,DYCD,"Funding will be allocated through DYCD to organizations that sponsor parades and other events, feed and house veterans, and offer other services related to health, education, employment and building a lasting community.",high,council_disclosure,data/fy18/schedule_c/fy18_schedule_c_awards.csv,450,136216919,yes
2018,Mental Health Services,,initiative_provider,,"Jewish Community Center in Manhattan, Inc., The",,133490745,67183,DHMH,This allocation supports wraparound services for autistic children in after-school and summer programs and during school closings. The programs may also provide forums or training seminars to teach coping skills to families and caregivers affected by autism.,high,council_disclosure,data/fy18/schedule_c/fy18_schedule_c_awards.csv,267,135562256,yes
2018,,,,Johnson,Jews for Racial and Economic Justice,,133694790,8000,DFTA,"To conduct pilot Eldercare Training Program, including workshops that focus on ensuring the dignity of seniors and domestic care workers.",high,council_disclosure,data/fy18/schedule_c/fy18_appendix_a_aging.csv,230,510506762,yes
2018,Mental Health Services,,initiative_provider,,Job Path Inc.,,134038495,87250,DHMH,This allocation supports wraparound services for autistic children in after-school and summer programs and during school closings. The programs may also provide forums or training seminars to teach coping skills to families and caregivers affected by autism.,high,council_disclosure,data/fy18/schedule_c/fy18_schedule_c_awards.csv,268,133622107,yes
2018,Health Services,Maternal and Child Health Services,initiative_provider,Citywide,"Joseph P. Addabbo Family Health Center, Inc.",,061181226,92631,DHMH,"This funding supports a range of maternal and child health services and coordination efforts that aid expectant mothers and women of childbearing age, promoting women’s health before, during, and after pregnancy in an effort to improve maternal and child health outcomes and reduce infant mortality rates. Services may include doula care or home-visiting programs.",high,council_disclosure,data/fy18/schedule_c/fy18_schedule_c_awards.csv,123,131624096,yes
2018,,,,Cabrera,"Kittay House, Jewish Home Lifecare (D/B/A The New Jewish Home, Kittay Apartments)",,132619576,35000,DFTA,"Funding to support recreation, transportation and outings for tenants in Bronx JHL facilities, including  Kittay House residential elder care facility, as well as the University Avenue Assisted Living Program and  two HUD 202 buildings on our Bronx Campus",high,council_disclosure,data/fy18/schedule_c/fy18_appendix_a_aging.csv,232,133959398,yes
2018,Health Services,Viral Hepatitis Prevention,initiative_provider,Citywide,"Korean Community Services of Metropolitan New York, Inc.",,237348989,40410,DHMH,"This funding supports a range of programs and services intended to combat the spread of Hepatitis B/C and HIV as passed through intravenous drug use. In addition to Hepatitis B/C testing, services may include addiction treatment, care coordination, overdose prevention, mental health assessments, and sterile syringe access.",high,council_disclosure,data/fy18/schedule_c/fy18_schedule_c_awards.csv,144,133678499,yes
2018,Cultural Organizations,Coalition of Theaters of Color,initiative_provider,,"LaMicro Theater, Inc.",,770608611,14600,DCLA,To support the operations and programming of theaters and cultural organizationsprimarily in communities of color.,high,council_disclosure,data/fy18/schedule_c/fy18_schedule_c_awards.csv,42,113344389,yes
2018,Children’s Services,Discretionary Child Care,initiative_provider,,"Leake and Watts Services, Inc.",,131860451,273875,ACS,This allocation support child care programs and adds additional child care slots to certain programs.,high,council_disclosure,data/fy18/schedule_c/fy18_schedule_c_awards.csv,6,132686694,yes
2018,Public Safety,Crisis Management System – School Based Conflict Mediation,initiative_provider,,"Life Camp, Inc.",,200814999,80000,DOE,,medium,council_disclosure,data/fy18/schedule_c/fy18_schedule_c_awards.csv,369,111729398,yes
2018,Mental Health Services,,initiative_provider,,"Lifespire, Inc.",,132526022,140548,DHMH,This allocation supports wraparound services for autistic children in after-school and summer programs and during school closings. The programs may also provide forums or training seminars to teach coping skills to families and caregivers affected by autism.,high,council_disclosure,data/fy18/schedule_c/fy18_schedule_c_awards.csv,268,133622107,yes
2018,Mental Health Services,,initiative_provider,,"Lincoln Center for the Performing Arts, Inc.",,131847137,55000,DCLA,This allocation supports wraparound services for autistic children in after-school and summer programs and during school closings. The programs may also provide forums or training seminars to teach coping skills to families and caregivers affected by autism.,high,council_disclosure,data/fy18/schedule_c/fy18_schedule_c_awards.csv,268,133622107,yes
2018,Health Services,Maternal and Child Health Services,initiative_provider,Citywide,Lower East Side Family Union,,237412423,61701,DHMH,"This funding supports a range of maternal and child health services and coordination efforts that aid expectant mothers and women of childbearing age, promoting women’s health before, during, and after pregnancy in an effort to improve maternal and child health outcomes and reduce infant mortality rates. Services may include doula care or home-visiting programs.",high,council_disclosure,data/fy18/schedule_c/fy18_schedule_c_awards.csv,123,131624096,yes
2018,Cultural Organizations,Coalition of Theaters of Color,initiative_provider,,Ma-Yi Filipino Theatre Ensemble,,133607832,29800,DCLA,To support the operations and programming of theaters and cultural organizationsprimarily in communities of color.,high,council_disclosure,data/fy18/schedule_c/fy18_schedule_c_awards.csv,43,133486145,yes
2018,Housing,Stabilizing NYC,initiative_provider,Citywide,"Mary Mitchell Family and Youth Center, Inc.",,133385032,124300,HPD,"This initiative supports a coalition of 17 not-for-profit groups that seek to combat the loss of affordable housing at the hands of predatory equity companies, and to defend low-income tenants in predatory equity building from harassment and eviction. Stabilizing NYC combines legal and organizing resources into a citywide front against predatory equity, helping tenants hold their predatory equity landlords accountable for lack of repairs, bogus eviction cases, and affirmative harassment.",high,council_disclosure,data/fy18/schedule_c/fy18_schedule_c_awards.csv,232,132806160,yes
2018,Cultural Organizations,Coalition of Theaters of Color,initiative_provider,,"Mindbuilders Creative Arts, Inc.",,132988157,29800,DCLA,To support the operations and programming of theaters and cultural organizationsprimarily in communities of color.,high,council_disclosure,data/fy18/schedule_c/fy18_schedule_c_awards.csv,43,133486145,yes
2018,Health Services,Viral Hepatitis Prevention,initiative_provider,Citywide,Montefiore Medical Center,,131740114,53880,DHMH,"This funding supports a range of programs and services intended to combat the spread of Hepatitis B/C and HIV as passed through intravenous drug use. In addition to Hepatitis B/C testing, services may include addiction treatment, care coordination, overdose prevention, mental health assessments, and sterile syringe access.",high,council_disclosure,data/fy18/schedule_c/fy18_schedule_c_awards.csv,144,133678499,yes
2018,Mental Health Services,,initiative_provider,,Montefiore Medical Center,,131740114,70429,DHMH,"This initiative supports a range of programs and services that address the needs of individuals with chemical dependencies, developmental disabilities, and/or serious mental illnesses, as well as the needs of their families and caregivers. The funding may support medically supervised outpatient programs, transition management programs, Article 16 clinics, psychological clubs, recreation programs, or other behavioral health services.",high,council_disclosure,data/fy18/schedule_c/fy18_schedule_c_awards.csv,311,135596746,yes
2018,Mental Health Services,Children Under Five,initiative_provider,,Montefiore Medical Center,,131740114,425077,DHMH,"This allocation funds community-based outpatient mental health clinics throughout the City that provide mental health treatment to children aged five years and younger. Mental health treatment activities may include, but are not limited to, screening and clinical evaluation; individual, small group, and child-parent psychotherapy; consultation to pediatricians, preschool teachers, and child welfare workers; and trauma-informed interventions.",high,council_disclosure,data/fy18/schedule_c/fy18_schedule_c_awards.csv,286,132946970,yes
2018,Criminal Justice Services,Alternatives to Incarceration (ATI’s),initiative_provider,,"National Association on Drug Abuse Problems, Inc.",,132814327,50000,,,low,absorbed_text,data/fy18/schedule_c/fy18_schedule_c_awards.csv,18,271041447,no
2018,Cultural Organizations,Coalition of Theaters of Color,initiative_provider,,"National Black Theatre Workshop, Inc.",,132632596,123200,DCLA,To support the operations and programming of theaters and cultural organizationsprimarily in communities of color.,high,council_disclosure,data/fy18/schedule_c/fy18_schedule_c_awards.csv,44,136216904,yes
2018,Housing,Community Housing Preservation Strategies,initiative_provider,,"Neighborhood Housing Services of Jamaica, Inc.",,237398279,29730,HPD,"The Community Consultant Contract (CCC) initiative provides funding for the front-line anti-eviction/anti-displacement services that community groups provide. When a community resident is at risk of eviction, or when a constituent needs assistance with a housing case, they call the CCC-funded specialist at their local community group. These specialists are knowledgeable about a full range of available resources and use all applicable tools to keep New York City residents in housing they can afford. This initiative allows neighborhood-based groups to provide the following core housing services: tenant organization; code enforcement advocacy; housing court assistance; apartment repossession; and other housing-related public education.",high,council_disclosure,data/fy18/schedule_c/fy18_schedule_c_awards.csv,189,133110811,yes
2018,Housing,Community Housing Preservation Strategies,initiative_provider,CD28,"Neighborhood Housing Services of Jamaica, Inc.",,237398279,51000,HPD,"The Housing Preservation Initiative (HPI) provides funding for neighborhood-based groups to design and implement a grassroots, neighborhood-based approach to stop the loss of affordable housing. HPI seeks to protect affordable housing and promote neighborhood stabilization in needy districts. HPI funding helps local organizations work with local residents and institutions to protect affordable housing and promote neighborhood stabilization.",high,council_disclosure,data/fy18/schedule_c/fy18_schedule_c_awards.csv,189,133110811,yes
2018,Housing,Community Housing Preservation Strategies,initiative_provider,Miller,"Neighborhood Housing Services of Jamaica, Inc.",,237398279,71000,HPD,"The Housing Preservation Initiative (HPI) provides funding for neighborhood-based groups to design and implement a grassroots, neighborhood-based approach to stop the loss of affordable housing. HPI seeks to protect affordable housing and promote neighborhood stabilization in needy districts. HPI funding helps local organizations work with local residents and institutions to protect affordable housing and promote neighborhood stabilization.",high,council_disclosure,data/fy18/schedule_c/fy18_schedule_c_awards.csv,189,133110811,yes
2018,Public Safety,Crisis Management System – School Based Conflict Mediation,initiative_provider,,"New York Center for Interpersonal Development, Inc.",,237085239,80000,,,low,absorbed_text,data/fy18/schedule_c/fy18_schedule_c_awards.csv,370,800612019,no
2018,Criminal Justice Services,Initiative to Combat Sexual Assault,initiative_provider,Citywide,New York City Alliance Against Sexual Assault,,311702032,150000,MOCJ,"Funding supports community-based organizations that provide services to victims of physical and sexual assault including crisis intervention, legal advocacy, individual and group traumafocused therapy, short-term counseling, forensic training to medical personnel and referrals. In addition, this allocation partially supports operating costs for four Child Advocacy Centers (CACs) that are located in Brooklyn, Queens, Staten Island and the Bronx.",high,council_disclosure,data/fy18/schedule_c/fy18_schedule_c_awards.csv,27,132946970,yes
2018,Mental Health Services,,initiative_provider,,"New York Families for Autistic Children, Inc.",,113442879,219665,DHMH,This allocation supports wraparound services for autistic children in after-school and summer programs and during school closings. The programs may also provide forums or training seminars to teach coping skills to families and caregivers affected by autism.,high,council_disclosure,data/fy18/schedule_c/fy18_schedule_c_awards.csv,271,135562308,yes
2018,Small Business Services and Workforce Development,MWBE Leadership Associations,initiative_provider,Citywide,"New York Women's Chamber of Commerce, Inc.",,141845651,78940,SBS,"This funding will provide for a range of services that will help increase the capacity of MWBEs across the City. Services will include guidance on government contracting for potential or City-certified MWBEs, assistance in connecting MWBEs to potential customers, aid in the development of bids and proposals, assistance in securing project financing and bonding, and the promotion and marketing of the City’s MWBE program.",high,council_disclosure,data/fy18/schedule_c/fy18_schedule_c_awards.csv,441,112436149,yes
2018,Cultural Organizations,Coalition of Theaters of Color,initiative_provider,,"Nia Theatrical Production Company, Inc.",,113427470,14600,DCLA,To support the operations and programming of theaters and cultural organizationsprimarily in communities of color.,high,council_disclosure,data/fy18/schedule_c/fy18_schedule_c_awards.csv,47,132894709,yes
2018,,,,Vallone,"North Flushing Senior Center, Inc.",,112741128,8500,DFTA,Funding to support general operational expenses related to running senior center and provision of programming and activities.,high,council_disclosure,data/fy18/schedule_c/fy18_appendix_a_aging.csv,283,134131325,yes
2018,Public Safety,Crisis Management System – Mental Health/Therapeutic Services,initiative_provider,,"Not Another Child, Inc.",,260894097,35000,MOCJ,"This allocation funds the Crisis Management System, which uses a public health approach to prevent and respond to gun violence. The Cure Violence programs funded take a public health approach to violence prevention that understands violence as a learned behavior that can be prevented using disease control methods. The Crisis Management System uses an emergency management model which supports programs intended to prevent gun violence and restores damage done to communities by gun violence and funds programs that respond to gun violence. These neighborhood networks offer legal services, hospital response programs, youth employment opportunities, school based conflict mediation, community therapeutic services, job training programs and evaluation work.",high,council_disclosure,data/fy18/schedule_c/fy18_schedule_c_awards.csv,362,112665181,yes
2018,Cultural Organizations,Coalition of Theaters of Color,initiative_provider,,"People's Theatre Project, Inc.",,264705999,29800,DCLA,To support the operations and programming of theaters and cultural organizationsprimarily in communities of color.,high,council_disclosure,data/fy18/schedule_c/fy18_schedule_c_awards.csv,48,133929841,yes
2018,Cultural Organizations,Coalition of Theaters of Color,initiative_provider,,"Point Community Development Corporation, The",,133765140,29800,DCLA,To support the operations and programming of theaters and cultural organizationsprimarily in communities of color.,high,council_disclosure,data/fy18/schedule_c/fy18_schedule_c_awards.csv,48,133929841,yes
2018,Mental Health Services,,initiative_provider,,"QSAC, Inc.",,112482974,189970,DHMH,This allocation supports wraparound services for autistic children in after-school and summer programs and during school closings. The programs may also provide forums or training seminars to teach coping skills to families and caregivers affected by autism.,high,council_disclosure,data/fy18/schedule_c/fy18_schedule_c_awards.csv,276,135600422,yes
2018,Health Services,Viral Hepatitis Prevention,initiative_provider,,"Queens Comprehensive Perinatal Council, Inc.",,112870422,35484,DOHMH,"This funding supports a range of maternal and child health services and coordination efforts that aid expectant mothers and women of childbearing age, promoting women’s health before, during, and after pregnancy in an effort to improve maternal and child health outcomes and reduce infant mortality rates. Services may include doula care or home-visiting programs.",high,council_disclosure,data/fy18/schedule_c/fy18_schedule_c_awards.csv,126,743177454,yes
2018,,,,Vallone,"Queens Interagency Council on the Aging, Inc.",,112744700,11500,DFTA,Funding to support operating expenses of programs which benefit Queens seniors.,high,council_disclosure,data/fy18/schedule_c/fy18_appendix_a_aging.csv,300,237172152,yes
2018,,,,,"Queensboro Council for Social Welfare, Inc.",,111817497,5000,DFTA,,medium,council_disclosure,data/fy18/schedule_c/fy18_appendix_a_aging.csv,304,111752021,yes
2018,Health Services,Cancer Services,initiative_provider,,Ralph Lauren Center for Cancer Care and Prevention,,020597827,100000,DHMH,"This allocation supports various education and supportive services for breast, colon, and ovarian cancer.",high,council_disclosure,data/fy18/schedule_c/fy18_schedule_c_awards.csv,112,743177454,yes
2018,Mental Health Services,,initiative_provider,,Reach for the Stars Learning Center,,203042280,55000,DHMH,This allocation supports wraparound services for autistic children in after-school and summer programs and during school closings. The programs may also provide forums or training seminars to teach coping skills to families and caregivers affected by autism.,high,council_disclosure,data/fy18/schedule_c/fy18_schedule_c_awards.csv,277,112594790,yes
2018,,,,Crowley,"Ridgewood Older Adult Center and Services, Inc.",,050607283,25000,DFTA,"Funds are to support activities, programing, transportation, equipment amd supplies",high,council_disclosure,data/fy18/schedule_c/fy18_appendix_a_aging.csv,322,237357997,yes
2018,Cultural Organizations,Coalition of Theaters of Color,initiative_provider,,Rising Circle Theater Collective,,201407519,14600,DCLA,To support the operations and programming of theaters and cultural organizationsprimarily in communities of color.,high,council_disclosure,data/fy18/schedule_c/fy18_schedule_c_awards.csv,48,133929841,yes
2018,Immigrant Services,Immigrant Opportunities Initiative,initiative_provider,,"SBH Community Service Network, Inc.",,237406410,25000,,,medium,council_disclosure,data/fy18/schedule_c/fy18_schedule_c_awards.csv,256,112728233,yes
2018,Mental Health Services,Geriatric Mental Health,initiative_provider,Citywide,"SBH Community Service Network, Inc.",,237406410,63000,DHMH,"This funding supports organizations that provide a range of mental health services to older adults in “non-clinical settings,” such as senior centers, drop-in centers, religious institutions, social clubs, homeless prevention programs, and individual homes.",high,council_disclosure,data/fy18/schedule_c/fy18_schedule_c_awards.csv,331,132947616,yes
2018,,,,Deutsch,Seabreeze Jewish Center,,112164803,3000,DFTA,"Funds for various needs of seniors, such as home visits, social and educational events for seniors.",high,council_disclosure,data/fy18/schedule_c/fy18_appendix_a_aging.csv,333,237444790,yes
2018,,,,Lander,"Senior Citizens League of Flatbush, Inc.",,112347331,5000,DFTA,To support education and wellness programs for seniors.,high,council_disclosure,data/fy18/schedule_c/fy18_appendix_a_aging.csv,344,132947616,yes
2018,Mental Health Services,,initiative_provider,,"Shield of David, Inc.",,131740041,113136,DHMH,This allocation supports wraparound services for autistic children in after-school and summer programs and during school closings. The programs may also provide forums or training seminars to teach coping skills to families and caregivers affected by autism.,high,council_disclosure,data/fy18/schedule_c/fy18_schedule_c_awards.csv,280,113070228,yes
2018,Mental Health Services,,initiative_provider,,"Sinergia, Inc.",,133183344,75000,,,low,absorbed_text,data/fy18/schedule_c/fy18_schedule_c_awards.csv,281,136216919,no
2018,Cultural Organizations,Coalition of Theaters of Color,initiative_provider,,"Society of the Educational Arts, Inc.",,113210593,113200,DCLA,To support the operations and programming of theaters and cultural organizationsprimarily in communities of color.,high,council_disclosure,data/fy18/schedule_c/fy18_schedule_c_awards.csv,50,133805585,yes
2018,Immigrant Services,Immigrant Opportunities Initiative,initiative_provider,Citywide,"Southside Community Mission, Inc.",,112306447,65000,DSS/HRA,"This initiative provides legal services for recent immigrants to assist with applications for citizenship or permanent residency, and various other immigrant related legal services.",high,council_disclosure,data/fy18/schedule_c/fy18_schedule_c_awards.csv,256,112728233,yes
2018,Mental Health Services,,initiative_provider,,St. Luke's Roosevelt Hospital Center,,132997301,41103,DHMH,"This initiative supports a range of programs and services that address the needs of individuals with chemical dependencies, developmental disabilities, and/or serious mental illnesses, as well as the needs of their families and caregivers. The funding may support medically supervised outpatient programs, transition management programs, Article 16 clinics, psychological clubs, recreation programs, or other behavioral health services.",high,council_disclosure,data/fy18/schedule_c/fy18_schedule_c_awards.csv,315,202508411,yes
2018,,,,Eugene,St. Mark's United Methodist Church,,111642727,16000,DFTA,"Funds will be used to maintain personnel, provide food, and to assist seniors in maximizing their full potential through educational and social activities.",high,council_disclosure,data/fy18/schedule_c/fy18_appendix_a_aging.csv,375,111646313,yes
2018,,,,Lancman,St. Nicholas of Tolentine,,111714878,5000,,,medium,council_disclosure,data/fy18/schedule_c/fy18_appendix_a_aging.csv,376,510192170,yes
2018,Mental Health Services,,initiative_provider,,"Staten Island Mental Health Society, Inc.",,135623279,107103,,,low,absorbed_text,data/fy18/schedule_c/fy18_schedule_c_awards.csv,315,202508411,no
2018,Children’s Services,Discretionary Child Care,initiative_provider,,"Staten Island Mental Health Society, Inc.",,135623279,325000,ACS,This allocation support child care programs and adds additional child care slots to certain programs.,high,council_disclosure,data/fy18/schedule_c/fy18_schedule_c_awards.csv,6,132686694,yes
2018,Health Services,Cancer Services,member_item,,Staten Island University Hospital,,112868878,50000,DHMH,"This allocation supports various education and supportive services for breast, colon, and ovarian cancer.",high,council_disclosure,data/fy18/schedule_c/fy18_schedule_c_awards.csv,114,264417161,yes
2018,,,,Rosenthal,"Strycker's Bay Neighborhood Council, Inc.",,131943516,5000,,,medium,council_disclosure,data/fy18/schedule_c/fy18_appendix_a_aging.csv,388,510189327,yes
2018,Housing,Community Housing Preservation Strategies,initiative_provider,,"Strycker's Bay Neighborhood Council, Inc.",,131943516,29730,HPD,"The Community Consultant Contract (CCC) initiative provides funding for the front-line anti-eviction/anti-displacement services that community groups provide. When a community resident is at risk of eviction, or when a constituent needs assistance with a housing case, they call the CCC-funded specialist at their local community group. These specialists are knowledgeable about a full range of available resources and use all applicable tools to keep New York City residents in housing they can afford. This initiative allows neighborhood-based groups to provide the following core housing services: tenant organization; code enforcement advocacy; housing court assistance; apartment repossession; and other housing-related public education.",high,council_disclosure,data/fy18/schedule_c/fy18_schedule_c_awards.csv,204,133442022,yes
2018,Youth Services,COMPASS,initiative_provider,,"Strycker's Bay Neighborhood Council, Inc.",,131943516,134400,DYCD,This allocation supports programming for children in grades K-5 under the Comprehensive Afterschool System of New York City (COMPASS NYC).,high,council_disclosure,data/fy18/schedule_c/fy18_schedule_c_awards.csv,464,112799128,yes
2018,,,,Espinal,"Sumner Houses Tenants Association, Inc.",,112733344,5000,DFTA,Funding will support senior programming and meals,high,council_disclosure,data/fy18/schedule_c/fy18_appendix_a_aging.csv,388,510189327,yes
2018,Cultural Organizations,Coalition of Theaters of Color,initiative_provider,,"Take Wing and Soar Productions, Inc.",,141885605,14600,DCLA,To support the operations and programming of various theaters and cultural organizations primarily in communities of color.,medium,council_disclosure,data/fy18/schedule_c/fy18_schedule_c_awards.csv,50,133805585,yes
2018,Housing,Community Housing Preservation Strategies,initiative_provider,,"United Jewish Council of the East Side, Inc.",,132735378,29730,HPD,"The Community Consultant Contract (CCC) initiative provides funding for the front-line anti-eviction/anti-displacement services that community groups provide. When a community resident is at risk of eviction, or when a constituent needs assistance with a housing case, they call the CCC-funded specialist at their local community group. These specialists are knowledgeable about a full range of available resources and use all applicable tools to keep New York City residents in housing they can afford. This initiative allows neighborhood-based groups to provide the following core housing services: tenant organization; code enforcement advocacy; housing court assistance; apartment repossession; and other housing-related public education.",high,council_disclosure,data/fy18/schedule_c/fy18_schedule_c_awards.csv,204,133442022,yes
2018,Criminal Justice Services,Alternatives to Incarceration (ATI’s),initiative_provider,,"Urban Youth Alliance International, Inc.",,132969182,132000,MOCJ,"Funding of $5.6 million will support alternative-to-Incarceration (ATI) programs that provide individuals involved in the criminal justice system with intermediate sanctions, such as community service and substance abuse counseling as an alternative to pre-trial detention, sentence to jail or prison. In addition, this initiative supports other services for current and formerly incarcerated individuals including short-term and long-term housing, job placement and vocational training. In addition, $400,000 will provide individuals involved in the criminal justice system with a pathway to Higher Educational opportunities. Additionally, $375,000 will provide pretrial community based supervision for individuals as an alternative to pretrial detention.",high,council_disclosure,data/fy18/schedule_c/fy18_schedule_c_awards.csv,23,135596836,yes
2018,Public Safety,Crisis Management System – Mental Health/Therapeutic Services,initiative_provider,,"Urban Youth Alliance International, Inc.",,132969182,140000,MOCJ,"This allocation funds the Crisis Management System, which uses a public health approach to prevent and respond to gun violence. The Cure Violence programs funded take a public health approach to violence prevention that understands violence as a learned behavior that can be prevented using disease control methods. The Crisis Management System uses an emergency management model which supports programs intended to prevent gun violence and restores damage done to communities by gun violence and funds programs that respond to gun violence. These neighborhood networks offer legal services, hospital response programs, youth employment opportunities, school based conflict mediation, community therapeutic services, job training programs and evaluation work.",high,council_disclosure,data/fy18/schedule_c/fy18_schedule_c_awards.csv,359,132612524,yes
2018,Public Safety,Crisis Management System – School Based Conflict Mediation,initiative_provider,,"Urban Youth Alliance International, Inc.",,132969182,160000,,,low,absorbed_text,data/fy18/schedule_c/fy18_schedule_c_awards.csv,366,451964622,no
2018,,,,Cornegy,VISIONS/Services for the Blind and Visually Impaired,,131624210,6000,DFTA,Funding is for VISIONS services to provide visual aids to support older adults who are blind or severely visually impaired.,high,council_disclosure,data/fy18/schedule_c/fy18_appendix_a_aging.csv,396,131624210,yes
2018,Health Services,Viral Hepatitis Prevention,initiative_provider,Citywide,"Voices of Community Activists & Leaders (VOCAL-NY), Inc.",,134094385,13500,DHMH,"This funding supports a range of programs and services intended to combat the spread of Hepatitis B/C and HIV as passed through intravenous drug use. In addition to Hepatitis B/C testing, services may include addiction treatment, care coordination, overdose prevention, mental health assessments, and sterile syringe access.",high,council_disclosure,data/fy18/schedule_c/fy18_schedule_c_awards.csv,151,208672015,yes
2018,Housing,Community Housing Preservation Strategies,initiative_provider,,"West Bronx Housing and Neighborhood Resource Center, Inc.",,132941841,29730,HPD,"The Community Consultant Contract (CCC) initiative provides funding for the front-line anti-eviction/anti-displacement services that community groups provide. When a community resident is at risk of eviction, or when a constituent needs assistance with a housing case, they call the CCC-funded specialist at their local community group. These specialists are knowledgeable about a full range of available resources and use all applicable tools to keep New York City residents in housing they can afford. This initiative allows neighborhood-based groups to provide the following core housing services: tenant organization; code enforcement advocacy; housing court assistance; apartment repossession; and other housing-related public education.",high,council_disclosure,data/fy18/schedule_c/fy18_schedule_c_awards.csv,209,237169558,yes
2018,Housing,Community Housing Preservation Strategies,initiative_provider,,"West Bronx Housing and Neighborhood Resource Center, Inc.",,132941841,71000,HPD,"The Housing Preservation Initiative (HPI) provides funding for neighborhood-based groups to design and implement a grassroots, neighborhood-based approach to stop the loss of affordable housing. HPI seeks to protect affordable housing and promote neighborhood stabilization in needy districts. HPI funding helps local organizations work with local residents and institutions to protect affordable housing and promote neighborhood stabilization.",high,council_disclosure,data/fy18/schedule_c/fy18_schedule_c_awards.csv,209,237169558,yes
2018,Children’s Services,Discretionary Child Care,initiative_provider,,West Side Montessori School,,131992185,275000,ACS,This allocation support child care programs and adds additional child care slots to certain programs.,high,council_disclosure,data/fy18/schedule_c/fy18_schedule_c_awards.csv,6,132686694,yes
2018,Cultural Organizations,Coalition of Theaters of Color,initiative_provider,,"Yangtze Repertory Theatre of America, Inc.",,133698610,14600,DCLA,To support the operations and programming of theaters and cultural organizationsprimarily in communities of color.,high,council_disclosure,data/fy18/schedule_c/fy18_schedule_c_awards.csv,55,134158092,yes
2019,HEALTH SERVICES,Child Health and Wellness,initiative_provider,,"AID for AIDS International, Inc.",,133954568,50000,DHMH,"This funding supports prevention, education, outreach, and support services that align with the Ending the Epidemic (ETE) framework, and connects clients to healthcare and medication, including Pre-Exposure Prophylaxis (PrEP) and Post-Exposure Prophylaxis (PEP).",high,council_disclosure,data/fy19/schedule_c/fy19_schedule_c_awards.csv,240,112837894,yes
2019,IMMIGRANT SERVICES,Immigrant Health Initiative,initiative_provider,,Ackerman Institute for the Family,,131923959,65000,DHMH,"This funding supports programs that decrease health disparities among foreignborn New Yorkers by: improving access to health care, addressing cultural and language barriers, and targeting resources and interventions. The initiative will also support mental health services for vulnerable immigrants.",high,council_disclosure,data/fy19/schedule_c/fy19_schedule_c_awards.csv,451,133749744,yes
2019,PUBLIC SAFETY,,initiative_provider,,"Afro-Latin Jazz Alliance of New York, Inc.",Brownsville Academy,453665976,18000,DCLA,"This allocation supports the use of art as a means to engage, organize, and mobilize communities in the public awareness and conflict mediation surrounding gun violence.",high,council_disclosure,data/fy19/schedule_c/fy19_schedule_c_awards.csv,632,132709368,yes
2019,HOUSING,Community Housing Preservation Strategies,initiative_provider,,"Brighton Neighborhood Association, Inc.",,112435523,29729,HPD,"The Community Consultant Contract (CCC) initiative provides funding for the front-line anti-eviction/anti-displacement services that community groups provide. When a community resident is at risk of eviction, or when a constituent needs assistance with a housing case, they call the CCC-funded specialist at their local community group. These specialists are knowledgeable about a full range of available resources and use all applicable tools to keep New York City residents in housing they can afford. This initiative allows neighborhood-based groups to provide the following core housing services: tenant organization; code enforcement advocacy; housing court assistance; apartment repossession; and other housing-related public education.",high,council_disclosure,data/fy19/schedule_c/fy19_schedule_c_awards.csv,370,471006046,yes
2019,SMALL BUSINESS SERVICES AND WORKFORCE DEVELOPMENT,Chamber on the Go and Small Business Assistance,initiative_provider,,"Caribbean American Chamber of Commerce and Industry, Inc.",,112903423,88500,SBS,"This initiative will provide assistance to entrepreneurs and small businesses. Funding will support outreach efforts aimed at increasing businesses’ access to a variety of services including: pro-bono legal assistance, technical and financing assistance, business counseling, financial literacy, referrals to other governmental resources and support, and assistance with affordable healthcare enrollment opportunities.",high,council_disclosure,data/fy19/schedule_c/fy19_schedule_c_awards.csv,699,133591350,yes
2019,PUBLIC SAFETY,,initiative_provider,,"Central Brooklyn Jazz Consortium, Inc.",Public School 284K,113549224,18000,DCLA,"This allocation supports the use of art as a means to engage, organize, and mobilize communities in the public awareness and conflict mediation surrounding gun violence.",high,council_disclosure,data/fy19/schedule_c/fy19_schedule_c_awards.csv,632,132709368,yes
2019,HOUSING,Community Housing Preservation Strategies,initiative_provider,,"Community League of the Heights, Inc.",,132564241,29729,HPD,"The Community Consultant Contract (CCC) initiative provides funding for the front-line anti-eviction/anti-displacement services that community groups provide. When a community resident is at risk of eviction, or when a constituent needs assistance with a housing case, they call the CCC-funded specialist at their local community group. These specialists are knowledgeable about a full range of available resources and use all applicable tools to keep New York City residents in housing they can afford. This initiative allows neighborhood-based groups to provide the following core housing services: tenant organization; code enforcement advocacy; housing court assistance; apartment repossession; and other housing-related public education.",high,council_disclosure,data/fy19/schedule_c/fy19_schedule_c_awards.csv,376,141719016,yes
2019,HEALTH SERVICES,Child Health and Wellness,initiative_provider,,"Community Research Initiative on AIDS, Inc.",,133632234,228630,DHMH,"This funding supports prevention, education, outreach, and support services that align with the Ending the Epidemic (ETE) framework, and connects clients to healthcare and medication, including Pre-Exposure Prophylaxis (PrEP) and Post-Exposure Prophylaxis (PEP).",high,council_disclosure,data/fy19/schedule_c/fy19_schedule_c_awards.csv,255,113122295,yes
2019,SENIOR SERVICES,Borough Presidents’ Discretionary Funding Restoration,initiative_provider,,"Community Service Center of Greater Williamsburg, Inc.",,455180976,25000,,,medium,council_disclosure,data/fy19/schedule_c/fy19_schedule_c_awards.csv,649,112864728,yes
2019,EDUCATION,Support for Educators,initiative_provider,,Council of School Supervisors and Administrators,,112024569,450000,DOE,"This allocation to DOE supports the Teacher’s Choice program, which reimburses school staff for supplies. In addition, $450,000 is allocated to the Council of School Supervisors and Administrators to support the Executive Leadership Institute.",high,council_disclosure,data/fy19/schedule_c/fy19_schedule_c_awards.csv,198,136400434,yes
2019,DOMESTIC VIOLENCE SERVICES,Domestic Violence and Empowerment (DoVE) Initiative,initiative_provider,,"Crime Victims Treatment Center, Inc.",,815080860,45000,MOCJ,"The DoVE Initiative supports a range of services that include case management, crisis intervention, referrals, counseling, empowerment workshops, legal advocacy and referrals. Safe Horizon, the administrator for this program, serves as a liaison between the City and the community based organizations to resolve complex administrative issues, and provides training, technical assistance, and direct services.",high,council_disclosure,data/fy19/schedule_c/fy19_schedule_c_awards.csv,166,135675643,yes
2019,CRIMINAL JUSTICE SERVICES,Initiative to Combat Sexual Assault,initiative_provider,,"Crime Victims Treatment Center, Inc.",,815080860,200000,MOCJ,"Funding supports community-based organizations that provide physical and sexual assault related services, which include crisis intervention, legal advocacy, individual and group trauma-focused therapy, short-term counseling, forensic training to medical personnel, and referrals. Post-adoption, the Council will designate $1,062,000 to fund sexual assault services and prevention. In addition, this allocation partially supports operating costs for four Child Advocacy Centers (CACs) that are located in Brooklyn, Queens, Staten Island, and the Bronx. CACs work handin-hand with law enforcement and child protective services to coordinate and expedite the investigation and prosecution of child sexual abuse cases.",high,council_disclosure,data/fy19/schedule_c/fy19_schedule_c_awards.csv,100,136171197,yes
2019,YOUTH SERVICES,COMPASS,initiative_provider,,"Development Outreach, Inc.",,132997764,150000,DYCD,This allocation supports programming for children in grades K-5 under the Comprehensive Afterschool System of New York City (COMPASS NYC).,high,council_disclosure,data/fy19/schedule_c/fy19_schedule_c_awards.csv,832,131623989,yes
2019,PUBLIC SAFETY,,initiative_provider,,"East Flatbush Village, Inc.",,800612019,18000,DCLA,"This allocation supports the use of art as a means to engage, organize, and mobilize communities in the public awareness and conflict mediation surrounding gun violence.",medium,council_disclosure,data/fy19/schedule_c/fy19_schedule_c_awards.csv,632,132709368,yes
2019,HEALTH SERVICES,Child Health and Wellness,initiative_provider,,"Gay Men of African Descent, Inc.",,133597820,10000,DHMH,"This allocation supports HIV/AIDS prevention, education, outreach, advocacy, and support services funded by religious institutions and community-based organizations.",high,council_disclosure,data/fy19/schedule_c/fy19_schedule_c_awards.csv,301,112527706,yes
2019,COMMUNITY DEVELOPMENT,Communities of Color Nonprofit Stabilization Fund,initiative_provider,,"Haitian Americans United for Progress, Inc.",,112423857,70000,DYCD,"This funding creates additional basic literacy, English for Speakers of Other Languages and Graduate Equivalency Degree classes for adults who cannot read, write or speak English, in addition to funding support services such as counseling and case management for students.",high,council_disclosure,data/fy19/schedule_c/fy19_schedule_c_awards.csv,36,133584616,yes
2019,HEALTH SERVICES,Child Health and Wellness,initiative_provider,,"Healthix, Inc.",,450553664,10000,DHMH,"This funding supports prevention, education, outreach, and support services that align with the Ending the Epidemic (ETE) framework, and connects clients to healthcare and medication, including Pre-Exposure Prophylaxis (PrEP) and Post-Exposure Prophylaxis (PEP).",high,council_disclosure,data/fy19/schedule_c/fy19_schedule_c_awards.csv,263,133584089,yes
2019,EDUCATION,LGBTQ Inclusive Curriculum,initiative_provider,,"History UnErased, Inc.",LGBT Inclusive Curriculum,472852025,100000,DOE,"This allocation will fund the DOE’s effort to support the needs of LGBTQ youth and address the intersectionality of race, sexual orientation and gender identity through DOE’s general curriculum. This funding will support professional development for public school teachers as well as integrating LGBTQ inclusive curriculum into literacy and history classes.",high,council_disclosure,data/fy19/schedule_c/fy19_schedule_c_awards.csv,190,521996380,yes
2019,HEALTH SERVICES,Viral Hepatitis Prevention,initiative_provider,,"Housing Works, Inc.",,133584089,13500,DHMH,"This funding supports a range of programs and services intended to combat the spread of Hepatitis B/C and HIV as passed through intravenous drug use. In addition to Hepatitis B/C testing, services may include care coordination, overdose prevention, or sterile syringe access.",high,council_disclosure,data/fy19/schedule_c/fy19_schedule_c_awards.csv,345,237348989,yes
2019,MENTAL HEALTH SERVICES,Opioid Prevention and Treatment,initiative_provider,,"Housing Works, Inc.",,133584089,250000,DHMH,This funding supports community-based organizations to conduct localized prevention and treatment efforts around opioid abuse.,high,council_disclosure,data/fy19/schedule_c/fy19_schedule_c_awards.csv,628,133724008,yes
2019,SMALL BUSINESS SERVICES AND WORKFORCE DEVELOPMENT,Worker Cooperative Business Development Initiative,initiative_provider,,"ICA Group, Inc., The",,042628399,309800,SBS,"The Worker Cooperative Business Development initiative will support the creation of jobs in worker cooperatives by coordinating education and training resources and by providing technical, legal, and financial assistance. The initiative will fund a comprehensive citywide effort to reach cooperative entrepreneurs, provide for the start-up of new worker cooperative small businesses, and provide assistance to existing cooperatives. The initiative will offer workforce development and concrete skills for unemployed, underemployed and discouraged workers in high-needs neighborhoods.",high,council_disclosure,data/fy19/schedule_c/fy19_schedule_c_awards.csv,767,112777066,yes
2019,IMMIGRANT SERVICES,Immigrant Opportunities Initiative,initiative_provider,,Immigration Equality,,133802711,10000,DSS/HRA,"This allocation supports legal services for recent immigrants to assist with applications for citizenship or permanent residency, and various other immigrant related legal services.",high,council_disclosure,data/fy19/schedule_c/fy19_schedule_c_awards.csv,489,132600199,yes
2019,IMMIGRANT SERVICES,Immigrant Health Initiative,initiative_provider,,"Institute for Family Health, The",,133273402,100000,DHMH,"This funding supports programs that decrease health disparities among foreignborn New Yorkers by: improving access to health care, addressing cultural and language barriers, and targeting resources and interventions. The initiative will also support mental health services for vulnerable immigrants.",high,council_disclosure,data/fy19/schedule_c/fy19_schedule_c_awards.csv,458,237348989,yes
2019,CULTURAL ORGANIZATIONS,Coalition of Theaters of Color,initiative_provider,,"Instituto Arte Teatral Internacional, Inc.",,133111859,29800,DCLA,To support the operations and programming of theaters and cultural organizations.,high,council_disclosure,data/fy19/schedule_c/fy19_schedule_c_awards.csv,125,237212492,yes
2019,YOUTH SERVICES,COMPASS,initiative_provider,,Jewish Institute of Queens,,542068797,210000,DYCD,This allocation supports programming for children in grades K-5 under the Comprehensive Afterschool System of New York City (COMPASS NYC).,high,council_disclosure,data/fy19/schedule_c/fy19_schedule_c_awards.csv,833,135562301,yes
2019,CRIMINAL JUSTICE SERVICES,Support for Victims of Human Trafficking,initiative_provider,,"LifeWay Network, Inc.",,208645579,60000,MOCJ,"This allocation supports programs that offer counseling and assistance with mental health, educational, immigration, housing and employment, as an alternative to detention or incarceration, for defendants in the City’s five human trafficking intervention courts; and for other victims of human trafficking.",high,council_disclosure,data/fy19/schedule_c/fy19_schedule_c_awards.csv,110,136400434,yes
2019,HEALTH SERVICES,HIV/AIDS Faith-Based,initiative_provider,,Lower East Side Family Union,,237412423,61701,DHMH,"This funding supports a range of maternal and child health services and coordination efforts that aid expectant mothers and women of childbearing age, promoting women’s health before, during, and after pregnancy in an effort to improve maternal and child health outcomes and reduce infant mortality rates. Services may include doula care or home-visiting programs.",high,council_disclosure,data/fy19/schedule_c/fy19_schedule_c_awards.csv,319,131624096,yes
2019,HOUSING,Community Housing Preservation Strategies,initiative_provider,,"Mary Mitchell Family and Youth Center, Inc.",,133385032,71000,HPD,"The Housing Preservation Initiative (HPI) provides funding for neighborhood-based groups to design and implement a grassroots, neighborhood-based approach to stop the loss of affordable housing. HPI seeks to protect affordable housing and promote neighborhood stabilization in needy districts. HPI funding helps local organizations work with local residents and institutions to protect affordable housing and promote neighborhood stabilization.",high,council_disclosure,data/fy19/schedule_c/fy19_schedule_c_awards.csv,396,132622748,yes
2019,HOUSING,Stabilizing NYC,initiative_provider,,"Mary Mitchell Family and Youth Center, Inc.",,133385032,125000,,,low,absorbed_text,data/fy19/schedule_c/fy19_schedule_c_awards.csv,445,112451752,no
2019,HEALTH SERVICES,Child Health and Wellness,initiative_provider,,Mount Horeb Baptist Church,,112074467,10000,DHMH,"This allocation supports HIV/AIDS prevention, education, outreach, advocacy, and support services funded by religious institutions and community-based organizations.",high,council_disclosure,data/fy19/schedule_c/fy19_schedule_c_awards.csv,304,208427029,yes
2019,SMALL BUSINESS SERVICES AND WORKFORCE DEVELOPMENT,Worker Cooperative Business Development Initiative,initiative_provider,,"NYC NOWC, Inc.",,465245034,252600,SBS,"The Worker Cooperative Business Development initiative will support the creation of jobs in worker cooperatives by coordinating education and training resources and by providing technical, legal, and financial assistance. The initiative will fund a comprehensive citywide effort to reach cooperative entrepreneurs, provide for the start-up of new worker cooperative small businesses, and provide assistance to existing cooperatives. The initiative will offer workforce development and concrete skills for unemployed, underemployed and discouraged workers in high-needs neighborhoods.",high,council_disclosure,data/fy19/schedule_c/fy19_schedule_c_awards.csv,767,112777066,yes
2019,HEALTH SERVICES,Viral Hepatitis Prevention,initiative_provider,,"New York Harm Reduction Educators, Inc.",,133678499,13500,DHMH,"This funding supports a range of programs and services intended to combat the spread of Hepatitis B/C and HIV as passed through intravenous drug use. In addition to Hepatitis B/C testing, services may include care coordination, overdose prevention, or sterile syringe access.",high,council_disclosure,data/fy19/schedule_c/fy19_schedule_c_awards.csv,347,133845305,yes
2019,HOUSING,,initiative_provider,,"Northwest Bronx Community and Clergy Coalition, Inc.",,132806160,29730,HPD,"The Community Consultant Contract (CCC) initiative provides funding for the front-line anti-eviction/anti-displacement services that community groups provide. When a community resident is at risk of eviction, or when a constituent needs assistance with a housing case, they call the CCC-funded specialist at their local community group. These specialists are knowledgeable about a full range of available resources and use all applicable tools to keep New York City residents in housing they can afford. This initiative allows neighborhood-based groups to provide the following core housing services: tenant organization; code enforcement advocacy; housing court assistance; apartment repossession; and other housing-related public education.",high,council_disclosure,data/fy19/schedule_c/fy19_schedule_c_awards.csv,409,112451752,yes
2019,HOUSING,Stabilizing NYC,initiative_provider,,"Northwest Bronx Community and Clergy Coalition, Inc.",,132806160,125000,,,low,absorbed_text,data/fy19/schedule_c/fy19_schedule_c_awards.csv,445,112451752,no
2019,MENTAL HEALTH SERVICES,,initiative_provider,,"PSCH, Inc.",,112542430,132103,DHMH,"This initiative supports a range of programs and services that address the needs of individuals with chemical dependencies, developmental disabilities, and/or serious mental illnesses, as well as the needs of their families and caregivers. The funding may support medically supervised outpatient programs, transition management programs, Article 16 clinics, psychological clubs, recreation programs, or other behavioral health services.",high,council_disclosure,data/fy19/schedule_c/fy19_schedule_c_awards.csv,599,743177454,yes
2019,SMALL BUSINESS SERVICES AND WORKFORCE DEVELOPMENT,Construction Site Safety Training,initiative_provider,,"Public Housing Communities, Inc.",,203937275,125000,SBS,"This funding provides $1 million for construction site safety training, education,outreach and referral services for construction workers and subcontractors employed at permitted building and demolition projects in the city.",high,council_disclosure,data/fy19/schedule_c/fy19_schedule_c_awards.csv,704,133255591,yes
2019,CULTURAL ORGANIZATIONS,Coalition of Theaters of Color,initiative_provider,,"Rising Circle Theater Collective, Inc.",,201407519,14600,DCLA,,low,absorbed_text,data/fy19/schedule_c/fy19_schedule_c_awards.csv,139,133929841,no
2019,MENTAL HEALTH SERVICES,Autism Awareness,initiative_provider,,"Sinergia, Inc.",,133183344,60548,DHMH,This allocation supports wraparound services for autistic children in after-school and summer programs and during school closings. The programs may also provide forums or training seminars to teach coping skills to families and caregivers affected by autism.,high,council_disclosure,data/fy19/schedule_c/fy19_schedule_c_awards.csv,559,136216919,yes
2019,YOUTH SERVICES,YouthBuild Project Initiative,initiative_provider,,South Bronx Overall Economic Development Corporation,,132736022,370100,DYCD,"YouthBuild is a comprehensive education, training, service and leadership development program that gives young adults who have left high school without a diploma the opportunity to transform their life prospects and become responsible, contributing adults.",high,council_disclosure,data/fy19/schedule_c/fy19_schedule_c_awards.csv,847,133203701,yes
2019,HOUSING,,initiative_provider,,"Strycker's Bay Neighborhood Council, Inc.",,131943516,29730,HPD,"The Community Consultant Contract (CCC) initiative provides funding for the front-line anti-eviction/anti-displacement services that community groups provide. When a community resident is at risk of eviction, or when a constituent needs assistance with a housing case, they call the CCC-funded specialist at their local community group. These specialists are knowledgeable about a full range of available resources and use all applicable tools to keep New York City residents in housing they can afford. This initiative allows neighborhood-based groups to provide the following core housing services: tenant organization; code enforcement advocacy; housing court assistance; apartment repossession; and other housing-related public education.",high,council_disclosure,data/fy19/schedule_c/fy19_schedule_c_awards.csv,418,132735378,yes
2019,YOUTH SERVICES,COMPASS,initiative_provider,,"Strycker's Bay Neighborhood Council, Inc.",,131943516,134400,DYCD,This allocation supports programming for children in grades K-5 under the Comprehensive Afterschool System of New York City (COMPASS NYC).,high,council_disclosure,data/fy19/schedule_c/fy19_schedule_c_awards.csv,834,112799128,yes
2019,HEALTH SERVICES,,initiative_provider,,"Vision Urbana, Inc.",,133848575,14000,DHMH,"This allocation supports HIV/AIDS prevention, education, outreach, advocacy, and support services funded by religious institutions and community-based organizations.",high,council_disclosure,data/fy19/schedule_c/fy19_schedule_c_awards.csv,310,263178076,yes
2019,SENIOR SERVICES,Senior Centers for Immigrant Populations,initiative_provider,,"Vision Urbana, Inc.",,133848575,100000,DFTA,This initiative will provide operational support to culturally competent and linguistically accessible non-DFTA senior centers and programmatic support for DFTA senior centers that predominantly serve immigrant seniors.,high,council_disclosure,data/fy19/schedule_c/fy19_schedule_c_awards.csv,680,200351906,yes
