scope,year,file,line,column,ein,ein_printed,amount,name,host_ein,host_amount,present_any_year,present_same_year
q1_organization,FY2016,data/fy16/schedule_c/fy16_schedule_c_awards.csv,20,organization,161395992,16-1395992,408978,Center for Community Alternatives' Crossroads Program,132645436,293850,2,0
q1_organization,FY2016,data/fy16/schedule_c/fy16_schedule_c_awards.csv,20,organization,133843322,13-3843322,440957,Center for Employment Opportunities (CEO),132645436,293850,2,0
q1_organization,FY2016,data/fy16/schedule_c/fy16_schedule_c_awards.csv,20,organization,237175609,23-7175609,1021340,Educational Assistance Corporation (EAC),132645436,293850,2,0
q1_organization,FY2016,data/fy16/schedule_c/fy16_schedule_c_awards.csv,25,organization,136171197,13-6171197,150000,Icahn School of Medicine at Mount Sinai,132813809,150000,0,0
q1_organization,FY2016,data/fy16/schedule_c/fy16_schedule_c_awards.csv,29,organization,133688519,13-3688519,100000,Her Justice,132946970,125000,4,0
q1_organization,FY2016,data/fy16/schedule_c/fy16_schedule_c_awards.csv,43,organization,131788491,13-1788491,1000000,"American Cancer Society, Inc., The",133035711,175500,0,0
q1_organization,FY2016,data/fy16/schedule_c/fy16_schedule_c_awards.csv,45,organization,132739694,13-2739694,40500,"Charles B. Wang Community Health Center, Inc.",134046652,40000,0,0
q1_organization,FY2016,data/fy16/schedule_c/fy16_schedule_c_awards.csv,52,organization,202015286,20-2015286,20480,Choices in Childbirth,510567466,11360,0,0
q1_organization,FY2016,data/fy16/schedule_c/fy16_schedule_c_awards.csv,57,organization,261269358,26-1269358,750000,"Heath Corps, Inc.",132949483,250000,0,0
q1_organization,FY2016,data/fy16/schedule_c/fy16_schedule_c_awards.csv,74,organization,132851988,13-2851988,29730,"Clinton Housing Development Company, Inc.",132564241,29730,0,0
q1_organization,FY2016,data/fy16/schedule_c/fy16_schedule_c_awards.csv,75,organization,133248777,13-3248777,29730,"El Barrio Operation Fight Back, Inc.",133311582,29730,0,0
q1_organization,FY2016,data/fy16/schedule_c/fy16_schedule_c_awards.csv,77,organization,112498292,11-2498292,29730,Gowanus Canal Community Development Corporation,112382250,29730,2,0
q1_organization,FY2016,data/fy16/schedule_c/fy16_schedule_c_awards.csv,78,organization,133516262,13-3516262,29730,"Harlem Congregations for Community Improvement, Inc.",510141489,29730,2,0
q1_organization,FY2016,data/fy16/schedule_c/fy16_schedule_c_awards.csv,80,organization,135562989,13-5562989,29730,Hudson Guild,131628180,29730,8,0
q1_organization,FY2016,data/fy16/schedule_c/fy16_schedule_c_awards.csv,90,organization,112470566,11-2470566,29730,"Peoples Firehouse, Inc.",112375583,29730,0,0
q1_organization,FY2016,data/fy16/schedule_c/fy16_schedule_c_awards.csv,94,organization,131943516,13-1943516,29730,"Strycker's Bay Neighborhood Council, Inc.",132735378,29731,2,0
q1_organization,FY2016,data/fy16/schedule_c/fy16_schedule_c_awards.csv,176,organization,542177390,54-2177390,50000,Turning Point for Women and Families,133593806,50000,22,0
q1_organization,FY2016,data/fy16/schedule_c/fy16_schedule_c_awards.csv,194,organization,135654450,13-5654450,234000,Selfhelp Community Services - Northridge NORC,132947657,57000,4,0
q1_organization,FY2016,data/fy16/schedule_c/fy16_schedule_c_awards.csv,197,organization,132736659,13-2736659,261000,Bowery Residents’ Committee Senior Center,136202692,10000,2,0
q1_organization,FY2016,data/fy16/schedule_c/fy16_schedule_c_awards.csv,241,organization,472787706,47-2787706,15000,Staten Island Community Job Center,136400434,135000,0,0
q1_organization,FY2016,data/fy16/schedule_c/fy16_schedule_c_awards.csv,243,organization,133564313,13-3564313,5354200,Consortium for Worker Education (CWE),136400434,281800,0,0
q1_organization,FY2016,data/fy16/schedule_c/fy16_schedule_c_awards.csv,264,organization,201828936,20-1828936,234000,Green Worker Cooperatives,113344389,94000,0,0
q1_organization,FY2016,data/fy16/schedule_c/fy16_schedule_c_awards.csv,264,organization,042628399,04-2628399,234000,ICA Group,113344389,94000,0,0
q1_organization,FY2016,data/fy16/schedule_c/fy16_schedule_c_awards.csv,264,organization,202264584,20-2264584,234000,"Working World, The (TWW)",113344389,94000,0,0
q1_organization,FY2016,data/fy16/schedule_c/fy16_schedule_c_awards.csv,266,organization,275265123,27-5265123,155000,Democracy at Work Institute (DAWI),452201993,84000,0,0
q1_organization,FY2016,data/fy16/schedule_c/fy16_schedule_c_awards.csv,266,organization,465245034,46-5245034,148000,NYC Network of Worker Cooperatives (NYCNOWC),452201993,84000,0,0
q1_organization,FY2017,data/fy17/schedule_c/fy17_schedule_c_awards.csv,2,organization,472375867,47-2375867,2000000,A&G Early Child Care Community Network Inc.,112290419,960000,0,0
q1_organization,FY2017,data/fy17/schedule_c/fy17_schedule_c_awards.csv,3,organization,132732818,13-2732818,709605,"Bethany Day Nursery, Inc.",131860451,273875,2,0
q1_organization,FY2017,data/fy17/schedule_c/fy17_schedule_c_awards.csv,3,organization,112347180,11-2347180,1448669,"Conselyea St. Block Association, Inc.",131860451,273875,4,0
q1_organization,FY2017,data/fy17/schedule_c/fy17_schedule_c_awards.csv,3,organization,112300840,11-2300840,587058,Fort Greene Council Inc.,131860451,273875,6,0
q1_organization,FY2017,data/fy17/schedule_c/fy17_schedule_c_awards.csv,3,organization,112302049,11-2302049,1136000,Gan Day Care,131860451,273875,10,0
q1_organization,FY2017,data/fy17/schedule_c/fy17_schedule_c_awards.csv,5,organization,135623279,13-5623279,325000,Staten Island Mental Health Society Inc. Head Start Program,131992185,275000,0,0
q1_organization,FY2017,data/fy17/schedule_c/fy17_schedule_c_awards.csv,7,organization,133212867,13-3212867,47000,"Broadway Housing Communities, Inc.",111904261,175000,0,0
q1_organization,FY2017,data/fy17/schedule_c/fy17_schedule_c_awards.csv,10,organization,043263046,04-3263046,175000,Jumpstart for Children,131887440,175000,0,0
q1_organization,FY2017,data/fy17/schedule_c/fy17_schedule_c_awards.csv,10,organization,133911331,13-3911331,440000,Literacy Inc. (LINC),131887440,175000,0,0
q1_organization,FY2017,data/fy17/schedule_c/fy17_schedule_c_awards.csv,11,organization,135562308,13-5562308,236000,New York University,112495601,34000,0,0
q1_organization,FY2017,data/fy17/schedule_c/fy17_schedule_c_awards.csv,27,organization,133935309,13-3935309,20000,"Dromm PowerMyLearning, Inc.",550882599,20000,56,0
q1_organization,FY2017,data/fy17/schedule_c/fy17_schedule_c_awards.csv,27,organization,133935309,13-3935309,20000,"Eugene PowerMyLearning, Inc.",550882599,20000,56,0
q1_organization,FY2017,data/fy17/schedule_c/fy17_schedule_c_awards.csv,27,organization,133935309,13-3935309,20000,"Ferreras-Copeland PowerMyLearning, Inc.",550882599,20000,56,0
q1_organization,FY2017,data/fy17/schedule_c/fy17_schedule_c_awards.csv,33,organization,134145441,13-4145441,20000,"Lander Npower, Inc.",550882599,20000,4,0
q1_organization,FY2017,data/fy17/schedule_c/fy17_schedule_c_awards.csv,38,organization,133973196,13-3973196,20000,"Rose MOUSE, Inc.",132954007,20000,63,0
q1_organization,FY2017,data/fy17/schedule_c/fy17_schedule_c_awards.csv,38,organization,133973196,13-3973196,20000,"Rosenthal MOUSE, Inc.",132954007,20000,63,0
q1_organization,FY2017,data/fy17/schedule_c/fy17_schedule_c_awards.csv,51,organization,132813809,13-2813809,150000,"Kingsbridge Heights Community Center, Inc.",132946970,748000,4,0
q1_organization,FY2017,data/fy17/schedule_c/fy17_schedule_c_awards.csv,51,organization,136171197,13-6171197,150000,Icahn School of Medicine at Mount Sinai,132946970,748000,0,0
q1_organization,FY2017,data/fy17/schedule_c/fy17_schedule_c_awards.csv,51,organization,311702032,31-1702032,150000,New York City Alliance Against Sexual Assault,132946970,748000,2,0
q1_organization,FY2017,data/fy17/schedule_c/fy17_schedule_c_awards.csv,52,organization,133083068,13-3083068,175000,"Community Healthcare Network, Inc.",132612524,52935,8,0
q1_organization,FY2017,data/fy17/schedule_c/fy17_schedule_c_awards.csv,54,organization,134150972,13-4150972,125000,"Girls Educational and Mentoring Services, Inc.",133286250,175000,8,0
q1_organization,FY2017,data/fy17/schedule_c/fy17_schedule_c_awards.csv,54,organization,136171197,13-6171197,75000,Icahn School of Medicine at Mount Sinai,133286250,175000,14,0
q1_organization,FY2017,data/fy17/schedule_c/fy17_schedule_c_awards.csv,55,organization,112515828,11-2515828,29800,"Afrikan Poetry Theatre, Inc.",133515233,29800,6,0
q1_organization,FY2017,data/fy17/schedule_c/fy17_schedule_c_awards.csv,55,organization,237057226,23-7057226,29800,"Amas Musical Theatre, Inc.",133515233,29800,6,0
q1_organization,FY2017,data/fy17/schedule_c/fy17_schedule_c_awards.csv,59,organization,112393789,11-2393789,29800,"Chinese Theater Works, Inc.",134046782,29800,2,0
q1_organization,FY2017,data/fy17/schedule_c/fy17_schedule_c_awards.csv,60,organization,134181617,13-4181617,14600,"Creative Ammo, Inc.",133116643,29800,4,0
q1_organization,FY2017,data/fy17/schedule_c/fy17_schedule_c_awards.csv,60,organization,134148861,13-4148861,14600,"Educational Theater of New York, Inc.",133116643,29800,0,0
q1_organization,FY2017,data/fy17/schedule_c/fy17_schedule_c_awards.csv,63,organization,113344389,11-3344389,29800,Make the Road New York,133607832,29800,6,0
q1_organization,FY2017,data/fy17/schedule_c/fy17_schedule_c_awards.csv,64,organization,132988157,13-2988157,29800,"Mindbuilders Creative Arts, Inc.",132632596,123200,4,0
q1_organization,FY2017,data/fy17/schedule_c/fy17_schedule_c_awards.csv,64,organization,133486145,13-3486145,14600,"National Asian American Theatre Company, Inc.",132632596,123200,6,0
q1_organization,FY2017,data/fy17/schedule_c/fy17_schedule_c_awards.csv,65,organization,136216904,13-6216904,113200,"Negro Ensemble Company, Inc.",132683678,113200,6,0
q1_organization,FY2017,data/fy17/schedule_c/fy17_schedule_c_awards.csv,65,organization,132814763,13-2814763,113200,"New Federal Theatre, Inc.",132683678,113200,6,0
q1_organization,FY2017,data/fy17/schedule_c/fy17_schedule_c_awards.csv,68,organization,264705999,26-4705999,29800,People's Theatre Project,237330454,29800,4,0
q1_organization,FY2017,data/fy17/schedule_c/fy17_schedule_c_awards.csv,68,organization,133765140,13-3765140,29800,"Point Community Development Corporation, The",237330454,29800,4,0
q1_organization,FY2017,data/fy17/schedule_c/fy17_schedule_c_awards.csv,68,organization,201407519,20-1407519,14600,"Rising Circle Theater Collective, Inc.",237330454,29800,0,0
q1_organization,FY2017,data/fy17/schedule_c/fy17_schedule_c_awards.csv,68,organization,133929841,13-3929841,14600,"Second Generation Productions, Inc.",237330454,29800,6,0
q1_organization,FY2017,data/fy17/schedule_c/fy17_schedule_c_awards.csv,70,organization,141885605,14-1885605,14600,"Take Wing and Soar Productions, Inc.",237448611,115200,0,0
q1_organization,FY2017,data/fy17/schedule_c/fy17_schedule_c_awards.csv,70,organization,133805585,13-3805585,29800,"Teatro Circulo, Ltd.",237448611,115200,6,0
q1_organization,FY2017,data/fy17/schedule_c/fy17_schedule_c_awards.csv,78,organization,210634479,21-0634479,207000,Educational Testing Services,132612524,350000,0,0
q1_organization,FY2017,data/fy17/schedule_c/fy17_schedule_c_awards.csv,78,organization,112614265,11-2614265,33000,"El Puente de Williamsburg, Inc.",132612524,350000,10,0
q1_organization,FY2017,data/fy17/schedule_c/fy17_schedule_c_awards.csv,80,organization,113344389,11-3344389,30000,Make the Road New York,205620848,30000,16,0
q1_organization,FY2017,data/fy17/schedule_c/fy17_schedule_c_awards.csv,80,organization,133808013,13-3808013,30000,"Mentoring USA, Inc.",205620848,30000,2,0
q1_organization,FY2017,data/fy17/schedule_c/fy17_schedule_c_awards.csv,81,organization,136119036,13-6119036,400000,"Chess in the Schools, Inc.",134004600,1550000,22,0
q1_organization,FY2017,data/fy17/schedule_c/fy17_schedule_c_awards.csv,81,organization,133973196,13-3973196,275000,"MOUSE, Inc.",134004600,1550000,10,0
q1_organization,FY2017,data/fy17/schedule_c/fy17_schedule_c_awards.csv,86,organization,112024569,11-2024569,450000,Council of School Supervisors and Administrators,136400434,12294500,2,0
q1_organization,FY2017,data/fy17/schedule_c/fy17_schedule_c_awards.csv,87,organization,132765465,13-2765465,335000,"Council on the Environment, Inc.",237169558,125000,8,0
q1_organization,FY2017,data/fy17/schedule_c/fy17_schedule_c_awards.csv,87,organization,061800512,06-1800512,95000,"Harvest Home Farmer’s Market, Inc.",237169558,125000,4,0
q1_organization,FY2017,data/fy17/schedule_c/fy17_schedule_c_awards.csv,88,organization,112683663,11-2683663,125000,Cypress Hills Local Development Corporation,112737223,125000,4,0
q1_organization,FY2017,data/fy17/schedule_c/fy17_schedule_c_awards.csv,88,organization,141719016,14-1719016,125000,"Crenulated Company LTD, The",112737223,125000,8,0
q1_organization,FY2017,data/fy17/schedule_c/fy17_schedule_c_awards.csv,95,organization,161765323,161765323,52692,Centro Altagracia de Fe y Justicia,135562202,90000,0,0
q1_organization,FY2017,data/fy17/schedule_c/fy17_schedule_c_awards.csv,95,organization,510567466,510567466,52692,Community Health Center of Richmond,135562202,90000,4,0
q1_organization,FY2017,data/fy17/schedule_c/fy17_schedule_c_awards.csv,95,organization,133083068,133083068,52692,Community Healthcare Network,135562202,90000,2,0
q1_organization,FY2017,data/fy17/schedule_c/fy17_schedule_c_awards.csv,98,organization,113344389,113344389,52692,Make the Road New York,133573409,75000,4,0
q1_organization,FY2017,data/fy17/schedule_c/fy17_schedule_c_awards.csv,102,organization,132739694,13-2739694,50000,Charles B. Wang Community Health Center,134046652,50000,12,0
q1_organization,FY2017,data/fy17/schedule_c/fy17_schedule_c_awards.csv,104,organization,272464042,27-2464042,50000,New York Cancer Center,743177454,50000,6,0
q1_organization,FY2017,data/fy17/schedule_c/fy17_schedule_c_awards.csv,104,organization,020597827,02-0597827,100000,Ralph Lauren Center for Cancer Care and Prevention,743177454,50000,2,0
q1_organization,FY2017,data/fy17/schedule_c/fy17_schedule_c_awards.csv,106,organization,112868878,11-2868878,50000,Staten Island University Hospital,264417161,49500,4,0
q1_organization,FY2017,data/fy17/schedule_c/fy17_schedule_c_awards.csv,107,organization,135563004,13-5563004,78000,American Lung Association of the City of New York,133092676,300000,0,0
q1_organization,FY2017,data/fy17/schedule_c/fy17_schedule_c_awards.csv,107,organization,135562308,13-5562308,268000,New York University College of Dentistry,133092676,300000,18,0
q1_organization,FY2017,data/fy17/schedule_c/fy17_schedule_c_awards.csv,108,organization,202015286,20-2015286,32000,Choices in Childbirth,136400434,25799,0,0
q1_organization,FY2017,data/fy17/schedule_c/fy17_schedule_c_awards.csv,108,organization,510567466,51-0567466,11520,"Community Health Center of Richmond, Inc.",136400434,25799,0,0
q1_organization,FY2017,data/fy17/schedule_c/fy17_schedule_c_awards.csv,108,organization,133083068,13-3083068,84633,Community Healthcare Network,136400434,25799,4,0
q1_organization,FY2017,data/fy17/schedule_c/fy17_schedule_c_awards.csv,108,organization,113122295,11-3122295,29157,Diaspora Community Services,136400434,25799,4,0
q1_organization,FY2017,data/fy17/schedule_c/fy17_schedule_c_awards.csv,108,organization,113343941,11-3343941,11253,Fort Greene Strategic Neighborhood Action Partnership,136400434,25799,0,0
q1_organization,FY2017,data/fy17/schedule_c/fy17_schedule_c_awards.csv,108,organization,113484928,11-3484928,29157,Greater Brooklyn Health Coalition,136400434,25799,0,0
q1_organization,FY2017,data/fy17/schedule_c/fy17_schedule_c_awards.csv,109,organization,061181226,06-1181226,29235,Joseph P. Addabbo Family Health Center,743177454,20757,0,0
q1_organization,FY2017,data/fy17/schedule_c/fy17_schedule_c_awards.csv,109,organization,237412423,23-7412423,27891,Lower East Side Family Union,743177454,20757,0,0
q1_organization,FY2017,data/fy17/schedule_c/fy17_schedule_c_awards.csv,109,organization,061081232,06-1081232,22320,Morris Heights Health Center,743177454,20757,0,0
q1_organization,FY2017,data/fy17/schedule_c/fy17_schedule_c_awards.csv,109,organization,131624096,13-1624096,123541,Mount Sinai Hospital,743177454,20757,6,0
q1_organization,FY2017,data/fy17/schedule_c/fy17_schedule_c_awards.csv,109,organization,112870422,11-2870422,35484,Queens Comprehensive Perinatal Council,743177454,20757,0,0
q1_organization,FY2017,data/fy17/schedule_c/fy17_schedule_c_awards.csv,110,organization,112777066,11-2777066,162203,SCO Family of Services,132884976,27891,6,0
q1_organization,FY2017,data/fy17/schedule_c/fy17_schedule_c_awards.csv,110,organization,237360305,23-7360305,22320,Urban Health Plan,132884976,27891,0,0
q1_organization,FY2017,data/fy17/schedule_c/fy17_schedule_c_awards.csv,119,organization,133922640,13-3922640,23000,"Homeless Services United, Inc.",133234441,37000,4,0
q1_organization,FY2017,data/fy17/schedule_c/fy17_schedule_c_awards.csv,123,organization,133317188,13-3317188,650000,"Housing Court Answers, Inc.",132605599,207500,20,0
q1_organization,FY2017,data/fy17/schedule_c/fy17_schedule_c_awards.csv,135,organization,132775999,13-2775999,100000,Association for Neighborhood and Housing Development,133975090,51000,6,0
q1_organization,FY2017,data/fy17/schedule_c/fy17_schedule_c_awards.csv,139,organization,113250772,11-3250772,71000,Bridge Street Development Corporation,113580935,61000,4,0
q1_organization,FY2017,data/fy17/schedule_c/fy17_schedule_c_awards.csv,139,organization,112634818,11-2634818,51000,"Catholic Migration Services, Inc.",113580935,61000,4,0
q1_organization,FY2017,data/fy17/schedule_c/fy17_schedule_c_awards.csv,139,organization,112634818,11-2634818,51000,"Catholic Migration Services, Inc.",113580935,61000,4,0
q1_organization,FY2017,data/fy17/schedule_c/fy17_schedule_c_awards.csv,140,organization,133248777,13-3248777,61000,"El Barrio's Operation Fightback , Inc.",112475743,51000,0,0
q1_organization,FY2017,data/fy17/schedule_c/fy17_schedule_c_awards.csv,141,organization,132915659,13-2915659,51000,"Good Old Lower East Side, Inc.",112412584,71000,4,0
q1_organization,FY2017,data/fy17/schedule_c/fy17_schedule_c_awards.csv,143,organization,510141489,51-0141489,61000,"Housing Conservation Coordinators, Inc.",112665181,51000,4,0
q1_organization,FY2017,data/fy17/schedule_c/fy17_schedule_c_awards.csv,147,organization,132974137,13-2974137,61000,"Northfield Community LDC of Staten Island, Inc.",112229635,61000,16,0
q1_organization,FY2017,data/fy17/schedule_c/fy17_schedule_c_awards.csv,148,organization,112451752,11-2451752,61000,"Pratt Area Community Council, Inc.",112375583,51000,16,0
q1_organization,FY2017,data/fy17/schedule_c/fy17_schedule_c_awards.csv,151,organization,510192170,51-0192170,61000,St. Nick's Alliance Corporation,133442022,51000,16,0
q1_organization,FY2017,data/fy17/schedule_c/fy17_schedule_c_awards.csv,159,organization,113250772,11-3250772,29729,Bridge Street Development Corporation,112435523,29729,4,0
q1_organization,FY2017,data/fy17/schedule_c/fy17_schedule_c_awards.csv,161,organization,112652331,11-2652331,29729,"Clinton Housing Development Company, Inc.",132851988,29729,4,0
q1_organization,FY2017,data/fy17/schedule_c/fy17_schedule_c_awards.csv,162,organization,132564241,13-2564241,29729,"El Barrio’s Operation Fightback, Inc.",133248777,29729,4,0
q1_organization,FY2017,data/fy17/schedule_c/fy17_schedule_c_awards.csv,163,organization,133311582,13-3311582,29729,"Good Old Lower East Side, Inc.",112498292,29730,4,0
q1_organization,FY2017,data/fy17/schedule_c/fy17_schedule_c_awards.csv,163,organization,132915659,13-2915659,29729,Gowanus Canal Community Development Corporation,112498292,29730,4,0
q1_organization,FY2017,data/fy17/schedule_c/fy17_schedule_c_awards.csv,164,organization,112382250,11-2382250,29730,"Harlem Congregations for Community Improvement, Inc.",133516262,29730,6,0
q1_organization,FY2017,data/fy17/schedule_c/fy17_schedule_c_awards.csv,165,organization,510141489,51-0141489,29730,"Housing Conservation Coordinators, Inc.",135562989,29730,6,0
q1_organization,FY2017,data/fy17/schedule_c/fy17_schedule_c_awards.csv,165,organization,133317188,13-3317188,29730,"Housing Court Answers, Inc.",135562989,29730,8,0
q1_organization,FY2017,data/fy17/schedule_c/fy17_schedule_c_awards.csv,168,organization,471169779,47-1169779,29730,"Neighborhood Housing Services of Brooklyn CDC, Inc.",133098397,29730,4,0
q1_organization,FY2017,data/fy17/schedule_c/fy17_schedule_c_awards.csv,168,organization,237398279,23-7398279,29730,"Neighborhood Housing Services of Jamaica, Inc.",133098397,29730,4,0
q1_organization,FY2017,data/fy17/schedule_c/fy17_schedule_c_awards.csv,169,organization,133110811,13-3110811,29730,Neighborhood Initiatives Development Corporation (NIDC),112555446,29730,6,0
q1_organization,FY2017,data/fy17/schedule_c/fy17_schedule_c_awards.csv,170,organization,132974137,13-2974137,29730,"Northfield Community LDC of Staten Island, Inc.",112375583,29730,12,0
q1_organization,FY2017,data/fy17/schedule_c/fy17_schedule_c_awards.csv,170,organization,132806160,13-2806160,29730,"Northwest Bronx Community and Clergy Coalition, Inc.",112375583,29730,14,0
q1_organization,FY2017,data/fy17/schedule_c/fy17_schedule_c_awards.csv,170,organization,112470566,11-2470566,29730,"Peoples Firehouse, Inc.",112375583,29730,0,0
q1_organization,FY2017,data/fy17/schedule_c/fy17_schedule_c_awards.csv,171,organization,111817497,11-1817497,29730,"Queensboro Council for Social Welfare, Inc.",112453853,29730,8,0
q1_organization,FY2017,data/fy17/schedule_c/fy17_schedule_c_awards.csv,172,organization,133266398,13-3266398,29730,"Staten Island Center for Independent Living, Inc.",132735378,29730,8,0
q1_organization,FY2017,data/fy17/schedule_c/fy17_schedule_c_awards.csv,172,organization,131943516,13-1943516,29730,"Strycker's Bay Neighborhood Council, Inc.",132735378,29730,2,0
q1_organization,FY2017,data/fy17/schedule_c/fy17_schedule_c_awards.csv,175,organization,132926433,13-2926433,29730,"West Side Federation for Senior Supportive Housing, Inc.",112435565,29730,6,0
q1_organization,FY2017,data/fy17/schedule_c/fy17_schedule_c_awards.csv,180,organization,141719016,14-1719016,70000,"Crenulated Company LTD, The",510188251,70000,2,0
q1_organization,FY2017,data/fy17/schedule_c/fy17_schedule_c_awards.csv,181,organization,132915659,13-2915659,70000,"Good Old Lower East Side, Inc.",133442022,245000,0,0
q1_organization,FY2017,data/fy17/schedule_c/fy17_schedule_c_awards.csv,181,organization,132806160,13-2806160,70000,"Northwest Bronx Community and Clergy Coalition, Inc.",133442022,245000,0,0
q1_organization,FY2017,data/fy17/schedule_c/fy17_schedule_c_awards.csv,181,organization,510192170,51-0192170,50000,St. Nick's Alliance Corporation,133442022,245000,8,0
q1_organization,FY2017,data/fy17/schedule_c/fy17_schedule_c_awards.csv,181,organization,132902798,13-2902798,65000,"Urban Homesteading Assistance Board, Inc.",133442022,245000,0,0
q1_organization,FY2017,data/fy17/schedule_c/fy17_schedule_c_awards.csv,186,organization,132739694,13-2739694,75000,"Charles B. Wang Community Health Center, Inc.",111733454,50000,8,0
q1_organization,FY2017,data/fy17/schedule_c/fy17_schedule_c_awards.csv,187,organization,133468427,13-3468427,75000,"Children’s Health Fund, The",136400434,300000,0,0
q1_organization,FY2017,data/fy17/schedule_c/fy17_schedule_c_awards.csv,187,organization,463181224,46-3181224,50000,"Grameen Primacare, Inc.",136400434,300000,0,0
q1_organization,FY2017,data/fy17/schedule_c/fy17_schedule_c_awards.csv,188,organization,133273402,13-3273402,100000,"Institute for Family Health, The",132860703,250000,6,0
q1_organization,FY2017,data/fy17/schedule_c/fy17_schedule_c_awards.csv,188,organization,113344389,11-3344389,50000,Make the Road New York,132860703,250000,18,0
q1_organization,FY2017,data/fy17/schedule_c/fy17_schedule_c_awards.csv,188,organization,131924236,13-1924236,200000,Memorial Sloan-Kettering Cancer Center,132860703,250000,0,0
q1_organization,FY2017,data/fy17/schedule_c/fy17_schedule_c_awards.csv,188,organization,133957095,13-3957095,50000,"New York and Presbyterian Hospital, The",132860703,250000,8,0
q1_organization,FY2017,data/fy17/schedule_c/fy17_schedule_c_awards.csv,195,organization,133323168,13-3323168,25000,"Caribbean Women's Health Association, Inc.",112859151,84000,18,0
q1_organization,FY2017,data/fy17/schedule_c/fy17_schedule_c_awards.csv,198,organization,133861648,13-3861648,24000,"Comprehensive Development, Inc.",112864728,60000,6,0
q1_organization,FY2017,data/fy17/schedule_c/fy17_schedule_c_awards.csv,199,organization,112932528,11-2932528,178000,Emerald Isle Immigration Center,112290832,100000,18,0
q1_organization,FY2017,data/fy17/schedule_c/fy17_schedule_c_awards.csv,200,organization,133730564,13-3730564,38000,"HIV Law Project, Inc., The",132600199,425000,2,0
q1_organization,FY2017,data/fy17/schedule_c/fy17_schedule_c_awards.csv,200,organization,510141489,51-0141489,38000,"Housing Conservation Coordinators, Inc.",132600199,425000,18,0
q1_organization,FY2017,data/fy17/schedule_c/fy17_schedule_c_awards.csv,200,organization,464879076,46-4879076,200000,Immigrant Justice Corps.,132600199,425000,18,0
q1_organization,FY2017,data/fy17/schedule_c/fy17_schedule_c_awards.csv,202,organization,061296692,06-1296692,50000,"Neighborhood Defender Service, Inc.",132972415,38000,0,0
q1_organization,FY2017,data/fy17/schedule_c/fy17_schedule_c_awards.csv,202,organization,133505428,13-3505428,440000,"New York Legal Assistance Group, Inc.",132972415,38000,20,0
q1_organization,FY2017,data/fy17/schedule_c/fy17_schedule_c_awards.csv,203,organization,112285970,11-2285970,20000,"Polish and Slavic Center, Inc.",132946970,20000,18,0
q1_organization,FY2017,data/fy17/schedule_c/fy17_schedule_c_awards.csv,205,organization,237406410,23-7406410,25000,"SBH Community Service Network, Inc. (Sephardic Bikur Cholim)",112306447,65000,24,0
q1_organization,FY2017,data/fy17/schedule_c/fy17_schedule_c_awards.csv,209,organization,133931074,13-3931074,2076667,Bronx Defenders,113305406,2076666,0,0
q1_organization,FY2017,data/fy17/schedule_c/fy17_schedule_c_awards.csv,214,organization,510419496,51-0419496,250000,Center for Family Representation,135562265,2000000,14,0
q1_organization,FY2017,data/fy17/schedule_c/fy17_schedule_c_awards.csv,219,organization,510141489,51-0141489,305000,"Housing Conservation Coordinators, Inc.",132622748,305000,4,0
q1_organization,FY2017,data/fy17/schedule_c/fy17_schedule_c_awards.csv,224,organization,132872916,13-2872916,70031,Eden II School for Autistic Children,134131863,32372,0,0
q1_organization,FY2017,data/fy17/schedule_c/fy17_schedule_c_awards.csv,225,organization,111633549,11-1633549,78540,Page 71 Heartshare Human Services of New York,135564937,78540,0,0
q1_organization,FY2017,data/fy17/schedule_c/fy17_schedule_c_awards.csv,225,organization,202336717,20-2336717,70031,Imagine Foundation,135564937,78540,18,0
q1_organization,FY2017,data/fy17/schedule_c/fy17_schedule_c_awards.csv,234,organization,135600422,13-5600422,74187,Ramapo for Children,112594790,66938,0,0
q1_organization,FY2017,data/fy17/schedule_c/fy17_schedule_c_awards.csv,234,organization,203042280,20-3042280,30000,Reach for the Stars Learning Center,112594790,66938,0,0
q1_organization,FY2017,data/fy17/schedule_c/fy17_schedule_c_awards.csv,236,organization,131740041,13-1740041,88136,Shield of David,113070228,45046,0,0
q1_organization,FY2017,data/fy17/schedule_c/fy17_schedule_c_awards.csv,237,organization,135654532,13-5654532,13078,United Cerebral Palsy of New York City,263373908,30000,0,0
q1_organization,FY2017,data/fy17/schedule_c/fy17_schedule_c_awards.csv,240,organization,141397918,14-1397918,150000,Astor Services for Children & Families,111733454,85000,18,0
q1_organization,FY2017,data/fy17/schedule_c/fy17_schedule_c_awards.csv,240,organization,112047151,11-2047151,130000,Catholic Charities Neighborhood Services,111733454,85000,16,0
q1_organization,FY2017,data/fy17/schedule_c/fy17_schedule_c_awards.csv,240,organization,132668080,13-2668080,150000,Center for Alternative Sentencing & Employ. Services (CASES),111733454,85000,16,0
q1_organization,FY2017,data/fy17/schedule_c/fy17_schedule_c_awards.csv,241,organization,135562191,13-5562191,100000,"Children's Aid Society, The",135598710,83000,22,0
q1_organization,FY2017,data/fy17/schedule_c/fy17_schedule_c_awards.csv,241,organization,132729071,13-2729071,145000,"Coalition of Behavioral Health Agencies, The",135598710,83000,2,0
q1_organization,FY2017,data/fy17/schedule_c/fy17_schedule_c_awards.csv,241,organization,132645436,13-2645436,150000,"Fortune Society, The",135598710,83000,14,0
q1_organization,FY2017,data/fy17/schedule_c/fy17_schedule_c_awards.csv,246,organization,132663328,13-2663328,83000,"Puerto Rican Orgnz To Motivate Enlighten & Serve Addicts, Inc.",132946970,125000,0,0
q1_organization,FY2017,data/fy17/schedule_c/fy17_schedule_c_awards.csv,248,organization,112047151,11-2047151,31103,Catholic Charities Neighborhood Services,111733454,76103,18,0
q1_organization,FY2017,data/fy17/schedule_c/fy17_schedule_c_awards.csv,249,organization,132608325,13-2608325,189103,"Epilepsy Institute, The",133306195,249103,0,0
q1_organization,FY2017,data/fy17/schedule_c/fy17_schedule_c_awards.csv,249,organization,135562204,13-5562204,27103,"Greenwich House, Inc.",133306195,249103,16,0
q1_organization,FY2017,data/fy17/schedule_c/fy17_schedule_c_awards.csv,249,organization,135562412,13-5562412,38103,Hamilton-Madison House,133306195,249103,10,0
q1_organization,FY2017,data/fy17/schedule_c/fy17_schedule_c_awards.csv,250,organization,133087407,13-3087407,36103,Inwood Community Services,135564937,132103,8,0
q1_organization,FY2017,data/fy17/schedule_c/fy17_schedule_c_awards.csv,250,organization,510204121,51-0204121,204103,Jamaica Service Program for Older Adults (JSPOA),135564937,132103,0,0
q1_organization,FY2017,data/fy17/schedule_c/fy17_schedule_c_awards.csv,251,organization,112241326,11-2241326,106103,Long Island Jewish Medical Center,135596746,194103,0,0
q1_organization,FY2017,data/fy17/schedule_c/fy17_schedule_c_awards.csv,251,organization,112700062,11-2700062,60103,Mental Health Providers of Western Queens,135596746,194103,0,0
q1_organization,FY2017,data/fy17/schedule_c/fy17_schedule_c_awards.csv,251,organization,131740114,13-1740114,70429,Montefiore Medical Center,135596746,194103,16,0
q1_organization,FY2017,data/fy17/schedule_c/fy17_schedule_c_awards.csv,253,organization,112542430,11-2542430,132103,PSCH (Kingsboro Psychiatric Center),135623279,107103,10,0
q1_organization,FY2017,data/fy17/schedule_c/fy17_schedule_c_awards.csv,253,organization,133724008,13-3724008,92107,St. Ann's Corner of Harm Reduction,135623279,107103,18,0
q1_organization,FY2017,data/fy17/schedule_c/fy17_schedule_c_awards.csv,253,organization,132997301,13-2997301,41103,St. Luke's-Roosevelt Hospital Center,135623279,107103,0,0
q1_organization,FY2017,data/fy17/schedule_c/fy17_schedule_c_awards.csv,258,organization,112047151,11-2047151,86000,Catholic Charities Neighborhood Services,136202692,86000,6,0
q1_organization,FY2017,data/fy17/schedule_c/fy17_schedule_c_awards.csv,262,organization,131624070,13-1624070,81000,Lenox Hill Hospital,131628180,86000,0,0
q1_organization,FY2017,data/fy17/schedule_c/fy17_schedule_c_awards.csv,264,organization,131930700,13-1930700,118000,Riverdale Mental Health Association,237357997,122000,6,0
q1_organization,FY2017,data/fy17/schedule_c/fy17_schedule_c_awards.csv,267,organization,237406410,23-7406410,63000,SBH Community Service Network (Sephardic Bikur Cholim),131740122,82000,4,0
q1_organization,FY2017,data/fy17/schedule_c/fy17_schedule_c_awards.csv,267,organization,132947657,13-2947657,86000,Services and Advocacy for GLBT Elders (SAGE),131740122,82000,6,0
q1_organization,FY2017,data/fy17/schedule_c/fy17_schedule_c_awards.csv,270,organization,134154068,13-4154068,50000,Amida Care,135564937,100000,0,0
q1_organization,FY2017,data/fy17/schedule_c/fy17_schedule_c_awards.csv,270,organization,141397918,14-1397918,50000,Astor Services for Children & Families,135564937,100000,9,0
q1_organization,FY2017,data/fy17/schedule_c/fy17_schedule_c_awards.csv,270,organization,112047151,11-2047151,50000,Catholic Charities Neighborhood Services,135564937,100000,0,0
q1_organization,FY2017,data/fy17/schedule_c/fy17_schedule_c_awards.csv,277,organization,135562191,13-5562191,95000,"Children's Aid Society, The",133149298,47295,2,0
q1_organization,FY2017,data/fy17/schedule_c/fy17_schedule_c_awards.csv,277,organization,132729071,13-2729071,85000,"Coalition of Behavioral Health Agencies, The",133149298,47295,6,0
q1_organization,FY2017,data/fy17/schedule_c/fy17_schedule_c_awards.csv,277,organization,135562204,13-5562204,50000,Greenwich House,133149298,47295,6,0
q1_organization,FY2017,data/fy17/schedule_c/fy17_schedule_c_awards.csv,278,organization,131930700,13-1930700,50000,Riverdale Mental Health Association,133164464,297000,18,0
q1_organization,FY2017,data/fy17/schedule_c/fy17_schedule_c_awards.csv,282,organization,133593806,13-3593806,50000,Sakhi for South Asian Women,020694269,50000,34,0
q1_organization,FY2017,data/fy17/schedule_c/fy17_schedule_c_awards.csv,283,organization,131623910,13-1623910,20000,"Blue Card, Inc., The",111633484,120000,0,0
q1_organization,FY2017,data/fy17/schedule_c/fy17_schedule_c_awards.csv,288,organization,112642641,11-2642641,120000,"Pesach Tikvah-Hope Development, Inc.",237172152,80000,0,0
q1_organization,FY2017,data/fy17/schedule_c/fy17_schedule_c_awards.csv,289,organization,113071518,11-3071518,80000,"Samuel Field YM & YWHA, Inc.",112986161,120000,0,0
q1_organization,FY2017,data/fy17/schedule_c/fy17_schedule_c_awards.csv,289,organization,131624178,13-1624178,165000,"Selfhelp Community Services, Inc.",112986161,120000,0,0
q1_organization,FY2017,data/fy17/schedule_c/fy17_schedule_c_awards.csv,294,organization,112932528,11-2932528,56132,Emerald Isle Immigration Center,132738818,247765,16,0
q1_organization,FY2017,data/fy17/schedule_c/fy17_schedule_c_awards.csv,295,organization,132947657,13-2947657,1200000,"Services and Advocacy for GLBT Elders (SAGE), Inc.",112375583,300000,8,0
q1_organization,FY2017,data/fy17/schedule_c/fy17_schedule_c_awards.csv,306,organization,135562412,13-5562412,95000,"Hamilton Madison, Inc.",131628180,95000,4,0
q1_organization,FY2017,data/fy17/schedule_c/fy17_schedule_c_awards.csv,310,organization,131624178,13-1624178,95000,"Selfhelp Community Services, Inc.",510189327,95000,2,0
q1_organization,FY2017,data/fy17/schedule_c/fy17_schedule_c_awards.csv,314,organization,042261109,04-2261109,170000,Third Sector New England,113560625,200000,0,0
q1_organization,FY2017,data/fy17/schedule_c/fy17_schedule_c_awards.csv,316,organization,472787706,47-2787706,50000,Staten Island Community Job Center,135562185,50000,10,0
q1_organization,FY2017,data/fy17/schedule_c/fy17_schedule_c_awards.csv,318,organization,113317234,11-3317234,88855,"ACCION East, Inc.",133591350,66450,18,0
q1_organization,FY2017,data/fy17/schedule_c/fy17_schedule_c_awards.csv,318,organization,202381186,20-2381186,30925,"Brooklyn Kings County Hispanic Chamber Of Commerce, Inc.",133591350,66450,6,0
q1_organization,FY2017,data/fy17/schedule_c/fy17_schedule_c_awards.csv,326,organization,371443165,37-1443165,60750,"New Bronx Chamber of Commerce, The",133187792,85500,0,0
q1_organization,FY2017,data/fy17/schedule_c/fy17_schedule_c_awards.csv,326,organization,134016593,13-4016593,77833,"Manhattan Chamber of Commerce Foundation, Inc.",133187792,85500,0,0
q1_organization,FY2017,data/fy17/schedule_c/fy17_schedule_c_awards.csv,326,organization,110559220,11-0559220,64167,Queens Chamber of Commerce,133187792,85500,0,0
q1_organization,FY2017,data/fy17/schedule_c/fy17_schedule_c_awards.csv,326,organization,134069282,13-4069282,41105,"Staten Island Chamber of Commerce Foundation, Inc.",133187792,85500,0,0
q1_organization,FY2017,data/fy17/schedule_c/fy17_schedule_c_awards.csv,326,organization,113317234,11-3317234,64500,"ACCION East, Inc.",133187792,85500,4,0
q1_organization,FY2017,data/fy17/schedule_c/fy17_schedule_c_awards.csv,327,organization,116083182,11-6083182,85500,Bedford Stuyvesant Restoration Corporation,113306111,106750,2,0
q1_organization,FY2017,data/fy17/schedule_c/fy17_schedule_c_awards.csv,328,organization,112903423,11-2903423,85500,"Caribbean American Chamber of Commerce and Industry, Inc.",133591350,64500,4,0
q1_organization,FY2017,data/fy17/schedule_c/fy17_schedule_c_awards.csv,329,organization,112436149,11-2436149,43250,Queens Economic Development Corporation,136400434,184500,4,0
q1_organization,FY2017,data/fy17/schedule_c/fy17_schedule_c_awards.csv,330,organization,112777066,11-2777066,382000,SCO Family of Services,861096987,84500,0,0
q1_organization,FY2017,data/fy17/schedule_c/fy17_schedule_c_awards.csv,330,organization,201828936,20-1828936,234000,Green Worker. Inc.,861096987,84500,0,0
q1_organization,FY2017,data/fy17/schedule_c/fy17_schedule_c_awards.csv,330,organization,042628399,04-2628399,234000,ICA Group,861096987,84500,0,0
q1_organization,FY2017,data/fy17/schedule_c/fy17_schedule_c_awards.csv,330,organization,202264584,20-2264584,234000,"Working World, The (TWW)",861096987,84500,0,0
q1_organization,FY2017,data/fy17/schedule_c/fy17_schedule_c_awards.csv,330,organization,113344389,11-3344389,94000,Make the Road New York,861096987,84500,2,0
q1_organization,FY2017,data/fy17/schedule_c/fy17_schedule_c_awards.csv,331,organization,275265123,27-5265123,155000,Democracy at Work Institute (DAWI),113306111,84500,0,0
q1_organization,FY2017,data/fy17/schedule_c/fy17_schedule_c_awards.csv,331,organization,465245034,46-5245034,148000,NYC Network of Worker Cooperatives (NYCNOWC),113306111,84500,0,0
q1_organization,FY2017,data/fy17/schedule_c/fy17_schedule_c_awards.csv,331,organization,452201993,45-2201993,84000,"Commonwise Education, Inc.",113306111,84500,2,0
q1_organization,FY2017,data/fy17/schedule_c/fy17_schedule_c_awards.csv,335,organization,042261109,04-2261109,66000,Third Sector New England,136400434,105000,2,0
q1_organization,FY2017,data/fy17/schedule_c/fy17_schedule_c_awards.csv,336,organization,133505428,13-3505428,200000,"New York Legal Assistance Group, Inc.",132600199,150000,4,0
q1_organization,FY2017,data/fy17/schedule_c/fy17_schedule_c_awards.csv,337,organization,133793337,13-3793337,25000,United War Veterans Council,133213525,50000,2,0
q1_organization,FY2017,data/fy17/schedule_c/fy17_schedule_c_awards.csv,344,organization,132997764,13-2997764,150000,"Development Outreach, Inc.",131623989,406000,0,0
q1_organization,FY2017,data/fy17/schedule_c/fy17_schedule_c_awards.csv,345,organization,542068797,54-2068797,210000,Jewish Institute of Queens,112799128,84000,4,0
q1_organization,FY2017,data/fy17/schedule_c/fy17_schedule_c_awards.csv,345,organization,135562301,13-5562301,263200,NYC Mission Society,112799128,84000,6,0
q1_organization,FY2017,data/fy17/schedule_c/fy17_schedule_c_awards.csv,345,organization,132675560,13-2675560,126000,"Southeast Bronx Neighborhood Centers, Inc.",112799128,84000,2,0
q1_organization,FY2017,data/fy17/schedule_c/fy17_schedule_c_awards.csv,345,organization,131943516,13-1943516,134400,"Strycker’s Bay Neighborhood Council, Inc.",112799128,84000,2,0
q1_organization,FY2017,data/fy17/schedule_c/fy17_schedule_c_awards.csv,346,organization,133680286,13-3680286,100000,"Armory Foundation, The",043697166,50000,4,0
q1_organization,FY2017,data/fy17/schedule_c/fy17_schedule_c_awards.csv,346,organization,133945168,13-3945168,50000,"Figure Skating in East Harlem, Inc.",043697166,50000,2,0
q1_organization,FY2017,data/fy17/schedule_c/fy17_schedule_c_awards.csv,347,organization,542115054,54-2115054,100000,"Girls Write Now, Inc.",113427213,100000,2,0
q1_organization,FY2017,data/fy17/schedule_c/fy17_schedule_c_awards.csv,352,organization,455576128,45-5576128,328800,"Historic Tappen Park Community Partnership, Inc.",132972415,328800,0,0
q1_organization,FY2017,data/fy17/schedule_c/fy17_schedule_c_awards.csv,355,organization,132736022,13-2736022,29000,Young Men’s Christian Association of Greater New York,131624228,427000,0,0
q1_organization,FY2018,data/fy18/schedule_c/fy18_appendix_a_aging.csv,11,organization,264164117,264164117,10000,00 Funds will support AAFE's senior care center in District 1. Menchaca Asian Community United Society Inc.,651209580,8000,2,0
q1_organization,FY2018,data/fy18/schedule_c/fy18_appendix_a_aging.csv,12,organization,132745303,132745303,30000,"00 Funds will be used to support the ""Senior Stars"" Theater Program Page 1 Appendix A: Aging Discretionary Council Member Legal Name of Organization EIN * Amount CM Purpose of Funds Fiscal Conduit FC EIN Cohen Bedford Park Multi-Service Center for Senior Citizens, Inc.",113199040,19000,2,0
q1_organization,FY2018,data/fy18/schedule_c/fy18_appendix_a_aging.csv,31,organization,237072915,237072915,10500,"00 To provide funding for the Senior Healthy Eating and Wellness program at E. Roberts Moore Senior Center. Williams Brooklyn Arts Council, Inc.",111630780,5000,0,0
q1_organization,FY2018,data/fy18/schedule_c/fy18_appendix_a_aging.csv,31,organization,237072915,237072915,9500,"Funds will be used to support Brooklyn Arts Council in providing programs and services for senior residents throughout District 45 and the Borough of Brooklyn. Lander Brooklyn Arts Council, Inc.",111630780,5000,3,0
q1_organization,FY2018,data/fy18/schedule_c/fy18_appendix_a_aging.csv,38,organization,262214534,262214534,6500,"00 To provide Eldercare programming and outreach. Cumbo Brooklyn Community Pride Center, Inc.",262214534,10000,0,0
q1_organization,FY2018,data/fy18/schedule_c/fy18_appendix_a_aging.csv,39,organization,112480945,112480945,6000,"00 Funding to provide operating support for the Brooklyn Pride parade, festival, 5k run, cultural events, entertainment and/other cultural events. Miller Calvary Baptist Church",132720248,6000,0,0
q1_organization,FY2018,data/fy18/schedule_c/fy18_appendix_a_aging.csv,39,organization,112480945,112480945,6000,"Funding will provide computer equipment, supplies and other consumables for seniors and youth who utilize the program. Miller Calvary Baptist Church",132720248,6000,0,0
q1_organization,FY2018,data/fy18/schedule_c/fy18_appendix_a_aging.csv,39,organization,112480945,112480945,11000,"Funds will be used to take trips to the movies, theatres, tours, museums, places of interest and spend quality time with grandchildren. CD28 Calvary Baptist Church",132720248,6000,0,0
q1_organization,FY2018,data/fy18/schedule_c/fy18_appendix_a_aging.csv,84,organization,133608860,133608860,5000,"00 Funds will support purchase of materials and supplies for events and office equipment as needed. Rodriguez COTHOA Luncheon Club, Inc.",112864728,2000,0,0
q1_organization,FY2018,data/fy18/schedule_c/fy18_appendix_a_aging.csv,86,organization,753046891,753046891,7000,"00 Funds will be used to support COJO in assisting seniors through support services including benefit enrollment, crisis intervention; emergency assistance, home care, and insurance enrollment with in- house health insurance navigator as needed. Williams Council of Peoples Organization, Inc.",237390996,5000,5,0
q1_organization,FY2018,data/fy18/schedule_c/fy18_appendix_a_aging.csv,86,organization,753046891,753046891,3500,"Funding will be used to provide unemployed individuals over the age of 55 who have Medicaid or Medicare with lunch 5 days a week. Lander Council of Peoples Organization, Inc.",237390996,5000,1,0
q1_organization,FY2018,data/fy18/schedule_c/fy18_appendix_a_aging.csv,86,organization,132967277,132967277,5000,"Funding to support general operating and programming costs. Chin Council of Senior Centers and Services of NYC, Inc.",237390996,5000,9,0
q1_organization,FY2018,data/fy18/schedule_c/fy18_appendix_a_aging.csv,89,organization,112322490,112322490,15000,00 Funding to support the food pantry and center providing crucial services to seniors and the community Eugene Crown Heights Preservation Committee Corporation,112297647,76875,1,0
q1_organization,FY2018,data/fy18/schedule_c/fy18_appendix_a_aging.csv,89,organization,112322490,112322490,20000,"Funding to support senior programming and activities including ESL classes, computer classes, and trips, and to defray the cost of wheel chair accessible senior bus. Cumbo Crown Heights Preservation Committee Corporation",112297647,76875,3,0
q1_organization,FY2018,data/fy18/schedule_c/fy18_appendix_a_aging.csv,113,organization,112772287,112772287,18375,"00 To support Encores Home Delivered Meals Program, delivering meals to homebound seniors living on the Westside of midtown Manhattan. Eugene Fenimore Senior Center, Inc.",132666921,10000,0,0
q1_organization,FY2018,data/fy18/schedule_c/fy18_appendix_a_aging.csv,115,organization,203244567,203244567,7000,"00 To support a healthy aging program, including classes in martial arts, salsa, line dance, Zumba, and Wii fitness. Williams Flatbush Shomrim Safety Patrol, Inc.",112300840,15000,10,0
q1_organization,FY2018,data/fy18/schedule_c/fy18_appendix_a_aging.csv,115,organization,203244567,203244567,15000,"Funds will be used to support FSSP in providing assistance programs for the elderly as well as awareness programs regarding anti-terrorism and medical concerns. The funding also supports assistance in case of emergencies such as natural disasters. Deutsch Flatbush Shomrim Safety Patrol, Inc.",112300840,15000,2,0
q1_organization,FY2018,data/fy18/schedule_c/fy18_appendix_a_aging.csv,132,organization,112791048,112791048,10000,"00 Funding for activities and services that meet the psychosocial, health and financial needs of community seniors at the Grand Coalition of Seniors (GSC) Senior Center. Vallone Greater Whitestone Taxpayers Community Center, Inc.",135562204,25000,0,0
q1_organization,FY2018,data/fy18/schedule_c/fy18_appendix_a_aging.csv,137,organization,112648501,112648501,7000,"00 Funding to support the Buddy2Buddy peer support program Williams Haitian Centers Council, Inc.",135562412,25000,0,0
q1_organization,FY2018,data/fy18/schedule_c/fy18_appendix_a_aging.csv,148,organization,237237927,237237927,9000,"00 Funding will go towards coordination of art exhibitions and related programming; Mitzvah day, a celebration of volunteerism; aerobic exercise classes; and a Thanksgiving multicultural festival. Lander Heights and Hills, Inc.",111630807,3500,0,0
q1_organization,FY2018,data/fy18/schedule_c/fy18_appendix_a_aging.csv,148,organization,237237927,237237927,17000,"To provide funding support for the Heights and Hills Case Management Program. Levin Heights and Hills, Inc.",111630807,3500,4,0
q1_organization,FY2018,data/fy18/schedule_c/fy18_appendix_a_aging.csv,148,organization,237237927,237237927,6000,"To provide in-home case management services. Cornegy Heights and Hills, Inc.",111630807,3500,0,0
q1_organization,FY2018,data/fy18/schedule_c/fy18_appendix_a_aging.csv,148,organization,237237927,237237927,9000,"Funding to support the Case Management Program which currently provides ongoing in-home case management services homebound seniors in Brooklyn. Lander Heights and Hills, Inc.",111630807,3500,0,0
q1_organization,FY2018,data/fy18/schedule_c/fy18_appendix_a_aging.csv,148,organization,237237927,237237927,7000,"Funding for supplies and to support health management, education, recreation, arts and technology programming. Cumbo Heights and Hills, Inc.",111630807,3500,0,0
q1_organization,FY2018,data/fy18/schedule_c/fy18_appendix_a_aging.csv,173,organization,510204121,510204121,35000,"00 Funds granted to the Riis Senior Center support a program which served residents aged 60 and above who benefit from meal service, transportation, activities and casework assistance. CD28 Jamaica Service Program for Older Adults, Inc. (JSPOA)",131624148,5000,0,0
q1_organization,FY2018,data/fy18/schedule_c/fy18_appendix_a_aging.csv,230,organization,133694790,133694790,8000,00 Funding for the Elder Mentor program in Manhattan nursing home to enhance the hands-on career experience. Johnson Jews for Racial and Economic Justice,510506762,5000,0,0
q1_organization,FY2018,data/fy18/schedule_c/fy18_appendix_a_aging.csv,232,organization,132619576,132619576,35000,"00 Funding to support the senior program that provides meals, case management, exercise, arts crafts, cultural events, education and nutrition classes at Castle Hill Senior Center. Cabrera Kittay House, Jewish Home Lifecare (D/B/A The New Jewish Home, Kittay Apartments)",133959398,5000,0,0
q1_organization,FY2018,data/fy18/schedule_c/fy18_appendix_a_aging.csv,283,organization,112741128,112741128,8500,"00 Funds will be used for general operating expenses, van maintenance, printing and supplies. Vallone North Flushing Senior Center, Inc.",134131325,5000,0,0
q1_organization,FY2018,data/fy18/schedule_c/fy18_appendix_a_aging.csv,300,organization,112744700,112744700,11500,"00 To support educational/recreational activities to be led by exercise/dance, nutrition and lecture classes/workshops. The funding will also provide health screenings and fall prevention, and technology programs. Vallone Queens Interagency Council on the Aging, Inc.",237172152,5000,0,0
q1_organization,FY2018,data/fy18/schedule_c/fy18_appendix_a_aging.csv,304,organization,111817497,111817497,5000,,111752021,3000,6,0
q1_organization,FY2018,data/fy18/schedule_c/fy18_appendix_a_aging.csv,322,organization,050607283,050607283,25000,"00 Funds to support programming, special events as well as provide operational support at the Saratoga Square Senior Center Crowley Ridgewood Older Adult Center and Services, Inc.",237357997,40000,0,0
q1_organization,FY2018,data/fy18/schedule_c/fy18_appendix_a_aging.csv,333,organization,112164803,112164803,3000,"00 To support Amigas project, which addresses the unmet needs of low- income, elderly immigrant residents in Sunset Park. Funds will be used for staff, group activities, supplies and travel related to the project. Deutsch Seabreeze Jewish Center",237444790,5000,0,0
q1_organization,FY2018,data/fy18/schedule_c/fy18_appendix_a_aging.csv,344,organization,112347331,112347331,5000,"00 Funding will support a range of classes, including art, Tai Chi, yoga, ESL, and computers, as well as transportation for elderly. Lander Senior Citizens League of Flatbush, Inc.",132947616,5000,2,0
q1_organization,FY2018,data/fy18/schedule_c/fy18_appendix_a_aging.csv,375,organization,111642727,111642727,16000,"00 To fund transportation, luncheons, and holiday event for seniors. Eugene St. Mark's United Methodist Church",111646313,5000,0,0
q1_organization,FY2018,data/fy18/schedule_c/fy18_appendix_a_aging.csv,376,organization,111714878,111714878,5000,"00 Funding to support expenses related to community programming and events including materials, supplies and outreach. Lancman St. Nicholas of Tolentine",510192170,7500,0,0
q1_organization,FY2018,data/fy18/schedule_c/fy18_appendix_a_aging.csv,388,organization,131943516,131943516,5000,"00 To fund seminars and workshops, research, and support networks to help LGBTQ seniors build financial literacy skills, plan for financial and health challenges, protect assets, and create an LGBTQ-affirming network of vendors and volunteers. Rosenthal Strycker's Bay Neighborhood Council, Inc.",510189327,6500,9,0
q1_organization,FY2018,data/fy18/schedule_c/fy18_appendix_a_aging.csv,388,organization,112733344,112733344,5000,"Funds will support the services and activities related to the Senior breakfast program. Espinal Sumner Houses Tenants Association, Inc.",510189327,6500,2,0
q1_organization,FY2018,data/fy18/schedule_c/fy18_appendix_a_aging.csv,388,organization,112733344,112733344,6750,"Funding will support senior programming and meals Cornegy Sumner Houses Tenants Association, Inc.",510189327,6500,0,0
q1_organization,FY2018,data/fy18/schedule_c/fy18_appendix_a_aging.csv,396,organization,131624210,131624210,6000,"00 Funding will support VISIONS multi-lingual vision education and outreach programs for blind and visually impaired seniors, which includes community outreach, vision rehabilitation, mobility training and social and professional support. Cornegy VISIONS/Services for the Blind and Visually Impaired",131624210,5000,0,0
q1_organization,FY2018,data/fy18/schedule_c/fy18_appendix_a_aging.csv,402,organization,371469320,371469320,3500,"00 Funding will support the operating costs of Vocal Ease's program, which provides volunteer musical performances for seniors at hospitals, nursing homes and senior centers. Rodriguez Vocal Ease, Inc.",371469320,3000,4,1
q1_organization,FY2018,data/fy18/schedule_c/fy18_schedule_c_awards.csv,2,organization,472375867,47-2375867,2150000,A&G Early Child Care Community Network Inc.,136400434,481197,2,0
q1_organization,FY2018,data/fy18/schedule_c/fy18_schedule_c_awards.csv,4,organization,132732818,13-2732818,709605,"Bethany Day Nursery, Inc.",111630780,350000,2,0
q1_organization,FY2018,data/fy18/schedule_c/fy18_schedule_c_awards.csv,5,organization,112347180,11-2347180,1448669,"Conselyea St. Block Association, Inc.",112300840,587058,4,0
q1_organization,FY2018,data/fy18/schedule_c/fy18_schedule_c_awards.csv,6,organization,112302049,11-2302049,1136000,"Gan Day Care Center, Inc.",132686694,1158786,10,0
q1_organization,FY2018,data/fy18/schedule_c/fy18_schedule_c_awards.csv,6,organization,131860451,13-1860451,273875,"Leake and Watts Services, Inc",132686694,1158786,2,0
q1_organization,FY2018,data/fy18/schedule_c/fy18_schedule_c_awards.csv,6,organization,135623279,13-5623279,325000,"Staten Island Mental Health Society, Inc. Head Start Program",132686694,1158786,0,0
q1_organization,FY2018,data/fy18/schedule_c/fy18_schedule_c_awards.csv,6,organization,131992185,13-1992185,275000,West Side Montessori School,132686694,1158786,6,0
q1_organization,FY2018,data/fy18/schedule_c/fy18_schedule_c_awards.csv,13,organization,237175609,23-7175609,1146340,"EAC, Inc.",132645436,393850,2,0
q1_organization,FY2018,data/fy18/schedule_c/fy18_schedule_c_awards.csv,18,organization,132814327,13-2814327,50000,"National Association on Drug Abuse Problems, Inc.",271041447,50000,0,0
q1_organization,FY2018,data/fy18/schedule_c/fy18_schedule_c_awards.csv,23,organization,132969182,13-2969182,132000,"Urban Youth Alliance International, Inc.",135596836,625200,2,0
q1_organization,FY2018,data/fy18/schedule_c/fy18_schedule_c_awards.csv,24,organization,261385792,26-1385792,109000,"Bronx Freedom Fund, Inc.",131941627,150000,0,0
q1_organization,FY2018,data/fy18/schedule_c/fy18_schedule_c_awards.csv,27,organization,136171197,13-6171197,150000,Icahn School of Medicine at Mount Sinai,132946970,748000,0,0
q1_organization,FY2018,data/fy18/schedule_c/fy18_schedule_c_awards.csv,27,organization,311702032,31-1702032,150000,New York City Alliance Against Sexual Assault,132946970,748000,2,0
q1_organization,FY2018,data/fy18/schedule_c/fy18_schedule_c_awards.csv,28,organization,133083068,13-3083068,175000,"Community Healthcare Network, Inc.",132612524,52935,8,0
q1_organization,FY2018,data/fy18/schedule_c/fy18_schedule_c_awards.csv,30,organization,134150972,13-4150972,125000,Girls Educational and Mentoring Services,133286250,175000,8,0
q1_organization,FY2018,data/fy18/schedule_c/fy18_schedule_c_awards.csv,30,organization,136171197,13-6171197,75000,Icahn School of Medicine at Mount Sinai,133286250,175000,14,0
q1_organization,FY2018,data/fy18/schedule_c/fy18_schedule_c_awards.csv,38,organization,112336154,11-2336154,123200,"Billie Holiday Theatre, Inc.",112972441,14600,6,0
q1_organization,FY2018,data/fy18/schedule_c/fy18_schedule_c_awards.csv,38,organization,510135262,51-0135262,123200,"Black Spectrum Theatre Company, Inc.",112972441,14600,6,0
q1_organization,FY2018,data/fy18/schedule_c/fy18_schedule_c_awards.csv,39,organization,112393789,11-2393789,29800,"Chinese Theater Works, Inc.",134046782,29800,2,0
q1_organization,FY2018,data/fy18/schedule_c/fy18_schedule_c_awards.csv,40,organization,134181617,13-4181617,14600,"Creative Ammo, Inc.",133116643,29800,4,0
q1_organization,FY2018,data/fy18/schedule_c/fy18_schedule_c_awards.csv,41,organization,132874863,13-2874863,29800,"Fiji Theatre Company, Inc.",133248928,37100,4,0
q1_organization,FY2018,data/fy18/schedule_c/fy18_schedule_c_awards.csv,42,organization,770608611,77-0608611,14600,"LaMicro Theater, Inc.",113344389,29800,6,0
q1_organization,FY2018,data/fy18/schedule_c/fy18_schedule_c_awards.csv,43,organization,133607832,13-3607832,29800,Ma-Yi Filipino Theatre Ensemble,133486145,14600,6,0
q1_organization,FY2018,data/fy18/schedule_c/fy18_schedule_c_awards.csv,43,organization,132988157,13-2988157,29800,"Mind Builders Creative Arts Center, Inc.",133486145,14600,4,0
q1_organization,FY2018,data/fy18/schedule_c/fy18_schedule_c_awards.csv,44,organization,132632596,13-2632596,123200,"National Black Theatre Workshop, Inc.",136216904,113200,6,0
q1_organization,FY2018,data/fy18/schedule_c/fy18_schedule_c_awards.csv,47,organization,113427470,11-3427470,14600,"Nia Theatrical Production Company, Inc.",132894709,29800,6,0
q1_organization,FY2018,data/fy18/schedule_c/fy18_schedule_c_awards.csv,48,organization,264705999,26-4705999,29800,"People's Theatre Project, Inc.",133929841,14600,4,0
q1_organization,FY2018,data/fy18/schedule_c/fy18_schedule_c_awards.csv,48,organization,133765140,13-3765140,29800,"Point Community Development Corporation, The",133929841,14600,4,0
q1_organization,FY2018,data/fy18/schedule_c/fy18_schedule_c_awards.csv,48,organization,201407519,20-1407519,14600,"Rising Circle Theater Collective, Inc.",133929841,14600,0,0
q1_organization,FY2018,data/fy18/schedule_c/fy18_schedule_c_awards.csv,50,organization,113210593,11-3210593,113200,"Society of the Educational Arts, Inc.",133805585,29800,6,0
q1_organization,FY2018,data/fy18/schedule_c/fy18_schedule_c_awards.csv,50,organization,141885605,14-1885605,14600,"Take Wing and Soar Productions, Inc.",133805585,29800,0,0
q1_organization,FY2018,data/fy18/schedule_c/fy18_schedule_c_awards.csv,55,organization,133698610,13-3698610,14600,"Yangtze Repertory Theatre of America, Inc.",134158092,14600,2,0
q1_organization,FY2018,data/fy18/schedule_c/fy18_schedule_c_awards.csv,58,organization,133688519,13-3688519,100000,"Her Justice, Inc.",133193119,125000,4,0
q1_organization,FY2018,data/fy18/schedule_c/fy18_schedule_c_awards.csv,67,organization,210634479,21-0634479,207000,Educational Testing Service,112614265,33000,0,0
q1_organization,FY2018,data/fy18/schedule_c/fy18_schedule_c_awards.csv,77,organization,134004600,13-4004600,1550000,"ExpandED Schools, Inc.",136400434,750000,22,0
q1_organization,FY2018,data/fy18/schedule_c/fy18_schedule_c_awards.csv,83,organization,112024569,11-2024569,450000,Council of School Supervisors and Administrators,136400434,20354000,2,0
q1_organization,FY2018,data/fy18/schedule_c/fy18_schedule_c_awards.csv,86,organization,061800512,06-1800512,95000,"Farmer’s Market, Inc.",237169558,125000,4,0
q1_organization,FY2018,data/fy18/schedule_c/fy18_schedule_c_awards.csv,94,organization,133666994,13-3666994,70000,Care for the Homeless,510567466,52692,4,0
q1_organization,FY2018,data/fy18/schedule_c/fy18_schedule_c_awards.csv,95,organization,133083068,13-3083068,52692,"Community Healthcare Network, Inc.",135562202,90000,2,0
q1_organization,FY2018,data/fy18/schedule_c/fy18_schedule_c_awards.csv,112,organization,020597827,02-0597827,100000,Ralph Lauren Center for Cancer Care and Prevention,743177454,50000,2,0
q1_organization,FY2018,data/fy18/schedule_c/fy18_schedule_c_awards.csv,114,organization,112868878,11-2868878,50000,University Hospital,264417161,49500,4,0
q1_organization,FY2018,data/fy18/schedule_c/fy18_schedule_c_awards.csv,121,organization,202015286,20-2015286,72000,Choices in Childbirth,510567466,47443,0,0
q1_organization,FY2018,data/fy18/schedule_c/fy18_schedule_c_awards.csv,122,organization,133083068,13-3083068,84633,"Community Healthcare Network, Inc.",132655001,25799,4,0
q1_organization,FY2018,data/fy18/schedule_c/fy18_schedule_c_awards.csv,122,organization,113122295,11-3122295,29157,"Diaspora Community Services, Inc.",132655001,25799,4,0
q1_organization,FY2018,data/fy18/schedule_c/fy18_schedule_c_awards.csv,122,organization,113343941,11-3343941,21253,Fort Greene Strategic Neighborhood Action Partnership,132655001,25799,4,0
q1_organization,FY2018,data/fy18/schedule_c/fy18_schedule_c_awards.csv,123,organization,061181226,06-1181226,92631,"Joseph P. Addabbo Family Health Center, Inc., The",131624096,123541,2,0
q1_organization,FY2018,data/fy18/schedule_c/fy18_schedule_c_awards.csv,123,organization,237412423,23-7412423,61701,Lower East Side Family Union,131624096,123541,0,0
q1_organization,FY2018,data/fy18/schedule_c/fy18_schedule_c_awards.csv,126,organization,112870422,11-2870422,35484,"Queens Comprehensive Perinatal Council, Inc.",743177454,56680,0,0
q1_organization,FY2018,data/fy18/schedule_c/fy18_schedule_c_awards.csv,130,organization,133749744,13-3749744,40410,"African Services Committee, Inc.",331007278,13500,2,0
q1_organization,FY2018,data/fy18/schedule_c/fy18_schedule_c_awards.csv,140,organization,133083068,13-3083068,53880,"Community Healthcare Network, Inc.",136400434,53880,6,0
q1_organization,FY2018,data/fy18/schedule_c/fy18_schedule_c_awards.csv,141,organization,462121958,46-2121958,139190,Empire Liver Foundation,112592651,58041,6,0
q1_organization,FY2018,data/fy18/schedule_c/fy18_schedule_c_awards.csv,143,organization,943204958,94-3204958,13500,Harm Reduction Coalition,136400434,53880,4,0
q1_organization,FY2018,data/fy18/schedule_c/fy18_schedule_c_awards.csv,143,organization,133584089,13-3584089,13500,"Housing Works, Inc.",136400434,53880,2,0
q1_organization,FY2018,data/fy18/schedule_c/fy18_schedule_c_awards.csv,144,organization,237348989,23-7348989,40410,"Korean Community Services of Metropolitan New York, Inc.",133678499,13500,6,0
q1_organization,FY2018,data/fy18/schedule_c/fy18_schedule_c_awards.csv,144,organization,131740114,13-1740114,53880,Montefiore Medical Center,133678499,13500,0,0
q1_organization,FY2018,data/fy18/schedule_c/fy18_schedule_c_awards.csv,151,organization,134094385,13-4094385,13500,"Voices of Community Activists & Leaders (VOCAL-NY), Inc.",208672015,13500,2,0
q1_organization,FY2018,data/fy18/schedule_c/fy18_schedule_c_awards.csv,164,organization,132775999,13-2775999,100000,Association for Neighborhood and Housing Development,133020589,71000,6,0
q1_organization,FY2018,data/fy18/schedule_c/fy18_schedule_c_awards.csv,166,organization,112435523,11-2435523,29729,"Brighton Neighborhood Association, Inc.",112634818,51000,2,0
q1_organization,FY2018,data/fy18/schedule_c/fy18_schedule_c_awards.csv,168,organization,112652331,11-2652331,29729,"Central Astoria Local Development Coalition, Inc.",113580935,61000,4,0
q1_organization,FY2018,data/fy18/schedule_c/fy18_schedule_c_awards.csv,172,organization,133311582,13-3311582,29729,"Eviction Intervention Services Homelessness Prevention, Inc.",112475743,51000,4,0
q1_organization,FY2018,data/fy18/schedule_c/fy18_schedule_c_awards.csv,175,organization,112382250,11-2382250,29730,Greater Ridgewood Restoration Corporation,112412584,71000,6,0
q1_organization,FY2018,data/fy18/schedule_c/fy18_schedule_c_awards.csv,189,organization,237398279,23-7398279,71000,"Neighborhood Housing Services of Jamaica, Inc.",133110811,61000,0,0
q1_organization,FY2018,data/fy18/schedule_c/fy18_schedule_c_awards.csv,189,organization,237398279,23-7398279,51000,"Neighborhood Housing Services of Jamaica, Inc.",133110811,61000,0,0
q1_organization,FY2018,data/fy18/schedule_c/fy18_schedule_c_awards.csv,189,organization,237398279,23-7398279,29730,"Neighborhood Housing Services of Jamaica, Inc.",133110811,61000,4,0
q1_organization,FY2018,data/fy18/schedule_c/fy18_schedule_c_awards.csv,204,organization,131943516,13-1943516,29730,"Strycker's Bay Neighborhood Council, Inc.",133442022,51000,2,0
q1_organization,FY2018,data/fy18/schedule_c/fy18_schedule_c_awards.csv,204,organization,132735378,13-2735378,29730,"United Jewish Council of the East Side, Inc.",133442022,51000,6,0
q1_organization,FY2018,data/fy18/schedule_c/fy18_schedule_c_awards.csv,209,organization,132941841,13-2941841,71000,"West Bronx Housing and Neighborhood Resource Center, Inc.",237169558,61000,6,0
q1_organization,FY2018,data/fy18/schedule_c/fy18_schedule_c_awards.csv,209,organization,132941841,13-2941841,29730,"West Bronx Housing and Neighborhood Resource Center, Inc.",237169558,61000,6,0
q1_organization,FY2018,data/fy18/schedule_c/fy18_schedule_c_awards.csv,214,organization,133516262,13-3516262,29730,"Harlem Congregations for Community Improvement, Inc.",132974137,61000,2,0
q1_organization,FY2018,data/fy18/schedule_c/fy18_schedule_c_awards.csv,217,organization,132851988,13-2851988,29729,"Clinton Housing Development Company, Inc.",133385032,71000,6,0
q1_organization,FY2018,data/fy18/schedule_c/fy18_schedule_c_awards.csv,217,organization,112498292,11-2498292,29729,Gowanus Canal Community Development Corporation,133385032,71000,0,0
q1_organization,FY2018,data/fy18/schedule_c/fy18_schedule_c_awards.csv,232,organization,133385032,13-3385032,124300,"Mary Mitchell Family and Youth Center, Inc.",132806160,124300,0,0
q1_organization,FY2018,data/fy18/schedule_c/fy18_schedule_c_awards.csv,238,organization,133749744,13-3749744,27000,"African Services Committee, Inc.",113475993,35000,6,0
q1_organization,FY2018,data/fy18/schedule_c/fy18_schedule_c_awards.csv,238,organization,136003018,13-6003018,45000,"Association of the Bar of the City of New York Fund, Inc.",113475993,35000,16,0
q1_organization,FY2018,data/fy18/schedule_c/fy18_schedule_c_awards.csv,239,organization,111966067,11-1966067,45000,"Boys & Girls Club Of Metro Queens, Inc.",113065859,25000,18,0
q1_organization,FY2018,data/fy18/schedule_c/fy18_schedule_c_awards.csv,248,organization,133730564,13-3730564,38000,"HIV Law Project, Inc., The",510141489,38000,2,0
q1_organization,FY2018,data/fy18/schedule_c/fy18_schedule_c_awards.csv,249,organization,464879076,46-4879076,200000,"Immigrant Justice Corps, Inc.",132600199,425000,18,0
q1_organization,FY2018,data/fy18/schedule_c/fy18_schedule_c_awards.csv,249,organization,133802711,13-3802711,10000,Immigration Equality,132600199,425000,14,0
q1_organization,FY2018,data/fy18/schedule_c/fy18_schedule_c_awards.csv,256,organization,237406410,23-7406410,25000,"SBH Community Service Network, Inc.",112728233,20000,24,0
q1_organization,FY2018,data/fy18/schedule_c/fy18_schedule_c_awards.csv,256,organization,112306447,11-2306447,65000,"Southside Community Mission, Inc.",112728233,20000,20,0
q1_organization,FY2018,data/fy18/schedule_c/fy18_schedule_c_awards.csv,267,organization,134131863,13-4131863,107372,Grace Foundation of New York,135562256,50000,18,0
q1_organization,FY2018,data/fy18/schedule_c/fy18_schedule_c_awards.csv,267,organization,111633549,11-1633549,128540,Heartshare Human Services of New York,135562256,50000,18,0
q1_organization,FY2018,data/fy18/schedule_c/fy18_schedule_c_awards.csv,267,organization,202336717,20-2336717,70031,Imagine Foundation,135562256,50000,18,0
q1_organization,FY2018,data/fy18/schedule_c/fy18_schedule_c_awards.csv,267,organization,133490745,13-3490745,67183,"Jewish Community Center in Manhattan, Inc., The",135562256,50000,18,0
q1_organization,FY2018,data/fy18/schedule_c/fy18_schedule_c_awards.csv,268,organization,134038495,13-4038495,87250,"Job Path, Inc.",133622107,147132,16,0
q1_organization,FY2018,data/fy18/schedule_c/fy18_schedule_c_awards.csv,268,organization,132526022,13-2526022,140548,"Lifespire, Inc.",133622107,147132,0,0
q1_organization,FY2018,data/fy18/schedule_c/fy18_schedule_c_awards.csv,268,organization,131847137,13-1847137,55000,"Lincoln Center for the Performing Arts, Inc.",133622107,147132,0,0
q1_organization,FY2018,data/fy18/schedule_c/fy18_schedule_c_awards.csv,271,organization,113442879,11-3442879,219665,"New York Families for Autistic Children, Inc.",135562308,55000,2,0
q1_organization,FY2018,data/fy18/schedule_c/fy18_schedule_c_awards.csv,276,organization,112482974,11-2482974,189970,"QSAC, Inc.",135600422,124187,2,0
q1_organization,FY2018,data/fy18/schedule_c/fy18_schedule_c_awards.csv,277,organization,203042280,20-3042280,55000,Reach for the Stars Learning Center,112594790,191938,8,0
q1_organization,FY2018,data/fy18/schedule_c/fy18_schedule_c_awards.csv,280,organization,131740041,13-1740041,113136,"Shield of David, Inc.",113070228,105046,18,0
q1_organization,FY2018,data/fy18/schedule_c/fy18_schedule_c_awards.csv,281,organization,133183344,13-3183344,75000,"Sinergia, Inc.",136216919,85000,0,0
q1_organization,FY2018,data/fy18/schedule_c/fy18_schedule_c_awards.csv,286,organization,131740114,13-1740114,425077,Montefiore Medical Center,132946970,115385,6,0
q1_organization,FY2018,data/fy18/schedule_c/fy18_schedule_c_awards.csv,294,organization,132729071,13-2729071,145000,"Coalition of Behavioral Health Agencies, Inc., The",132645436,150000,2,0
q1_organization,FY2018,data/fy18/schedule_c/fy18_schedule_c_awards.csv,306,organization,132608325,13-2608325,189103,"Epilepsy Institute, The",135562204,27103,0,0
q1_organization,FY2018,data/fy18/schedule_c/fy18_schedule_c_awards.csv,311,organization,131740114,13-1740114,70429,Montefiore Medical Center,135596746,234103,16,0
q1_organization,FY2018,data/fy18/schedule_c/fy18_schedule_c_awards.csv,315,organization,132997301,13-2997301,41103,St. Luke's-Roosevelt Hospital Center,202508411,273103,0,0
q1_organization,FY2018,data/fy18/schedule_c/fy18_schedule_c_awards.csv,315,organization,135623279,13-5623279,107103,"Staten Island Mental Health Society, Inc.",202508411,273103,2,0
q1_organization,FY2018,data/fy18/schedule_c/fy18_schedule_c_awards.csv,331,organization,237406410,23-7406410,63000,"SBH Community Service Network, Inc.",132947616,78540,4,0
q1_organization,FY2018,data/fy18/schedule_c/fy18_schedule_c_awards.csv,336,organization,133165181,13-3165181,250000,"Bailey House, Inc.",111630780,49000,12,0
q1_organization,FY2018,data/fy18/schedule_c/fy18_schedule_c_awards.csv,359,organization,132969182,13-2969182,140000,"Urban Youth Alliance International, Inc.",132612524,70000,2,0
q1_organization,FY2018,data/fy18/schedule_c/fy18_schedule_c_awards.csv,360,organization,260847222,26-0847222,65000,Harlem Mother's Stop Another Violent End (S.A.V.E.),131632530,35000,0,0
q1_organization,FY2018,data/fy18/schedule_c/fy18_schedule_c_awards.csv,361,organization,453359451,45-3359451,35000,"Gangstas Making Astronomical Community Changes, Inc.",112870465,35000,0,0
q1_organization,FY2018,data/fy18/schedule_c/fy18_schedule_c_awards.csv,362,organization,260894097,26-0894097,35000,"Not Another Child, Inc.",112665181,35000,8,0
q1_organization,FY2018,data/fy18/schedule_c/fy18_schedule_c_awards.csv,364,organization,260149521,26-0149521,40000,"Street Corner Resources, Inc.",132912963,80000,4,1
q1_organization,FY2018,data/fy18/schedule_c/fy18_schedule_c_awards.csv,366,organization,132969182,13-2969182,160000,"Urban Youth Alliance International, Inc.",451964622,80000,0,0
q1_organization,FY2018,data/fy18/schedule_c/fy18_schedule_c_awards.csv,368,organization,113027538,11-3027538,40000,"Ifetayo Cultural Arts Academy, Inc.",131988190,120000,10,0
q1_organization,FY2018,data/fy18/schedule_c/fy18_schedule_c_awards.csv,369,organization,200814999,20-0814999,80000,"Life Camp, Inc.",111729398,40000,2,0
q1_organization,FY2018,data/fy18/schedule_c/fy18_schedule_c_awards.csv,370,organization,237085239,23-7085239,80000,"New York Center for Interpersonal Development, Inc.",800612019,40000,20,0
q1_organization,FY2018,data/fy18/schedule_c/fy18_schedule_c_awards.csv,371,organization,453359451,45-3359451,40000,"Gangstas Making Astronomical Community Changes, Inc.",132612524,120000,0,0
q1_organization,FY2018,data/fy18/schedule_c/fy18_schedule_c_awards.csv,374,organization,133626127,13-3626127,90000,Central Family Life Center,061711370,90000,0,0
q1_organization,FY2018,data/fy18/schedule_c/fy18_schedule_c_awards.csv,374,organization,453359451,45-3359451,90000,"Gangstas Making Astronomical Community Changes, Inc.",061711370,90000,0,0
q1_organization,FY2018,data/fy18/schedule_c/fy18_schedule_c_awards.csv,381,organization,132755323,13-2755323,103914,"Council of Belmont Organizations, Inc.",112932528,56132,20,0
q1_organization,FY2018,data/fy18/schedule_c/fy18_schedule_c_awards.csv,388,organization,510204121,51-0204121,45000,"Jamaica Service Program for Older Adults, Inc. (JSPOA) NORC",132620896,76000,4,0
q1_organization,FY2018,data/fy18/schedule_c/fy18_schedule_c_awards.csv,440,organization,113317234,11-3317234,88855,"ACCION East, Inc.",371443165,51450,18,0
q1_organization,FY2018,data/fy18/schedule_c/fy18_schedule_c_awards.csv,440,organization,202381186,20-2381186,30925,"Brooklyn Kings County Hispanic Chamber Of Commerce, Inc.",371443165,51450,6,0
q1_organization,FY2018,data/fy18/schedule_c/fy18_schedule_c_awards.csv,440,organization,133591350,13-3591350,66450,"Harlem Business Alliance, Inc.",371443165,51450,18,0
q1_organization,FY2018,data/fy18/schedule_c/fy18_schedule_c_awards.csv,441,organization,141845651,14-1845651,78940,"New York Women's Chamber of Commerce, Inc.",112436149,65925,6,0
q1_organization,FY2018,data/fy18/schedule_c/fy18_schedule_c_awards.csv,450,organization,133213525,13-3213525,100000,Jericho Project,136216919,50000,2,0
q1_organization,FY2018,data/fy18/schedule_c/fy18_schedule_c_awards.csv,454,organization,133165181,13-3165181,20000,"Bailey House, Inc.",133461695,20000,2,0
q1_organization,FY2018,data/fy18/schedule_c/fy18_schedule_c_awards.csv,457,organization,134004600,13-4004600,4000000,"ExpandED Schools, Inc.",113112635,1000000,14,0
q1_organization,FY2018,data/fy18/schedule_c/fy18_schedule_c_awards.csv,461,organization,111966067,11-1966067,420000,"Boys and Girls Club of Metro Queens, Inc.",131623989,406000,6,0
q1_organization,FY2018,data/fy18/schedule_c/fy18_schedule_c_awards.csv,461,organization,132997764,13-2997764,150000,"Development Outreach, Inc.",131623989,406000,0,0
q1_organization,FY2018,data/fy18/schedule_c/fy18_schedule_c_awards.csv,464,organization,131943516,13-1943516,134400,"Strycker’s Bay Neighborhood Council, Inc.",112799128,84000,2,0
q1_organization,FY2018,data/fy18/schedule_c/fy18_schedule_c_awards.csv,466,organization,133945168,13-3945168,50000,"Figure Skating in East Harlem, Inc.",133942063,100000,2,0
q1_organization,FY2018,data/fy18/schedule_c/fy18_schedule_c_awards.csv,466,organization,043697166,04-3697166,50000,"Girls for Gender Equity, Inc.",133942063,100000,10,0
q1_organization,FY2018,data/fy18/schedule_c/fy18_schedule_c_awards.csv,466,organization,542115054,54-2115054,100000,"Girls Write Now, Inc.",133942063,100000,2,0
q1_organization,FY2018,data/fy18/schedule_c/fy18_schedule_c_awards.csv,466,organization,113427213,11-3427213,100000,"Groundswell Community Mural Project, Inc.",133942063,100000,18,0
q1_organization,FY2018,data/fy18/schedule_c/fy18_schedule_c_awards.csv,469,organization,133083068,13-3083068,63000,"Community Healthcare Network, Inc.",131624096,93000,2,0
q1_organization,FY2019,data/fy19/schedule_c/fy19_schedule_c_awards.csv,36,organization,112423857,11-2423857,70000,"Haitian Americans United for Progress, Inc.",133584616,100000,0,0
q1_organization,FY2019,data/fy19/schedule_c/fy19_schedule_c_awards.csv,100,organization,815080860,81-5080860,200000,"Crime Victims Treatment Center, Inc.",136171197,200000,0,0
q1_organization,FY2019,data/fy19/schedule_c/fy19_schedule_c_awards.csv,110,organization,208645579,20-8645579,60000,"LifeWay Network, Inc.",136400434,200000,0,0
q1_organization,FY2019,data/fy19/schedule_c/fy19_schedule_c_awards.csv,125,organization,133111859,13-3111859,29800,"Instituto Arte Teatral Internacional, Inc.",237212492,113200,2,0
q1_organization,FY2019,data/fy19/schedule_c/fy19_schedule_c_awards.csv,139,organization,201407519,20-1407519,14600,"Rising Circle Theater Collective, Inc.",133929841,14600,0,0
q1_organization,FY2019,data/fy19/schedule_c/fy19_schedule_c_awards.csv,166,organization,815080860,81-5080860,45000,"Crime Victims Treatment Center, Inc.",135675643,45000,2,0
q1_organization,FY2019,data/fy19/schedule_c/fy19_schedule_c_awards.csv,190,organization,472852025,47-2852025,100000,"History UnErased, Inc.",521996380,100000,11,0
q1_organization,FY2019,data/fy19/schedule_c/fy19_schedule_c_awards.csv,198,organization,112024569,11-2024569,450000,Council of School Supervisors and Administrators,136400434,20354500,2,0
q1_organization,FY2019,data/fy19/schedule_c/fy19_schedule_c_awards.csv,240,organization,133954568,13-3954568,50000,"AID for AIDS International, Inc.",112837894,180000,2,0
q1_organization,FY2019,data/fy19/schedule_c/fy19_schedule_c_awards.csv,255,organization,133632234,13-3632234,228630,"Community Research Initiative on AIDS, Inc.",113122295,144000,0,0
q1_organization,FY2019,data/fy19/schedule_c/fy19_schedule_c_awards.csv,263,organization,450553664,45-0553664,10000,Healthix,133584089,495094,0,0
q1_organization,FY2019,data/fy19/schedule_c/fy19_schedule_c_awards.csv,301,organization,133597820,13-3597820,10000,"Gay Men of African Descent, Inc.",112527706,10000,0,0
q1_organization,FY2019,data/fy19/schedule_c/fy19_schedule_c_awards.csv,304,organization,112074467,11-2074467,10000,Mount Horeb Baptist Church,208427029,10000,0,0
q1_organization,FY2019,data/fy19/schedule_c/fy19_schedule_c_awards.csv,310,organization,133848575,13-3848575,14000,"Vision Urbana, Inc.",263178076,20000,0,0
q1_organization,FY2019,data/fy19/schedule_c/fy19_schedule_c_awards.csv,319,organization,237412423,23-7412423,61701,Lower East Side Family Union,131624096,123541,0,0
q1_organization,FY2019,data/fy19/schedule_c/fy19_schedule_c_awards.csv,345,organization,133584089,13-3584089,13500,"Housing Works, Inc.",237348989,40410,2,0
q1_organization,FY2019,data/fy19/schedule_c/fy19_schedule_c_awards.csv,347,organization,133678499,13-3678499,13500,New York Harm Reduction Educators,133845305,13500,2,0
q1_organization,FY2019,data/fy19/schedule_c/fy19_schedule_c_awards.csv,370,organization,112435523,11-2435523,29729,"Brighton Neighborhood Association, Inc.",471006046,29730,2,0
q1_organization,FY2019,data/fy19/schedule_c/fy19_schedule_c_awards.csv,376,organization,132564241,13-2564241,29729,"Community League of the Heights, Inc.",141719016,142000,4,0
q1_organization,FY2019,data/fy19/schedule_c/fy19_schedule_c_awards.csv,396,organization,133385032,13-3385032,71000,"Mary Mitchell Family and Youth Center, Inc.",132622748,29730,14,0
q1_organization,FY2019,data/fy19/schedule_c/fy19_schedule_c_awards.csv,409,organization,132806160,13-2806160,29730,"Northwest Bronx Community and Clergy Coalition, Inc.",112451752,61000,14,0
q1_organization,FY2019,data/fy19/schedule_c/fy19_schedule_c_awards.csv,418,organization,131943516,13-1943516,29730,"Strycker's Bay Neighborhood Council, Inc.",132735378,29730,2,0
q1_organization,FY2019,data/fy19/schedule_c/fy19_schedule_c_awards.csv,445,organization,133385032,13-3385032,125000,"Mary Mitchell Family and Youth Center, Inc.",112451752,102000,0,0
q1_organization,FY2019,data/fy19/schedule_c/fy19_schedule_c_awards.csv,445,organization,132806160,13-2806160,125000,"Northwest Bronx Community and Clergy Coalition, Inc.",112451752,102000,0,0
q1_organization,FY2019,data/fy19/schedule_c/fy19_schedule_c_awards.csv,451,organization,131923959,13-1923959,65000,Ackerman Institute for the Family,133749744,50000,6,0
q1_organization,FY2019,data/fy19/schedule_c/fy19_schedule_c_awards.csv,458,organization,133273402,13-3273402,100000,"Institute for Family Health, The",237348989,30000,6,0
q1_organization,FY2019,data/fy19/schedule_c/fy19_schedule_c_awards.csv,489,organization,133802711,13-3802711,10000,Immigration Equality,132600199,425000,14,0
q1_organization,FY2019,data/fy19/schedule_c/fy19_schedule_c_awards.csv,559,organization,133183344,13-3183344,60548,"Sinergia, Inc.",136216919,85000,0,0
q1_organization,FY2019,data/fy19/schedule_c/fy19_schedule_c_awards.csv,599,organization,112542430,11-2542430,132103,"PSCH, INC. (Kingsboro Psychiatric Center)",743177454,107103,10,0
q1_organization,FY2019,data/fy19/schedule_c/fy19_schedule_c_awards.csv,628,organization,133584089,13-3584089,250000,"Housing Works, Inc.",133724008,250000,0,0
q1_organization,FY2019,data/fy19/schedule_c/fy19_schedule_c_awards.csv,632,organization,800612019,80-0612019,18000,"East Flatbush Village, Inc.",132709368,16000,0,0
q1_organization,FY2019,data/fy19/schedule_c/fy19_schedule_c_awards.csv,632,organization,453665976,45-3665976,18000,"Afro-Latin Jazz Alliance of New York, Inc.",132709368,16000,6,0
q1_organization,FY2019,data/fy19/schedule_c/fy19_schedule_c_awards.csv,632,organization,113549224,11-3549224,18000,"Central Brooklyn Jazz Consortium, Inc.",132709368,16000,0,0
q1_organization,FY2019,data/fy19/schedule_c/fy19_schedule_c_awards.csv,649,organization,455180976,45-5180976,25000,"Community Service Center of Greater Williamsburg, Inc.",112864728,143000,0,0
q1_organization,FY2019,data/fy19/schedule_c/fy19_schedule_c_awards.csv,680,organization,133848575,13-3848575,100000,"Vision Urbana, Inc.",200351906,100000,0,0
q1_organization,FY2019,data/fy19/schedule_c/fy19_schedule_c_awards.csv,699,organization,112903423,11-2903423,88500,"Caribbean American Chamber of Commerce and Industry, Inc.",133591350,73000,2,0
q1_organization,FY2019,data/fy19/schedule_c/fy19_schedule_c_awards.csv,704,organization,203937275,20-3937275,125000,"Public Housing Communities, Inc.",133255591,125000,2,0
q1_organization,FY2019,data/fy19/schedule_c/fy19_schedule_c_awards.csv,767,organization,042628399,04-2628399,309800,"ICA Group, Inc., The",112777066,444700,0,0
q1_organization,FY2019,data/fy19/schedule_c/fy19_schedule_c_awards.csv,767,organization,465245034,46-5245034,252600,"NYC NOWC, Inc.",112777066,444700,0,0
q1_organization,FY2019,data/fy19/schedule_c/fy19_schedule_c_awards.csv,832,organization,132997764,13-2997764,150000,"Development Outreach, Inc.",131623989,406000,0,0
q1_organization,FY2019,data/fy19/schedule_c/fy19_schedule_c_awards.csv,833,organization,542068797,54-2068797,210000,Jewish Institute of Queens,135562301,263200,4,0
q1_organization,FY2019,data/fy19/schedule_c/fy19_schedule_c_awards.csv,834,organization,131943516,13-1943516,134400,"Strycker's Bay Neighborhood Council, Inc.",112799128,84000,2,0
q1_organization,FY2019,data/fy19/schedule_c/fy19_schedule_c_awards.csv,847,organization,132736022,13-2736022,370100,South Bronx Overall Economic Development Corporation,133203701,179500,0,0
spill_same_rows,FY2017,data/fy17/schedule_c/fy17_schedule_c_awards.csv,27,purpose,112697931,11-2697931,20000,"Gentile NIA Community Services Network, Inc.",550882599,20000,96,0
spill_same_rows,FY2017,data/fy17/schedule_c/fy17_schedule_c_awards.csv,38,purpose,133935309,13-3935309,20000,"Torres PowerMyLearning, Inc.",132954007,20000,56,0
spill_same_rows,FY2017,data/fy17/schedule_c/fy17_schedule_c_awards.csv,267,program,112730462,11-2730462,83000,RAICES,131740122,82000,6,0
spill_same_rows,FY2018,data/fy18/schedule_c/fy18_appendix_a_aging.csv,11,purpose,132745303,132745303,30000,"00 Funds will be used to support the ""Senior Stars"" Theater Program Page 1 Appendix A: Aging Discretionary Council Member Legal Name of Organization EIN * Amount CM Purpose of Funds Fiscal Conduit FC EIN Cohen Bedford Park Multi-Service Center for Senior Citizens, Inc.",651209580,8000,2,0
spill_same_rows,FY2018,data/fy18/schedule_c/fy18_appendix_a_aging.csv,38,purpose,112480945,112480945,6000,"00 Funding to provide operating support for the Brooklyn Pride parade, festival, 5k run, cultural events, entertainment and/other cultural events. Miller Calvary Baptist Church",262214534,10000,0,0
spill_same_rows,FY2018,data/fy18/schedule_c/fy18_appendix_a_aging.csv,38,purpose,112480945,112480945,6000,"Funding will provide computer equipment, supplies and other consumables for seniors and youth who utilize the program. Miller Calvary Baptist Church",262214534,10000,0,0
spill_same_rows,FY2018,data/fy18/schedule_c/fy18_appendix_a_aging.csv,38,purpose,112480945,112480945,11000,"Funds will be used to take trips to the movies, theatres, tours, museums, places of interest and spend quality time with grandchildren. CD28 Calvary Baptist Church",262214534,10000,0,0
spill_same_rows,FY2018,data/fy18/schedule_c/fy18_appendix_a_aging.csv,84,program,132755323,132755323,10000,Senior Social Services,112864728,2000,1,0
spill_same_rows,FY2018,data/fy18/schedule_c/fy18_appendix_a_aging.csv,84,program,132755323,132755323,20000,"Funds will support direct services for seniors to access federal, state and local public entitlement programs. Torres Council of Belmont Organizatons, Inc. - Social Services for Community",112864728,2000,0,0
spill_same_rows,FY2018,data/fy18/schedule_c/fy18_appendix_a_aging.csv,89,program,112322490,112322490,5000,Shalom Senior Center,112297647,76875,0,0
spill_same_rows,FY2018,data/fy18/schedule_c/fy18_appendix_a_aging.csv,173,program,510204121,510204121,10000,NORC,131624148,5000,2,0
spill_same_rows,FY2018,data/fy18/schedule_c/fy18_appendix_a_aging.csv,173,program,510204121,510204121,5000,"Funding will support the senior citizens' homeowners' fair and staff salaries. Lancman Jamaica Service Program for Older Adults, Inc. (JSPOA) - Shelton House Senior Center",131624148,5000,0,0
spill_same_rows,FY2018,data/fy18/schedule_c/fy18_appendix_a_aging.csv,173,program,510204121,510204121,15000,"Funding will support operational costs associated with transportation and activities for the senior center at Shelton Houses. Miller Jamaica Service Program for Older Adults, Inc. (JSPOA) - Theodora Jackson Adult Center",131624148,5000,0,0
spill_same_rows,FY2018,data/fy18/schedule_c/fy18_appendix_a_aging.csv,173,program,510204121,510204121,5000,"The funds will support general center operating expenses, the purchase of a freezer, a refrigerator, a new pool table and the salary of a part time afternoon driver that will allow members to stay at the center longer. Miller Jamaica Service Program for Older Adults, Inc. (JSPOA) - Transportation Program",131624148,5000,0,0
spill_same_rows,FY2018,data/fy18/schedule_c/fy18_appendix_a_aging.csv,300,program,112744700,112744700,5000,Monthly Programs at Borough Hall,237172152,5000,10,0
spill_same_rows,FY2018,data/fy18/schedule_c/fy18_appendix_a_aging.csv,304,purpose,111752021,111752021,25000,00 Funding to support general operation expenses of programming/services at Middle Village Adult Center. Crowley Rabbi Israel Meyer HaKohen Rabbinical Seminary of America - Senior Programming,111752021,3000,3,0
spill_same_rows,FY2018,data/fy18/schedule_c/fy18_appendix_a_aging.csv,344,program,112347331,112347331,7500,Senior League of Flatbush,132947616,5000,0,0
spill_same_rows,FY2018,data/fy18/schedule_c/fy18_appendix_a_aging.csv,375,purpose,111714878,111714878,5000,"00 Funding to support expenses related to community programming and events including materials, supplies and outreach. Lancman St. Nicholas of Tolentine",111646313,5000,0,0
spill_same_rows,FY2019,data/fy19/schedule_c/fy19_schedule_c_awards.csv,632,program,112547268,11-2547268,18000,"17K352 $18,000 BRIC Arts | Media | Bklyn, Inc.",132709368,16000,12,0
spill_same_rows,FY2019,data/fy19/schedule_c/fy19_schedule_c_awards.csv,632,program,112547268,11-2547268,18000,"BRIC Arts | Media | Bklyn, Inc.",132709368,16000,12,0
spill_same_rows,FY2019,data/fy19/schedule_c/fy19_schedule_c_awards.csv,632,program,453023036,45-3023036,18000,"2020 Vision for Schools, Inc.",132709368,16000,32,0
spill_same_rows,FY2019,data/fy19/schedule_c/fy19_schedule_c_awards.csv,632,program,453023036,45-3023036,18000,"2020 Vision for Schools, Inc.",132709368,16000,32,0
spill_same_rows,FY2019,data/fy19/schedule_c/fy19_schedule_c_awards.csv,632,program,510135262,51-0135262,18000,"Black Spectrum Theatre Company, Inc.",132709368,16000,0,0
spill_same_rows,FY2019,data/fy19/schedule_c/fy19_schedule_c_awards.csv,632,program,510135262,51-0135262,18000,"Black Spectrum Theatre Company, Inc.",132709368,16000,0,0
spill_same_rows,FY2019,data/fy19/schedule_c/fy19_schedule_c_awards.csv,632,program,112730714,11-2730714,18000,American Museum of the Moving Image,132709368,16000,12,0
spill_same_rows,FY2019,data/fy19/schedule_c/fy19_schedule_c_awards.csv,632,program,112730714,11-2730714,18000,American Museum of the Moving Image,132709368,16000,12,0
spill_same_rows,FY2019,data/fy19/schedule_c/fy19_schedule_c_awards.csv,632,program,450476945,45-0476945,18000,"Sundog Theatre, Inc.",132709368,16000,12,0
spill_same_rows,FY2019,data/fy19/schedule_c/fy19_schedule_c_awards.csv,632,program,450476945,45-0476945,18000,"Sundog Theatre, Inc.",132709368,16000,12,0
spill_same_rows,FY2019,data/fy19/schedule_c/fy19_schedule_c_awards.csv,632,program,472167056,47-2167056,18000,"Victory Music and Dance Company, Inc.",132709368,16000,6,0
spill_same_rows,FY2019,data/fy19/schedule_c/fy19_schedule_c_awards.csv,632,program,030553092,03-0553092,18000,"Man Up, Inc.",132709368,16000,0,0
spill_same_rows,FY2019,data/fy19/schedule_c/fy19_schedule_c_awards.csv,632,program,030553092,03-0553092,18000,"Man Up, Inc.",132709368,16000,0,0
spill_same_rows,FY2019,data/fy19/schedule_c/fy19_schedule_c_awards.csv,632,program,205332584,20-5332584,18000,Purelements: An Evolution in Dance,132709368,16000,0,0
spill_same_rows,FY2019,data/fy19/schedule_c/fy19_schedule_c_awards.csv,632,program,800612019,80-0612019,18000,"East Flatbush Village, Inc.",132709368,16000,0,0
spill_same_rows,FY2019,data/fy19/schedule_c/fy19_schedule_c_awards.csv,632,program,237072915,23-7072915,18000,"Brooklyn Arts Council, Inc.",132709368,16000,12,0
spill_same_rows,FY2019,data/fy19/schedule_c/fy19_schedule_c_awards.csv,632,program,237072915,23-7072915,18000,"Brooklyn Arts Council, Inc.",132709368,16000,12,0
spill_same_rows,FY2019,data/fy19/schedule_c/fy19_schedule_c_awards.csv,632,program,113604970,11-3604970,18000,"NY Writers Coalition, Inc.",132709368,16000,0,0
spill_same_rows,FY2019,data/fy19/schedule_c/fy19_schedule_c_awards.csv,632,program,132612524,13-2612524,18000,Fund for the City of New York,132709368,16000,0,0
spill_same_rows,FY2019,data/fy19/schedule_c/fy19_schedule_c_awards.csv,632,program,136153378,13-6153378,18000,Bronx County Historical Society,132709368,16000,13,0
spill_same_rows,FY2019,data/fy19/schedule_c/fy19_schedule_c_awards.csv,632,program,136153378,13-6153378,18000,Bronx County Historical Society,132709368,16000,13,0
spill_same_rows,FY2019,data/fy19/schedule_c/fy19_schedule_c_awards.csv,632,program,453023036,45-3023036,12000,"2020 Vision for Schools, Inc.",132709368,16000,0,0
unflagged_rows,FY2016,data/fy16/schedule_c/fy16_schedule_c_awards.csv,107,program,135645885,13-5645885,160000,Safe Passage Project,112859151,90000,0,0
unflagged_rows,FY2016,data/fy16/schedule_c/fy16_schedule_c_awards.csv,191,program,133077049,13-3077049,32000,Morrison Lafayette/Boyton Lafayette NORC,132707665,152000,6,0
unflagged_rows,FY2016,data/fy16/schedule_c/fy16_schedule_c_awards.csv,201,program,133608860,13-3608860,20000,Wilson M. Morris Senior Center,136400434,2655,0,0
unflagged_rows,FY2016,data/fy16/schedule_c/fy16_schedule_c_awards.csv,221,program,112301220,11-2301220,183000,House of Jacob,112567809,100000,2,0
unflagged_rows,FY2016,data/fy16/schedule_c/fy16_schedule_c_awards.csv,227,program,132885400,13-2885400,75000,Mary Bethune Neighborhood Center,131624228,60000,0,0
unflagged_rows,FY2017,data/fy17/schedule_c/fy17_schedule_c_awards.csv,26,purpose,134117469,13-4117469,20000,Cumbo Scenarios USA,611652332,20000,0,0
unflagged_rows,FY2017,data/fy17/schedule_c/fy17_schedule_c_awards.csv,30,purpose,133973196,13-3973196,20000,"Kallos MOUSE, Inc.",135562989,20000,63,0
unflagged_rows,FY2017,data/fy17/schedule_c/fy17_schedule_c_awards.csv,30,purpose,131624178,13-1624178,20000,"Koo Selfhelp Community Services, Inc.",135562989,20000,50,0
unflagged_rows,FY2017,data/fy17/schedule_c/fy17_schedule_c_awards.csv,36,purpose,133935309,13-3935309,20000,"Mendez PowerMyLearning, Inc.",112934620,20000,56,0
unflagged_rows,FY2017,data/fy17/schedule_c/fy17_schedule_c_awards.csv,36,purpose,133935309,13-3935309,20000,"Miller PowerMyLearning, Inc.",112934620,20000,56,0
unflagged_rows,FY2017,data/fy17/schedule_c/fy17_schedule_c_awards.csv,37,purpose,113064561,11-3064561,20000,"Richards Community Center of the Rockaway Peninsula, Inc.",112934620,20000,2,0
unflagged_rows,FY2017,data/fy17/schedule_c/fy17_schedule_c_awards.csv,39,purpose,112047151,11-2047151,20000,"Ulrich Catholic Charities Neighborhood Services, Inc.",208562533,20000,14,0
unflagged_rows,FY2017,data/fy17/schedule_c/fy17_schedule_c_awards.csv,40,purpose,131624178,13-1624178,20000,"Vallone Selfhelp Community Services, Inc.",550882599,20000,50,0
unflagged_rows,FY2017,data/fy17/schedule_c/fy17_schedule_c_awards.csv,62,program,133611138,13-3611138,113200,H.A.D.L.E.Y. Players,770608611,14600,0,0
unflagged_rows,FY2017,data/fy17/schedule_c/fy17_schedule_c_awards.csv,62,program,133111859,13-3111859,29800,"Instituto Arte Teatral Internacional, Inc.",770608611,14600,2,0
unflagged_rows,FY2017,data/fy17/schedule_c/fy17_schedule_c_awards.csv,62,program,237212492,23-7212492,113200,"International Arts Relations, Inc.",770608611,14600,4,0
unflagged_rows,FY2017,data/fy17/schedule_c/fy17_schedule_c_awards.csv,62,program,133985592,13-3985592,29800,"LAByrinth, Inc.",770608611,14600,2,0
unflagged_rows,FY2017,data/fy17/schedule_c/fy17_schedule_c_awards.csv,144,program,133098397,13-3098397,61000,North Bronx,113059958,51000,0,0
unflagged_rows,FY2017,data/fy17/schedule_c/fy17_schedule_c_awards.csv,144,program,471169779,47-1169779,71000,"Neighborhood Housing Services of Brooklyn CDC, Inc.",113059958,51000,4,0
unflagged_rows,FY2017,data/fy17/schedule_c/fy17_schedule_c_awards.csv,144,program,471169779,47-1169779,71000,"Neighborhood Housing Services of Brooklyn CDC, Inc.",113059958,51000,4,0
unflagged_rows,FY2017,data/fy17/schedule_c/fy17_schedule_c_awards.csv,144,program,471169779,47-1169779,51000,"Neighborhood Housing Services of Brooklyn CDC, Inc.",113059958,51000,2,0
unflagged_rows,FY2017,data/fy17/schedule_c/fy17_schedule_c_awards.csv,144,program,237398279,23-7398279,71000,"Neighborhood Housing Services of Jamaica, Inc.",113059958,51000,0,0
unflagged_rows,FY2017,data/fy17/schedule_c/fy17_schedule_c_awards.csv,144,program,237398279,23-7398279,51000,"Neighborhood Housing Services of Jamaica, Inc.",113059958,51000,0,0
unflagged_rows,FY2017,data/fy17/schedule_c/fy17_schedule_c_awards.csv,144,program,133110811,13-3110811,61000,Neighborhood Initiatives Development Corporation (NIDC),113059958,51000,14,0
unflagged_rows,FY2017,data/fy17/schedule_c/fy17_schedule_c_awards.csv,232,program,135562308,13-5562308,30000,Langone Medical Center,116078704,63263,2,0
unflagged_rows,FY2017,data/fy17/schedule_c/fy17_schedule_c_awards.csv,297,program,112047151,11-2047151,251000,Sheepshead Bay Nostrand NORC,136400434,529000,8,0
unflagged_rows,FY2017,data/fy17/schedule_c/fy17_schedule_c_awards.csv,299,program,135562230,13-5562230,78000,NORC,132620896,76000,6,0
unflagged_rows,FY2017,data/fy17/schedule_c/fy17_schedule_c_awards.csv,299,program,510204121,51-0204121,45000,"Jamaica Service Program for Older Adults, Inc. (JSPOA) NORC",132620896,76000,4,0
unflagged_rows,FY2017,data/fy17/schedule_c/fy17_schedule_c_awards.csv,305,program,112047151,11-2047151,95000,Flushing,135562256,95000,4,0
unflagged_rows,FY2017,data/fy17/schedule_c/fy17_schedule_c_awards.csv,322,program,133564313,13-3564313,2200000,WSC,133268539,60000,14,0
unflagged_rows,FY2017,data/fy17/schedule_c/fy17_schedule_c_awards.csv,322,program,133564313,13-3564313,5354200,Consortium for Worker Education - JtBO,133268539,60000,0,0
unflagged_rows,FY2018,data/fy18/schedule_c/fy18_appendix_a_aging.csv,9,purpose,133277408,133277408,5000,"00 Funding will support the purchase of equipment and supplies to upgrade the arts and crafts room, reception area, computer room, dining area and kitchen. Garodnick Alzheimers Disease and Related Disorders Association - New York City, Inc.",237436147,25000,16,0
unflagged_rows,FY2018,data/fy18/schedule_c/fy18_appendix_a_aging.csv,9,purpose,133277408,133277408,5000,"Funding will support education, outreach and free enrollment in the Safe Return program, which provides support for persons with Alzheimer's disease . Chin Alzheimers Disease and Related Disorders Association - New York City, Inc.",237436147,25000,16,0
unflagged_rows,FY2018,data/fy18/schedule_c/fy18_appendix_a_aging.csv,9,purpose,133277408,133277408,5000,"To fund Medic Alert Alzheimer’s Association Safe Return to operate in District 1 Chin Alzheimers Disease and Related Disorders Association - New York City, Inc.",237436147,25000,16,0
unflagged_rows,FY2018,data/fy18/schedule_c/fy18_appendix_a_aging.csv,9,purpose,133277408,133277408,5000,"To support outreach staff to engage immigrant communities in Lower Manhattan, which includes doing presentations and producing in- language materials. Cumbo Alzheimers Disease and Related Disorders Association - New York City, Inc.",237436147,25000,16,0
unflagged_rows,FY2018,data/fy18/schedule_c/fy18_appendix_a_aging.csv,9,purpose,112488439,112488439,7500,"Funding to support CaringKind programs with an emphasis on the Chinese community. Lander American-Italian Coalition of Organizations, Inc.",237436147,25000,11,0
unflagged_rows,FY2018,data/fy18/schedule_c/fy18_appendix_a_aging.csv,9,purpose,112488439,112488439,7500,"To support operational expenses of Education and Wellness Programs for Seniors Greenfield American-Italian Coalition of Organizations, Inc.",237436147,25000,11,0
unflagged_rows,FY2018,data/fy18/schedule_c/fy18_appendix_a_aging.csv,9,purpose,132745426,132745426,3500,"Funds will be used for wellness and health programming for older adults, funding to support yoga and health classes Rodriguez ARC XVI Fort Washington, Inc.",237436147,25000,0,0
unflagged_rows,FY2018,data/fy18/schedule_c/fy18_appendix_a_aging.csv,9,purpose,132745426,132745426,20500,"Funding to support operating expenses of transportation services. Rodriguez ARC XVI Fort Washington, Inc.",237436147,25000,0,0
unflagged_rows,FY2018,data/fy18/schedule_c/fy18_appendix_a_aging.csv,10,program,133277408,133277408,5000,"New York City, Inc.",133187792,5000,16,0
unflagged_rows,FY2018,data/fy18/schedule_c/fy18_appendix_a_aging.csv,10,program,133277408,133277408,5000,"Funding will support education, outreach and free enrollment in the Safe Return program, which provides support for persons with Alzheimer's disease . Chin Alzheimers Disease and Related Disorders Association - New York City, Inc.",133187792,5000,16,0
unflagged_rows,FY2018,data/fy18/schedule_c/fy18_appendix_a_aging.csv,10,program,133277408,133277408,5000,"To fund Medic Alert Alzheimer’s Association Safe Return to operate in District 1 Chin Alzheimers Disease and Related Disorders Association - New York City, Inc.",133187792,5000,16,0
unflagged_rows,FY2018,data/fy18/schedule_c/fy18_appendix_a_aging.csv,10,program,133277408,133277408,5000,"To support outreach staff to engage immigrant communities in Lower Manhattan, which includes doing presentations and producing in- language materials. Cumbo Alzheimers Disease and Related Disorders Association - New York City, Inc.",133187792,5000,16,0
unflagged_rows,FY2018,data/fy18/schedule_c/fy18_appendix_a_aging.csv,10,program,112488439,112488439,7500,"Funding to support CaringKind programs with an emphasis on the Chinese community. Lander American-Italian Coalition of Organizations, Inc.",133187792,5000,11,0
unflagged_rows,FY2018,data/fy18/schedule_c/fy18_appendix_a_aging.csv,10,program,112488439,112488439,7500,"To support operational expenses of Education and Wellness Programs for Seniors Greenfield American-Italian Coalition of Organizations, Inc.",133187792,5000,11,0
unflagged_rows,FY2018,data/fy18/schedule_c/fy18_appendix_a_aging.csv,10,program,132745426,132745426,3500,"Funds will be used for wellness and health programming for older adults, funding to support yoga and health classes Rodriguez ARC XVI Fort Washington, Inc.",133187792,5000,0,0
unflagged_rows,FY2018,data/fy18/schedule_c/fy18_appendix_a_aging.csv,10,program,132745426,132745426,20500,"Funding to support operating expenses of transportation services. Rodriguez ARC XVI Fort Washington, Inc.",133187792,5000,0,0
unflagged_rows,FY2018,data/fy18/schedule_c/fy18_appendix_a_aging.csv,10,purpose,264164117,264164117,10000,00 Funds will support AAFE's senior care center in District 1. Menchaca Asian Community United Society Inc.,133187792,5000,2,0
unflagged_rows,FY2018,data/fy18/schedule_c/fy18_appendix_a_aging.csv,19,purpose,264742989,264742989,5000,"00 Funds will support the Golden Age club including senior peer counseling, community updates and information on senior services. Rosenthal Bloomingdale Aging in Place, Inc.",262885471,5000,0,0
unflagged_rows,FY2018,data/fy18/schedule_c/fy18_appendix_a_aging.csv,20,program,264742989,264742989,7500,Neighborhood Senior Wellness,131623910,2500,0,0
unflagged_rows,FY2018,data/fy18/schedule_c/fy18_appendix_a_aging.csv,30,purpose,237072915,237072915,10500,"00 To provide funding for the Senior Healthy Eating and Wellness program at E. Roberts Moore Senior Center. Williams Brooklyn Arts Council, Inc.",133254484,5000,0,0
unflagged_rows,FY2018,data/fy18/schedule_c/fy18_appendix_a_aging.csv,30,purpose,237072915,237072915,9500,"Funds will be used to support Brooklyn Arts Council in providing programs and services for senior residents throughout District 45 and the Borough of Brooklyn. Lander Brooklyn Arts Council, Inc.",133254484,5000,3,0
unflagged_rows,FY2018,data/fy18/schedule_c/fy18_appendix_a_aging.csv,37,purpose,262214534,262214534,6500,"00 To provide Eldercare programming and outreach. Cumbo Brooklyn Community Pride Center, Inc.",262214534,5000,0,0
unflagged_rows,FY2018,data/fy18/schedule_c/fy18_appendix_a_aging.csv,60,purpose,112652331,112652331,7000,"00 Funds will support the Woodhaven - Richmond Hill Senior Center's educational, recreational and health promotion activities, transportation needs by seniors and to provide support for general operations. Constantinides Central Astoria Local Development Coalition, Inc.",112047151,31000,7,0
unflagged_rows,FY2018,data/fy18/schedule_c/fy18_appendix_a_aging.csv,61,program,133626127,133626127,20000,Seniors on the Move,111633509,5000,0,0
unflagged_rows,FY2018,data/fy18/schedule_c/fy18_appendix_a_aging.csv,80,purpose,111994182,111994182,15000,"00 The funds will support health, wellness and safety workshops, recreational programming, excursion, sewing classes, and milestone/seasonal events/celebrations. Greenfield Congregation Bnai Yosef",131977533,10000,0,0
unflagged_rows,FY2018,data/fy18/schedule_c/fy18_appendix_a_aging.csv,81,program,131769584,131769584,12000,Hamilton Grange Senior Center,111802803,15000,0,0
unflagged_rows,FY2018,data/fy18/schedule_c/fy18_appendix_a_aging.csv,83,purpose,133608860,133608860,5000,"00 Funds will support purchase of materials and supplies for events and office equipment as needed. Rodriguez COTHOA Luncheon Club, Inc.",133634076,5000,0,0
unflagged_rows,FY2018,data/fy18/schedule_c/fy18_appendix_a_aging.csv,83,purpose,132755323,132755323,10000,"Funding to support the provision of health/wellness activities for seniors. Torres Council of Belmont Organizatons, Inc. - Senior Social Services",133634076,5000,1,0
unflagged_rows,FY2018,data/fy18/schedule_c/fy18_appendix_a_aging.csv,83,purpose,132755323,132755323,20000,"Funds will support direct services for seniors to access federal, state and local public entitlement programs. Torres Council of Belmont Organizatons, Inc. - Social Services for Community",133634076,5000,0,0
unflagged_rows,FY2018,data/fy18/schedule_c/fy18_appendix_a_aging.csv,85,purpose,753046891,753046891,7000,"00 Funds will be used to support COJO in assisting seniors through support services including benefit enrollment, crisis intervention; emergency assistance, home care, and insurance enrollment with in- house health insurance navigator as needed. Williams Council of Peoples Organization, Inc.",112864728,9000,5,0
unflagged_rows,FY2018,data/fy18/schedule_c/fy18_appendix_a_aging.csv,85,purpose,753046891,753046891,3500,"Funding will be used to provide unemployed individuals over the age of 55 who have Medicaid or Medicare with lunch 5 days a week. Lander Council of Peoples Organization, Inc.",112864728,9000,1,0
unflagged_rows,FY2018,data/fy18/schedule_c/fy18_appendix_a_aging.csv,85,purpose,132967277,132967277,5000,"Funding to support general operating and programming costs. Chin Council of Senior Centers and Services of NYC, Inc.",112864728,9000,9,0
unflagged_rows,FY2018,data/fy18/schedule_c/fy18_appendix_a_aging.csv,88,purpose,112322490,112322490,15000,00 Funding to support the food pantry and center providing crucial services to seniors and the community Eugene Crown Heights Preservation Committee Corporation,237390996,30000,1,0
unflagged_rows,FY2018,data/fy18/schedule_c/fy18_appendix_a_aging.csv,88,purpose,112322490,112322490,20000,"Funding to support senior programming and activities including ESL classes, computer classes, and trips, and to defray the cost of wheel chair accessible senior bus. Cumbo Crown Heights Preservation Committee Corporation",237390996,30000,3,0
unflagged_rows,FY2018,data/fy18/schedule_c/fy18_appendix_a_aging.csv,88,purpose,112322490,112322490,5000,Funds will be used to enhance activities for seniors including educational and recreational classes and events. It will also be used for maintaining senior wheel chair accessible bus. Mealy Crown Heights Preservation Committee Corporation - Shalom Senior Center,237390996,30000,0,0
unflagged_rows,FY2018,data/fy18/schedule_c/fy18_appendix_a_aging.csv,112,program,142009368,142009368,5000,Literacy for Seniors,133104293,9500,9,0
unflagged_rows,FY2018,data/fy18/schedule_c/fy18_appendix_a_aging.csv,112,purpose,112772287,112772287,18375,"00 To support Encores Home Delivered Meals Program, delivering meals to homebound seniors living on the Westside of midtown Manhattan. Eugene Fenimore Senior Center, Inc.",133104293,9500,0,0
unflagged_rows,FY2018,data/fy18/schedule_c/fy18_appendix_a_aging.csv,114,purpose,203244567,203244567,7000,"00 To support a healthy aging program, including classes in martial arts, salsa, line dance, Zumba, and Wii fitness. Williams Flatbush Shomrim Safety Patrol, Inc.",132666921,10000,10,0
unflagged_rows,FY2018,data/fy18/schedule_c/fy18_appendix_a_aging.csv,114,purpose,203244567,203244567,15000,"Funds will be used to support FSSP in providing assistance programs for the elderly as well as awareness programs regarding anti-terrorism and medical concerns. The funding also supports assistance in case of emergencies such as natural disasters. Deutsch Flatbush Shomrim Safety Patrol, Inc.",132666921,10000,2,0
unflagged_rows,FY2018,data/fy18/schedule_c/fy18_appendix_a_aging.csv,121,purpose,112300840,112300840,7500,"00 Funds will be used to support educational, recreational, wellness, and technological activities targeted at Brooklyn adults of 60 years of age and older. Cornegy Fort Greene Council, Inc. - Stuyvesant Heights Neighborhood Senior Center",112300840,20000,1,1
unflagged_rows,FY2018,data/fy18/schedule_c/fy18_appendix_a_aging.csv,122,program,112300840,112300840,7500,Stuyvesant Heights Neighborhood Senior Center,112300840,24900,1,1
unflagged_rows,FY2018,data/fy18/schedule_c/fy18_appendix_a_aging.csv,128,purpose,057509019,057509019,5000,00 Funding will help support Goddard Riverside's Home Delivered Meals program. Ulrich Golden Age Club of Nativity,131893908,10000,2,0
unflagged_rows,FY2018,data/fy18/schedule_c/fy18_appendix_a_aging.csv,131,purpose,112791048,112791048,10000,"00 Funding for activities and services that meet the psychosocial, health and financial needs of community seniors at the Grand Coalition of Seniors (GSC) Senior Center. Vallone Greater Whitestone Taxpayers Community Center, Inc.",135562230,20000,0,0
unflagged_rows,FY2018,data/fy18/schedule_c/fy18_appendix_a_aging.csv,136,purpose,112648501,112648501,7000,"00 Funding to support the Buddy2Buddy peer support program Williams Haitian Centers Council, Inc.",113364328,8000,0,0
unflagged_rows,FY2018,data/fy18/schedule_c/fy18_appendix_a_aging.csv,147,purpose,237237927,237237927,9000,"00 Funding will go towards coordination of art exhibitions and related programming; Mitzvah day, a celebration of volunteerism; aerobic exercise classes; and a Thanksgiving multicultural festival. Lander Heights and Hills, Inc.",130831470,10000,0,0
unflagged_rows,FY2018,data/fy18/schedule_c/fy18_appendix_a_aging.csv,147,purpose,237237927,237237927,17000,"To provide funding support for the Heights and Hills Case Management Program. Levin Heights and Hills, Inc.",130831470,10000,4,0
unflagged_rows,FY2018,data/fy18/schedule_c/fy18_appendix_a_aging.csv,147,purpose,237237927,237237927,6000,"To provide in-home case management services. Cornegy Heights and Hills, Inc.",130831470,10000,0,0
unflagged_rows,FY2018,data/fy18/schedule_c/fy18_appendix_a_aging.csv,147,purpose,237237927,237237927,9000,"Funding to support the Case Management Program which currently provides ongoing in-home case management services homebound seniors in Brooklyn. Lander Heights and Hills, Inc.",130831470,10000,0,0
unflagged_rows,FY2018,data/fy18/schedule_c/fy18_appendix_a_aging.csv,147,purpose,237237927,237237927,7000,"Funding for supplies and to support health management, education, recreation, arts and technology programming. Cumbo Heights and Hills, Inc.",130831470,10000,0,0
unflagged_rows,FY2018,data/fy18/schedule_c/fy18_appendix_a_aging.csv,158,purpose,264791960,264791960,5000,"00 Funding to support recreational activities and programming at the Hope of Israel Senior Citizens center. Reynoso Hosh Yoga, Inc. - Onderdonk House",132749857,5000,0,0
unflagged_rows,FY2018,data/fy18/schedule_c/fy18_appendix_a_aging.csv,159,program,264791960,264791960,5000,Onderdonk House,133887707,30000,0,0
unflagged_rows,FY2018,data/fy18/schedule_c/fy18_appendix_a_aging.csv,172,program,134161600,134161600,5000,JRPC Still Rising Senior Program,111729398,21300,0,0
unflagged_rows,FY2018,data/fy18/schedule_c/fy18_appendix_a_aging.csv,172,purpose,510204121,510204121,35000,"00 Funds granted to the Riis Senior Center support a program which served residents aged 60 and above who benefit from meal service, transportation, activities and casework assistance. CD28 Jamaica Service Program for Older Adults, Inc. (JSPOA)",111729398,21300,0,0
unflagged_rows,FY2018,data/fy18/schedule_c/fy18_appendix_a_aging.csv,172,purpose,510204121,510204121,10000,"To provide programming and recreational activities for seniors. Funds requested will be used for outreach materials, upgrade equipment (kitchen, freezers, oven) and other program cost. Miller Jamaica Service Program for Older Adults, Inc. (JSPOA) - NORC",111729398,21300,2,0
unflagged_rows,FY2018,data/fy18/schedule_c/fy18_appendix_a_aging.csv,172,purpose,510204121,510204121,5000,"Funding will support the senior citizens' homeowners' fair and staff salaries. Lancman Jamaica Service Program for Older Adults, Inc. (JSPOA) - Shelton House Senior Center",111729398,21300,0,0
unflagged_rows,FY2018,data/fy18/schedule_c/fy18_appendix_a_aging.csv,172,purpose,510204121,510204121,15000,"Funding will support operational costs associated with transportation and activities for the senior center at Shelton Houses. Miller Jamaica Service Program for Older Adults, Inc. (JSPOA) - Theodora Jackson Adult Center",111729398,21300,0,0
unflagged_rows,FY2018,data/fy18/schedule_c/fy18_appendix_a_aging.csv,172,purpose,510204121,510204121,5000,"The funds will support general center operating expenses, the purchase of a freezer, a refrigerator, a new pool table and the salary of a part time afternoon driver that will allow members to stay at the center longer. Miller Jamaica Service Program for Older Adults, Inc. (JSPOA) - Transportation Program",111729398,21300,0,0
unflagged_rows,FY2018,data/fy18/schedule_c/fy18_appendix_a_aging.csv,218,purpose,112608645,112608645,1000,"00 Funds will support the operation of the South Shore Neighborhood Senior Center, provide nutritious kosher lunch and door-to-door transportation Greenfield Jewish Community Council of Canarsie, Inc. - Protecting Our Seniors",135562256,10000,0,0
unflagged_rows,FY2018,data/fy18/schedule_c/fy18_appendix_a_aging.csv,219,program,112608645,112608645,1000,Protecting Our Seniors,112665181,5000,0,0
unflagged_rows,FY2018,data/fy18/schedule_c/fy18_appendix_a_aging.csv,224,purpose,112665181,112665181,7000,"00 Funds will be used to support Ocean Parkway Senior Centers Home Delivered Meals program which provides home delivered meals to homebound seniors. Deutsch Jewish Community Council of Greater Coney Island, Inc. - Senior Citizen Homecare",112665181,2500,0,0
unflagged_rows,FY2018,data/fy18/schedule_c/fy18_appendix_a_aging.csv,225,program,112665181,112665181,7000,Senior Citizen Homecare,112665181,8000,0,0
unflagged_rows,FY2018,data/fy18/schedule_c/fy18_appendix_a_aging.csv,229,purpose,133694790,133694790,8000,00 Funding for the Elder Mentor program in Manhattan nursing home to enhance the hands-on career experience. Johnson Jews for Racial and Economic Justice,131624033,5000,0,0
unflagged_rows,FY2018,data/fy18/schedule_c/fy18_appendix_a_aging.csv,231,purpose,132619576,132619576,35000,"00 Funding to support the senior program that provides meals, case management, exercise, arts crafts, cultural events, education and nutrition classes at Castle Hill Senior Center. Cabrera Kittay House, Jewish Home Lifecare (D/B/A The New Jewish Home, Kittay Apartments)",131623850,16750,0,0
unflagged_rows,FY2018,data/fy18/schedule_c/fy18_appendix_a_aging.csv,235,purpose,237348989,237348989,10000,"00 To fund operational and programming costs of the Korean American Senior College Program and the Korean Food Program. Vallone Korean Community Services of Metropolitan New York, Inc. - Flushing Neighborhood Senior Center",112455396,5000,35,0
unflagged_rows,FY2018,data/fy18/schedule_c/fy18_appendix_a_aging.csv,236,program,237348989,237348989,15000,Flushing Neighborhood Senior Center,112997255,8000,3,0
unflagged_rows,FY2018,data/fy18/schedule_c/fy18_appendix_a_aging.csv,253,purpose,112304928,112304928,21000,"00 Funding for a Town Hall Enrollment and Outreach Day in the district, educating hundreds of community residents on state and federal Medicare-related benefits. Richards Merrill Park Civic Association of Springfield Gardens, Inc.",133505372,3500,0,0
unflagged_rows,FY2018,data/fy18/schedule_c/fy18_appendix_a_aging.csv,253,purpose,112304928,112304928,8000,"Funds will be used to provide programmatic and operating cost of the Merrill Park Civic Association. Miller Merrill Park Civic Association of Springfield Gardens, Inc.",133505372,3500,0,0
unflagged_rows,FY2018,data/fy18/schedule_c/fy18_appendix_a_aging.csv,253,purpose,132738818,132738818,15000,"Funds will be used to assist with general operating expenses including technological upgrades. Page 19 Appendix A: Aging Discretionary Council Member Legal Name of Organization EIN * Amount CM Purpose of Funds Fiscal Conduit FC EIN Ulrich Metropolitan New York Coordinating Council on Jewish Poverty, Inc.",133505372,3500,21,0
unflagged_rows,FY2018,data/fy18/schedule_c/fy18_appendix_a_aging.csv,253,purpose,132738818,132738818,5000,"Funds will be used to provide crisis mitigation services. Dromm Metropolitan New York Coordinating Council on Jewish Poverty, Inc.",133505372,3500,106,0
unflagged_rows,FY2018,data/fy18/schedule_c/fy18_appendix_a_aging.csv,253,purpose,132738818,132738818,4000,"To support case workers who help elderly clients who are under threat of eviction or utility shutoff and / or cannot pay medical bills and have other emergencies. Chin Metropolitan New York Coordinating Council on Jewish Poverty, Inc.",133505372,3500,4,0
unflagged_rows,FY2018,data/fy18/schedule_c/fy18_appendix_a_aging.csv,253,purpose,132738818,132738818,3500,"Funds will support social workers and staff engaged in crisis intervention services. Rosenthal Metropolitan New York Coordinating Council on Jewish Poverty, Inc. - Metropair Handyman Services Program",133505372,3500,8,0
unflagged_rows,FY2018,data/fy18/schedule_c/fy18_appendix_a_aging.csv,253,purpose,237354073,237354073,8000,"Funds support Metropair Handyman Program. Gibson Mid-Bronx Senior Citizens Council, Inc.",133505372,3500,0,0
unflagged_rows,FY2018,data/fy18/schedule_c/fy18_appendix_a_aging.csv,282,purpose,112741128,112741128,8500,"00 Funds will be used for general operating expenses, van maintenance, printing and supplies. Vallone North Flushing Senior Center, Inc.",132759045,10000,0,0
unflagged_rows,FY2018,data/fy18/schedule_c/fy18_appendix_a_aging.csv,284,purpose,020632575,020632575,10000,"00 To provide social, educational and recreational activities such as seasonal celebrations and trips, along with transportation and supplies for Community Garden. Page 21 Appendix A: Aging Discretionary Council Member Legal Name of Organization EIN * Amount CM Purpose of Funds Fiscal Conduit FC EIN Eugene Northeastern Conference of Seventh Day Adventists Community Affairs, Inc.",112574893,9000,0,0
unflagged_rows,FY2018,data/fy18/schedule_c/fy18_appendix_a_aging.csv,284,purpose,550882599,550882599,10000,"Funds to provide opportunities for seniors to participate in a wide variety of indoor and outdoor enrichment activities. Garodnick Older Adults Technology Services (OATS), Inc.",112574893,9000,64,0
unflagged_rows,FY2018,data/fy18/schedule_c/fy18_appendix_a_aging.csv,284,purpose,550882599,550882599,5000,"Funding will support training sessions geared towards helping seniors in Council District 4 to better access and utilize technology as a resource and in their everyday life. Vacca Older Adults Technology Services (OATS), Inc.",112574893,9000,24,0
unflagged_rows,FY2018,data/fy18/schedule_c/fy18_appendix_a_aging.csv,284,purpose,550882599,550882599,2500,"To fund free technology-based programming, classes, workshops and special events at the Senior Planet Exploration Center, multi-week training courses delivered at neighborhood senior centers and the operation of Senior Planet. Levin Older Adults Technology Services (OATS), Inc.",112574893,9000,0,0
unflagged_rows,FY2018,data/fy18/schedule_c/fy18_appendix_a_aging.csv,284,purpose,550882599,550882599,5000,"Support costs for technology training workshops, classes and/or events. Johnson Older Adults Technology Services (OATS), Inc.",112574893,9000,24,0
unflagged_rows,FY2018,data/fy18/schedule_c/fy18_appendix_a_aging.csv,284,purpose,550882599,550882599,5000,"To introduce seniors to technology, provide basic training from email and internet to health research and accessing government services, and to offer more advanced OATS courses and events at the Senior Planet Exploration Center. Kallos Older Adults Technology Services (OATS), Inc.",112574893,9000,24,0
unflagged_rows,FY2018,data/fy18/schedule_c/fy18_appendix_a_aging.csv,284,purpose,550882599,550882599,14500,"To fund a free community-based programming for older adults including technology-training and certification classes, workshops & special events, where laptops and internet connections (where necessary) are brought to senior centers in Council District 5. Cornegy Older Adults Technology Services (OATS), Inc.",112574893,9000,0,0
unflagged_rows,FY2018,data/fy18/schedule_c/fy18_appendix_a_aging.csv,284,purpose,550882599,550882599,5000,"Funding to support technology-training classes, workshops, and special events at the Senior Planet Exploration Center, community- based programming in local neighborhood tech labs; and a range of online resources designed especially for older adults. Greenfield Older Adults Technology Services (OATS), Inc. - Digital Literacy and Technology Training for Older Adults",112574893,9000,24,0
unflagged_rows,FY2018,data/fy18/schedule_c/fy18_appendix_a_aging.csv,284,purpose,550882599,550882599,10000,"Funds will be used to provide OATS free technology based programming. Program services include: multi-week computer training courses delivered at neighborhood senior centers; classes, workshops and special events at the Senior Planet Exploration Center Salamanca Older Adults Technology Services (OATS), Inc. - Erma Cava Senior Center",112574893,9000,64,0
unflagged_rows,FY2018,data/fy18/schedule_c/fy18_appendix_a_aging.csv,284,purpose,550882599,550882599,4500,"To support Senior Tech programming and workshops at Erma Cava Senior Center. Gentile Older Adults Technology Services (OATS), Inc. - Senior Planet Exploration Center",112574893,9000,0,0
unflagged_rows,FY2018,data/fy18/schedule_c/fy18_appendix_a_aging.csv,284,purpose,550882599,550882599,5000,"Funding to support technology-training classes, hands-on workshops, and special events at the Senior Planet Exploration Center. Grodenchik Older Adults Technology Services (OATS), Inc. - Technology Training for Older Adults",112574893,9000,24,0
unflagged_rows,FY2018,data/fy18/schedule_c/fy18_appendix_a_aging.csv,295,purpose,131981482,131981482,8000,"00 To support educational and recreational activities at the Krakus Senior Center. Vacca Presbyterian Senior Services, Inc. - City Island Senior Center",112285970,5200,0,0
unflagged_rows,FY2018,data/fy18/schedule_c/fy18_appendix_a_aging.csv,295,purpose,131981482,131981482,10000,"Funds will be used to support the cost of daily lunch for seniors, Yoga, Tai Chi, Fall Prevention programs, Computer Classes, dance classes and nutrition workshops. Torres Presbyterian Senior Services, Inc. - Parkside Senior Center",112285970,5200,33,0
unflagged_rows,FY2018,data/fy18/schedule_c/fy18_appendix_a_aging.csv,295,purpose,131981482,131981482,14000,"Funds will support meals and classes for seniors living in public housing. Gibson Presbyterian Senior Services, Inc. - PSS Highbridge Center",112285970,5200,2,0
unflagged_rows,FY2018,data/fy18/schedule_c/fy18_appendix_a_aging.csv,296,program,131981482,131981482,8000,City Island Senior Center,133234441,5000,0,0
unflagged_rows,FY2018,data/fy18/schedule_c/fy18_appendix_a_aging.csv,296,program,131981482,131981482,10000,"Funds will be used to support the cost of daily lunch for seniors, Yoga, Tai Chi, Fall Prevention programs, Computer Classes, dance classes and nutrition workshops. Torres Presbyterian Senior Services, Inc. - Parkside Senior Center",133234441,5000,33,0
unflagged_rows,FY2018,data/fy18/schedule_c/fy18_appendix_a_aging.csv,296,program,131981482,131981482,14000,"Funds will support meals and classes for seniors living in public housing. Gibson Presbyterian Senior Services, Inc. - PSS Highbridge Center",133234441,5000,2,0
unflagged_rows,FY2018,data/fy18/schedule_c/fy18_appendix_a_aging.csv,299,purpose,112744700,112744700,11500,"00 To support educational/recreational activities to be led by exercise/dance, nutrition and lecture classes/workshops. The funding will also provide health screenings and fall prevention, and technology programs. Vallone Queens Interagency Council on the Aging, Inc.",112375583,11000,0,0
unflagged_rows,FY2018,data/fy18/schedule_c/fy18_appendix_a_aging.csv,299,purpose,112744700,112744700,5000,"Funding to support operating expenses of programs which benefit Queens seniors. Page 23 Appendix A: Aging Discretionary Council Member Legal Name of Organization EIN * Amount CM Purpose of Funds Fiscal Conduit FC EIN Koslowitz Queens Interagency Council on the Aging, Inc. - Monthly Programs at Borough Hall",112375583,11000,10,0
unflagged_rows,FY2018,data/fy18/schedule_c/fy18_appendix_a_aging.csv,303,purpose,111817497,111817497,5000,"00 To fund free encore film screenings aimed at seniors with staff, outreach, advertising, transportation, promotional materials, supplies. Ulrich Queensboro Council for Social Welfare, Inc.",465631277,5000,6,0
unflagged_rows,FY2018,data/fy18/schedule_c/fy18_appendix_a_aging.csv,303,purpose,111817497,111817497,5000,"Funds will be used for Health and Safety in the Home and in the Community Program. Grodenchik Queensboro Council for Social Welfare, Inc. - Programming in CD 23",465631277,5000,6,0
unflagged_rows,FY2018,data/fy18/schedule_c/fy18_appendix_a_aging.csv,305,program,111752021,111752021,25000,Senior Programming,136213586,35000,3,0
unflagged_rows,FY2018,data/fy18/schedule_c/fy18_appendix_a_aging.csv,321,purpose,050607283,050607283,25000,"00 Funds to support programming, special events as well as provide operational support at the Saratoga Square Senior Center Crowley Ridgewood Older Adult Center and Services, Inc.",112453853,5000,0,0
unflagged_rows,FY2018,data/fy18/schedule_c/fy18_appendix_a_aging.csv,328,purpose,112635374,112635374,36000,"00 Funds will support operations of monthly and weekly senior programs. Page 25 Appendix A: Aging Discretionary Council Member Legal Name of Organization EIN * Amount CM Purpose of Funds Fiscal Conduit FC EIN Van Bramer Samaritan Daytop Village, Inc. - Woodside Senior Center",135562351,7500,3,0
unflagged_rows,FY2018,data/fy18/schedule_c/fy18_appendix_a_aging.csv,332,purpose,112164803,112164803,3000,"00 To support Amigas project, which addresses the unmet needs of low- income, elderly immigrant residents in Sunset Park. Funds will be used for staff, group activities, supplies and travel related to the project. Deutsch Seabreeze Jewish Center",112777066,5000,0,0
unflagged_rows,FY2018,data/fy18/schedule_c/fy18_appendix_a_aging.csv,343,purpose,112347331,112347331,5000,"00 Funding will support a range of classes, including art, Tai Chi, yoga, ESL, and computers, as well as transportation for elderly. Lander Senior Citizens League of Flatbush, Inc.",131624178,25000,2,0
unflagged_rows,FY2018,data/fy18/schedule_c/fy18_appendix_a_aging.csv,343,purpose,112347331,112347331,7500,"To support education and wellness programs for seniors. Page 26 Appendix A: Aging Discretionary Council Member Legal Name of Organization EIN * Amount CM Purpose of Funds Fiscal Conduit FC EIN Greenfield Senior Citizens League of Flatbush, Inc. - Senior League of Flatbush",131624178,25000,0,0
unflagged_rows,FY2018,data/fy18/schedule_c/fy18_appendix_a_aging.csv,369,purpose,111639837,111639837,15000,00 Funding to provide services and programming for Spring Creek Seniors. Greenfield St. Athanasius Golden Age Club,743158439,7000,0,0
unflagged_rows,FY2018,data/fy18/schedule_c/fy18_appendix_a_aging.csv,370,program,111639837,111639837,5000,Golden Age Club,111674392,5000,4,0
unflagged_rows,FY2018,data/fy18/schedule_c/fy18_appendix_a_aging.csv,374,purpose,111642727,111642727,16000,"00 To fund transportation, luncheons, and holiday event for seniors. Eugene St. Mark's United Methodist Church",111675278,5000,0,0
unflagged_rows,FY2018,data/fy18/schedule_c/fy18_appendix_a_aging.csv,384,purpose,132778244,132778244,25000,"00 Funds will be used for transportation to and from center to seniors in our program for peer support groups, summer trips, recreational programs, the recreational pool program. Matteo Staten Island Community Services Friendship Clubs, Inc.",133266398,12000,16,0
unflagged_rows,FY2018,data/fy18/schedule_c/fy18_appendix_a_aging.csv,384,purpose,132778244,132778244,20000,"Funds will be used for recreation, education, transportation, health promotion programs. Page 29 Appendix A: Aging Discretionary Council Member Legal Name of Organization EIN * Amount CM Purpose of Funds Fiscal Conduit FC EIN Borelli Staten Island Community Services Friendship Clubs, Inc. - Great Kills Friendship Club",133266398,12000,16,0
unflagged_rows,FY2018,data/fy18/schedule_c/fy18_appendix_a_aging.csv,384,purpose,132778244,132778244,20000,"Funds will support recreation, educational supplies, transportation, health promotion programs and literature at the Great Kills Friendship Club. Borelli Staten Island Community Services Friendship Clubs, Inc. - Mount Loretto Friendship Club",133266398,12000,16,0
unflagged_rows,FY2018,data/fy18/schedule_c/fy18_appendix_a_aging.csv,385,program,132778244,132778244,3500,Todt Hill Neighborhood Friendship Club,237378342,18000,0,0
unflagged_rows,FY2018,data/fy18/schedule_c/fy18_appendix_a_aging.csv,385,program,112868878,112868878,15000,"Funds will support the administrative, staffing and operational costs associated with providing seniors with recreation, education, transportation, health promotion programs, etc. Matteo Staten Island University Hospital - Senior Colonoscopy Screenings",237378342,18000,0,0
unflagged_rows,FY2018,data/fy18/schedule_c/fy18_appendix_a_aging.csv,387,purpose,131943516,131943516,5000,"00 To fund seminars and workshops, research, and support networks to help LGBTQ seniors build financial literacy skills, plan for financial and health challenges, protect assets, and create an LGBTQ-affirming network of vendors and volunteers. Rosenthal Strycker's Bay Neighborhood Council, Inc.",462796863,5000,9,0
unflagged_rows,FY2018,data/fy18/schedule_c/fy18_appendix_a_aging.csv,387,purpose,112733344,112733344,5000,"Funds will support the services and activities related to the Senior breakfast program. Espinal Sumner Houses Tenants Association, Inc.",462796863,5000,2,0
unflagged_rows,FY2018,data/fy18/schedule_c/fy18_appendix_a_aging.csv,387,purpose,112733344,112733344,6750,"Funding will support senior programming and meals Cornegy Sumner Houses Tenants Association, Inc.",462796863,5000,0,0
unflagged_rows,FY2018,data/fy18/schedule_c/fy18_appendix_a_aging.csv,391,purpose,132735378,132735378,22000,"00 To fund programs and initiatives related to the health of seniors in Council District #8. Mendez United Jewish Council of the East Side, Inc. - Lillian Wald Senior Center",131632530,20000,1,0
unflagged_rows,FY2018,data/fy18/schedule_c/fy18_appendix_a_aging.csv,392,program,132735378,132735378,22000,Lillian Wald Senior Center,112728233,9500,1,0
unflagged_rows,FY2018,data/fy18/schedule_c/fy18_appendix_a_aging.csv,395,purpose,131624210,131624210,6000,"00 Funding will support VISIONS multi-lingual vision education and outreach programs for blind and visually impaired seniors, which includes community outreach, vision rehabilitation, mobility training and social and professional support. Cornegy VISIONS/Services for the Blind and Visually Impaired",131624210,3500,0,0
unflagged_rows,FY2018,data/fy18/schedule_c/fy18_appendix_a_aging.csv,401,purpose,371469320,371469320,3500,"00 Funding will support the operating costs of Vocal Ease's program, which provides volunteer musical performances for seniors at hospitals, nursing homes and senior centers. Rodriguez Vocal Ease, Inc.",371469320,3500,4,1
unflagged_rows,FY2018,data/fy18/schedule_c/fy18_appendix_a_aging.csv,407,program,132944830,132944830,4500,Anti-Poverty Food and Nutrition Program,132926433,15000,0,0
unflagged_rows,FY2018,data/fy18/schedule_c/fy18_appendix_a_aging.csv,407,program,132944830,132944830,5000,To support the food pantry and the delivery of weekend meals and food vouchers to homebound seniors Rodriguez Washington Heights-Inwood Preservation and Restoration Corporation - Senior Transportation Program,132926433,15000,1,0
unflagged_rows,FY2018,data/fy18/schedule_c/fy18_appendix_a_aging.csv,407,program,113528680,113528680,16000,"Funding to support operation of Senior Transportation services. Barron Wayside Out-Reach Development, Inc. (WORD)",132926433,15000,3,0
unflagged_rows,FY2018,data/fy18/schedule_c/fy18_appendix_a_aging.csv,407,program,113528680,113528680,6000,"Funding to support the administrative and operational expenses including food,disposables, supplies, communication, transportation for seniors, educational and recreational events. Cornegy Wayside Out-Reach Development, Inc. (WORD)",132926433,15000,0,0
unflagged_rows,FY2018,data/fy18/schedule_c/fy18_appendix_a_aging.csv,407,program,113528680,113528680,15600,"The funds will be transport free meals to homebound seniors. Barron Wayside Out-Reach Development, Inc. (WORD) - Boulevard Houses Lunch Program",132926433,15000,3,0
unflagged_rows,FY2018,data/fy18/schedule_c/fy18_appendix_a_aging.csv,407,program,113528680,113528680,50000,"Funds are to be used for the lunch program at Bouldevard Houses Senior Center (food items, admistration, and transportation). Mealy Wayside Out-Reach Development, Inc. (WORD) - Mt. Ararat Senior Center",132926433,15000,0,0
unflagged_rows,FY2018,data/fy18/schedule_c/fy18_appendix_a_aging.csv,407,program,113528680,113528680,10000,"Funds will be used for educational and recreational programming at Mt. Ararat Senior Center. Mealy Wayside Out-Reach Development, Inc. (WORD) - Rosetta Gaston Senior Center",132926433,15000,14,0
unflagged_rows,FY2018,data/fy18/schedule_c/fy18_appendix_a_aging.csv,407,program,113528680,113528680,5000,"Funds to support the programming and activities at Rosetta Gaston Senior Center. Mealy Wayside Out-Reach Development, Inc. (WORD) - Tilden Senior Center",132926433,15000,8,0
unflagged_rows,FY2018,data/fy18/schedule_c/fy18_appendix_a_aging.csv,407,program,113528680,113528680,5000,"Funds to support the programming and activities at TILDEN Senior Center. Mealy Wayside Out-Reach Development, Inc. (WORD) - Van Dyke Senior Center.",132926433,15000,8,0
unflagged_rows,FY2018,data/fy18/schedule_c/fy18_appendix_a_aging.csv,413,purpose,030381957,030381957,2000,"00 Funding to support programming including recreation, health promotion, nutrition education and meals. Funding will be used to assist occupancy and utilities expenses, and programming such as education classes in Computer Technology and Arts & Crafts. Maisel Young Israel Programs, Inc. - Young Israel of Bedford Bay, Inc.",030381957,10000,0,0
unflagged_rows,FY2018,data/fy18/schedule_c/fy18_appendix_a_aging.csv,414,program,030381957,030381957,2000,"Young Israel of Bedford Bay, Inc.",030381957,50000,0,0
unflagged_rows,FY2018,data/fy18/schedule_c/fy18_schedule_c_awards.csv,409,program,133564313,13-3564313,2200000,WSC,133268539,60000,14,0
unflagged_rows,FY2018,data/fy18/schedule_c/fy18_schedule_c_awards.csv,409,program,133564313,13-3564313,5154200,Consortium for Worker Education – Jobs to Build On,133268539,60000,6,0
unflagged_rows,FY2019,data/fy19/schedule_c/fy19_schedule_c_awards.csv,557,program,113503085,11-3503085,50000,Hear Our Voices,131740041,113136,2,0
unflagged_rows,FY2022,data/fy22/schedule_c/fy22_appendix_b_local.csv,867,purpose,270834463,270834463,10000,"PLACEHOLDER; organization did not receive FY22 funding as of 06.28.2021; $50,000 Belmont District Management Association, Inc. (EIN",136400434,75000,3,0
unflagged_rows,FY2022,data/fy22/schedule_c/fy22_appendix_b_local.csv,867,purpose,455494252,455494252,15000,Open Future Institute (EIN,136400434,75000,0,0
