fy,tier,absorbing_file,absorbing_line,absorbing_ein,absorbing_amount,absorbing_category,absorbing_initiative,absorbing_award_type,extracted_name,ein,amount,verdict,scope,n_candidates,already_in_corpus,d_organization,d_member,d_program,d_agency,d_purpose,d_source,d_status,d_fy,first_candidate_name
FY16,A,data/fy16/schedule_c/fy16_schedule_c_awards.csv,20,132645436,293850,CRIMINAL JUSTICE SERVICES,Alternatives to Incarceration (ATI) Programs,initiative_provider,Center for Community Alternatives' Crossroads Program,161395992,408978,unique,same_fy,1,0,Center for Community Alternatives,,,MOCJ,"This allocation represents a restoration of $4.1 million and an enhancement of $332,000. Alternative-to-Incarceration (ATI) programs provide intermediate sanctions, such as community service and substance abuse counseling that offer judges an alternative to pre-trial detention, a sentence in jail, or prison for eligible defendants. In addition, ATI programs provide a range of rehabilitative services for defendants and allow jail beds to be made available for more violent offenders who pose a threat to the community.",Alternatives to Incarceration (ATI's),Cleared,FY16,Center for Community Alternatives
FY16,A,data/fy16/schedule_c/fy16_schedule_c_awards.csv,20,132645436,293850,CRIMINAL JUSTICE SERVICES,Alternatives to Incarceration (ATI) Programs,initiative_provider,Center for Employment Opportunities (CEO),133843322,440957,unique,same_fy,1,0,Center for Employment Opportunities,,,MOCJ,"This allocation represents a restoration of $4.1 million and an enhancement of $332,000. Alternative-to-Incarceration (ATI) programs provide intermediate sanctions, such as community service and substance abuse counseling that offer judges an alternative to pre-trial detention, a sentence in jail, or prison for eligible defendants. In addition, ATI programs provide a range of rehabilitative services for defendants and allow jail beds to be made available for more violent offenders who pose a threat to the community.",Alternatives to Incarceration (ATI's),Cleared,FY16,Center for Employment Opportunities
FY16,A,data/fy16/schedule_c/fy16_schedule_c_awards.csv,20,132645436,293850,CRIMINAL JUSTICE SERVICES,Alternatives to Incarceration (ATI) Programs,initiative_provider,Educational Assistance Corporation (EAC),237175609,1021340,unique,same_fy,1,0,"Education and Assistance Corporation (EAC), Inc.",,,MOCJ,"This allocation represents a restoration of $4.1 million and an enhancement of $332,000. Alternative-to-Incarceration (ATI) programs provide intermediate sanctions, such as community service and substance abuse counseling that offer judges an alternative to pre-trial detention, a sentence in jail, or prison for eligible defendants. In addition, ATI programs provide a range of rehabilitative services for defendants and allow jail beds to be made available for more violent offenders who pose a threat to the community.",Alternatives to Incarceration (ATI's),Cleared,FY16,"Education and Assistance Corporation (EAC), Inc."
FY16,A,data/fy16/schedule_c/fy16_schedule_c_awards.csv,25,132813809,150000,CRIMINAL JUSTICE SERVICES,Initiative to Address Sexual Assault,initiative_provider,Icahn School of Medicine at Mount Sinai,136171197,150000,unique,same_fy,1,0,Icahn School of Medicine at Mount Sinai,,,MOCJ,"This allocation represents a restoration of $300,000 mil and an enhancement of $300,000. Funding will support four community-based organizations that provide sexual assault related services and programs.",Initiative to Address Sexual Assault,Cleared,FY16,Icahn School of Medicine at Mount Sinai
FY16,A,data/fy16/schedule_c/fy16_schedule_c_awards.csv,29,132946970,125000,DOMESTIC VIOLENCE SERVICES,Legal Services for Domestic Violence Victims,initiative_provider,Her Justice,133688519,100000,unique,same_fy,1,0,"Her Justice, Inc.",,,DSS/HRA,Funding will support services provided by four community-based organizations for sexual assault related services and programs.,Legal Services for Domestic Violence Victims,Cleared,FY16,"Her Justice, Inc."
FY16,D,data/fy16/schedule_c/fy16_schedule_c_awards.csv,43,133035711,175500,HEALTH SERVICES,Cancer Prevention,initiative_provider,"American Cancer Society, Inc., The",131788491,1000000,absent,none,0,0,,,,,,,,,
FY16,A,data/fy16/schedule_c/fy16_schedule_c_awards.csv,45,134046652,40000,HEALTH SERVICES,Cancer Prevention,initiative_provider,"Charles B. Wang Community Health Center, Inc.",132739694,40500,unique,same_fy,1,0,"Charles B. Wang Community Health Center, Inc.",,,DOHMH,"This allocation supports various screening, education and supportive services for breast, colon, and ovarian cancer.",Cancer Initiative,Cleared,FY16,"Charles B. Wang Community Health Center, Inc."
FY16,A,data/fy16/schedule_c/fy16_schedule_c_awards.csv,52,510567466,11360,HEALTH SERVICES,"Healthy Women, Healthy Future",initiative_provider,Choices in Childbirth,202015286,20480,unique,same_fy,1,0,Choices in Childbirth,,,DOHMH,"This allocation to supports an array of doula services to expectant mothers and women of childbearing age. This funding supports the following: (1) birth doula care; (2) postpartum doula care; (3) program oversight including doula care coordination, training coordination, technical assistance and capacity building for all five Boroughs; (4)program evaluation; focus groups and surveys of doulas and program participants; and (5) doula training whereby doulas will be trained as birth and/or post-partum doulas.","Healthy Women, Healthy Future",Cleared,FY16,Choices in Childbirth
FY16,A,data/fy16/schedule_c/fy16_schedule_c_awards.csv,57,132949483,250000,HEALTH SERVICES,Obesity Prevention,initiative_provider,"Heath Corps, Inc.",261269358,750000,unique,same_fy,1,0,"Healthcorps, Inc.",,,DOHMH,This allocation supports a number of obesity prevention programs that provide nutrition and wellness education and promote physical fitness to curb and prevent obesity in young New Yorkers.,Obesity Prevention Initiative,Cleared,FY16,"Healthcorps, Inc."
FY16,D,data/fy16/schedule_c/fy16_schedule_c_awards.csv,74,132564241,29730,HOUSING INITIATIVE,Community Consultant Contracts (CCC),initiative_provider,"Clinton Housing Development Company, Inc.",132851988,29730,absent,none,0,0,,,,,,,,,
FY16,D,data/fy16/schedule_c/fy16_schedule_c_awards.csv,75,133311582,29730,HOUSING INITIATIVE,Community Consultant Contracts (CCC),initiative_provider,"El Barrio Operation Fight Back, Inc.",133248777,29730,absent,none,0,0,,,,,,,,,
FY16,D,data/fy16/schedule_c/fy16_schedule_c_awards.csv,77,112382250,29730,HOUSING INITIATIVE,Community Consultant Contracts (CCC),initiative_provider,Gowanus Canal Community Development Corporation,112498292,29730,absent,none,0,0,,,,,,,,,
FY16,A,data/fy16/schedule_c/fy16_schedule_c_awards.csv,78,510141489,29730,HOUSING INITIATIVE,Community Consultant Contracts (CCC),initiative_provider,"Harlem Congregations for Community Improvement, Inc.",133516262,29730,unique,same_fy,1,0,"Harlem Congregations for Community Improvement, Inc.",,,HPD,"The Community Consultant Contract (CCC) initiative provides funding for the front-line anti-eviction/anti-displacement services that community groups provide. When a community resident is at risk of eviction, or when a constituent needs assistance with a housing case, they call the CCC-funded specialist at their local community group. These specialists are knowledgeable about a full range of available resources and use all applicable tools to keep New York City residents in housing they can afford. This initiative allows neighborhood-based groups to provide the following core housing services: tenant organization; code enforcement advocacy; housing court assistance; apartment repossession; and other housing-related public education.",Community Consultants Contracts,Cleared,FY16,"Harlem Congregations for Community Improvement, Inc."
FY16,A,data/fy16/schedule_c/fy16_schedule_c_awards.csv,80,131628180,29730,HOUSING INITIATIVE,Community Consultant Contracts (CCC),initiative_provider,Hudson Guild,135562989,29730,unique,same_fy,1,0,Hudson Guild,,,HPD,"The Community Consultant Contract (CCC) initiative provides funding for the front-line anti-eviction/anti-displacement services that community groups provide. When a community resident is at risk of eviction, or when a constituent needs assistance with a housing case, they call the CCC-funded specialist at their local community group. These specialists are knowledgeable about a full range of available resources and use all applicable tools to keep New York City residents in housing they can afford. This initiative allows neighborhood-based groups to provide the following core housing services: tenant organization; code enforcement advocacy; housing court assistance; apartment repossession; and other housing-related public education.",Community Consultants Contracts,Cleared,FY16,Hudson Guild
FY16,A,data/fy16/schedule_c/fy16_schedule_c_awards.csv,90,112375583,29730,HOUSING INITIATIVE,Community Consultant Contracts (CCC),initiative_provider,"Peoples Firehouse, Inc.",112470566,29730,unique,same_fy,1,0,"Peoples Firehouse, Inc.",,,HPD,"The Community Consultant Contract (CCC) initiative provides funding for the front-line anti-eviction/anti-displacement services that community groups provide. When a community resident is at risk of eviction, or when a constituent needs assistance with a housing case, they call the CCC-funded specialist at their local community group. These specialists are knowledgeable about a full range of available resources and use all applicable tools to keep New York City residents in housing they can afford. This initiative allows neighborhood-based groups to provide the following core housing services: tenant organization; code enforcement advocacy; housing court assistance; apartment repossession; and other housing-related public education.",Community Consultants Contracts,Cleared,FY16,"Peoples Firehouse, Inc."
FY16,A,data/fy16/schedule_c/fy16_schedule_c_awards.csv,94,132735378,29731,HOUSING INITIATIVE,Community Consultant Contracts (CCC),initiative_provider,"Strycker's Bay Neighborhood Council, Inc.",131943516,29730,unique,same_fy,1,0,"Strycker's Bay Neighborhood Council, Inc.",,,HPD,"The Community Consultant Contract (CCC) initiative provides funding for the front-line anti-eviction/anti-displacement services that community groups provide. When a community resident is at risk of eviction, or when a constituent needs assistance with a housing case, they call the CCC-funded specialist at their local community group. These specialists are knowledgeable about a full range of available resources and use all applicable tools to keep New York City residents in housing they can afford. This initiative allows neighborhood-based groups to provide the following core housing services: tenant organization; code enforcement advocacy; housing court assistance; apartment repossession; and other housing-related public education.",Community Consultants Contracts,Cleared,FY16,"Strycker's Bay Neighborhood Council, Inc."
FY16,A,data/fy16/schedule_c/fy16_schedule_c_awards.csv,176,133593806,50000,SENIOR SERVICES,Elder Abuse Enhancement,initiative_provider,Turning Point for Women and Families,542177390,50000,unique,same_fy,1,0,Turning Point for Women and Families,,,DFTA,"This allocation enhances baselined funding for elder abuse services, specifically funding organizations that specialize in serving immigrant populations.",Elder Abuse Enhancement,Cleared,FY16,Turning Point for Women and Families
FY16,D,data/fy16/schedule_c/fy16_schedule_c_awards.csv,194,132947657,57000,SENIOR SERVICES,Services Enhancement,initiative_provider,Selfhelp Community Services - Northridge NORC,135654450,234000,absent,none,0,0,,,,,,,,,
FY16,A,data/fy16/schedule_c/fy16_schedule_c_awards.csv,197,136202692,10000,SENIOR SERVICES,"Senior Centers, Programs, and Enhancements",initiative_provider,Bowery Residents’ Committee Senior Center,132736659,261000,unique,same_fy,1,0,Bowery Residents Committee Senior Center,,,DFTA,This allocation enhances and restores baselined funding to DFTA senior center programs and services and provides additional funding to senior centers that are underfunded or over utilized.,"Senior Centers, Programs, and Enhancements",Cleared,FY16,Bowery Residents Committee Senior Center
FY16,A,data/fy16/schedule_c/fy16_schedule_c_awards.csv,241,136400434,135000,SMALL BUSINESS SERVICES AND WORKFORCE DEVELOPMENT,Day Laborer Workforce Initiative,initiative_provider,Staten Island Community Job Center,472787706,15000,unique,same_fy,1,0,Staten Island Community Job Center,,,DSBS,"The funds will be used for the expansion and development of day laborer centers. These services include dignified physical space for day laborers to meet, referrals to jobs or support services, legal services to address issues such as wage theft, as well as workforce training and development.",Day Laborer Workforce Initiative,Cleared,FY16,Staten Island Community Job Center
FY16,A,data/fy16/schedule_c/fy16_schedule_c_awards.csv,243,136400434,281800,SMALL BUSINESS SERVICES AND WORKFORCE DEVELOPMENT,Jobs to Build On,initiative_provider,Consortium for Worker Education (CWE),133564313,5354200,unique,same_fy,1,0,Consortium For Worker Education (CWE),,,DSBS,"To recruit and transition low-skilled, long-term unemployed and under-employed individuals, prepare them for entry-level union and non-union jobs, attain credentials enabling them to meet general employer standards, and place participants in real jobs and career prospects at a living wage.",Jobs to Build On,Cleared,FY16,Consortium For Worker Education (CWE)
FY16,A,data/fy16/schedule_c/fy16_schedule_c_awards.csv,264,113344389,94000,SMALL BUSINESS SERVICES AND WORKFORCE DEVELOPMENT,Worker Cooperative Business Development Initiative,initiative_provider,Green Worker Cooperatives,201828936,234000,unique,same_fy,1,0,"Green Worker, Inc.",,,DSBS,"The Worker Cooperative Business Development initiative will support the creation of jobs in worker cooperatives by coordinating education and training resources and by providing technical, legal, and financial assistance. The initiative will fund a comprehensive citywide effort to reach cooperative entrepreneurs, provide for the start-up of new worker cooperative small businesses, and assist existing cooperatives. The initiative will offer workforce development and concrete skills for unemployed, underemployed and discouraged workers in high-needs neighborhoods.",Worker Cooperative Business Development Initiative,Cleared,FY16,"Green Worker, Inc."
FY16,A,data/fy16/schedule_c/fy16_schedule_c_awards.csv,264,113344389,94000,SMALL BUSINESS SERVICES AND WORKFORCE DEVELOPMENT,Worker Cooperative Business Development Initiative,initiative_provider,ICA Group,042628399,234000,unique,same_fy,1,0,ICA Group,,,DSBS,"The Worker Cooperative Business Development initiative will support the creation of jobs in worker cooperatives by coordinating education and training resources and by providing technical, legal, and financial assistance. The initiative will fund a comprehensive citywide effort to reach cooperative entrepreneurs, provide for the start-up of new worker cooperative small businesses, and assist existing cooperatives. The initiative will offer workforce development and concrete skills for unemployed, underemployed and discouraged workers in high-needs neighborhoods.",Worker Cooperative Business Development Initiative,Cleared,FY16,ICA Group
FY16,A,data/fy16/schedule_c/fy16_schedule_c_awards.csv,264,113344389,94000,SMALL BUSINESS SERVICES AND WORKFORCE DEVELOPMENT,Worker Cooperative Business Development Initiative,initiative_provider,"Working World, The (TWW)",202264584,234000,unique,same_fy,1,0,"Working World, The (TWW)",,,DSBS,"The Worker Cooperative Business Development initiative will support the creation of jobs in worker cooperatives by coordinating education and training resources and by providing technical, legal, and financial assistance. The initiative will fund a comprehensive citywide effort to reach cooperative entrepreneurs, provide for the start-up of new worker cooperative small businesses, and assist existing cooperatives. The initiative will offer workforce development and concrete skills for unemployed, underemployed and discouraged workers in high-needs neighborhoods.",Worker Cooperative Business Development Initiative,Cleared,FY16,"Working World, The (TWW)"
FY16,A,data/fy16/schedule_c/fy16_schedule_c_awards.csv,266,452201993,84000,SMALL BUSINESS SERVICES AND WORKFORCE DEVELOPMENT,Worker Cooperative Business Development Initiative,initiative_provider,Democracy at Work Institute (DAWI),275265123,155000,unique,same_fy,1,0,Democracy at Work Institute (DAWI),,,DSBS,"The Worker Cooperative Business Development initiative will support the creation of jobs in worker cooperatives by coordinating education and training resources and by providing technical, legal, and financial assistance. The initiative will fund a comprehensive citywide effort to reach cooperative entrepreneurs, provide for the start-up of new worker cooperative small businesses, and assist existing cooperatives. The initiative will offer workforce development and concrete skills for unemployed, underemployed and discouraged workers in high-needs neighborhoods.",Worker Cooperative Business Development Initiative,Cleared,FY16,Democracy at Work Institute (DAWI)
FY16,A,data/fy16/schedule_c/fy16_schedule_c_awards.csv,266,452201993,84000,SMALL BUSINESS SERVICES AND WORKFORCE DEVELOPMENT,Worker Cooperative Business Development Initiative,initiative_provider,NYC Network of Worker Cooperatives (NYCNOWC),465245034,148000,unique,same_fy,1,0,NYC Network of Worker Cooperatives (NYCNOWC),,,DSBS,"The Worker Cooperative Business Development initiative will support the creation of jobs in worker cooperatives by coordinating education and training resources and by providing technical, legal, and financial assistance. The initiative will fund a comprehensive citywide effort to reach cooperative entrepreneurs, provide for the start-up of new worker cooperative small businesses, and assist existing cooperatives. The initiative will offer workforce development and concrete skills for unemployed, underemployed and discouraged workers in high-needs neighborhoods.",Worker Cooperative Business Development Initiative,Cleared,FY16,NYC Network of Worker Cooperatives (NYCNOWC)
FY17,A,data/fy17/schedule_c/fy17_schedule_c_awards.csv,2,112290419,960000,CHILDREN’S SERVICES,Discretionary Child Care,initiative_provider,A&G Early Child Care Community Network Inc.,472375867,2000000,unique,same_fy,1,0,A&G Early Child Care Community Network Inc.,,,ACS,This allocation support child care programs and adds additional child care slots to certain programs.,Discretionary Child Care,Cleared,FY17,A&G Early Child Care Community Network Inc.
FY17,A,data/fy17/schedule_c/fy17_schedule_c_awards.csv,3,131860451,273875,CHILDREN’S SERVICES,Discretionary Child Care,initiative_provider,"Bethany Day Nursery, Inc.",132732818,709605,unique,same_fy,1,0,"Bethany Day Nursery, Inc.",,,ACS,This allocation support child care programs and adds additional child care slots to certain programs.,Discretionary Child Care,Cleared,FY17,"Bethany Day Nursery, Inc."
FY17,A,data/fy17/schedule_c/fy17_schedule_c_awards.csv,3,131860451,273875,CHILDREN’S SERVICES,Discretionary Child Care,initiative_provider,"Conselyea St. Block Association, Inc.",112347180,1448669,unique,same_fy,1,0,"Conselyea Street Block Association, Inc.",,,ACS,This allocation support child care programs and adds additional child care slots to certain programs.,Discretionary Child Care,Cleared,FY17,"Conselyea Street Block Association, Inc."
FY17,A,data/fy17/schedule_c/fy17_schedule_c_awards.csv,3,131860451,273875,CHILDREN’S SERVICES,Discretionary Child Care,initiative_provider,Fort Greene Council Inc.,112300840,587058,unique,same_fy,1,0,"Fort Greene Council, Inc.",,,ACS,This allocation support child care programs and adds additional child care slots to certain programs.,Discretionary Child Care,Cleared,FY17,"Fort Greene Council, Inc."
FY17,A,data/fy17/schedule_c/fy17_schedule_c_awards.csv,3,131860451,273875,CHILDREN’S SERVICES,Discretionary Child Care,initiative_provider,Gan Day Care,112302049,1136000,unique,same_fy,1,0,Gan Day Care,,,ACS,This allocation support child care programs and adds additional child care slots to certain programs.,Discretionary Child Care,Cleared,FY17,Gan Day Care
FY17,A,data/fy17/schedule_c/fy17_schedule_c_awards.csv,5,131992185,275000,CHILDREN’S SERVICES,Discretionary Child Care,initiative_provider,Staten Island Mental Health Society Inc. Head Start Program,135623279,325000,unique,same_fy,1,0,"Staten Island Mental Health Society, Inc.",,Head Start Program,ACS,This allocation support child care programs and adds additional child care slots to certain programs.,Discretionary Child Care,Cleared,FY17,"Staten Island Mental Health Society, Inc."
FY17,C,data/fy17/schedule_c/fy17_schedule_c_awards.csv,7,111904261,175000,CHILDREN’S SERVICES,City’s First Readers,initiative_provider,"Broadway Housing Communities, Inc.",133212867,47000,unique_by_name,any_fy,2,0,"Broadway Housing Communities, Inc.",,,DYCD,,,Cleared,FY15,"Broadway Housing Communities, Inc."
FY17,D,data/fy17/schedule_c/fy17_schedule_c_awards.csv,10,131887440,175000,CHILDREN’S SERVICES,City’s First Readers,initiative_provider,Jumpstart for Children,043263046,175000,absent,none,0,0,,,,,,,,,
FY17,A,data/fy17/schedule_c/fy17_schedule_c_awards.csv,10,131887440,175000,CHILDREN’S SERVICES,City’s First Readers,initiative_provider,Literacy Inc. (LINC),133911331,440000,unique,same_fy,1,0,"Literacy, Inc. (LINC)",,,DYCD,"This initiative supports a coalition of nonprofit organizations that foster literacy development through direct programming, book distribution, parent engagement and in-home training. City's First Readers focuses on children ages 0 to 5, funding an array of programs designed to help participtaing children achieve reading proficiency by third grade.",City's First Readers,Cleared,FY17,"Literacy, Inc. (LINC)"
FY17,A,data/fy17/schedule_c/fy17_schedule_c_awards.csv,11,112495601,34000,CHILDREN’S SERVICES,City’s First Readers,initiative_provider,New York University,135562308,236000,unique,same_fy,1,0,New York University,,,DYCD,"This initiative supports a coalition of nonprofit organizations that foster literacy development through direct programming, book distribution, parent engagement and in-home training. City's First Readers focuses on children ages 0 to 5, funding an array of programs designed to help participtaing children achieve reading proficiency by third grade.",City's First Readers,Cleared,FY17,New York University
FY17,B,data/fy17/schedule_c/fy17_schedule_c_awards.csv,27,550882599,20000,COMMUNITY DEVELOPMENT,,initiative_provider,"Dromm PowerMyLearning, Inc.",133935309,20000,unique_by_name,same_fy,15,0,"PowerMyLearning, Inc.",,,DYCD,"The Digital Inclusion and Literacy Initiative address disparities in access to the Internet and increase digital literacy across the City, through programming available in every Council District.",Digital Inclusion and Literacy Initiative,Cleared,FY17,"PowerMyLearning, Inc."
FY17,B,data/fy17/schedule_c/fy17_schedule_c_awards.csv,27,550882599,20000,COMMUNITY DEVELOPMENT,,initiative_provider,"Eugene PowerMyLearning, Inc.",133935309,20000,unique_by_name,same_fy,15,0,"PowerMyLearning, Inc.",,,DYCD,"The Digital Inclusion and Literacy Initiative address disparities in access to the Internet and increase digital literacy across the City, through programming available in every Council District.",Digital Inclusion and Literacy Initiative,Cleared,FY17,"PowerMyLearning, Inc."
FY17,B,data/fy17/schedule_c/fy17_schedule_c_awards.csv,27,550882599,20000,COMMUNITY DEVELOPMENT,,initiative_provider,"Ferreras-Copeland PowerMyLearning, Inc.",133935309,20000,unique_by_name,same_fy,15,0,"PowerMyLearning, Inc.",,,DYCD,"The Digital Inclusion and Literacy Initiative address disparities in access to the Internet and increase digital literacy across the City, through programming available in every Council District.",Digital Inclusion and Literacy Initiative,Cleared,FY17,"PowerMyLearning, Inc."
FY17,C,data/fy17/schedule_c/fy17_schedule_c_awards.csv,33,550882599,20000,COMMUNITY DEVELOPMENT,,initiative_provider,"Lander Npower, Inc.",134145441,20000,ambiguous,any_fy,4,0,,,,DYCD,,,Cleared,FY16,"Npower, Inc."
FY17,B,data/fy17/schedule_c/fy17_schedule_c_awards.csv,38,132954007,20000,COMMUNITY DEVELOPMENT,,initiative_provider,"Rose MOUSE, Inc.",133973196,20000,unique_by_name,same_fy,5,0,"MOUSE, Inc.",,,DYCD,"The Digital Inclusion and Literacy Initiative address disparities in access to the Internet and increase digital literacy across the City, through programming available in every Council District.",Digital Inclusion and Literacy Initiative,Cleared,FY17,"MOUSE, Inc."
FY17,B,data/fy17/schedule_c/fy17_schedule_c_awards.csv,38,132954007,20000,COMMUNITY DEVELOPMENT,,initiative_provider,"Rosenthal MOUSE, Inc.",133973196,20000,unique_by_name,same_fy,5,0,"MOUSE, Inc.",,,DYCD,"The Digital Inclusion and Literacy Initiative address disparities in access to the Internet and increase digital literacy across the City, through programming available in every Council District.",Digital Inclusion and Literacy Initiative,Cleared,FY17,"MOUSE, Inc."
FY17,A,data/fy17/schedule_c/fy17_schedule_c_awards.csv,51,132946970,748000,CRIMINAL JUSTICE SERVICES,Initiative to Combat Sexual Assault,initiative_provider,"Kingsbridge Heights Community Center, Inc.",132813809,150000,unique,same_fy,1,0,"Kingsbridge Heights Community Center, Inc.",,,MOCJ,Funding will support five community-based organizations that provide sexual assault related services and programs.,Initiative to Combat Sexual Assault,Cleared,FY17,"Kingsbridge Heights Community Center, Inc."
FY17,A,data/fy17/schedule_c/fy17_schedule_c_awards.csv,51,132946970,748000,CRIMINAL JUSTICE SERVICES,Initiative to Combat Sexual Assault,initiative_provider,Icahn School of Medicine at Mount Sinai,136171197,150000,unique,same_fy,1,0,Icahn School of Medicine at Mount Sinai,,,MOCJ,Funding will support five community-based organizations that provide sexual assault related services and programs.,Initiative to Combat Sexual Assault,Cleared,FY17,Icahn School of Medicine at Mount Sinai
FY17,A,data/fy17/schedule_c/fy17_schedule_c_awards.csv,51,132946970,748000,CRIMINAL JUSTICE SERVICES,Initiative to Combat Sexual Assault,initiative_provider,New York City Alliance Against Sexual Assault,311702032,150000,unique,same_fy,1,0,New York City Alliance Against Sexual Assault,,,MOCJ,Funding will support five community-based organizations that provide sexual assault related services and programs.,Initiative to Combat Sexual Assault,Cleared,FY17,New York City Alliance Against Sexual Assault
FY17,A,data/fy17/schedule_c/fy17_schedule_c_awards.csv,52,132612524,52935,CRIMINAL JUSTICE SERVICES,Support for Victims of Human Trafficking,initiative_provider,"Community Healthcare Network, Inc.",133083068,175000,unique,same_fy,1,0,"Community Healthcare Network, Inc.",,,MOCJ,The Support for Victims Human Trafficking Initiative will support community-based organizations that provide services to victims in the City's five human trafficking intervention courts.,Support for Victims of Human Trafficking,Cleared,FY17,"Community Healthcare Network, Inc."
FY17,A,data/fy17/schedule_c/fy17_schedule_c_awards.csv,54,133286250,175000,CRIMINAL JUSTICE SERVICES,Support for Victims of Human Trafficking,initiative_provider,"Girls Educational and Mentoring Services, Inc.",134150972,125000,unique,same_fy,1,0,"Girls Educational and Mentoring Services, Inc.",,,MOCJ,The Support for Victims Human Trafficking Initiative will support community-based organizations that provide services to victims in the City's five human trafficking intervention courts.,Support for Victims of Human Trafficking,Cleared,FY17,"Girls Educational and Mentoring Services, Inc."
FY17,A,data/fy17/schedule_c/fy17_schedule_c_awards.csv,54,133286250,175000,CRIMINAL JUSTICE SERVICES,Support for Victims of Human Trafficking,initiative_provider,Icahn School of Medicine at Mount Sinai,136171197,75000,unique,same_fy,1,0,Icahn School of Medicine at Mount Sinai,,,MOCJ,The Support for Victims Human Trafficking Initiative will support community-based organizations that provide services to victims in the City's five human trafficking intervention courts.,Support for Victims of Human Trafficking,Cleared,FY17,Icahn School of Medicine at Mount Sinai
FY17,A,data/fy17/schedule_c/fy17_schedule_c_awards.csv,55,133515233,29800,CULTURAL ORGANIZATIONS,Coalition of Theaters of Color,initiative_provider,"Afrikan Poetry Theatre, Inc.",112515828,29800,unique,same_fy,1,0,"Afrikan Poetry Theatre, Inc.",,,DCLA,To support the operations and programming of various theaters and cultural organizations primarily in communities of color.,Coalition Theaters of Color,Cleared,FY17,"Afrikan Poetry Theatre, Inc."
FY17,A,data/fy17/schedule_c/fy17_schedule_c_awards.csv,55,133515233,29800,CULTURAL ORGANIZATIONS,Coalition of Theaters of Color,initiative_provider,"Amas Musical Theatre, Inc.",237057226,29800,unique,same_fy,1,0,"Amas Musical Theatre, Inc.",,,DCLA,To support the operations and programming of various theaters and cultural organizations primarily in communities of color.,Coalition Theaters of Color,Cleared,FY17,"Amas Musical Theatre, Inc."
FY17,A,data/fy17/schedule_c/fy17_schedule_c_awards.csv,59,134046782,29800,CULTURAL ORGANIZATIONS,Coalition of Theaters of Color,initiative_provider,"Chinese Theater Works, Inc.",112393789,29800,unique,same_fy,1,0,"Chinese Theater Works, Inc.",,,DCLA,To support the operations and programming of various theaters and cultural organizations primarily in communities of color.,Coalition Theaters of Color,Cleared,FY17,"Chinese Theater Works, Inc."
FY17,A,data/fy17/schedule_c/fy17_schedule_c_awards.csv,60,133116643,29800,CULTURAL ORGANIZATIONS,Coalition of Theaters of Color,initiative_provider,"Creative Ammo, Inc.",134181617,14600,unique,same_fy,1,0,"Creative Ammo, Inc.",,,DCLA,To support the operations and programming of various theaters and cultural organizations primarily in communities of color.,Coalition Theaters of Color,Cleared,FY17,"Creative Ammo, Inc."
FY17,A,data/fy17/schedule_c/fy17_schedule_c_awards.csv,60,133116643,29800,CULTURAL ORGANIZATIONS,Coalition of Theaters of Color,initiative_provider,"Educational Theater of New York, Inc.",134148861,14600,unique,same_fy,1,0,"Educational Theater of New York, Inc.",,,DCLA,To support the operations and programming of various theaters and cultural organizations primarily in communities of color.,Coalition Theaters of Color,Cleared,FY17,"Educational Theater of New York, Inc."
FY17,A,data/fy17/schedule_c/fy17_schedule_c_awards.csv,63,133607832,29800,CULTURAL ORGANIZATIONS,Coalition of Theaters of Color,initiative_provider,Make the Road New York,113344389,29800,unique,same_fy,1,0,Make the Road New York,,,DCLA,To support the operations and programming of various theaters and cultural organizations primarily in communities of color.,Coalition Theaters of Color,Cleared,FY17,Make the Road New York
FY17,A,data/fy17/schedule_c/fy17_schedule_c_awards.csv,64,132632596,123200,CULTURAL ORGANIZATIONS,Coalition of Theaters of Color,initiative_provider,"Mindbuilders Creative Arts, Inc.",132988157,29800,unique,same_fy,1,0,"Mindbuilders Creative Arts, Inc.",,,DCLA,To support the operations and programming of various theaters and cultural organizations primarily in communities of color.,Coalition Theaters of Color,Cleared,FY17,"Mindbuilders Creative Arts, Inc."
FY17,A,data/fy17/schedule_c/fy17_schedule_c_awards.csv,64,132632596,123200,CULTURAL ORGANIZATIONS,Coalition of Theaters of Color,initiative_provider,"National Asian American Theatre Company, Inc.",133486145,14600,unique,same_fy,1,0,"National Asian American Theatre Company, Inc.",,,DCLA,To support the operations and programming of various theaters and cultural organizations primarily in communities of color.,Coalition Theaters of Color,Cleared,FY17,"National Asian American Theatre Company, Inc."
FY17,A,data/fy17/schedule_c/fy17_schedule_c_awards.csv,65,132683678,113200,CULTURAL ORGANIZATIONS,Coalition of Theaters of Color,initiative_provider,"Negro Ensemble Company, Inc.",136216904,113200,unique,same_fy,1,0,"Negro Ensemble Company, Inc.",,,DCLA,To support the operations and programming of various theaters and cultural organizations primarily in communities of color.,Coalition Theaters of Color,Cleared,FY17,"Negro Ensemble Company, Inc."
FY17,A,data/fy17/schedule_c/fy17_schedule_c_awards.csv,65,132683678,113200,CULTURAL ORGANIZATIONS,Coalition of Theaters of Color,initiative_provider,"New Federal Theatre, Inc.",132814763,113200,unique,same_fy,1,0,"New Federal Theatre, Inc.",,,DCLA,To support the operations and programming of various theaters and cultural organizations primarily in communities of color.,Coalition Theaters of Color,Cleared,FY17,"New Federal Theatre, Inc."
FY17,A,data/fy17/schedule_c/fy17_schedule_c_awards.csv,68,237330454,29800,CULTURAL ORGANIZATIONS,Coalition of Theaters of Color,initiative_provider,People's Theatre Project,264705999,29800,unique,same_fy,1,0,"People's Theatre Project, Inc.",,,DCLA,To support the operations and programming of various theaters and cultural organizations primarily in communities of color.,Coalition Theaters of Color,Cleared,FY17,"People's Theatre Project, Inc."
FY17,A,data/fy17/schedule_c/fy17_schedule_c_awards.csv,68,237330454,29800,CULTURAL ORGANIZATIONS,Coalition of Theaters of Color,initiative_provider,"Point Community Development Corporation, The",133765140,29800,unique,same_fy,1,0,"Point Community Development Corporation, The",,,DCLA,To support the operations and programming of various theaters and cultural organizations primarily in communities of color.,Coalition Theaters of Color,Cleared,FY17,"Point Community Development Corporation, The"
FY17,A,data/fy17/schedule_c/fy17_schedule_c_awards.csv,68,237330454,29800,CULTURAL ORGANIZATIONS,Coalition of Theaters of Color,initiative_provider,"Rising Circle Theater Collective, Inc.",201407519,14600,unique,same_fy,1,0,"Rising Circle Theater Collective, Inc.",,,DCLA,To support the operations and programming of various theaters and cultural organizations primarily in communities of color.,Coalition Theaters of Color,Cleared,FY17,"Rising Circle Theater Collective, Inc."
FY17,A,data/fy17/schedule_c/fy17_schedule_c_awards.csv,68,237330454,29800,CULTURAL ORGANIZATIONS,Coalition of Theaters of Color,initiative_provider,"Second Generation Productions, Inc.",133929841,14600,unique,same_fy,1,0,"Second Generation Productions, Inc.",,,DCLA,To support the operations and programming of various theaters and cultural organizations primarily in communities of color.,Coalition Theaters of Color,Cleared,FY17,"Second Generation Productions, Inc."
FY17,A,data/fy17/schedule_c/fy17_schedule_c_awards.csv,70,237448611,115200,CULTURAL ORGANIZATIONS,Coalition of Theaters of Color,initiative_provider,"Take Wing and Soar Productions, Inc.",141885605,14600,unique,same_fy,1,0,"Take Wing and Soar Productions, Inc.",,,DCLA,To support the operations and programming of various theaters and cultural organizations primarily in communities of color.,Coalition Theaters of Color,Cleared,FY17,"Take Wing and Soar Productions, Inc."
FY17,A,data/fy17/schedule_c/fy17_schedule_c_awards.csv,70,237448611,115200,CULTURAL ORGANIZATIONS,Coalition of Theaters of Color,initiative_provider,"Teatro Circulo, Ltd.",133805585,29800,unique,same_fy,1,0,"Teatro Circulo, Ltd.",,,DCLA,To support the operations and programming of various theaters and cultural organizations primarily in communities of color.,Coalition Theaters of Color,Cleared,FY17,"Teatro Circulo, Ltd."
FY17,A,data/fy17/schedule_c/fy17_schedule_c_awards.csv,78,132612524,350000,EDUCATION,Dropout Prevention and Intervention Initiative,initiative_provider,Educational Testing Services,210634479,207000,unique,same_fy,1,0,Educational Testing Services,,,DOE,"This allocation will support dropout prevention and intervention programs. Contracted providers offer a range of student support, school restructuring, and professional development services.",Dropout Prevention and Intervention Initiative,Cleared,FY17,Educational Testing Services
FY17,A,data/fy17/schedule_c/fy17_schedule_c_awards.csv,78,132612524,350000,EDUCATION,Dropout Prevention and Intervention Initiative,initiative_provider,"El Puente de Williamsburg, Inc.",112614265,33000,unique,same_fy,1,0,"El Puente de Williamsburg, Inc.",,,DOE,"This allocation will support dropout prevention and intervention programs. Contracted providers offer a range of student support, school restructuring, and professional development services.",Dropout Prevention and Intervention Initiative,Cleared,FY17,"El Puente de Williamsburg, Inc."
FY17,B,data/fy17/schedule_c/fy17_schedule_c_awards.csv,80,205620848,30000,EDUCATION,Dropout Prevention and Intervention Initiative,initiative_provider,Make the Road New York,113344389,30000,unique_by_name,same_fy,2,0,Make the Road New York,,,,,,Cleared,FY17,Make the Road New York
FY17,A,data/fy17/schedule_c/fy17_schedule_c_awards.csv,80,205620848,30000,EDUCATION,Dropout Prevention and Intervention Initiative,initiative_provider,"Mentoring USA, Inc.",133808013,30000,unique,same_fy,1,0,"Mentoring USA, Inc.",,,DOE,"This allocation will support dropout prevention and intervention programs. Contracted providers offer a range of student support, school restructuring, and professional development services.",Dropout Prevention and Intervention Initiative,Cleared,FY17,"Mentoring USA, Inc."
FY17,A,data/fy17/schedule_c/fy17_schedule_c_awards.csv,81,134004600,1550000,EDUCATION,Educational Programs for Students,initiative_provider,"Chess in the Schools, Inc.",136119036,400000,unique,same_fy,1,0,"Chess-in-the-Schools, Inc.",,,DOE,"This allocation will support direct educational initiatives for students including, but not limited to literacy, math, science and technology programs.",Educational Programs for Students,Cleared,FY17,"Chess-in-the-Schools, Inc."
FY17,A,data/fy17/schedule_c/fy17_schedule_c_awards.csv,81,134004600,1550000,EDUCATION,Educational Programs for Students,initiative_provider,"MOUSE, Inc.",133973196,275000,unique,same_fy,1,0,"MOUSE, Inc.",,,DOE,"This allocation will support direct educational initiatives for students including, but not limited to literacy, math, science and technology programs.",Educational Programs for Students,Cleared,FY17,"MOUSE, Inc."
FY17,A,data/fy17/schedule_c/fy17_schedule_c_awards.csv,86,136400434,12294500,EDUCATION,Support for Educators,initiative_provider,Council of School Supervisors and Administrators,112024569,450000,unique,same_fy,1,0,Council of School Supervisors and Administrators,,,DOE,"This allocation will provide support for DOE educators through professional development, training or supplies used for student instruction. Programs supported include STEM Teacher's College and Teacher's Choice.",Support for Educators,Cleared,FY17,Council of School Supervisors and Administrators
FY17,A,data/fy17/schedule_c/fy17_schedule_c_awards.csv,87,237169558,125000,FOOD INITIATIVES,Access to Food and Nutritional Education,initiative_provider,"Council on the Environment, Inc.",132765465,335000,unique,same_fy,1,0,"Council on the Environment, Inc.",,,DYCD,"This allocation supports work towrards expanding access to healthy food and better understanding of health and nutrition in underserved communities. Efforts include proliferating farmers markets, expanding the use of Electronic Benefit Transfers (EBTs) towards healthier, less processed food and engaging communities to make positive changes related to food and nutritional choices.",Access to Food and Nutritional Education,Cleared,FY17,"Council on the Environment, Inc."
FY17,A,data/fy17/schedule_c/fy17_schedule_c_awards.csv,87,237169558,125000,FOOD INITIATIVES,Access to Food and Nutritional Education,initiative_provider,"Harvest Home Farmer’s Market, Inc.",061800512,95000,unique,same_fy,1,0,"Harvest Home Farmer’s Market, Inc.",,,DYCD,"This allocation supports work towrards expanding access to healthy food and better understanding of health and nutrition in underserved communities. Efforts include proliferating farmers markets, expanding the use of Electronic Benefit Transfers (EBTs) towards healthier, less processed food and engaging communities to make positive changes related to food and nutritional choices.",Access to Food and Nutritional Education,Cleared,FY17,"Harvest Home Farmer’s Market, Inc."
FY17,A,data/fy17/schedule_c/fy17_schedule_c_awards.csv,88,112737223,125000,FOOD INITIATIVES,Access to Food and Nutritional Education,initiative_provider,Cypress Hills Local Development Corporation,112683663,125000,unique,same_fy,1,0,Cypress Hills Local Development Corporation,,,DYCD,"This allocation supports work towrards expanding access to healthy food and better understanding of health and nutrition in underserved communities. Efforts include proliferating farmers markets, expanding the use of Electronic Benefit Transfers (EBTs) towards healthier, less processed food and engaging communities to make positive changes related to food and nutritional choices.",Access to Food and Nutritional Education,Cleared,FY17,Cypress Hills Local Development Corporation
FY17,A,data/fy17/schedule_c/fy17_schedule_c_awards.csv,88,112737223,125000,FOOD INITIATIVES,Access to Food and Nutritional Education,initiative_provider,"Crenulated Company LTD, The",141719016,125000,unique,same_fy,1,0,"Crenulated Company LTD, The",,,DYCD,"This allocation supports work towrards expanding access to healthy food and better understanding of health and nutrition in underserved communities. Efforts include proliferating farmers markets, expanding the use of Electronic Benefit Transfers (EBTs) towards healthier, less processed food and engaging communities to make positive changes related to food and nutritional choices.",Access to Food and Nutritional Education,Cleared,FY17,"Crenulated Company LTD, The"
FY17,C,data/fy17/schedule_c/fy17_schedule_c_awards.csv,95,135562202,90000,HEALTH SERVICES,Access Health,initiative_provider,Centro Altagracia de Fe y Justicia,161765323,52692,unique,any_fy,1,0,Centro Altagracia de Fe y Justicia,,,DOHMH,"The Access Health NYC Initiative will enable culturally- and linguistically-competent non-profit community-based organizations (CBOs) in all 5 boroughs to do outreach and public education in their communities about options for health care access and coverage, particularly for the uninsured. Important options that these communities may not know about include HHC Options, Federally Qualified Health Centers, pre-certification for emergency Medicaid, Medicaid for Pregnant Women/Prenatal Care Assistance Program (PCAP), Family Planning Extension Program (FPEP), AIDS Drug Assistance Program (ADAP) and Children’s Health Insurance Program (CHIP). While some private foundation funds were made available to aid efforts of outreach and public education, the Access Health NYC Initiative will allow CBOs to scale up their activities and to create a more robust public health education campaign.",Access Health NYC,Cleared,FY16,Centro Altagracia de Fe y Justicia
FY17,A,data/fy17/schedule_c/fy17_schedule_c_awards.csv,95,135562202,90000,HEALTH SERVICES,Access Health,initiative_provider,Community Health Center of Richmond,510567466,52692,unique,same_fy,1,0,"Community Health Center of Richmond, Inc.",,,DOHMH,"This allocation enables culturally and linguistically competent community-based organizations in all five boroughs to conduct outreach and education efforts regarding healthcare access and coverage, including issues pertaining to Medicare, Medicaid, the Pregnant Women/Prenatal Care Assistance Program (PCAP), the Family Planning Extension Program (FPEP), the AIDS Drug Assistance Program (ADAP) and the Children’s Health Insurance Program (CHIP).",Access Health Initiative,Cleared,FY17,"Community Health Center of Richmond, Inc."
FY17,A,data/fy17/schedule_c/fy17_schedule_c_awards.csv,95,135562202,90000,HEALTH SERVICES,Access Health,initiative_provider,Community Healthcare Network,133083068,52692,unique,same_fy,1,0,"Community Healthcare Network, Inc.",,,DOHMH,"This allocation enables culturally and linguistically competent community-based organizations in all five boroughs to conduct outreach and education efforts regarding healthcare access and coverage, including issues pertaining to Medicare, Medicaid, the Pregnant Women/Prenatal Care Assistance Program (PCAP), the Family Planning Extension Program (FPEP), the AIDS Drug Assistance Program (ADAP) and the Children’s Health Insurance Program (CHIP).",Access Health Initiative,Cleared,FY17,"Community Healthcare Network, Inc."
FY17,A,data/fy17/schedule_c/fy17_schedule_c_awards.csv,98,133573409,75000,HEALTH SERVICES,Access Health,initiative_provider,Make the Road New York,113344389,52692,unique,same_fy,1,0,Make the Road New York,,,DOHMH,"This allocation enables culturally and linguistically competent community-based organizations in all five boroughs to conduct outreach and education efforts regarding healthcare access and coverage, including issues pertaining to Medicare, Medicaid, the Pregnant Women/Prenatal Care Assistance Program (PCAP), the Family Planning Extension Program (FPEP), the AIDS Drug Assistance Program (ADAP) and the Children’s Health Insurance Program (CHIP).",Access Health Initiative,Cleared,FY17,Make the Road New York
FY17,A,data/fy17/schedule_c/fy17_schedule_c_awards.csv,102,134046652,50000,HEALTH SERVICES,Cancer Services,initiative_provider,Charles B. Wang Community Health Center,132739694,50000,unique,same_fy,1,0,"Charles B. Wang Community Health Center, Inc.",,,DOHMH,"This allocation supports various education and supportive services for breast, colon and ovarian cancer.",Cancer Services,Cleared,FY17,"Charles B. Wang Community Health Center, Inc."
FY17,A,data/fy17/schedule_c/fy17_schedule_c_awards.csv,104,743177454,50000,HEALTH SERVICES,Cancer Services,initiative_provider,New York Cancer Center,272464042,50000,unique,same_fy,1,0,"New York Cancer Center, Inc.",,,DOHMH,"This allocation supports various education and supportive services for breast, colon and ovarian cancer.",Cancer Services,Cleared,FY17,"New York Cancer Center, Inc."
FY17,A,data/fy17/schedule_c/fy17_schedule_c_awards.csv,104,743177454,50000,HEALTH SERVICES,Cancer Services,initiative_provider,Ralph Lauren Center for Cancer Care and Prevention,020597827,100000,unique,same_fy,1,0,Ralph Lauren Center for Cancer Care and Prevention,,,DOHMH,"This allocation supports various education and supportive services for breast, colon and ovarian cancer.",Cancer Services,Cleared,FY17,Ralph Lauren Center for Cancer Care and Prevention
FY17,A,data/fy17/schedule_c/fy17_schedule_c_awards.csv,106,264417161,49500,HEALTH SERVICES,Cancer Services,initiative_provider,Staten Island University Hospital,112868878,50000,unique,same_fy,1,0,Staten Island University Hospital,,,DOHMH,"This allocation supports various education and supportive services for breast, colon and ovarian cancer.",Cancer Services,Cleared,FY17,Staten Island University Hospital
FY17,D,data/fy17/schedule_c/fy17_schedule_c_awards.csv,107,133092676,300000,HEALTH SERVICES,Child Health and Wellness,initiative_provider,American Lung Association of the City of New York,135563004,78000,absent,none,0,0,,,,,,,,,
FY17,A,data/fy17/schedule_c/fy17_schedule_c_awards.csv,107,133092676,300000,HEALTH SERVICES,Child Health and Wellness,initiative_provider,New York University College of Dentistry,135562308,268000,unique,same_fy,1,0,New York University,,,DOHMH,"This funding supports children’s health and wellness through various programs and services, including obesity prevention and nutrition education programs, vision care and oral health services, and asthma screening, education, and care coordination projects. This allocation is for dental and vision programs.",Child Health and Wellness,Cleared,FY17,New York University
FY17,A,data/fy17/schedule_c/fy17_schedule_c_awards.csv,108,136400434,25799,HEALTH SERVICES,Maternal and Child Health Services,initiative_provider,Choices in Childbirth,202015286,32000,unique,same_fy,1,0,Choices in Childbirth,,,DOHMH,"This funding supports a range of maternal and child health services and coordination efforts that aid expectant mothers and women of childbearing age, promoting women’s health before, during, and after pregnancy in an effort to improve maternal and child health outcomes and reduce infant mortality rates. Services may include doula care or home-visiting programs.",Maternal and Child Health Services,Cleared,FY17,Choices in Childbirth
FY17,A,data/fy17/schedule_c/fy17_schedule_c_awards.csv,108,136400434,25799,HEALTH SERVICES,Maternal and Child Health Services,initiative_provider,"Community Health Center of Richmond, Inc.",510567466,11520,unique,same_fy,1,0,"Community Health Center of Richmond, Inc.",,,DOHMH,"This funding supports a range of maternal and child health services and coordination efforts that aid expectant mothers and women of childbearing age, promoting women’s health before, during, and after pregnancy in an effort to improve maternal and child health outcomes and reduce infant mortality rates. Services may include doula care or home-visiting programs.",Maternal and Child Health Services,Cleared,FY17,"Community Health Center of Richmond, Inc."
FY17,A,data/fy17/schedule_c/fy17_schedule_c_awards.csv,108,136400434,25799,HEALTH SERVICES,Maternal and Child Health Services,initiative_provider,Community Healthcare Network,133083068,84633,unique,same_fy,1,0,"Community Healthcare Network, Inc.",,,DOHMH,"This funding supports a range of maternal and child health services and coordination efforts that aid expectant mothers and women of childbearing age, promoting women’s health before, during, and after pregnancy in an effort to improve maternal and child health outcomes and reduce infant mortality rates. Services may include doula care or home-visiting programs.",Maternal and Child Health Services,Cleared,FY17,"Community Healthcare Network, Inc."
FY17,A,data/fy17/schedule_c/fy17_schedule_c_awards.csv,108,136400434,25799,HEALTH SERVICES,Maternal and Child Health Services,initiative_provider,Diaspora Community Services,113122295,29157,unique,same_fy,1,0,"Diaspora Community Services, Inc.",,,DOHMH,"This funding supports a range of maternal and child health services and coordination efforts that aid expectant mothers and women of childbearing age, promoting women’s health before, during, and after pregnancy in an effort to improve maternal and child health outcomes and reduce infant mortality rates. Services may include doula care or home-visiting programs.",Maternal and Child Health Services,Cleared,FY17,"Diaspora Community Services, Inc."
FY17,A,data/fy17/schedule_c/fy17_schedule_c_awards.csv,108,136400434,25799,HEALTH SERVICES,Maternal and Child Health Services,initiative_provider,Fort Greene Strategic Neighborhood Action Partnership,113343941,11253,unique,same_fy,1,0,Fort Greene Strategic Neighborhood Action Partnership,,,DOHMH,"This funding supports a range of maternal and child health services and coordination efforts that aid expectant mothers and women of childbearing age, promoting women’s health before, during, and after pregnancy in an effort to improve maternal and child health outcomes and reduce infant mortality rates. Services may include doula care or home-visiting programs.",Maternal and Child Health Services,Cleared,FY17,Fort Greene Strategic Neighborhood Action Partnership
FY17,C,data/fy17/schedule_c/fy17_schedule_c_awards.csv,108,136400434,25799,HEALTH SERVICES,Maternal and Child Health Services,initiative_provider,Greater Brooklyn Health Coalition,113484928,29157,unique,any_fy,1,0,"Greater Brooklyn Health Coalition, Inc.",,,DOHMH,"This allocation promotes women’s health before, during, and after pregnancy and works in areas with the highest infant mortality rates to improve maternal and child health outcomes through a network of community based providers offering a range of interventions: outreach, referrals, workshops, case management, and peer education.",Infant Mortality Reduction,Cleared,FY16,"Greater Brooklyn Health Coalition, Inc."
FY17,A,data/fy17/schedule_c/fy17_schedule_c_awards.csv,109,743177454,20757,HEALTH SERVICES,Maternal and Child Health Services,initiative_provider,Joseph P. Addabbo Family Health Center,061181226,29235,unique,same_fy,1,0,"Joseph P. Addabbo Family Health Center, Inc., The",,,DOHMH,"This funding supports a range of maternal and child health services and coordination efforts that aid expectant mothers and women of childbearing age, promoting women’s health before, during, and after pregnancy in an effort to improve maternal and child health outcomes and reduce infant mortality rates. Services may include doula care or home-visiting programs.",Maternal and Child Health Services,Cleared,FY17,"Joseph P. Addabbo Family Health Center, Inc., The"
FY17,A,data/fy17/schedule_c/fy17_schedule_c_awards.csv,109,743177454,20757,HEALTH SERVICES,Maternal and Child Health Services,initiative_provider,Lower East Side Family Union,237412423,27891,unique,same_fy,1,0,Lower East Side Family Union,,,DOHMH,"This funding supports a range of maternal and child health services and coordination efforts that aid expectant mothers and women of childbearing age, promoting women’s health before, during, and after pregnancy in an effort to improve maternal and child health outcomes and reduce infant mortality rates. Services may include doula care or home-visiting programs.",Maternal and Child Health Services,Cleared,FY17,Lower East Side Family Union
FY17,A,data/fy17/schedule_c/fy17_schedule_c_awards.csv,109,743177454,20757,HEALTH SERVICES,Maternal and Child Health Services,initiative_provider,Morris Heights Health Center,061081232,22320,unique,same_fy,1,0,Morris Heights Health Center,,,DOHMH,"This funding supports a range of maternal and child health services and coordination efforts that aid expectant mothers and women of childbearing age, promoting women’s health before, during, and after pregnancy in an effort to improve maternal and child health outcomes and reduce infant mortality rates. Services may include doula care or home-visiting programs.",Maternal and Child Health Services,Cleared,FY17,Morris Heights Health Center
FY17,A,data/fy17/schedule_c/fy17_schedule_c_awards.csv,109,743177454,20757,HEALTH SERVICES,Maternal and Child Health Services,initiative_provider,Mount Sinai Hospital,131624096,123541,unique,same_fy,1,0,Mount Sinai Hospital,,,DOHMH,"This funding supports a range of maternal and child health services and coordination efforts that aid expectant mothers and women of childbearing age, promoting women’s health before, during, and after pregnancy in an effort to improve maternal and child health outcomes and reduce infant mortality rates. Services may include doula care or home-visiting programs.",Maternal and Child Health Services,Cleared,FY17,Mount Sinai Hospital
FY17,A,data/fy17/schedule_c/fy17_schedule_c_awards.csv,109,743177454,20757,HEALTH SERVICES,Maternal and Child Health Services,initiative_provider,Queens Comprehensive Perinatal Council,112870422,35484,unique,same_fy,1,0,"Queens Comprehensive Perinatal Council, Inc.",,,DOHMH,"This funding supports a range of maternal and child health services and coordination efforts that aid expectant mothers and women of childbearing age, promoting women’s health before, during, and after pregnancy in an effort to improve maternal and child health outcomes and reduce infant mortality rates. Services may include doula care or home-visiting programs.",Maternal and Child Health Services,Cleared,FY17,"Queens Comprehensive Perinatal Council, Inc."
FY17,A,data/fy17/schedule_c/fy17_schedule_c_awards.csv,110,132884976,27891,HEALTH SERVICES,Maternal and Child Health Services,initiative_provider,SCO Family of Services,112777066,162203,unique,same_fy,1,0,SCO Family of Services,,,DOHMH,"This funding supports a range of maternal and child health services and coordination efforts that aid expectant mothers and women of childbearing age, promoting women’s health before, during, and after pregnancy in an effort to improve maternal and child health outcomes and reduce infant mortality rates. Services may include doula care or home-visiting programs.",Maternal and Child Health Services,Cleared,FY17,SCO Family of Services
FY17,A,data/fy17/schedule_c/fy17_schedule_c_awards.csv,110,132884976,27891,HEALTH SERVICES,Maternal and Child Health Services,initiative_provider,Urban Health Plan,237360305,22320,unique,same_fy,1,0,"Urban Health Plan, Inc.",,,DOHMH,"This funding supports a range of maternal and child health services and coordination efforts that aid expectant mothers and women of childbearing age, promoting women’s health before, during, and after pregnancy in an effort to improve maternal and child health outcomes and reduce infant mortality rates. Services may include doula care or home-visiting programs.",Maternal and Child Health Services,Cleared,FY17,"Urban Health Plan, Inc."
FY17,A,data/fy17/schedule_c/fy17_schedule_c_awards.csv,119,133234441,37000,HOMELESS SERVICES,Children and Families in NYC Homeless System,initiative_provider,"Homeless Services United, Inc.",133922640,23000,unique,same_fy,1,0,"Homeless Services United, Inc.",,,DHS,"This allocation will support innovative, specialized services provided in all five boroughs targeted at children and families in homeless shelters including incorporating trauma-informed care, evidence-based practices, aftercare programs, comprehensive case management, and other strategies to prevent maltreatment in high-risk cases.",Children and Families in NYC Homeless System,Cleared,FY17,"Homeless Services United, Inc."
FY17,A,data/fy17/schedule_c/fy17_schedule_c_awards.csv,123,132605599,207500,HOUSING,Anti-Eviction and Housing Court Resources,initiative_provider,"Housing Court Answers, Inc.",133317188,650000,unique,same_fy,1,0,"Housing Court Answers, Inc.",,,HPD,This funding supports anti-eviction education and referral services at the City's housing courts and various anti-eviction legal services groups that provide counseling and/or full legal representation for tenants seeking assistance in Housing Court.,Anti-Eviction and Housing Court Resources,Cleared,FY17,"Housing Court Answers, Inc."
FY17,A,data/fy17/schedule_c/fy17_schedule_c_awards.csv,135,133975090,51000,HOUSING,Community Housing Preservation Strategies,initiative_provider,Association for Neighborhood and Housing Development,132775999,100000,unique,same_fy,1,0,Association for Neighborhood and Housing Development,,,HPD,This funding will support ANHD’s efforts to expand and strengthen technical support and a capacity building program for community-based organizations participating in Council-funded community consultant contracts and housing preservation initiative programs. The capacity-building work performed by ANHD includes 76 Council-funded groups. This funding will allow Council-funded groups to scale up their activities and conduct more robust housing and tenant advocacy.,Community Housing Preservation Strategies,Cleared,FY17,Association for Neighborhood and Housing Development
FY17,A,data/fy17/schedule_c/fy17_schedule_c_awards.csv,139,113580935,61000,HOUSING,Community Housing Preservation Strategies,initiative_provider,Bridge Street Development Corporation,113250772,71000,unique,same_fy,1,0,Bridge Street Development Corporation,Cornegy,,HPD,"The Housing Preservation Initiative (HPI) provides funding for neighborhood-based groups to design and implement a grassroots, neighborhood-based approach to stop the loss of affordable housing. HPI seeks to protect affordable housing and promote neighborhood stabilization in needy districts. HPI funding helps local organizations work with local residents and institutions to protect affordable housing and promote neighborhood stabilization.",Community Housing Preservation Strategies,Cleared,FY17,Bridge Street Development Corporation
FY17,B,data/fy17/schedule_c/fy17_schedule_c_awards.csv,139,113580935,61000,HOUSING,Community Housing Preservation Strategies,initiative_provider,"Catholic Migration Services, Inc.",112634818,51000,unique_by_name,same_fy,2,0,"Catholic Migration Services, Inc.",,,HPD,"The Housing Preservation Initiative (HPI) provides funding for neighborhood-based groups to design and implement a grassroots, neighborhood-based approach to stop the loss of affordable housing. HPI seeks to protect affordable housing and promote neighborhood stabilization in needy districts. HPI funding helps local organizations work with local residents and institutions to protect affordable housing and promote neighborhood stabilization.",Community Housing Preservation Strategies,Cleared,FY17,"Catholic Migration Services, Inc."
FY17,B,data/fy17/schedule_c/fy17_schedule_c_awards.csv,139,113580935,61000,HOUSING,Community Housing Preservation Strategies,initiative_provider,"Catholic Migration Services, Inc.",112634818,51000,unique_by_name,same_fy,2,0,"Catholic Migration Services, Inc.",,,HPD,"The Housing Preservation Initiative (HPI) provides funding for neighborhood-based groups to design and implement a grassroots, neighborhood-based approach to stop the loss of affordable housing. HPI seeks to protect affordable housing and promote neighborhood stabilization in needy districts. HPI funding helps local organizations work with local residents and institutions to protect affordable housing and promote neighborhood stabilization.",Community Housing Preservation Strategies,Cleared,FY17,"Catholic Migration Services, Inc."
FY17,A,data/fy17/schedule_c/fy17_schedule_c_awards.csv,140,112475743,51000,HOUSING,Community Housing Preservation Strategies,initiative_provider,"El Barrio's Operation Fightback , Inc.",133248777,61000,unique,same_fy,1,0,"El Barrio's Operation Fightback, Inc.",Mark-Viverito,,HPD,"The Housing Preservation Initiative (HPI) provides funding for neighborhood-based groups to design and implement a grassroots, neighborhood-based approach to stop the loss of affordable housing. HPI seeks to protect affordable housing and promote neighborhood stabilization in needy districts. HPI funding helps local organizations work with local residents and institutions to protect affordable housing and promote neighborhood stabilization.",Community Housing Preservation Strategies,Cleared,FY17,"El Barrio's Operation Fightback, Inc."
FY17,A,data/fy17/schedule_c/fy17_schedule_c_awards.csv,141,112412584,71000,HOUSING,Community Housing Preservation Strategies,initiative_provider,"Good Old Lower East Side, Inc.",132915659,51000,unique,same_fy,1,0,"Good Old Lower East Side, Inc.",Mendez,,HPD,"The Housing Preservation Initiative (HPI) provides funding for neighborhood-based groups to design and implement a grassroots, neighborhood-based approach to stop the loss of affordable housing. HPI seeks to protect affordable housing and promote neighborhood stabilization in needy districts. HPI funding helps local organizations work with local residents and institutions to protect affordable housing and promote neighborhood stabilization.",Community Housing Preservation Strategies,Cleared,FY17,"Good Old Lower East Side, Inc."
FY17,A,data/fy17/schedule_c/fy17_schedule_c_awards.csv,143,112665181,51000,HOUSING,Community Housing Preservation Strategies,initiative_provider,"Housing Conservation Coordinators, Inc.",510141489,61000,unique,same_fy,1,0,"Housing Conservation Coordinators, Inc.",Johnson,,HPD,"The Housing Preservation Initiative (HPI) provides funding for neighborhood-based groups to design and implement a grassroots, neighborhood-based approach to stop the loss of affordable housing. HPI seeks to protect affordable housing and promote neighborhood stabilization in needy districts. HPI funding helps local organizations work with local residents and institutions to protect affordable housing and promote neighborhood stabilization.",Community Housing Preservation Strategies,Cleared,FY17,"Housing Conservation Coordinators, Inc."
FY17,A,data/fy17/schedule_c/fy17_schedule_c_awards.csv,147,112229635,61000,HOUSING,Community Housing Preservation Strategies,initiative_provider,"Northfield Community LDC of Staten Island, Inc.",132974137,61000,unique,same_fy,1,0,"Northfield Community LDC of Staten Island, Inc.",Rose,,HPD,"The Housing Preservation Initiative (HPI) provides funding for neighborhood-based groups to design and implement a grassroots, neighborhood-based approach to stop the loss of affordable housing. HPI seeks to protect affordable housing and promote neighborhood stabilization in needy districts. HPI funding helps local organizations work with local residents and institutions to protect affordable housing and promote neighborhood stabilization.",Community Housing Preservation Strategies,Cleared,FY17,"Northfield Community LDC of Staten Island, Inc."
FY17,A,data/fy17/schedule_c/fy17_schedule_c_awards.csv,148,112375583,51000,HOUSING,Community Housing Preservation Strategies,initiative_provider,"Pratt Area Community Council, Inc.",112451752,61000,unique,same_fy,1,0,"Pratt Area Community Council, Inc.",Cumbo,,HPD,"The Housing Preservation Initiative (HPI) provides funding for neighborhood-based groups to design and implement a grassroots, neighborhood-based approach to stop the loss of affordable housing. HPI seeks to protect affordable housing and promote neighborhood stabilization in needy districts. HPI funding helps local organizations work with local residents and institutions to protect affordable housing and promote neighborhood stabilization.",Community Housing Preservation Strategies,Cleared,FY17,"Pratt Area Community Council, Inc."
FY17,A,data/fy17/schedule_c/fy17_schedule_c_awards.csv,151,133442022,51000,HOUSING,Community Housing Preservation Strategies,initiative_provider,St. Nick's Alliance Corporation,510192170,61000,unique,same_fy,1,0,St. Nick's Alliance Corporation,Levin,,HPD,"The Housing Preservation Initiative (HPI) provides funding for neighborhood-based groups to design and implement a grassroots, neighborhood-based approach to stop the loss of affordable housing. HPI seeks to protect affordable housing and promote neighborhood stabilization in needy districts. HPI funding helps local organizations work with local residents and institutions to protect affordable housing and promote neighborhood stabilization.",Community Housing Preservation Strategies,Cleared,FY17,St. Nick's Alliance Corporation
FY17,A,data/fy17/schedule_c/fy17_schedule_c_awards.csv,159,112435523,29729,HOUSING,Community Housing Preservation Strategies,initiative_provider,Bridge Street Development Corporation,113250772,29729,unique,same_fy,1,0,Bridge Street Development Corporation,,,HPD,"The Community Consultant Contract (CCC) initiative provides funding for the front-line anti-eviction/anti-displacement services that community groups provide. When a community resident is at risk of eviction, or when a constituent needs assistance with a housing case, they call the CCC-funded specialist at their local community group. These specialists are knowledgeable about a full range of available resources and use all applicable tools to keep New York City residents in housing they can afford. This initiative allows neighborhood-based groups to provide the following core housing services: tenant organization; code enforcement advocacy; housing court assistance; apartment repossession; and other housing-related public education.",Community Housing Preservation Strategies,Cleared,FY17,Bridge Street Development Corporation
FY17,A,data/fy17/schedule_c/fy17_schedule_c_awards.csv,161,132851988,29729,HOUSING,Community Housing Preservation Strategies,initiative_provider,"Clinton Housing Development Company, Inc.",112652331,29729,unique,same_fy,1,0,"Central Astoria Local Development Coalition, Inc.",,,HPD,"The Community Consultant Contract (CCC) initiative provides funding for the front-line anti-eviction/anti-displacement services that community groups provide. When a community resident is at risk of eviction, or when a constituent needs assistance with a housing case, they call the CCC-funded specialist at their local community group. These specialists are knowledgeable about a full range of available resources and use all applicable tools to keep New York City residents in housing they can afford. This initiative allows neighborhood-based groups to provide the following core housing services: tenant organization; code enforcement advocacy; housing court assistance; apartment repossession; and other housing-related public education.",Community Housing Preservation Strategies,Cleared,FY17,"Central Astoria Local Development Coalition, Inc."
FY17,A,data/fy17/schedule_c/fy17_schedule_c_awards.csv,162,133248777,29729,HOUSING,Community Housing Preservation Strategies,initiative_provider,"El Barrio’s Operation Fightback, Inc.",132564241,29729,unique,same_fy,1,0,"Community League of the Heights, Inc.",,,HPD,"The Community Consultant Contract (CCC) initiative provides funding for the front-line anti-eviction/anti-displacement services that community groups provide. When a community resident is at risk of eviction, or when a constituent needs assistance with a housing case, they call the CCC-funded specialist at their local community group. These specialists are knowledgeable about a full range of available resources and use all applicable tools to keep New York City residents in housing they can afford. This initiative allows neighborhood-based groups to provide the following core housing services: tenant organization; code enforcement advocacy; housing court assistance; apartment repossession; and other housing-related public education.",Community Housing Preservation Strategies,Cleared,FY17,"Community League of the Heights, Inc."
FY17,A,data/fy17/schedule_c/fy17_schedule_c_awards.csv,163,112498292,29730,HOUSING,Community Housing Preservation Strategies,initiative_provider,"Good Old Lower East Side, Inc.",133311582,29729,unique,same_fy,1,0,"Eviction Intervention Services Homelessness Prevention, Inc.",,,HPD,"The Community Consultant Contract (CCC) initiative provides funding for the front-line anti-eviction/anti-displacement services that community groups provide. When a community resident is at risk of eviction, or when a constituent needs assistance with a housing case, they call the CCC-funded specialist at their local community group. These specialists are knowledgeable about a full range of available resources and use all applicable tools to keep New York City residents in housing they can afford. This initiative allows neighborhood-based groups to provide the following core housing services: tenant organization; code enforcement advocacy; housing court assistance; apartment repossession; and other housing-related public education.",Community Housing Preservation Strategies,Cleared,FY17,"Eviction Intervention Services Homelessness Prevention, Inc."
FY17,A,data/fy17/schedule_c/fy17_schedule_c_awards.csv,163,112498292,29730,HOUSING,Community Housing Preservation Strategies,initiative_provider,Gowanus Canal Community Development Corporation,132915659,29729,unique,same_fy,1,0,"Good Old Lower East Side, Inc.",,,HPD,"The Community Consultant Contract (CCC) initiative provides funding for the front-line anti-eviction/anti-displacement services that community groups provide. When a community resident is at risk of eviction, or when a constituent needs assistance with a housing case, they call the CCC-funded specialist at their local community group. These specialists are knowledgeable about a full range of available resources and use all applicable tools to keep New York City residents in housing they can afford. This initiative allows neighborhood-based groups to provide the following core housing services: tenant organization; code enforcement advocacy; housing court assistance; apartment repossession; and other housing-related public education.",Community Housing Preservation Strategies,Cleared,FY17,"Good Old Lower East Side, Inc."
FY17,A,data/fy17/schedule_c/fy17_schedule_c_awards.csv,164,133516262,29730,HOUSING,Community Housing Preservation Strategies,initiative_provider,"Harlem Congregations for Community Improvement, Inc.",112382250,29730,unique,same_fy,1,0,Greater Ridgewood Restoration Corporation,,,HPD,"The Community Consultant Contract (CCC) initiative provides funding for the front-line anti-eviction/anti-displacement services that community groups provide. When a community resident is at risk of eviction, or when a constituent needs assistance with a housing case, they call the CCC-funded specialist at their local community group. These specialists are knowledgeable about a full range of available resources and use all applicable tools to keep New York City residents in housing they can afford. This initiative allows neighborhood-based groups to provide the following core housing services: tenant organization; code enforcement advocacy; housing court assistance; apartment repossession; and other housing-related public education.",Community Housing Preservation Strategies,Cleared,FY17,Greater Ridgewood Restoration Corporation
FY17,A,data/fy17/schedule_c/fy17_schedule_c_awards.csv,165,135562989,29730,HOUSING,Community Housing Preservation Strategies,initiative_provider,"Housing Conservation Coordinators, Inc.",510141489,29730,unique,same_fy,1,0,"Housing Conservation Coordinators, Inc.",,,HPD,"The Community Consultant Contract (CCC) initiative provides funding for the front-line anti-eviction/anti-displacement services that community groups provide. When a community resident is at risk of eviction, or when a constituent needs assistance with a housing case, they call the CCC-funded specialist at their local community group. These specialists are knowledgeable about a full range of available resources and use all applicable tools to keep New York City residents in housing they can afford. This initiative allows neighborhood-based groups to provide the following core housing services: tenant organization; code enforcement advocacy; housing court assistance; apartment repossession; and other housing-related public education.",Community Housing Preservation Strategies,Cleared,FY17,"Housing Conservation Coordinators, Inc."
FY17,A,data/fy17/schedule_c/fy17_schedule_c_awards.csv,165,135562989,29730,HOUSING,Community Housing Preservation Strategies,initiative_provider,"Housing Court Answers, Inc.",133317188,29730,unique,same_fy,1,0,"Housing Court Answers, Inc.",,,HPD,"The Community Consultant Contract (CCC) initiative provides funding for the front-line anti-eviction/anti-displacement services that community groups provide. When a community resident is at risk of eviction, or when a constituent needs assistance with a housing case, they call the CCC-funded specialist at their local community group. These specialists are knowledgeable about a full range of available resources and use all applicable tools to keep New York City residents in housing they can afford. This initiative allows neighborhood-based groups to provide the following core housing services: tenant organization; code enforcement advocacy; housing court assistance; apartment repossession; and other housing-related public education.",Community Housing Preservation Strategies,Cleared,FY17,"Housing Court Answers, Inc."
FY17,A,data/fy17/schedule_c/fy17_schedule_c_awards.csv,168,133098397,29730,HOUSING,,initiative_provider,"Neighborhood Housing Services of Brooklyn CDC, Inc.",471169779,29730,unique,same_fy,1,0,"Neighborhood Housing Services of Brooklyn CDC, Inc.",,,HPD,"The Community Consultant Contract (CCC) initiative provides funding for the front-line anti-eviction/anti-displacement services that community groups provide. When a community resident is at risk of eviction, or when a constituent needs assistance with a housing case, they call the CCC-funded specialist at their local community group. These specialists are knowledgeable about a full range of available resources and use all applicable tools to keep New York City residents in housing they can afford. This initiative allows neighborhood-based groups to provide the following core housing services: tenant organization; code enforcement advocacy; housing court assistance; apartment repossession; and other housing-related public education.",Community Housing Preservation Strategies,Cleared,FY17,"Neighborhood Housing Services of Brooklyn CDC, Inc."
FY17,A,data/fy17/schedule_c/fy17_schedule_c_awards.csv,168,133098397,29730,HOUSING,,initiative_provider,"Neighborhood Housing Services of Jamaica, Inc.",237398279,29730,unique,same_fy,1,0,"Neighborhood Housing Services of Jamaica, Inc.",,,HPD,"The Community Consultant Contract (CCC) initiative provides funding for the front-line anti-eviction/anti-displacement services that community groups provide. When a community resident is at risk of eviction, or when a constituent needs assistance with a housing case, they call the CCC-funded specialist at their local community group. These specialists are knowledgeable about a full range of available resources and use all applicable tools to keep New York City residents in housing they can afford. This initiative allows neighborhood-based groups to provide the following core housing services: tenant organization; code enforcement advocacy; housing court assistance; apartment repossession; and other housing-related public education.",Community Housing Preservation Strategies,Cleared,FY17,"Neighborhood Housing Services of Jamaica, Inc."
FY17,A,data/fy17/schedule_c/fy17_schedule_c_awards.csv,169,112555446,29730,HOUSING,,initiative_provider,Neighborhood Initiatives Development Corporation (NIDC),133110811,29730,unique,same_fy,1,0,Neighborhood Initiatives Development Corporation (NIDC),,,HPD,"The Community Consultant Contract (CCC) initiative provides funding for the front-line anti-eviction/anti-displacement services that community groups provide. When a community resident is at risk of eviction, or when a constituent needs assistance with a housing case, they call the CCC-funded specialist at their local community group. These specialists are knowledgeable about a full range of available resources and use all applicable tools to keep New York City residents in housing they can afford. This initiative allows neighborhood-based groups to provide the following core housing services: tenant organization; code enforcement advocacy; housing court assistance; apartment repossession; and other housing-related public education.",Community Housing Preservation Strategies,Cleared,FY17,Neighborhood Initiatives Development Corporation (NIDC)
FY17,A,data/fy17/schedule_c/fy17_schedule_c_awards.csv,170,112375583,29730,HOUSING,,initiative_provider,"Northfield Community LDC of Staten Island, Inc.",132974137,29730,unique,same_fy,1,0,"Northfield Community LDC of Staten Island, Inc.",,,HPD,"The Community Consultant Contract (CCC) initiative provides funding for the front-line anti-eviction/anti-displacement services that community groups provide. When a community resident is at risk of eviction, or when a constituent needs assistance with a housing case, they call the CCC-funded specialist at their local community group. These specialists are knowledgeable about a full range of available resources and use all applicable tools to keep New York City residents in housing they can afford. This initiative allows neighborhood-based groups to provide the following core housing services: tenant organization; code enforcement advocacy; housing court assistance; apartment repossession; and other housing-related public education.",Community Housing Preservation Strategies,Cleared,FY17,"Northfield Community LDC of Staten Island, Inc."
FY17,A,data/fy17/schedule_c/fy17_schedule_c_awards.csv,170,112375583,29730,HOUSING,,initiative_provider,"Northwest Bronx Community and Clergy Coalition, Inc.",132806160,29730,unique,same_fy,1,0,"Northwest Bronx Community and Clergy Coalition, Inc.",,,HPD,"The Community Consultant Contract (CCC) initiative provides funding for the front-line anti-eviction/anti-displacement services that community groups provide. When a community resident is at risk of eviction, or when a constituent needs assistance with a housing case, they call the CCC-funded specialist at their local community group. These specialists are knowledgeable about a full range of available resources and use all applicable tools to keep New York City residents in housing they can afford. This initiative allows neighborhood-based groups to provide the following core housing services: tenant organization; code enforcement advocacy; housing court assistance; apartment repossession; and other housing-related public education.",Community Housing Preservation Strategies,Cleared,FY17,"Northwest Bronx Community and Clergy Coalition, Inc."
FY17,A,data/fy17/schedule_c/fy17_schedule_c_awards.csv,170,112375583,29730,HOUSING,,initiative_provider,"Peoples Firehouse, Inc.",112470566,29730,unique,same_fy,1,0,"Peoples Firehouse, Inc.",,,HPD,"The Community Consultant Contract (CCC) initiative provides funding for the front-line anti-eviction/anti-displacement services that community groups provide. When a community resident is at risk of eviction, or when a constituent needs assistance with a housing case, they call the CCC-funded specialist at their local community group. These specialists are knowledgeable about a full range of available resources and use all applicable tools to keep New York City residents in housing they can afford. This initiative allows neighborhood-based groups to provide the following core housing services: tenant organization; code enforcement advocacy; housing court assistance; apartment repossession; and other housing-related public education.",Community Housing Preservation Strategies,Cleared,FY17,"Peoples Firehouse, Inc."
FY17,A,data/fy17/schedule_c/fy17_schedule_c_awards.csv,171,112453853,29730,HOUSING,,initiative_provider,"Queensboro Council for Social Welfare, Inc.",111817497,29730,unique,same_fy,1,0,"Queensboro Council for Social Welfare, Inc.",,,HPD,"The Community Consultant Contract (CCC) initiative provides funding for the front-line anti-eviction/anti-displacement services that community groups provide. When a community resident is at risk of eviction, or when a constituent needs assistance with a housing case, they call the CCC-funded specialist at their local community group. These specialists are knowledgeable about a full range of available resources and use all applicable tools to keep New York City residents in housing they can afford. This initiative allows neighborhood-based groups to provide the following core housing services: tenant organization; code enforcement advocacy; housing court assistance; apartment repossession; and other housing-related public education.",Community Housing Preservation Strategies,Cleared,FY17,"Queensboro Council for Social Welfare, Inc."
FY17,A,data/fy17/schedule_c/fy17_schedule_c_awards.csv,172,132735378,29730,HOUSING,,initiative_provider,"Staten Island Center for Independent Living, Inc.",133266398,29730,unique,same_fy,1,0,"Staten Island Center for Independent Living, Inc.",,,HPD,"The Community Consultant Contract (CCC) initiative provides funding for the front-line anti-eviction/anti-displacement services that community groups provide. When a community resident is at risk of eviction, or when a constituent needs assistance with a housing case, they call the CCC-funded specialist at their local community group. These specialists are knowledgeable about a full range of available resources and use all applicable tools to keep New York City residents in housing they can afford. This initiative allows neighborhood-based groups to provide the following core housing services: tenant organization; code enforcement advocacy; housing court assistance; apartment repossession; and other housing-related public education.",Community Housing Preservation Strategies,Cleared,FY17,"Staten Island Center for Independent Living, Inc."
FY17,A,data/fy17/schedule_c/fy17_schedule_c_awards.csv,172,132735378,29730,HOUSING,,initiative_provider,"Strycker's Bay Neighborhood Council, Inc.",131943516,29730,unique,same_fy,1,0,"Strycker's Bay Neighborhood Council, Inc.",,,HPD,"The Community Consultant Contract (CCC) initiative provides funding for the front-line anti-eviction/anti-displacement services that community groups provide. When a community resident is at risk of eviction, or when a constituent needs assistance with a housing case, they call the CCC-funded specialist at their local community group. These specialists are knowledgeable about a full range of available resources and use all applicable tools to keep New York City residents in housing they can afford. This initiative allows neighborhood-based groups to provide the following core housing services: tenant organization; code enforcement advocacy; housing court assistance; apartment repossession; and other housing-related public education.",Community Housing Preservation Strategies,Cleared,FY17,"Strycker's Bay Neighborhood Council, Inc."
FY17,A,data/fy17/schedule_c/fy17_schedule_c_awards.csv,175,112435565,29730,HOUSING,,initiative_provider,"West Side Federation for Senior Supportive Housing, Inc.",132926433,29730,unique,same_fy,1,0,"West Side Federation for Senior Housing, Inc.",,,HPD,"The Community Consultant Contract (CCC) initiative provides funding for the front-line anti-eviction/anti-displacement services that community groups provide. When a community resident is at risk of eviction, or when a constituent needs assistance with a housing case, they call the CCC-funded specialist at their local community group. These specialists are knowledgeable about a full range of available resources and use all applicable tools to keep New York City residents in housing they can afford. This initiative allows neighborhood-based groups to provide the following core housing services: tenant organization; code enforcement advocacy; housing court assistance; apartment repossession; and other housing-related public education.",Community Housing Preservation Strategies,Cleared,FY17,"West Side Federation for Senior Housing, Inc."
FY17,A,data/fy17/schedule_c/fy17_schedule_c_awards.csv,180,510188251,70000,HOUSING,Stabilizing NYC,initiative_provider,"Crenulated Company LTD, The",141719016,70000,unique,same_fy,1,0,"Crenulated Company LTD, The",,,HPD,"This initiative supports a coalition of 16 not-for-profit groups that seek to combat the loss of affordable housing at the hands of predatory equity companies, and to defend low-income tenants in predatory equity building from harassment and eviction. Stabilizing NYC combines legal and organizing resources into a citywide front against predatory equity, helping tenants hold their predatory equity landlords accountable for lack of repairs, bogus evicition cases, and affirmative harassment.",Stabilizing NYC,Cleared,FY17,"Crenulated Company LTD, The"
FY17,A,data/fy17/schedule_c/fy17_schedule_c_awards.csv,181,133442022,245000,HOUSING,Stabilizing NYC,initiative_provider,"Good Old Lower East Side, Inc.",132915659,70000,unique,same_fy,1,0,"Good Old Lower East Side, Inc.",,,HPD,"This initiative supports a coalition of 16 not-for-profit groups that seek to combat the loss of affordable housing at the hands of predatory equity companies, and to defend low-income tenants in predatory equity building from harassment and eviction. Stabilizing NYC combines legal and organizing resources into a citywide front against predatory equity, helping tenants hold their predatory equity landlords accountable for lack of repairs, bogus evicition cases, and affirmative harassment.",Stabilizing NYC,Cleared,FY17,"Good Old Lower East Side, Inc."
FY17,A,data/fy17/schedule_c/fy17_schedule_c_awards.csv,181,133442022,245000,HOUSING,Stabilizing NYC,initiative_provider,"Northwest Bronx Community and Clergy Coalition, Inc.",132806160,70000,unique,same_fy,1,0,"Northwest Bronx Community and Clergy Coalition, Inc.",,,HPD,"This initiative supports a coalition of 16 not-for-profit groups that seek to combat the loss of affordable housing at the hands of predatory equity companies, and to defend low-income tenants in predatory equity building from harassment and eviction. Stabilizing NYC combines legal and organizing resources into a citywide front against predatory equity, helping tenants hold their predatory equity landlords accountable for lack of repairs, bogus evicition cases, and affirmative harassment.",Stabilizing NYC,Cleared,FY17,"Northwest Bronx Community and Clergy Coalition, Inc."
FY17,A,data/fy17/schedule_c/fy17_schedule_c_awards.csv,181,133442022,245000,HOUSING,Stabilizing NYC,initiative_provider,St. Nick's Alliance Corporation,510192170,50000,unique,same_fy,1,0,St. Nick's Alliance Corporation,,,HPD,"This initiative supports a coalition of 16 not-for-profit groups that seek to combat the loss of affordable housing at the hands of predatory equity companies, and to defend low-income tenants in predatory equity building from harassment and eviction. Stabilizing NYC combines legal and organizing resources into a citywide front against predatory equity, helping tenants hold their predatory equity landlords accountable for lack of repairs, bogus evicition cases, and affirmative harassment.",Stabilizing NYC,Cleared,FY17,St. Nick's Alliance Corporation
FY17,A,data/fy17/schedule_c/fy17_schedule_c_awards.csv,181,133442022,245000,HOUSING,Stabilizing NYC,initiative_provider,"Urban Homesteading Assistance Board, Inc.",132902798,65000,unique,same_fy,1,0,"Urban Homesteading Assistance Board, Inc.",,,HPD,"This initiative supports a coalition of 16 not-for-profit groups that seek to combat the loss of affordable housing at the hands of predatory equity companies, and to defend low-income tenants in predatory equity building from harassment and eviction. Stabilizing NYC combines legal and organizing resources into a citywide front against predatory equity, helping tenants hold their predatory equity landlords accountable for lack of repairs, bogus evicition cases, and affirmative harassment.",Stabilizing NYC,Cleared,FY17,"Urban Homesteading Assistance Board, Inc."
FY17,A,data/fy17/schedule_c/fy17_schedule_c_awards.csv,186,111733454,50000,IMMIGRANT SERVICES,Immigrant Health Initiative,initiative_provider,"Charles B. Wang Community Health Center, Inc.",132739694,75000,unique,same_fy,1,0,"Charles B. Wang Community Health Center, Inc.",,,DOHMH,This funding will focus on decreasing health disparities among foreign born New Yorkers by focusing on the following three goals: improving access to health care; addressing cultural and language barriers; and targeting resources and interventions.,Immigrant Health Initiative,Cleared,FY17,"Charles B. Wang Community Health Center, Inc."
FY17,C,data/fy17/schedule_c/fy17_schedule_c_awards.csv,187,136400434,300000,IMMIGRANT SERVICES,Immigrant Health Initiative,initiative_provider,"Children’s Health Fund, The",133468427,75000,unique,any_fy,1,0,"Children’s Health Fund, The",,Terra Firm Clinic,DOHMH,"This funding will focus on decreasing health disparities among foreign born New Yorkers by focusing on the following three goals: improving access to health care, addressing cultural and language barriers; and targeting resources and interventions.",Immigrant Health Initiative,Cleared,FY16,"Children’s Health Fund, The"
FY17,A,data/fy17/schedule_c/fy17_schedule_c_awards.csv,187,136400434,300000,IMMIGRANT SERVICES,Immigrant Health Initiative,initiative_provider,"Grameen Primacare, Inc.",463181224,50000,unique,same_fy,1,0,"Grameen Primacare, Inc.",,,DOHMH,This funding will focus on decreasing health disparities among foreign born New Yorkers by focusing on the following three goals: improving access to health care; addressing cultural and language barriers; and targeting resources and interventions.,Immigrant Health Initiative,Cleared,FY17,"Grameen Primacare, Inc."
FY17,A,data/fy17/schedule_c/fy17_schedule_c_awards.csv,188,132860703,250000,IMMIGRANT SERVICES,Immigrant Health Initiative,initiative_provider,"Institute for Family Health, The",133273402,100000,unique,same_fy,1,0,"Institute for Family Health, The",,,DOHMH,This funding will focus on decreasing health disparities among foreign born New Yorkers by focusing on the following three goals: improving access to health care; addressing cultural and language barriers; and targeting resources and interventions.,Immigrant Health Initiative,Cleared,FY17,"Institute for Family Health, The"
FY17,B,data/fy17/schedule_c/fy17_schedule_c_awards.csv,188,132860703,250000,IMMIGRANT SERVICES,Immigrant Health Initiative,initiative_provider,Make the Road New York,113344389,50000,unique_by_name,same_fy,2,0,Make the Road New York,,,,,,Cleared,FY17,Make the Road New York
FY17,D,data/fy17/schedule_c/fy17_schedule_c_awards.csv,188,132860703,250000,IMMIGRANT SERVICES,Immigrant Health Initiative,initiative_provider,Memorial Sloan-Kettering Cancer Center,131924236,200000,absent,none,0,0,,,,,,,,,
FY17,A,data/fy17/schedule_c/fy17_schedule_c_awards.csv,188,132860703,250000,IMMIGRANT SERVICES,Immigrant Health Initiative,initiative_provider,"New York and Presbyterian Hospital, The",133957095,50000,unique,same_fy,1,0,New York and Presbyterian Hospital,,,DOHMH,This funding will focus on decreasing health disparities among foreign born New Yorkers by focusing on the following three goals: improving access to health care; addressing cultural and language barriers; and targeting resources and interventions.,Immigrant Health Initiative,Cleared,FY17,New York and Presbyterian Hospital
FY17,A,data/fy17/schedule_c/fy17_schedule_c_awards.csv,195,112859151,84000,IMMIGRANT SERVICES,Immigrant Opportunities Initiative,initiative_provider,"Caribbean Women's Health Association, Inc.",133323168,25000,unique,same_fy,1,0,"Caribbean Women's Health Association, Inc.",,,DSS/HRA,"This allocation supports funding to assist immigrant adults gain access to information and resources and to strengthen their participation in the democratic process.  Specifically, this initiative provides funding for legal services for recent immigrants to assist with applications for citizenship or permanent residency, and various other immigrant related legal services.",Immigrant Opportunities Initiative,Cleared,FY17,"Caribbean Women's Health Association, Inc."
FY17,A,data/fy17/schedule_c/fy17_schedule_c_awards.csv,198,112864728,60000,IMMIGRANT SERVICES,Immigrant Opportunities Initiative,initiative_provider,"Comprehensive Development, Inc.",133861648,24000,unique,same_fy,1,0,"Comprehensive Development, Inc.",,,DSS/HRA,"This allocation supports funding to assist immigrant adults gain access to information and resources and to strengthen their participation in the democratic process.  Specifically, this initiative provides funding for legal services for recent immigrants to assist with applications for citizenship or permanent residency, and various other immigrant related legal services.",Immigrant Opportunities Initiative,Cleared,FY17,"Comprehensive Development, Inc."
FY17,A,data/fy17/schedule_c/fy17_schedule_c_awards.csv,199,112290832,100000,IMMIGRANT SERVICES,Immigrant Opportunities Initiative,initiative_provider,Emerald Isle Immigration Center,112932528,178000,unique,same_fy,1,0,Emerald Isle Immigration Center,,,DSS/HRA,"This allocation supports funding to assist immigrant adults gain access to information and resources and to strengthen their participation in the democratic process.  Specifically, this initiative provides funding for legal services for recent immigrants to assist with applications for citizenship or permanent residency, and various other immigrant related legal services.",Immigrant Opportunities Initiative,Cleared,FY17,Emerald Isle Immigration Center
FY17,A,data/fy17/schedule_c/fy17_schedule_c_awards.csv,200,132600199,425000,IMMIGRANT SERVICES,Immigrant Opportunities Initiative,initiative_provider,"HIV Law Project, Inc., The",133730564,38000,unique,same_fy,1,0,"HIV Law Project, Inc., The",,,DSS/HRA,"This allocation supports funding to assist immigrant adults gain access to information and resources and to strengthen their participation in the democratic process.  Specifically, this initiative provides funding for legal services for recent immigrants to assist with applications for citizenship or permanent residency, and various other immigrant related legal services.",Immigrant Opportunities Initiative,Cleared,FY17,"HIV Law Project, Inc., The"
FY17,A,data/fy17/schedule_c/fy17_schedule_c_awards.csv,200,132600199,425000,IMMIGRANT SERVICES,Immigrant Opportunities Initiative,initiative_provider,"Housing Conservation Coordinators, Inc.",510141489,38000,unique,same_fy,1,0,"Housing Conservation Coordinators, Inc.",,,DSS/HRA,"This allocation supports funding to assist immigrant adults gain access to information and resources and to strengthen their participation in the democratic process.  Specifically, this initiative provides funding for legal services for recent immigrants to assist with applications for citizenship or permanent residency, and various other immigrant related legal services.",Immigrant Opportunities Initiative,Cleared,FY17,"Housing Conservation Coordinators, Inc."
FY17,A,data/fy17/schedule_c/fy17_schedule_c_awards.csv,200,132600199,425000,IMMIGRANT SERVICES,Immigrant Opportunities Initiative,initiative_provider,Immigrant Justice Corps.,464879076,200000,unique,same_fy,1,0,"Immigrant Justice Corps, Inc.",,,DSS/HRA,"This allocation supports funding to assist immigrant adults gain access to information and resources and to strengthen their participation in the democratic process.  Specifically, this initiative provides funding for legal services for recent immigrants to assist with applications for citizenship or permanent residency, and various other immigrant related legal services.",Immigrant Opportunities Initiative,Cleared,FY17,"Immigrant Justice Corps, Inc."
FY17,A,data/fy17/schedule_c/fy17_schedule_c_awards.csv,202,132972415,38000,IMMIGRANT SERVICES,Immigrant Opportunities Initiative,initiative_provider,"Neighborhood Defender Service, Inc.",061296692,50000,unique,same_fy,1,0,"Neighborhood Defender Service, Inc.",,,DSS/HRA,"This allocation supports funding to assist immigrant adults gain access to information and resources and to strengthen their participation in the democratic process.  Specifically, this initiative provides funding for legal services for recent immigrants to assist with applications for citizenship or permanent residency, and various other immigrant related legal services.",Immigrant Opportunities Initiative,Cleared,FY17,"Neighborhood Defender Service, Inc."
FY17,A,data/fy17/schedule_c/fy17_schedule_c_awards.csv,202,132972415,38000,IMMIGRANT SERVICES,Immigrant Opportunities Initiative,initiative_provider,"New York Legal Assistance Group, Inc.",133505428,440000,unique,same_fy,1,0,"New York Legal Assistance Group, Inc.",,,DSS/HRA,"This allocation supports funding to assist immigrant adults gain access to information and resources and to strengthen their participation in the democratic process.  Specifically, this initiative provides funding for legal services for recent immigrants to assist with applications for citizenship or permanent residency, and various other immigrant related legal services.",Immigrant Opportunities Initiative,Cleared,FY17,"New York Legal Assistance Group, Inc."
FY17,A,data/fy17/schedule_c/fy17_schedule_c_awards.csv,203,132946970,20000,IMMIGRANT SERVICES,Immigrant Opportunities Initiative,initiative_provider,"Polish and Slavic Center, Inc.",112285970,20000,unique,same_fy,1,0,"Polish and Slavic Center, Inc.",,,DSS/HRA,"This allocation supports funding to assist immigrant adults gain access to information and resources and to strengthen their participation in the democratic process.  Specifically, this initiative provides funding for legal services for recent immigrants to assist with applications for citizenship or permanent residency, and various other immigrant related legal services.",Immigrant Opportunities Initiative,Cleared,FY17,"Polish and Slavic Center, Inc."
FY17,B,data/fy17/schedule_c/fy17_schedule_c_awards.csv,205,112306447,65000,IMMIGRANT SERVICES,Immigrant Opportunities Initiative,initiative_provider,"SBH Community Service Network, Inc. (Sephardic Bikur Cholim)",237406410,25000,unique_by_name,same_fy,2,0,"SBH Community Service Network, Inc. (Sephardic Bikur Cholim)",,,,,,Cleared,FY17,"SBH Community Service Network, Inc. (Sephardic Bikur Cholim)"
FY17,A,data/fy17/schedule_c/fy17_schedule_c_awards.csv,209,113305406,2076666,IMMIGRANT SERVICES,New York Immigrant Family Unity Project,initiative_provider,Bronx Defenders,133931074,2076667,unique,same_fy,1,0,"Bronx Defenders, The",,,DSS/HRA,"This allocation supports the New York Immigrant Family Unity Project (NYIFUP), first funded in Fiscal 2014. NYIFUP, which is the nation’s first government-funded legal representation program for detained immigrants, provides high-quality, holistic representation to New Yorkers detained and facing deportation who cannot afford an attorney. NYIFUP attorneys carry a full caseload of deportation defense cases, and provide services including: master calendar, bond and individual merits hearings, appeals, and social work services. Vera Institute of Justice will oversee services between the legal providers and Human Resource Administration (HRA) will ensure that the initiative’s goals and objectives are accomplished. Vera will also coordinate all performance reports and track data to provide to the Council and HRA.",New York Immigrant Family Unity Project,Cleared,FY17,"Bronx Defenders, The"
FY17,A,data/fy17/schedule_c/fy17_schedule_c_awards.csv,214,135562265,2000000,LEGAL SERVICES,Legal Services for Low-Income New Yorkers,initiative_provider,Center for Family Representation,510419496,250000,unique,same_fy,1,0,Center for Family Representation,,,MOCJ,"Legal Services for Low-Income New Yorkers Initiative is intended to support direct client representation, including representation in class action cases; the provision of legal advice; community legal education presentations; pro-bono/volunteer lawyer programs; and hotline and other telephone-based legal services. Legal areas in which services may be provided included but are not limited to: unemployment insurance, supplemental security income, consumer/finance, education, employment, family, juvenile, health, housing, income maintenance, individual rights and miscellaneous benefits.",Legal Services for Low-Income New Yorkers,Cleared,FY17,Center for Family Representation
FY17,A,data/fy17/schedule_c/fy17_schedule_c_awards.csv,219,132622748,305000,LEGAL SERVICES,Legal Services for the Working Poor,initiative_provider,"Housing Conservation Coordinators, Inc.",510141489,305000,unique,same_fy,1,0,"Housing Conservation Coordinators, Inc.",,,DSS/HRA,Legal Services for the Working Poor Initiative is intended to support civil legal services for the working poor including: assistance in preventing eviction and foreclosure; improvement of living conditions and removal of hazardous housing conditions in their homes; housing code enforcement actions; organization and representation of tenants groups; help in obtaining emergency grants and benefits to avoid homelessness; assistance for family members getting appropriate diability benefits such as Social Security Disability or Supplemental Security Income; immigration assistance; protection from workplace abuses; consumer protections from creditors; representation of domestic violence victims.,Legal Services for the Working Poor,Cleared,FY17,"Housing Conservation Coordinators, Inc."
FY17,A,data/fy17/schedule_c/fy17_schedule_c_awards.csv,224,134131863,32372,MENTAL HEALTH SERVICES,Autism Awareness,initiative_provider,Eden II School for Autistic Children,132872916,70031,unique,same_fy,1,0,"Eden II School for Autistic Children, Inc.",,,DOHMH,This allocation supports wraparound services for autistic children in after-school and summer programs and during school closings. The programs may also provide forums and training seminars to teach coping skills to families and caregivers affected by autism or other relevant services.,Autism Awareness,Cleared,FY17,"Eden II School for Autistic Children, Inc."
FY17,A,data/fy17/schedule_c/fy17_schedule_c_awards.csv,225,135564937,78540,MENTAL HEALTH SERVICES,Autism Awareness,initiative_provider,Page 71 Heartshare Human Services of New York,111633549,78540,unique,same_fy,1,0,Heartshare Human Services of New York,,,DOHMH,This allocation supports wraparound services for autistic children in after-school and summer programs and during school closings. The programs may also provide forums and training seminars to teach coping skills to families and caregivers affected by autism or other relevant services.,Autism Awareness,Cleared,FY17,Heartshare Human Services of New York
FY17,A,data/fy17/schedule_c/fy17_schedule_c_awards.csv,225,135564937,78540,MENTAL HEALTH SERVICES,Autism Awareness,initiative_provider,Imagine Foundation,202336717,70031,unique,same_fy,1,0,"Imagine Foundation, Inc. d/b/a Imagine Academy",,,DOHMH,This allocation supports wraparound services for autistic children in after-school and summer programs and during school closings. The programs may also provide forums and training seminars to teach coping skills to families and caregivers affected by autism or other relevant services.,Autism Awareness,Cleared,FY17,"Imagine Foundation, Inc. d/b/a Imagine Academy"
FY17,A,data/fy17/schedule_c/fy17_schedule_c_awards.csv,234,112594790,66938,MENTAL HEALTH SERVICES,Autism Awareness,initiative_provider,Ramapo for Children,135600422,74187,unique,same_fy,1,0,Ramapo for Children,,,DOHMH,This allocation supports wraparound services for autistic children in after-school and summer programs and during school closings. The programs may also provide forums and training seminars to teach coping skills to families and caregivers affected by autism or other relevant services.,Autism Awareness,Cleared,FY17,Ramapo for Children
FY17,A,data/fy17/schedule_c/fy17_schedule_c_awards.csv,234,112594790,66938,MENTAL HEALTH SERVICES,Autism Awareness,initiative_provider,Reach for the Stars Learning Center,203042280,30000,unique,same_fy,1,0,Reach for the Stars Learning Center,,,DOHMH,This allocation supports wraparound services for autistic children in after-school and summer programs and during school closings. The programs may also provide forums and training seminars to teach coping skills to families and caregivers affected by autism or other relevant services.,Autism Awareness,Cleared,FY17,Reach for the Stars Learning Center
FY17,A,data/fy17/schedule_c/fy17_schedule_c_awards.csv,236,113070228,45046,MENTAL HEALTH SERVICES,Autism Awareness,initiative_provider,Shield of David,131740041,88136,unique,same_fy,1,0,"Shield of David, The d/b/a Shield Institute, The",,,DOHMH,This allocation supports wraparound services for autistic children in after-school and summer programs and during school closings. The programs may also provide forums and training seminars to teach coping skills to families and caregivers affected by autism or other relevant services.,Autism Awareness,Cleared,FY17,"Shield of David, The d/b/a Shield Institute, The"
FY17,A,data/fy17/schedule_c/fy17_schedule_c_awards.csv,237,263373908,30000,MENTAL HEALTH SERVICES,Autism Awareness,initiative_provider,United Cerebral Palsy of New York City,135654532,13078,unique,same_fy,1,0,"United Cerebral Palsy of New York City, Inc.",,,DOHMH,This allocation supports wraparound services for autistic children in after-school and summer programs and during school closings. The programs may also provide forums and training seminars to teach coping skills to families and caregivers affected by autism or other relevant services.,Autism Awareness,Cleared,FY17,"United Cerebral Palsy of New York City, Inc."
FY17,A,data/fy17/schedule_c/fy17_schedule_c_awards.csv,240,111733454,85000,MENTAL HEALTH SERVICES,Court-Involved Youth Mental Health Initiative,initiative_provider,Astor Services for Children & Families,141397918,150000,unique,same_fy,1,0,Astor Services for Children & Families,,,DOHMH,"This allocation supports programs that utilize risk assessment tools to identify juveniles in the arrest process who require mental health services; engage families of court-involved youth through family counseling, respite services, and other evidence-based practices; and connect community-based providers to other non-governmental organizations familiar with the Courts, the Administration for Children's Services (ACS), Department of Correction (DOC), and other relevant City and State agencies.",Court-Involved Youth Mental Health Initiative,Cleared,FY17,Astor Services for Children & Families
FY17,A,data/fy17/schedule_c/fy17_schedule_c_awards.csv,240,111733454,85000,MENTAL HEALTH SERVICES,Court-Involved Youth Mental Health Initiative,initiative_provider,Catholic Charities Neighborhood Services,112047151,130000,unique,same_fy,1,0,"Catholic Charities Neighborhood Services, Inc.",,,DOHMH,"This allocation supports programs that utilize risk assessment tools to identify juveniles in the arrest process who require mental health services; engage families of court-involved youth through family counseling, respite services, and other evidence-based practices; and connect community-based providers to other non-governmental organizations familiar with the Courts, the Administration for Children's Services (ACS), Department of Correction (DOC), and other relevant City and State agencies.",Court-Involved Youth Mental Health Initiative,Cleared,FY17,"Catholic Charities Neighborhood Services, Inc."
FY17,A,data/fy17/schedule_c/fy17_schedule_c_awards.csv,240,111733454,85000,MENTAL HEALTH SERVICES,Court-Involved Youth Mental Health Initiative,initiative_provider,Center for Alternative Sentencing & Employ. Services (CASES),132668080,150000,unique,same_fy,1,0,"Center for Alternative Sentencing and Employment Services, Inc. (CASES)",,,DOHMH,"This allocation supports programs that utilize risk assessment tools to identify juveniles in the arrest process who require mental health services; engage families of court-involved youth through family counseling, respite services, and other evidence-based practices; and connect community-based providers to other non-governmental organizations familiar with the Courts, the Administration for Children's Services (ACS), Department of Correction (DOC), and other relevant City and State agencies.",Court-Involved Youth Mental Health Initiative,Cleared,FY17,"Center for Alternative Sentencing and Employment Services, Inc. (CASES)"
FY17,A,data/fy17/schedule_c/fy17_schedule_c_awards.csv,241,135598710,83000,MENTAL HEALTH SERVICES,Court-Involved Youth Mental Health Initiative,initiative_provider,"Children's Aid Society, The",135562191,100000,unique,same_fy,1,0,"Children's Aid Society, The",,,DOHMH,"This allocation supports programs that utilize risk assessment tools to identify juveniles in the arrest process who require mental health services; engage families of court-involved youth through family counseling, respite services, and other evidence-based practices; and connect community-based providers to other non-governmental organizations familiar with the Courts, the Administration for Children's Services (ACS), Department of Correction (DOC), and other relevant City and State agencies.",Court-Involved Youth Mental Health Initiative,Cleared,FY17,"Children's Aid Society, The"
FY17,A,data/fy17/schedule_c/fy17_schedule_c_awards.csv,241,135598710,83000,MENTAL HEALTH SERVICES,Court-Involved Youth Mental Health Initiative,initiative_provider,"Coalition of Behavioral Health Agencies, The",132729071,145000,unique,same_fy,1,0,"Coalition of Behavioral Health Agencies, Inc., The",,,DOHMH,"This allocation supports programs that utilize risk assessment tools to identify juveniles in the arrest process who require mental health services; engage families of court-involved youth through family counseling, respite services, and other evidence-based practices; and connect community-based providers to other non-governmental organizations familiar with the Courts, the Administration for Children's Services (ACS), Department of Correction (DOC), and other relevant City and State agencies.",Court-Involved Youth Mental Health Initiative,Cleared,FY17,"Coalition of Behavioral Health Agencies, Inc., The"
FY17,A,data/fy17/schedule_c/fy17_schedule_c_awards.csv,241,135598710,83000,MENTAL HEALTH SERVICES,Court-Involved Youth Mental Health Initiative,initiative_provider,"Fortune Society, The",132645436,150000,unique,same_fy,1,0,"Fortune Society, Inc., The",,,DOHMH,"This allocation supports programs that utilize risk assessment tools to identify juveniles in the arrest process who require mental health services; engage families of court-involved youth through family counseling, respite services, and other evidence-based practices; and connect community-based providers to other non-governmental organizations familiar with the Courts, the Administration for Children's Services (ACS), Department of Correction (DOC), and other relevant City and State agencies.",Court-Involved Youth Mental Health Initiative,Cleared,FY17,"Fortune Society, Inc., The"
FY17,A,data/fy17/schedule_c/fy17_schedule_c_awards.csv,246,132946970,125000,MENTAL HEALTH SERVICES,Court-Involved Youth Mental Health Initiative,initiative_provider,"Puerto Rican Orgnz To Motivate Enlighten & Serve Addicts, Inc.",132663328,83000,unique,same_fy,1,0,"Puerto Rican Orgnz To Motivate Enlighten and Serve Addicts, Inc. (PROMESA)",,,DOHMH,"This allocation supports programs that utilize risk assessment tools to identify juveniles in the arrest process who require mental health services; engage families of court-involved youth through family counseling, respite services, and other evidence-based practices; and connect community-based providers to other non-governmental organizations familiar with the Courts, the Administration for Children's Services (ACS), Department of Correction (DOC), and other relevant City and State agencies.",Court-Involved Youth Mental Health Initiative,Pending,FY17,"Puerto Rican Orgnz To Motivate Enlighten and Serve Addicts, Inc. (PROMESA)"
FY17,A,data/fy17/schedule_c/fy17_schedule_c_awards.csv,248,111733454,76103,MENTAL HEALTH SERVICES,Services,initiative_provider,Catholic Charities Neighborhood Services,112047151,31103,unique,same_fy,1,0,"Catholic Charities Neighborhood Services, Inc.",,,DOHMH,"This funding supports a range of programs and services that address the needs of individuals with chemical dependencies, developmental disabilities, and/or serious mental illnesses, as well as the needs of their families and caregivers. The funding may support medically supervised outpatient programs (MSOPs), transition management programs, Article 16 clinics, psychological clubs, recreation programs, or other behavioral health services.","Developmental, Psychological and Behavioral Health Services",Cleared,FY17,"Catholic Charities Neighborhood Services, Inc."
FY17,A,data/fy17/schedule_c/fy17_schedule_c_awards.csv,249,133306195,249103,MENTAL HEALTH SERVICES,Services,initiative_provider,"Epilepsy Institute, The",132608325,189103,unique,same_fy,1,0,"Epilepsy Institute, The",,,DOHMH,"This funding supports a range of programs and services that address the needs of individuals with chemical dependencies, developmental disabilities, and/or serious mental illnesses, as well as the needs of their families and caregivers. The funding may support medically supervised outpatient programs (MSOPs), transition management programs, Article 16 clinics, psychological clubs, recreation programs, or other behavioral health services.","Developmental, Psychological and Behavioral Health Services",Cleared,FY17,"Epilepsy Institute, The"
FY17,A,data/fy17/schedule_c/fy17_schedule_c_awards.csv,249,133306195,249103,MENTAL HEALTH SERVICES,Services,initiative_provider,"Greenwich House, Inc.",135562204,27103,unique,same_fy,1,0,"Greenwich House, Inc.",,,DOHMH,"This funding supports a range of programs and services that address the needs of individuals with chemical dependencies, developmental disabilities, and/or serious mental illnesses, as well as the needs of their families and caregivers. The funding may support medically supervised outpatient programs (MSOPs), transition management programs, Article 16 clinics, psychological clubs, recreation programs, or other behavioral health services.","Developmental, Psychological and Behavioral Health Services",Cleared,FY17,"Greenwich House, Inc."
FY17,A,data/fy17/schedule_c/fy17_schedule_c_awards.csv,249,133306195,249103,MENTAL HEALTH SERVICES,Services,initiative_provider,Hamilton-Madison House,135562412,38103,unique,same_fy,1,0,"Hamilton-Madison House, Inc.",,,DOHMH,"This funding supports a range of programs and services that address the needs of individuals with chemical dependencies, developmental disabilities, and/or serious mental illnesses, as well as the needs of their families and caregivers. The funding may support medically supervised outpatient programs (MSOPs), transition management programs, Article 16 clinics, psychological clubs, recreation programs, or other behavioral health services.","Developmental, Psychological and Behavioral Health Services",Cleared,FY17,"Hamilton-Madison House, Inc."
FY17,A,data/fy17/schedule_c/fy17_schedule_c_awards.csv,250,135564937,132103,MENTAL HEALTH SERVICES,Services,initiative_provider,Inwood Community Services,133087407,36103,unique,same_fy,1,0,"Inwood Community Services, Inc.",,,DOHMH,"This funding supports a range of programs and services that address the needs of individuals with chemical dependencies, developmental disabilities, and/or serious mental illnesses, as well as the needs of their families and caregivers. The funding may support medically supervised outpatient programs (MSOPs), transition management programs, Article 16 clinics, psychological clubs, recreation programs, or other behavioral health services.","Developmental, Psychological and Behavioral Health Services",Cleared,FY17,"Inwood Community Services, Inc."
FY17,D,data/fy17/schedule_c/fy17_schedule_c_awards.csv,250,135564937,132103,MENTAL HEALTH SERVICES,Services,initiative_provider,Jamaica Service Program for Older Adults (JSPOA),510204121,204103,absent,none,0,0,,,,,,,,,
FY17,A,data/fy17/schedule_c/fy17_schedule_c_awards.csv,251,135596746,194103,MENTAL HEALTH SERVICES,Services,initiative_provider,Long Island Jewish Medical Center,112241326,106103,unique,same_fy,1,0,Long Island Jewish Medical Center,,,DOHMH,"This funding supports a range of programs and services that address the needs of individuals with chemical dependencies, developmental disabilities, and/or serious mental illnesses, as well as the needs of their families and caregivers. The funding may support medically supervised outpatient programs (MSOPs), transition management programs, Article 16 clinics, psychological clubs, recreation programs, or other behavioral health services.","Developmental, Psychological and Behavioral Health Services",Pending,FY17,Long Island Jewish Medical Center
FY17,A,data/fy17/schedule_c/fy17_schedule_c_awards.csv,251,135596746,194103,MENTAL HEALTH SERVICES,Services,initiative_provider,Mental Health Providers of Western Queens,112700062,60103,unique,same_fy,1,0,"Mental Health Providers of Western Queens, Inc.",,,DOHMH,"This funding supports a range of programs and services that address the needs of individuals with chemical dependencies, developmental disabilities, and/or serious mental illnesses, as well as the needs of their families and caregivers. The funding may support medically supervised outpatient programs (MSOPs), transition management programs, Article 16 clinics, psychological clubs, recreation programs, or other behavioral health services.","Developmental, Psychological and Behavioral Health Services",Pending,FY17,"Mental Health Providers of Western Queens, Inc."
FY17,A,data/fy17/schedule_c/fy17_schedule_c_awards.csv,251,135596746,194103,MENTAL HEALTH SERVICES,Services,initiative_provider,Montefiore Medical Center,131740114,70429,unique,same_fy,1,0,Montefiore Medical Center,,,DOHMH,"This funding supports a range of programs and services that address the needs of individuals with chemical dependencies, developmental disabilities, and/or serious mental illnesses, as well as the needs of their families and caregivers. The funding may support medically supervised outpatient programs (MSOPs), transition management programs, Article 16 clinics, psychological clubs, recreation programs, or other behavioral health services.","Developmental, Psychological and Behavioral Health Services",Cleared,FY17,Montefiore Medical Center
FY17,A,data/fy17/schedule_c/fy17_schedule_c_awards.csv,253,135623279,107103,MENTAL HEALTH SERVICES,Services,initiative_provider,PSCH (Kingsboro Psychiatric Center),112542430,132103,unique,same_fy,1,0,"PSCH, INC. (Kingsboro Psychiatric Center)",,,DOHMH,"This funding supports a range of programs and services that address the needs of individuals with chemical dependencies, developmental disabilities, and/or serious mental illnesses, as well as the needs of their families and caregivers. The funding may support medically supervised outpatient programs (MSOPs), transition management programs, Article 16 clinics, psychological clubs, recreation programs, or other behavioral health services.","Developmental, Psychological and Behavioral Health Services",Cleared,FY17,"PSCH, INC. (Kingsboro Psychiatric Center)"
FY17,A,data/fy17/schedule_c/fy17_schedule_c_awards.csv,253,135623279,107103,MENTAL HEALTH SERVICES,Services,initiative_provider,St. Ann's Corner of Harm Reduction,133724008,92107,unique,same_fy,1,0,"St. Ann's Corner of Harm Reduction, Inc.",,,DOHMH,"This funding supports a range of programs and services that address the needs of individuals with chemical dependencies, developmental disabilities, and/or serious mental illnesses, as well as the needs of their families and caregivers. The funding may support medically supervised outpatient programs (MSOPs), transition management programs, Article 16 clinics, psychological clubs, recreation programs, or other behavioral health services.","Developmental, Psychological and Behavioral Health Services",Cleared,FY17,"St. Ann's Corner of Harm Reduction, Inc."
FY17,A,data/fy17/schedule_c/fy17_schedule_c_awards.csv,253,135623279,107103,MENTAL HEALTH SERVICES,Services,initiative_provider,St. Luke's-Roosevelt Hospital Center,132997301,41103,unique,same_fy,1,0,St. Luke's-Roosevelt Hospital Center,,,DOHMH,"This funding supports a range of programs and services that address the needs of individuals with chemical dependencies, developmental disabilities, and/or serious mental illnesses, as well as the needs of their families and caregivers. The funding may support medically supervised outpatient programs (MSOPs), transition management programs, Article 16 clinics, psychological clubs, recreation programs, or other behavioral health services.","Developmental, Psychological and Behavioral Health Services",Cleared,FY17,St. Luke's-Roosevelt Hospital Center
FY17,A,data/fy17/schedule_c/fy17_schedule_c_awards.csv,258,136202692,86000,MENTAL HEALTH SERVICES,Geriatric Mental Health,initiative_provider,Catholic Charities Neighborhood Services,112047151,86000,unique,same_fy,1,0,"Catholic Charities Neighborhood Services, Inc.",,,DOHMH,"This funding supports organizations that provide a range of mental health services to older adults in “non-clinical settings,” such as senior centers, drop-in centers, religious institutions, social clubs, homeless prevention programs, and individual homes.",Geriatric Mental Health,Cleared,FY17,"Catholic Charities Neighborhood Services, Inc."
FY17,A,data/fy17/schedule_c/fy17_schedule_c_awards.csv,262,131628180,86000,MENTAL HEALTH SERVICES,Geriatric Mental Health,initiative_provider,Lenox Hill Hospital,131624070,81000,unique,same_fy,1,0,Lenox Hill Hospital,,,DOHMH,"This funding supports organizations that provide a range of mental health services to older adults in “non-clinical settings,” such as senior centers, drop-in centers, religious institutions, social clubs, homeless prevention programs, and individual homes.",Geriatric Mental Health,Cleared,FY17,Lenox Hill Hospital
FY17,A,data/fy17/schedule_c/fy17_schedule_c_awards.csv,264,237357997,122000,MENTAL HEALTH SERVICES,Geriatric Mental Health,initiative_provider,Riverdale Mental Health Association,131930700,118000,unique,same_fy,1,0,"Riverdale Mental Health Association, Inc.",,,DOHMH,"This funding supports organizations that provide a range of mental health services to older adults in “non-clinical settings,” such as senior centers, drop-in centers, religious institutions, social clubs, homeless prevention programs, and individual homes.",Geriatric Mental Health,Cleared,FY17,"Riverdale Mental Health Association, Inc."
FY17,A,data/fy17/schedule_c/fy17_schedule_c_awards.csv,267,131740122,82000,MENTAL HEALTH SERVICES,Geriatric Mental Health,initiative_provider,SBH Community Service Network (Sephardic Bikur Cholim),237406410,63000,unique,same_fy,1,0,"SBH Community Service Network, Inc. (Sephardic Bikur Cholim)",,,DOHMH,"This funding supports organizations that provide a range of mental health services to older adults in “non-clinical settings,” such as senior centers, drop-in centers, religious institutions, social clubs, homeless prevention programs, and individual homes.",Geriatric Mental Health,Cleared,FY17,"SBH Community Service Network, Inc. (Sephardic Bikur Cholim)"
FY17,A,data/fy17/schedule_c/fy17_schedule_c_awards.csv,267,131740122,82000,MENTAL HEALTH SERVICES,Geriatric Mental Health,initiative_provider,Services and Advocacy for GLBT Elders (SAGE),132947657,86000,unique,same_fy,1,0,"Services and Advocacy for GLBT Elders, Inc. (SAGE)",,,DOHMH,"This funding supports organizations that provide a range of mental health services to older adults in “non-clinical settings,” such as senior centers, drop-in centers, religious institutions, social clubs, homeless prevention programs, and individual homes.",Geriatric Mental Health,Cleared,FY17,"Services and Advocacy for GLBT Elders, Inc. (SAGE)"
FY17,A,data/fy17/schedule_c/fy17_schedule_c_awards.csv,270,135564937,100000,MENTAL HEALTH SERVICES,Medicaid Redesign Transition,initiative_provider,Amida Care,134154068,50000,unique,same_fy,1,0,"Amida Care, Inc.",,,DOHMH,This allocation supports organizations transitioning from a fee-for-service system to a managed-care model under New York State’s Medicaid redesign.,Medicaid Redesign Transition,Cleared,FY17,"Amida Care, Inc."
FY17,A,data/fy17/schedule_c/fy17_schedule_c_awards.csv,270,135564937,100000,MENTAL HEALTH SERVICES,Medicaid Redesign Transition,initiative_provider,Astor Services for Children & Families,141397918,50000,unique,same_fy,1,0,Astor Services for Children & Families,,,DOHMH,This allocation supports organizations transitioning from a fee-for-service system to a managed-care model under New York State’s Medicaid redesign.,Medicaid Redesign Transition,Cleared,FY17,Astor Services for Children & Families
FY17,A,data/fy17/schedule_c/fy17_schedule_c_awards.csv,270,135564937,100000,MENTAL HEALTH SERVICES,Medicaid Redesign Transition,initiative_provider,Catholic Charities Neighborhood Services,112047151,50000,unique,same_fy,1,0,"Catholic Charities Neighborhood Services, Inc.",,,DOHMH,This allocation supports organizations transitioning from a fee-for-service system to a managed-care model under New York State’s Medicaid redesign.,Medicaid Redesign Transition,Cleared,FY17,"Catholic Charities Neighborhood Services, Inc."
FY17,A,data/fy17/schedule_c/fy17_schedule_c_awards.csv,277,133149298,47295,MENTAL HEALTH SERVICES,Mental Health Services for Vulnerable Populations,initiative_provider,"Children's Aid Society, The",135562191,95000,unique,same_fy,1,0,"Children's Aid Society, The",,,DOHMH,"This funding supports community-based organizations and advocacy networks that provide a range of mental health programs, services, trainings, and referrals throughout the City, addressing the mental health needs of vulnerable and marginalized populations, such as HIV-positive people, suicidal individuals, and people with developmental disabilities. Additional populations of interest include children and youth, immigrants and people with limited English proficiency, homeless individuals and families, and at-risk seniors.",Mental Health Services for Vulnerbale Populations,Cleared,FY17,"Children's Aid Society, The"
FY17,A,data/fy17/schedule_c/fy17_schedule_c_awards.csv,277,133149298,47295,MENTAL HEALTH SERVICES,Mental Health Services for Vulnerable Populations,initiative_provider,"Coalition of Behavioral Health Agencies, The",132729071,85000,unique,same_fy,1,0,"Coalition of Behavioral Health Agencies, Inc., The",,,DOHMH,"This funding supports community-based organizations and advocacy networks that provide a range of mental health programs, services, trainings, and referrals throughout the City, addressing the mental health needs of vulnerable and marginalized populations, such as HIV-positive people, suicidal individuals, and people with developmental disabilities. Additional populations of interest include children and youth, immigrants and people with limited English proficiency, homeless individuals and families, and at-risk seniors.",Mental Health Services for Vulnerbale Populations,Cleared,FY17,"Coalition of Behavioral Health Agencies, Inc., The"
FY17,A,data/fy17/schedule_c/fy17_schedule_c_awards.csv,277,133149298,47295,MENTAL HEALTH SERVICES,Mental Health Services for Vulnerable Populations,initiative_provider,Greenwich House,135562204,50000,unique,same_fy,1,0,"Greenwich House, Inc.",,,DOHMH,"This funding supports community-based organizations and advocacy networks that provide a range of mental health programs, services, trainings, and referrals throughout the City, addressing the mental health needs of vulnerable and marginalized populations, such as HIV-positive people, suicidal individuals, and people with developmental disabilities. Additional populations of interest include children and youth, immigrants and people with limited English proficiency, homeless individuals and families, and at-risk seniors.",Mental Health Services for Vulnerbale Populations,Cleared,FY17,"Greenwich House, Inc."
FY17,B,data/fy17/schedule_c/fy17_schedule_c_awards.csv,278,133164464,297000,MENTAL HEALTH SERVICES,Mental Health Services for Vulnerable Populations,initiative_provider,Riverdale Mental Health Association,131930700,50000,unique_by_name,same_fy,2,0,"Riverdale Mental Health Association, Inc.",,,DOHMH,,,Cleared,FY17,"Riverdale Mental Health Association, Inc."
FY17,A,data/fy17/schedule_c/fy17_schedule_c_awards.csv,282,020694269,50000,SENIOR SERVICES,Elder Abuse Enhancement,initiative_provider,Sakhi for South Asian Women,133593806,50000,unique,same_fy,1,0,Sakhi for South Asian Women,,,DFTA,"This allocation enhances baselined funding for elder abuse services, specifically funding organizations that specialize in serving immigrant populations.",Elder Abuse Enhancement,Cleared,FY17,Sakhi for South Asian Women
FY17,A,data/fy17/schedule_c/fy17_schedule_c_awards.csv,283,111633484,120000,SENIOR SERVICES,Holocaust Survivors,initiative_provider,"Blue Card, Inc., The",131623910,20000,unique,same_fy,1,0,"Blue Card, Inc., The",,,DFTA,This initiative will support Holocaust survivors living at or below the poverty line by offering a range of social services and supports to maintain and improve their quality of life.,Elie Wiesel Holocaust Survivors,Cleared,FY17,"Blue Card, Inc., The"
FY17,A,data/fy17/schedule_c/fy17_schedule_c_awards.csv,288,237172152,80000,SENIOR SERVICES,Holocaust Survivors,initiative_provider,"Pesach Tikvah-Hope Development, Inc.",112642641,120000,unique,same_fy,1,0,"Pesach Tikvah-Hope Development, Inc.",,,DFTA,This initiative will support Holocaust survivors living at or below the poverty line by offering a range of social services and supports to maintain and improve their quality of life.,Elie Wiesel Holocaust Survivors,Cleared,FY17,"Pesach Tikvah-Hope Development, Inc."
FY17,A,data/fy17/schedule_c/fy17_schedule_c_awards.csv,289,112986161,120000,SENIOR SERVICES,Holocaust Survivors,initiative_provider,"Samuel Field YM & YWHA, Inc.",113071518,80000,unique,same_fy,1,0,"Samuel Field YM & YWHA, Inc.",,,DFTA,This initiative will support Holocaust survivors living at or below the poverty line by offering a range of social services and supports to maintain and improve their quality of life.,Elie Wiesel Holocaust Survivors,Cleared,FY17,"Samuel Field YM & YWHA, Inc."
FY17,A,data/fy17/schedule_c/fy17_schedule_c_awards.csv,289,112986161,120000,SENIOR SERVICES,Holocaust Survivors,initiative_provider,"Selfhelp Community Services, Inc.",131624178,165000,unique,same_fy,1,0,"Selfhelp Community Services, Inc.",,,DFTA,This initiative will support Holocaust survivors living at or below the poverty line by offering a range of social services and supports to maintain and improve their quality of life.,Elie Wiesel Holocaust Survivors,Cleared,FY17,"Selfhelp Community Services, Inc."
FY17,A,data/fy17/schedule_c/fy17_schedule_c_awards.csv,294,132738818,247765,SENIOR SERVICES,Information and Referral Services,initiative_provider,Emerald Isle Immigration Center,112932528,56132,unique,same_fy,1,0,Emerald Isle Immigration Center,,,DFTA,This allocation supports community-based organizations that provide information and referral services related to senior services and other resources in the community.,Information and Referral Services,Cleared,FY17,Emerald Isle Immigration Center
FY17,A,data/fy17/schedule_c/fy17_schedule_c_awards.csv,295,112375583,300000,SENIOR SERVICES,LGBTQ Senior Services in Every Borough,initiative_provider,"Services and Advocacy for GLBT Elders (SAGE), Inc.",132947657,1200000,unique,same_fy,1,0,"Services and Advocacy for GLBT Elders, Inc. (SAGE)",,,DFTA,"This action provides LBGT culturally competent services for seniors through Services and Advocacy for GLBT Elders (SAGE) sites located in the Bronx, Brooklyn, Manhattan and Staten Island and in Queens provided by Queens Community House.",LGBT Senior Services in Every Borough,Cleared,FY17,"Services and Advocacy for GLBT Elders, Inc. (SAGE)"
FY17,A,data/fy17/schedule_c/fy17_schedule_c_awards.csv,306,131628180,95000,SENIOR SERVICES,Social Adult Day Care Enhancement,initiative_provider,"Hamilton Madison, Inc.",135562412,95000,unique,same_fy,1,0,"Hamilton-Madison House, Inc.",,,DFTA,"This initiative will provide operational support to social adult day care programs, which provide non-medical adult day care services to individuals with cognitive or physical limitations.",Social Adult Day Care Enhancement,Cleared,FY17,"Hamilton-Madison House, Inc."
FY17,A,data/fy17/schedule_c/fy17_schedule_c_awards.csv,310,510189327,95000,SENIOR SERVICES,Social Adult Day Care Enhancement,initiative_provider,"Selfhelp Community Services, Inc.",131624178,95000,unique,same_fy,1,0,"Selfhelp Community Services, Inc.",,,DFTA,"This initiative will provide operational support to social adult day care programs, which provide non-medical adult day care services to individuals with cognitive or physical limitations.",Social Adult Day Care Enhancement,Cleared,FY17,"Selfhelp Community Services, Inc."
FY17,A,data/fy17/schedule_c/fy17_schedule_c_awards.csv,314,113560625,200000,SENIOR SERVICES,Day Laborer Workforce Initiative,initiative_provider,Third Sector New England,042261109,170000,unique,same_fy,1,0,Third Sector New England,,,DSBS,"This initiative will support the expansion of the existing 4 day laborer centers to provide services in all 5 boroughs. These services include dignified physical space for day laborers to meet, referrals to jobs or support services, legal services to address issues such as wage theft, as as well as workforce training and development.",Day Laborer Workforce Initiative,Cleared,FY17,Third Sector New England
FY17,A,data/fy17/schedule_c/fy17_schedule_c_awards.csv,316,135562185,50000,SENIOR SERVICES,Day Laborer Workforce Initiative,initiative_provider,Staten Island Community Job Center,472787706,50000,unique,same_fy,1,0,"Staten Island Community Job Center, Inc.",,,DSBS,"This initiative will support the expansion of the existing 4 day laborer centers to provide services in all 5 boroughs. These services include dignified physical space for day laborers to meet, referrals to jobs or support services, legal services to address issues such as wage theft, as as well as workforce training and development.",Day Laborer Workforce Initiative,Cleared,FY17,"Staten Island Community Job Center, Inc."
FY17,A,data/fy17/schedule_c/fy17_schedule_c_awards.csv,318,133591350,66450,SENIOR SERVICES,MWBE Leadership Associations,initiative_provider,"ACCION East, Inc.",113317234,88855,unique,same_fy,1,0,"ACCION East, Inc.",,,DSBS,This allocation provides a range of services including guidance on government contracting for potential or City-certified MWBEs; assistance in connecting MWBEs to potential customers; aid in the development of bids and proposals; assistance in securing project financing and bonding; and the promotion and marketing of the City’s MWBE program.,MWBE Leadership Associations,Cleared,FY17,"ACCION East, Inc."
FY17,A,data/fy17/schedule_c/fy17_schedule_c_awards.csv,318,133591350,66450,SENIOR SERVICES,MWBE Leadership Associations,initiative_provider,"Brooklyn Kings County Hispanic Chamber Of Commerce, Inc.",202381186,30925,unique,same_fy,1,0,"Brooklyn Kings County Hispanic Chamber Of Commerce, Inc.",,,DSBS,This allocation provides a range of services including guidance on government contracting for potential or City-certified MWBEs; assistance in connecting MWBEs to potential customers; aid in the development of bids and proposals; assistance in securing project financing and bonding; and the promotion and marketing of the City’s MWBE program.,MWBE Leadership Associations,Cleared,FY17,"Brooklyn Kings County Hispanic Chamber Of Commerce, Inc."
FY17,C,data/fy17/schedule_c/fy17_schedule_c_awards.csv,326,133187792,85500,SENIOR SERVICES,Small Business Outreach and Assistance Program,initiative_provider,"New Bronx Chamber of Commerce, The",371443165,60750,unique,any_fy,1,0,"New Bronx Chamber of Commerce, The",,,DSBS,"The funds will be used to carry out outreach efforts that will increase businesses access to a variety of services right at their storefront. Specific services will include pro-bono legal assistance, financing assistance, referrals to other government resources and support, and assistance with affordable healthcare enrollment opportunities.",Chamber on the Go (Small Business Mobile Outreach Unit),Cleared,FY16,"New Bronx Chamber of Commerce, The"
FY17,C,data/fy17/schedule_c/fy17_schedule_c_awards.csv,326,133187792,85500,SENIOR SERVICES,Small Business Outreach and Assistance Program,initiative_provider,"Manhattan Chamber of Commerce Foundation, Inc.",134016593,77833,unique,any_fy,1,0,"Manhattan Chamber of Commerce Foundation, Inc.",,,DSBS,"The funds will be used to carry out outreach efforts that will increase businesses access to a variety of services right at their storefront. Specific services will include pro-bono legal assistance, financing assistance, referrals to other government resources and support, and assistance with affordable healthcare enrollment opportunities.",Chamber on the Go (Small Business Mobile Outreach Unit),Cleared,FY16,"Manhattan Chamber of Commerce Foundation, Inc."
FY17,A,data/fy17/schedule_c/fy17_schedule_c_awards.csv,326,133187792,85500,SENIOR SERVICES,Small Business Outreach and Assistance Program,initiative_provider,Queens Chamber of Commerce,110559220,64167,unique,same_fy,1,0,Queens Chamber of Commerce dba Chamber of Commerce Borough of Queens,,,DSBS,"This initiative will provide assistance to entrepreneurs and small businesses in all five boroughs.The services will include pro-bono legal assistance, technical and financing assistance,business courses, referrals to other governmental resources and support, and assistance with affordable healthcare enrollment opportunities. Some of these services will be provided on the ground at storefronts, allowing easier access by clients.",Chamber on the Go and Small Business Assistance,Cleared,FY17,Queens Chamber of Commerce dba Chamber of Commerce Borough of Queens
FY17,A,data/fy17/schedule_c/fy17_schedule_c_awards.csv,326,133187792,85500,SENIOR SERVICES,Small Business Outreach and Assistance Program,initiative_provider,"Staten Island Chamber of Commerce Foundation, Inc.",134069282,41105,unique,same_fy,1,0,"Staten Island Chamber of Commerce Foundation, Inc.",,,DSBS,"This initiative will provide assistance to entrepreneurs and small businesses in all five boroughs.The services will include pro-bono legal assistance, technical and financing assistance,business courses, referrals to other governmental resources and support, and assistance with affordable healthcare enrollment opportunities. Some of these services will be provided on the ground at storefronts, allowing easier access by clients.",Chamber on the Go and Small Business Assistance,Cleared,FY17,"Staten Island Chamber of Commerce Foundation, Inc."
FY17,A,data/fy17/schedule_c/fy17_schedule_c_awards.csv,326,133187792,85500,SENIOR SERVICES,Small Business Outreach and Assistance Program,initiative_provider,"ACCION East, Inc.",113317234,64500,unique,same_fy,1,0,"ACCION East, Inc.",,,DSBS,"This initiative will provide assistance to entrepreneurs and small businesses in all five boroughs.The services will include pro-bono legal assistance, technical and financing assistance,business courses, referrals to other governmental resources and support, and assistance with affordable healthcare enrollment opportunities. Some of these services will be provided on the ground at storefronts, allowing easier access by clients.",Chamber on the Go and Small Business Assistance,Cleared,FY17,"ACCION East, Inc."
FY17,A,data/fy17/schedule_c/fy17_schedule_c_awards.csv,327,113306111,106750,SENIOR SERVICES,Small Business Outreach and Assistance Program,initiative_provider,Bedford Stuyvesant Restoration Corporation,116083182,85500,unique,same_fy,1,0,Bedford Stuyvesant Restoration Corporation,,,DSBS,"This initiative will provide assistance to entrepreneurs and small businesses in all five boroughs.The services will include pro-bono legal assistance, technical and financing assistance,business courses, referrals to other governmental resources and support, and assistance with affordable healthcare enrollment opportunities. Some of these services will be provided on the ground at storefronts, allowing easier access by clients.",Chamber on the Go and Small Business Assistance,Cleared,FY17,Bedford Stuyvesant Restoration Corporation
FY17,A,data/fy17/schedule_c/fy17_schedule_c_awards.csv,328,133591350,64500,SENIOR SERVICES,Small Business Outreach and Assistance Program,initiative_provider,"Caribbean American Chamber of Commerce and Industry, Inc.",112903423,85500,unique,same_fy,1,0,"Caribbean American Chamber of Commerce and Industry, Inc.",,,DSBS,"This initiative will provide assistance to entrepreneurs and small businesses in all five boroughs.The services will include pro-bono legal assistance, technical and financing assistance,business courses, referrals to other governmental resources and support, and assistance with affordable healthcare enrollment opportunities. Some of these services will be provided on the ground at storefronts, allowing easier access by clients.",Chamber on the Go and Small Business Assistance,Cleared,FY17,"Caribbean American Chamber of Commerce and Industry, Inc."
FY17,A,data/fy17/schedule_c/fy17_schedule_c_awards.csv,329,136400434,184500,SENIOR SERVICES,Small Business Outreach and Assistance Program,initiative_provider,Queens Economic Development Corporation,112436149,43250,unique,same_fy,1,0,Queens Economic Development Corporation,,,DSBS,"This initiative will provide assistance to entrepreneurs and small businesses in all five boroughs.The services will include pro-bono legal assistance, technical and financing assistance,business courses, referrals to other governmental resources and support, and assistance with affordable healthcare enrollment opportunities. Some of these services will be provided on the ground at storefronts, allowing easier access by clients.",Chamber on the Go and Small Business Assistance,Cleared,FY17,Queens Economic Development Corporation
FY17,A,data/fy17/schedule_c/fy17_schedule_c_awards.csv,330,861096987,84500,SENIOR SERVICES,Initiative,initiative_provider,SCO Family of Services,112777066,382000,unique,same_fy,1,0,SCO Family of Services,,,DSBS,"The Worker Cooperative Business Development initiative will support the creation of jobs in worker cooperatives by coordinating education and training resources and by providing technical, legal, and financial assistance. The initiative will fund a comprehensive citywide effort to reach cooperative entrepreneurs, provide for the start-up of new worker cooperative small businesses, and assist existing cooperatives. The initiative will offer workforce development and concrete skills for unemployed, underemployed and discouraged workers in high-needs neighborhoods.",Worker Cooperative Business Development Initiative,Cleared,FY17,SCO Family of Services
FY17,A,data/fy17/schedule_c/fy17_schedule_c_awards.csv,330,861096987,84500,SENIOR SERVICES,Initiative,initiative_provider,Green Worker. Inc.,201828936,234000,unique,same_fy,1,0,"Green Worker, Inc.",,,DSBS,"The Worker Cooperative Business Development initiative will support the creation of jobs in worker cooperatives by coordinating education and training resources and by providing technical, legal, and financial assistance. The initiative will fund a comprehensive citywide effort to reach cooperative entrepreneurs, provide for the start-up of new worker cooperative small businesses, and assist existing cooperatives. The initiative will offer workforce development and concrete skills for unemployed, underemployed and discouraged workers in high-needs neighborhoods.",Worker Cooperative Business Development Initiative,Cleared,FY17,"Green Worker, Inc."
FY17,A,data/fy17/schedule_c/fy17_schedule_c_awards.csv,330,861096987,84500,SENIOR SERVICES,Initiative,initiative_provider,ICA Group,042628399,234000,unique,same_fy,1,0,ICA Group,,,DSBS,"The Worker Cooperative Business Development initiative will support the creation of jobs in worker cooperatives by coordinating education and training resources and by providing technical, legal, and financial assistance. The initiative will fund a comprehensive citywide effort to reach cooperative entrepreneurs, provide for the start-up of new worker cooperative small businesses, and assist existing cooperatives. The initiative will offer workforce development and concrete skills for unemployed, underemployed and discouraged workers in high-needs neighborhoods.",Worker Cooperative Business Development Initiative,Cleared,FY17,ICA Group
FY17,A,data/fy17/schedule_c/fy17_schedule_c_awards.csv,330,861096987,84500,SENIOR SERVICES,Initiative,initiative_provider,"Working World, The (TWW)",202264584,234000,unique,same_fy,1,0,"Working World, The (TWW)",,,DSBS,"The Worker Cooperative Business Development initiative will support the creation of jobs in worker cooperatives by coordinating education and training resources and by providing technical, legal, and financial assistance. The initiative will fund a comprehensive citywide effort to reach cooperative entrepreneurs, provide for the start-up of new worker cooperative small businesses, and assist existing cooperatives. The initiative will offer workforce development and concrete skills for unemployed, underemployed and discouraged workers in high-needs neighborhoods.",Worker Cooperative Business Development Initiative,Cleared,FY17,"Working World, The (TWW)"
FY17,C,data/fy17/schedule_c/fy17_schedule_c_awards.csv,330,861096987,84500,SENIOR SERVICES,Initiative,initiative_provider,Make the Road New York,113344389,94000,unique,any_fy,1,0,Make the Road New York,,,DSBS,"The Worker Cooperative Business Development initiative will support the creation of jobs in worker cooperatives by coordinating education and training resources and by providing technical, legal, and financial assistance. The initiative will fund a comprehensive citywide effort to reach cooperative entrepreneurs, provide for the start-up of new worker cooperative small businesses, and assist existing cooperatives. The initiative will offer workforce development and concrete skills for unemployed, underemployed and discouraged workers in high-needs neighborhoods.",Worker Cooperative Business Development Initiative,Cleared,FY16,Make the Road New York
FY17,A,data/fy17/schedule_c/fy17_schedule_c_awards.csv,331,113306111,84500,SENIOR SERVICES,Initiative,initiative_provider,Democracy at Work Institute (DAWI),275265123,155000,unique,same_fy,1,0,Democracy at Work Institute (DAWI),,,DSBS,"The Worker Cooperative Business Development initiative will support the creation of jobs in worker cooperatives by coordinating education and training resources and by providing technical, legal, and financial assistance. The initiative will fund a comprehensive citywide effort to reach cooperative entrepreneurs, provide for the start-up of new worker cooperative small businesses, and assist existing cooperatives. The initiative will offer workforce development and concrete skills for unemployed, underemployed and discouraged workers in high-needs neighborhoods.",Worker Cooperative Business Development Initiative,Cleared,FY17,Democracy at Work Institute (DAWI)
FY17,A,data/fy17/schedule_c/fy17_schedule_c_awards.csv,331,113306111,84500,SENIOR SERVICES,Initiative,initiative_provider,NYC Network of Worker Cooperatives (NYCNOWC),465245034,148000,unique,same_fy,1,0,NYC Network of Worker Cooperatives (NYCNOWC),,,DSBS,"The Worker Cooperative Business Development initiative will support the creation of jobs in worker cooperatives by coordinating education and training resources and by providing technical, legal, and financial assistance. The initiative will fund a comprehensive citywide effort to reach cooperative entrepreneurs, provide for the start-up of new worker cooperative small businesses, and assist existing cooperatives. The initiative will offer workforce development and concrete skills for unemployed, underemployed and discouraged workers in high-needs neighborhoods.",Worker Cooperative Business Development Initiative,Cleared,FY17,NYC Network of Worker Cooperatives (NYCNOWC)
FY17,A,data/fy17/schedule_c/fy17_schedule_c_awards.csv,331,113306111,84500,SENIOR SERVICES,Initiative,initiative_provider,"Commonwise Education, Inc.",452201993,84000,unique,same_fy,1,0,"Commonwise Education, Inc.",,,DSBS,"The Worker Cooperative Business Development initiative will support the creation of jobs in worker cooperatives by coordinating education and training resources and by providing technical, legal, and financial assistance. The initiative will fund a comprehensive citywide effort to reach cooperative entrepreneurs, provide for the start-up of new worker cooperative small businesses, and assist existing cooperatives. The initiative will offer workforce development and concrete skills for unemployed, underemployed and discouraged workers in high-needs neighborhoods.",Worker Cooperative Business Development Initiative,Cleared,FY17,"Commonwise Education, Inc."
FY17,A,data/fy17/schedule_c/fy17_schedule_c_awards.csv,335,136400434,105000,SENIOR SERVICES,Initiative,initiative_provider,Third Sector New England,042261109,66000,unique,same_fy,1,0,Third Sector New England,,,DSBS,"The Worker Cooperative Business Development initiative will support the creation of jobs in worker cooperatives by coordinating education and training resources and by providing technical, legal, and financial assistance. The initiative will fund a comprehensive citywide effort to reach cooperative entrepreneurs, provide for the start-up of new worker cooperative small businesses, and assist existing cooperatives. The initiative will offer workforce development and concrete skills for unemployed, underemployed and discouraged workers in high-needs neighborhoods.",Worker Cooperative Business Development Initiative,Cleared,FY17,Third Sector New England
FY17,A,data/fy17/schedule_c/fy17_schedule_c_awards.csv,336,132600199,150000,VETERAN SERVICES,Legal  Services for Veterans,initiative_provider,"New York Legal Assistance Group, Inc.",133505428,200000,unique,same_fy,1,0,"New York Legal Assistance Group, Inc.",,,DSS/HRA,"Funding will provide legal services for NYC Veterans on a broad range of matters which include, family law, housing, public benefits, healthcare and home care, financial planning, and consumer protection.",Legal Services for Veterans,Cleared,FY17,"New York Legal Assistance Group, Inc."
FY17,A,data/fy17/schedule_c/fy17_schedule_c_awards.csv,337,133213525,50000,VETERAN SERVICES,Homeless Prevention Services for Veterans,initiative_provider,United War Veterans Council,133793337,25000,unique,same_fy,1,0,United War Veterans Council,,,DYCD,"This initiative includes funding for programs supporting veterans and their families in issues related to health, education, employment and building a lasting community.",Veterans Community Development,Cleared,FY17,United War Veterans Council
FY17,A,data/fy17/schedule_c/fy17_schedule_c_awards.csv,344,131623989,406000,YOUTH SERVICES,COMPASS,initiative_provider,"Development Outreach, Inc.",132997764,150000,unique,same_fy,1,0,"Development Outreach, Inc.",,,DYCD,This allocation supports programming for children in grades K-12 under the Comprehensive Afterschool System of New York City (COMPASS NYC).,COMPASS,Cleared,FY17,"Development Outreach, Inc."
FY17,A,data/fy17/schedule_c/fy17_schedule_c_awards.csv,345,112799128,84000,YOUTH SERVICES,COMPASS,initiative_provider,Jewish Institute of Queens,542068797,210000,unique,same_fy,1,0,Jewish Institute Of Queens,,,DYCD,This allocation supports programming for children in grades K-12 under the Comprehensive Afterschool System of New York City (COMPASS NYC).,COMPASS,Cleared,FY17,Jewish Institute Of Queens
FY17,A,data/fy17/schedule_c/fy17_schedule_c_awards.csv,345,112799128,84000,YOUTH SERVICES,COMPASS,initiative_provider,NYC Mission Society,135562301,263200,unique,same_fy,1,0,NYC Mission Society,,,DYCD,This allocation supports programming for children in grades K-12 under the Comprehensive Afterschool System of New York City (COMPASS NYC).,COMPASS,Cleared,FY17,NYC Mission Society
FY17,A,data/fy17/schedule_c/fy17_schedule_c_awards.csv,345,112799128,84000,YOUTH SERVICES,COMPASS,initiative_provider,"Southeast Bronx Neighborhood Centers, Inc.",132675560,126000,unique,same_fy,1,0,"Southeast Bronx Neighborhood Centers, Inc.",,,DYCD,This allocation supports programming for children in grades K-12 under the Comprehensive Afterschool System of New York City (COMPASS NYC).,COMPASS,Cleared,FY17,"Southeast Bronx Neighborhood Centers, Inc."
FY17,A,data/fy17/schedule_c/fy17_schedule_c_awards.csv,345,112799128,84000,YOUTH SERVICES,COMPASS,initiative_provider,"Strycker’s Bay Neighborhood Council, Inc.",131943516,134400,unique,same_fy,1,0,"Strycker's Bay Neighborhood Council, Inc.",,,DYCD,This allocation supports programming for children in grades K-12 under the Comprehensive Afterschool System of New York City (COMPASS NYC).,COMPASS,Cleared,FY17,"Strycker's Bay Neighborhood Council, Inc."
FY17,A,data/fy17/schedule_c/fy17_schedule_c_awards.csv,346,043697166,50000,YOUTH SERVICES,Sports Training and Rolemodels for Success Initiative (STARS),initiative_provider,"Armory Foundation, The",133680286,100000,unique,same_fy,1,0,"Armory Foundation, The",,,DYCD,"This initiative offers afterschool programming promoting physical activity, healthy living and wellness for elementary, middle and high school-aged girls.",Sports Training and Rolemodels for Success (STARS) Initiative,Cleared,FY17,"Armory Foundation, The"
FY17,A,data/fy17/schedule_c/fy17_schedule_c_awards.csv,346,043697166,50000,YOUTH SERVICES,Sports Training and Rolemodels for Success Initiative (STARS),initiative_provider,"Figure Skating in East Harlem, Inc.",133945168,50000,unique,same_fy,1,0,"Figure Skating in Harlem, Inc.",,,DYCD,"This initiative offers afterschool programming promoting physical activity, healthy living and wellness for elementary, middle and high school-aged girls.",Sports Training and Rolemodels for Success (STARS) Initiative,Cleared,FY17,"Figure Skating in Harlem, Inc."
FY17,A,data/fy17/schedule_c/fy17_schedule_c_awards.csv,347,113427213,100000,YOUTH SERVICES,Sports Training and Rolemodels for Success Initiative (STARS),initiative_provider,"Girls Write Now, Inc.",542115054,100000,unique,same_fy,1,0,"Girls Write Now, Inc.",,,DYCD,"This initiative offers afterschool programming promoting physical activity, healthy living and wellness for elementary, middle and high school-aged girls.",Sports Training and Rolemodels for Success (STARS) Initiative,Cleared,FY17,"Girls Write Now, Inc."
FY17,A,data/fy17/schedule_c/fy17_schedule_c_awards.csv,352,132972415,328800,YOUTH SERVICES,YouthBuild Project Initiative,initiative_provider,"Historic Tappen Park Community Partnership, Inc.",455576128,328800,unique,same_fy,1,0,"Historic Tappen Park Community Partnership, Inc.",,,DYCD,"YouthBuild is a comprehensive education, training, service and leadership development program that gives young adults who have left high school without a diploma the opportunity to transform their life prospects and become responsible, contributing adults.",YouthBuild Project Initiative,Cleared,FY17,"Historic Tappen Park Community Partnership, Inc."
FY17,D,data/fy17/schedule_c/fy17_schedule_c_awards.csv,355,131624228,427000,YOUTH SERVICES,YouthBuild Project Initiative,initiative_provider,Young Men’s Christian Association of Greater New York,132736022,29000,absent,none,0,0,,,,,,,,,
FY18,B,data/fy18/schedule_c/fy18_appendix_a_aging.csv,11,651209580,8000,,,,Funds will support AAFE's senior care center in District 1. Menchaca Asian Community United Society Inc.,264164117,10000,unique_by_name,same_fy,2,0,Asian Community United Society Inc.,,,DYCD,,,CLEARED,FY18,Asian Community United Society Inc.
FY18,A,data/fy18/schedule_c/fy18_appendix_a_aging.csv,12,113199040,19000,,,,"Funds will be used to support the ""Senior Stars"" Theater Program Page 1 Appendix A: Aging Discretionary Council Member Legal Name of Organization EIN * Amount CM Purpose of Funds Fiscal Conduit FC EIN Cohen Bedford Park Multi-Service Center for Senior Citizens, Inc.",132745303,30000,unique,same_fy,1,0,"Bedford Park Multi-Service Center for Senior Citizens, Inc.",Cohen,,DFTA,"Funding will support recreational, educational, social programming, advocacy and counseling for seniors, as well as support the general operating expenses including rent, utilities, communications, equipment rental, printing supplies and other expenses to",Aging,CLEARED,FY18,"Bedford Park Multi-Service Center for Senior Citizens, Inc."
FY18,A,data/fy18/schedule_c/fy18_appendix_a_aging.csv,31,111630780,5000,,,,"To provide funding for the Senior Healthy Eating and Wellness program at E. Roberts Moore Senior Center. Williams Brooklyn Arts Council, Inc.",237072915,10500,unique,same_fy,1,0,"Brooklyn Arts Council, Inc.",Williams,Senior Program,DFTA,Funds will be used to support Brooklyn Arts Council in providing programs and services for senior residents throughout District 45 and the Borough of Brooklyn.,Aging,CLEARED,FY18,"Brooklyn Arts Council, Inc."
FY18,A,data/fy18/schedule_c/fy18_appendix_a_aging.csv,31,111630780,5000,,,,"Funds will be used to support Brooklyn Arts Council in providing programs and services for senior residents throughout District 45 and the Borough of Brooklyn. Lander Brooklyn Arts Council, Inc.",237072915,9500,unique,same_fy,1,0,"Brooklyn Arts Council, Inc.",Lander,Senior Program,DFTA,Provide arts programming at senior centers located in District 39.,Aging,CLEARED,FY18,"Brooklyn Arts Council, Inc."
FY18,A,data/fy18/schedule_c/fy18_appendix_a_aging.csv,38,262214534,10000,,,,"To provide Eldercare programming and outreach. Cumbo Brooklyn Community Pride Center, Inc.",262214534,6500,unique,same_fy,1,0,"Brooklyn Community Pride Center, Inc.",Cumbo,,DFTA,Funding to support operating and programming expenses to facilitate services city-wide for the LGBTQ+ community.,Aging,CLEARED,FY18,"Brooklyn Community Pride Center, Inc."
FY18,B,data/fy18/schedule_c/fy18_appendix_a_aging.csv,39,132720248,6000,,,,"Funding to provide operating support for the Brooklyn Pride parade, festival, 5k run, cultural events, entertainment and/other cultural events. Miller Calvary Baptist Church",112480945,6000,unique_by_name,same_fy,2,0,Calvary Baptist Church,Miller,,DFTA,,Aging,CLEARED,FY18,Calvary Baptist Church
FY18,B,data/fy18/schedule_c/fy18_appendix_a_aging.csv,39,132720248,6000,,,,"Funding will provide computer equipment, supplies and other consumables for seniors and youth who utilize the program. Miller Calvary Baptist Church",112480945,6000,unique_by_name,same_fy,2,0,Calvary Baptist Church,Miller,,DFTA,,Aging,CLEARED,FY18,Calvary Baptist Church
FY18,C,data/fy18/schedule_c/fy18_appendix_a_aging.csv,39,132720248,6000,,,,"Funds will be used to take trips to the movies, theatres, tours, museums, places of interest and spend quality time with grandchildren. CD28 Calvary Baptist Church",112480945,11000,unique_by_name,any_fy,3,0,Calvary Baptist Church,CD28,,DFTA,The funding will go towards the Grandparents support group that strives to provide events and activities for grandparents who are raising grandchildren.,Aging,Cleared,FY15,Calvary Baptist Church
FY18,A,data/fy18/schedule_c/fy18_appendix_a_aging.csv,84,112864728,2000,,,,"Funds will support purchase of materials and supplies for events and office equipment as needed. Rodriguez COTHOA Luncheon Club, Inc.",133608860,5000,unique,same_fy,1,0,"COTHOA Luncheon Club, Inc.",Rodriguez,,DFTA,Funding to support the provision of health/wellness activities for seniors.,Aging,CLEARED,FY18,"COTHOA Luncheon Club, Inc."
FY18,B,data/fy18/schedule_c/fy18_appendix_a_aging.csv,86,237390996,5000,,,,"Funds will be used to support COJO in assisting seniors through support services including benefit enrollment, crisis intervention; emergency assistance, home care, and insurance enrollment with in- house health insurance navigator as needed. Williams Council of Peoples Organization, Inc.",753046891,7000,unique_by_name,same_fy,2,0,"Council of Peoples Organization, Inc.",,,,,,CLEARED,FY18,"Council of Peoples Organization, Inc."
FY18,A,data/fy18/schedule_c/fy18_appendix_a_aging.csv,86,237390996,5000,,,,"Funding will be used to provide unemployed individuals over the age of 55 who have Medicaid or Medicare with lunch 5 days a week. Lander Council of Peoples Organization, Inc.",753046891,3500,unique,same_fy,1,0,"Council of Peoples Organization, Inc.",Lander,,DFTA,Funding to support general operating and programming costs.,Aging,CLEARED,FY18,"Council of Peoples Organization, Inc."
FY18,A,data/fy18/schedule_c/fy18_appendix_a_aging.csv,86,237390996,5000,,,,"Funding to support general operating and programming costs. Chin Council of Senior Centers and Services of NYC, Inc.",132967277,5000,unique,same_fy,1,0,"Council of Senior Centers and Services of NYC, Inc.",Chin,,DFTA,To support SCRIE outreach to thousands of seniors in the Council District 1 who are eligible but not yet enrolled in SCRIE.,Aging,CLEARED,FY18,"Council of Senior Centers and Services of NYC, Inc."
FY18,A,data/fy18/schedule_c/fy18_appendix_a_aging.csv,89,112297647,76875,,,,Funding to support the food pantry and center providing crucial services to seniors and the community Eugene Crown Heights Preservation Committee Corporation,112322490,15000,unique,same_fy,1,0,Crown Heights Preservation Committee Corporation,Eugene,,DFTA,"Funding to support senior programming and activities including ESL classes, computer classes, and trips, and to defray the cost of wheel chair accessible senior bus.",Aging,CLEARED,FY18,Crown Heights Preservation Committee Corporation
FY18,A,data/fy18/schedule_c/fy18_appendix_a_aging.csv,89,112297647,76875,,,,"Funding to support senior programming and activities including ESL classes, computer classes, and trips, and to defray the cost of wheel chair accessible senior bus. Cumbo Crown Heights Preservation Committee Corporation",112322490,20000,unique,same_fy,1,0,Crown Heights Preservation Committee Corporation,Cumbo,,DFTA,Funds will be used to enhance activities for seniors including educational and recreational classes and events. It will also be used for maintaining senior wheel chair accessible bus.,Aging,CLEARED,FY18,Crown Heights Preservation Committee Corporation
FY18,A,data/fy18/schedule_c/fy18_appendix_a_aging.csv,113,132666921,10000,,,,"To support Encores Home Delivered Meals Program, delivering meals to homebound seniors living on the Westside of midtown Manhattan. Eugene Fenimore Senior Center, Inc.",112772287,18375,unique,same_fy,1,0,"Fenimore Senior Center, Inc.",Eugene,,DFTA,"Funds will be used to provide arts, crafts, educationaland other activities to local seniors, and to supplement staffing, rent, and administrative expenses.",Aging,CLEARED,FY18,"Fenimore Senior Center, Inc."
FY18,A,data/fy18/schedule_c/fy18_appendix_a_aging.csv,115,112300840,15000,,,,"To support a healthy aging program, including classes in martial arts, salsa, line dance, Zumba, and Wii fitness. Williams Flatbush Shomrim Safety Patrol, Inc.",203244567,7000,unique,same_fy,1,0,"Flatbush Shomrim Safety Patrol, Inc.",Williams,,DFTA,Funds will be used to support FSSP in providing assistance programs for the elderly as well as awareness programs regarding anti-terrorism and medical concerns. The funding also supports assistance in case of emergencies such as natural disasters.,Aging,CLEARED,FY18,"Flatbush Shomrim Safety Patrol, Inc."
FY18,A,data/fy18/schedule_c/fy18_appendix_a_aging.csv,115,112300840,15000,,,,"Funds will be used to support FSSP in providing assistance programs for the elderly as well as awareness programs regarding anti-terrorism and medical concerns. The funding also supports assistance in case of emergencies such as natural disasters. Deutsch Flatbush Shomrim Safety Patrol, Inc.",203244567,15000,unique,same_fy,1,0,"Flatbush Shomrim Safety Patrol, Inc.",Deutsch,,DFTA,Funding to support assistance services for various emergencies associated with seniors.,Aging,CLEARED,FY18,"Flatbush Shomrim Safety Patrol, Inc."
FY18,B,data/fy18/schedule_c/fy18_appendix_a_aging.csv,132,135562204,25000,,,,"Funding for activities and services that meet the psychosocial, health and financial needs of community seniors at the Grand Coalition of Seniors (GSC) Senior Center. Vallone Greater Whitestone Taxpayers Community Center, Inc.",112791048,10000,unique_by_name,same_fy,2,0,"Greater Whitestone Taxpayers Community Center, Inc.",Vallone,,,,,CLEARED,FY18,"Greater Whitestone Taxpayers Community Center, Inc."
FY18,A,data/fy18/schedule_c/fy18_appendix_a_aging.csv,137,135562412,25000,,,,"Funding to support the Buddy2Buddy peer support program Williams Haitian Centers Council, Inc.",112648501,7000,unique,same_fy,1,0,"Haitian Centers Council, Inc.",Williams,,DFTA,"Funds will support a fitness instructor and program director, as well as necessary resources for a free community fitness program.",Aging,CLEARED,FY18,"Haitian Centers Council, Inc."
FY18,B,data/fy18/schedule_c/fy18_appendix_a_aging.csv,148,111630807,3500,,,,"Funding will go towards coordination of art exhibitions and related programming; Mitzvah day, a celebration of volunteerism; aerobic exercise classes; and a Thanksgiving multicultural festival. Lander Heights and Hills, Inc.",237237927,9000,unique_by_name,same_fy,2,0,"Heights and Hills, Inc.",Lander,,DFTA,,Aging,CLEARED,FY18,"Heights and Hills, Inc."
FY18,A,data/fy18/schedule_c/fy18_appendix_a_aging.csv,148,111630807,3500,,,,"To provide funding support for the Heights and Hills Case Management Program. Levin Heights and Hills, Inc.",237237927,17000,unique,same_fy,1,0,"Heights and Hills, Inc.",Levin,,DFTA,To provide in-home case management services.,Aging,CLEARED,FY18,"Heights and Hills, Inc."
FY18,A,data/fy18/schedule_c/fy18_appendix_a_aging.csv,148,111630807,3500,,,,"To provide in-home case management services. Cornegy Heights and Hills, Inc.",237237927,6000,unique,same_fy,1,0,"Heights and Hills, Inc.",Cornegy,,DFTA,Funding to support the Case Management Program which currently provides ongoing in-home case management services  homebound seniors in Brooklyn.,Aging,CLEARED,FY18,"Heights and Hills, Inc."
FY18,B,data/fy18/schedule_c/fy18_appendix_a_aging.csv,148,111630807,3500,,,,"Funding to support the Case Management Program which currently provides ongoing in-home case management services homebound seniors in Brooklyn. Lander Heights and Hills, Inc.",237237927,9000,unique_by_name,same_fy,2,0,"Heights and Hills, Inc.",Lander,,DFTA,,Aging,CLEARED,FY18,"Heights and Hills, Inc."
FY18,A,data/fy18/schedule_c/fy18_appendix_a_aging.csv,148,111630807,3500,,,,"Funding for supplies and to support health management, education, recreation, arts and technology programming. Cumbo Heights and Hills, Inc.",237237927,7000,unique,same_fy,1,0,"Heights and Hills, Inc.",Cumbo,,DFTA,Funding to support in-home case management services for seniors.,Aging,CLEARED,FY18,"Heights and Hills, Inc."
FY18,A,data/fy18/schedule_c/fy18_appendix_a_aging.csv,173,131624148,5000,,,,"Funds granted to the Riis Senior Center support a program which served residents aged 60 and above who benefit from meal service, transportation, activities and casework assistance. CD28 Jamaica Service Program for Older Adults, Inc. (JSPOA)",510204121,35000,unique,same_fy,1,0,"Jamaica Service Program for Older Adults, Inc. (JSPOA)",Adams,,DFTA,To support programming for seniors- events and activities and general operating expenses for our senior center which focuses on the frail elder.,Aging,CLEARED,FY18,"Jamaica Service Program for Older Adults, Inc. (JSPOA)"
FY18,A,data/fy18/schedule_c/fy18_appendix_a_aging.csv,230,510506762,5000,,,,Funding for the Elder Mentor program in Manhattan nursing home to enhance the hands-on career experience. Johnson Jews for Racial and Economic Justice,133694790,8000,unique,same_fy,1,0,Jews for Racial and Economic Justice,Johnson,,DFTA,"To conduct pilot Eldercare Training Program, including workshops that focus on ensuring the dignity of seniors and domestic care workers.",Aging,CLEARED,FY18,Jews for Racial and Economic Justice
FY18,A,data/fy18/schedule_c/fy18_appendix_a_aging.csv,232,133959398,5000,,,,"Funding to support the senior program that provides meals, case management, exercise, arts crafts, cultural events, education and nutrition classes at Castle Hill Senior Center. Cabrera Kittay House, Jewish Home Lifecare (D/B/A The New Jewish Home, Kittay Apartments)",132619576,35000,unique,same_fy,1,0,"Kittay House, Jewish Home Lifecare (D/B/A The New Jewish Home, Kittay Apartments)",Cabrera,,DFTA,"Funding to support recreation, transportation and outings for tenants in Bronx JHL facilities, including  Kittay House residential elder care facility, as well as the University Avenue Assisted Living Program and  two HUD 202 buildings on our Bronx Campus",Aging,CLEARED,FY18,"Kittay House, Jewish Home Lifecare (D/B/A The New Jewish Home, Kittay Apartments)"
FY18,A,data/fy18/schedule_c/fy18_appendix_a_aging.csv,283,134131325,5000,,,,"Funds will be used for general operating expenses, van maintenance, printing and supplies. Vallone North Flushing Senior Center, Inc.",112741128,8500,unique,same_fy,1,0,"North Flushing Senior Center, Inc.",Vallone,,DFTA,Funding to support general operational expenses related to running senior center and provision of programming and activities.,Aging,CLEARED,FY18,"North Flushing Senior Center, Inc."
FY18,A,data/fy18/schedule_c/fy18_appendix_a_aging.csv,300,237172152,5000,,,,"To support educational/recreational activities to be led by exercise/dance, nutrition and lecture classes/workshops. The funding will also provide health screenings and fall prevention, and technology programs. Vallone Queens Interagency Council on the Aging, Inc.",112744700,11500,unique,same_fy,1,0,"Queens Interagency Council on the Aging, Inc.",Vallone,,DFTA,Funding to support operating expenses of programs which benefit Queens seniors.,Aging,CLEARED,FY18,"Queens Interagency Council on the Aging, Inc."
FY18,B,data/fy18/schedule_c/fy18_appendix_a_aging.csv,304,111752021,3000,,,,,111817497,5000,unique_by_name,same_fy,3,0,"Queensboro Council for Social Welfare, Inc.",,,DFTA,,Aging,CLEARED,FY18,"Queensboro Council for Social Welfare, Inc."
FY18,A,data/fy18/schedule_c/fy18_appendix_a_aging.csv,322,237357997,40000,,,,"Funds to support programming, special events as well as provide operational support at the Saratoga Square Senior Center Crowley Ridgewood Older Adult Center and Services, Inc.",050607283,25000,unique,same_fy,1,0,"Ridgewood Older Adult Center and Services, Inc.",Crowley,,DFTA,"Funds are to support activities, programing, transportation, equipment amd supplies",Aging,CLEARED,FY18,"Ridgewood Older Adult Center and Services, Inc."
FY18,A,data/fy18/schedule_c/fy18_appendix_a_aging.csv,333,237444790,5000,,,,"To support Amigas project, which addresses the unmet needs of low- income, elderly immigrant residents in Sunset Park. Funds will be used for staff, group activities, supplies and travel related to the project. Deutsch Seabreeze Jewish Center",112164803,3000,unique,same_fy,1,0,Seabreeze Jewish Center,Deutsch,,DFTA,"Funds for various needs of seniors, such as home visits, social and educational events for seniors.",Aging,PENDING,FY18,Seabreeze Jewish Center
FY18,A,data/fy18/schedule_c/fy18_appendix_a_aging.csv,344,132947616,5000,,,,"Funding will support a range of classes, including art, Tai Chi, yoga, ESL, and computers, as well as transportation for elderly. Lander Senior Citizens League of Flatbush, Inc.",112347331,5000,unique,same_fy,1,0,"Senior Citizens League of Flatbush, Inc.",Lander,,DFTA,To support education and wellness programs for seniors.,Aging,CLEARED,FY18,"Senior Citizens League of Flatbush, Inc."
FY18,A,data/fy18/schedule_c/fy18_appendix_a_aging.csv,375,111646313,5000,,,,"To fund transportation, luncheons, and holiday event for seniors. Eugene St. Mark's United Methodist Church",111642727,16000,unique,same_fy,1,0,St. Mark's United Methodist Church,Eugene,,DFTA,"Funds will be used to maintain personnel, provide food, and to assist seniors in maximizing their full potential through educational and social activities.",Aging,CLEARED,FY18,St. Mark's United Methodist Church
FY18,C,data/fy18/schedule_c/fy18_appendix_a_aging.csv,376,510192170,7500,,,,"Funding to support expenses related to community programming and events including materials, supplies and outreach. Lancman St. Nicholas of Tolentine",111714878,5000,unique_by_name,any_fy,3,0,St. Nicholas of Tolentine,Lancman,,,,,Cleared,FY16,St. Nicholas of Tolentine
FY18,B,data/fy18/schedule_c/fy18_appendix_a_aging.csv,388,510189327,6500,,,,"To fund seminars and workshops, research, and support networks to help LGBTQ seniors build financial literacy skills, plan for financial and health challenges, protect assets, and create an LGBTQ-affirming network of vendors and volunteers. Rosenthal Strycker's Bay Neighborhood Council, Inc.",131943516,5000,unique_by_name,same_fy,2,0,"Strycker's Bay Neighborhood Council, Inc.",Rosenthal,,,,,CLEARED,FY18,"Strycker's Bay Neighborhood Council, Inc."
FY18,A,data/fy18/schedule_c/fy18_appendix_a_aging.csv,388,510189327,6500,,,,"Funds will support the services and activities related to the Senior breakfast program. Espinal Sumner Houses Tenants Association, Inc.",112733344,5000,unique,same_fy,1,0,"Sumner Houses Tenants Association, Inc.",Espinal,,DFTA,Funding will support senior programming and meals,Aging,CLEARED,FY18,"Sumner Houses Tenants Association, Inc."
FY18,D,data/fy18/schedule_c/fy18_appendix_a_aging.csv,388,510189327,6500,,,,"Funding will support senior programming and meals Cornegy Sumner Houses Tenants Association, Inc.",112733344,6750,absent,none,0,0,,,,,,,,,
FY18,A,data/fy18/schedule_c/fy18_appendix_a_aging.csv,396,131624210,5000,,,,"Funding will support VISIONS multi-lingual vision education and outreach programs for blind and visually impaired seniors, which includes community outreach, vision rehabilitation, mobility training and social and professional support. Cornegy VISIONS/Services for the Blind and Visually Impaired",131624210,6000,unique,same_fy,1,0,VISIONS/Services for the Blind and Visually Impaired,Cornegy,,DFTA,Funding is for VISIONS services to provide visual aids to support older adults who are blind or severely visually impaired.,Aging,CLEARED,FY18,VISIONS/Services for the Blind and Visually Impaired
FY18,B,data/fy18/schedule_c/fy18_appendix_a_aging.csv,402,371469320,3000,,,,"Funding will support the operating costs of Vocal Ease's program, which provides volunteer musical performances for seniors at hospitals, nursing homes and senior centers. Rodriguez Vocal Ease, Inc.",371469320,3500,unique_by_name,same_fy,3,1,"Vocal Ease, Inc.",,,DFTA,,,CLEARED,FY18,"Vocal Ease, Inc."
FY18,C,data/fy18/schedule_c/fy18_schedule_c_awards.csv,2,136400434,481197,Children’s Services,Discretionary Child Care,initiative_provider,A&G Early Child Care Community Network Inc.,472375867,2150000,unique,any_fy,1,0,A&G Early Child Care Community Network Inc.,,,ACS,This allocation provides funding for child care programs that did not receive an EarlyLearn contract or sufficient child care slots from the Administration.,Discretionary Child Care,Cleared,FY16,A&G Early Child Care Community Network Inc.
FY18,A,data/fy18/schedule_c/fy18_schedule_c_awards.csv,4,111630780,350000,Children’s Services,Discretionary Child Care,initiative_provider,"Bethany Day Nursery, Inc.",132732818,709605,unique,same_fy,1,0,"Bethany Day Nursery, Inc.",,,ACS,This allocation support child care programs and adds additional child care slots to certain programs.,Discretionary Child Care,CLEARED,FY18,"Bethany Day Nursery, Inc."
FY18,A,data/fy18/schedule_c/fy18_schedule_c_awards.csv,5,112300840,587058,Children’s Services,Discretionary Child Care,initiative_provider,"Conselyea St. Block Association, Inc.",112347180,1448669,unique,same_fy,1,0,Conselyea Street Block Association,,,ACS,This allocation support child care programs and adds additional child care slots to certain programs.,Discretionary Child Care,CLEARED,FY18,Conselyea Street Block Association
FY18,A,data/fy18/schedule_c/fy18_schedule_c_awards.csv,6,132686694,1158786,Children’s Services,Discretionary Child Care,initiative_provider,"Gan Day Care Center, Inc.",112302049,1136000,unique,same_fy,1,0,"Gan Day Care Center, Inc.",,,ACS,This allocation support child care programs and adds additional child care slots to certain programs.,Discretionary Child Care,CLEARED,FY18,"Gan Day Care Center, Inc."
FY18,A,data/fy18/schedule_c/fy18_schedule_c_awards.csv,6,132686694,1158786,Children’s Services,Discretionary Child Care,initiative_provider,"Leake and Watts Services, Inc",131860451,273875,unique,same_fy,1,0,"Leake and Watts Services, Inc.",,,ACS,This allocation support child care programs and adds additional child care slots to certain programs.,Discretionary Child Care,CLEARED,FY18,"Leake and Watts Services, Inc."
FY18,A,data/fy18/schedule_c/fy18_schedule_c_awards.csv,6,132686694,1158786,Children’s Services,Discretionary Child Care,initiative_provider,"Staten Island Mental Health Society, Inc. Head Start Program",135623279,325000,unique,same_fy,1,0,"Staten Island Mental Health Society, Inc.",,,ACS,This allocation support child care programs and adds additional child care slots to certain programs.,Discretionary Child Care,CLEARED,FY18,"Staten Island Mental Health Society, Inc."
FY18,A,data/fy18/schedule_c/fy18_schedule_c_awards.csv,6,132686694,1158786,Children’s Services,Discretionary Child Care,initiative_provider,West Side Montessori School,131992185,275000,unique,same_fy,1,0,West Side Montessori School,,,ACS,This allocation support child care programs and adds additional child care slots to certain programs.,Discretionary Child Care,CLEARED,FY18,West Side Montessori School
FY18,A,data/fy18/schedule_c/fy18_schedule_c_awards.csv,13,132645436,393850,Criminal Justice Services,Alternatives to Incarceration (ATI’s),initiative_provider,"EAC, Inc.",237175609,1146340,unique,same_fy,1,0,"EAC, Inc.",,,MOCJ,"Funding of $5.6 million will support alternative-to-Incarceration (ATI) programs that provide individuals involved in the criminal justice system with intermediate sanctions, such as community service and substance abuse counseling as an alternative to pre-trial detention, sentence to jail or prison. In addition, this initiative supports other services for current and formerly incarcerated individuals including short-term and long-term housing, job placement and vocational training. In addition, $400,000 will provide individuals involved in the criminal justice system with a pathway to Higher Educational opportunities. Additionally, $375,000 will provide pretrial community based supervision for individuals as an alternative to pretrial detention.",Alternatives to Incarceration (ATI's),CLEARED,FY18,"EAC, Inc."
FY18,D,data/fy18/schedule_c/fy18_schedule_c_awards.csv,18,271041447,50000,Criminal Justice Services,Alternatives to Incarceration (ATI’s),initiative_provider,"National Association on Drug Abuse Problems, Inc.",132814327,50000,absent,none,0,0,,,,,,,,,
FY18,A,data/fy18/schedule_c/fy18_schedule_c_awards.csv,23,135596836,625200,Criminal Justice Services,Alternatives to Incarceration (ATI’s),initiative_provider,"Urban Youth Alliance International, Inc.",132969182,132000,unique,same_fy,1,0,"Urban Youth Alliance International, Inc.",,,MOCJ,"Funding of $5.6 million will support alternative-to-Incarceration (ATI) programs that provide individuals involved in the criminal justice system with intermediate sanctions, such as community service and substance abuse counseling as an alternative to pre-trial detention, sentence to jail or prison. In addition, this initiative supports other services for current and formerly incarcerated individuals including short-term and long-term housing, job placement and vocational training. In addition, $400,000 will provide individuals involved in the criminal justice system with a pathway to Higher Educational opportunities. Additionally, $375,000 will provide pretrial community based supervision for individuals as an alternative to pretrial detention.",Alternatives to Incarceration (ATI's),CLEARED,FY18,"Urban Youth Alliance International, Inc."
FY18,D,data/fy18/schedule_c/fy18_schedule_c_awards.csv,24,131941627,150000,Criminal Justice Services,Bail Fund,initiative_provider,"Bronx Freedom Fund, Inc.",261385792,109000,absent,none,0,0,,,,,,,,,
FY18,A,data/fy18/schedule_c/fy18_schedule_c_awards.csv,27,132946970,748000,Criminal Justice Services,Initiative to Combat Sexual Assault,initiative_provider,Icahn School of Medicine at Mount Sinai,136171197,150000,unique,same_fy,1,0,Icahn School of Medicine at Mount Sinai,Citywide,,MOCJ,"Funding supports community-based organizations that provide services to victims of physical and sexual assault including crisis intervention, legal advocacy, individual and group traumafocused therapy, short-term counseling, forensic training to medical personnel and referrals. In addition, this allocation partially supports operating costs for four Child Advocacy Centers (CACs) that are located in Brooklyn, Queens, Staten Island and the Bronx.",Initiative to Combat Sexual Assault,CLEARED,FY18,Icahn School of Medicine at Mount Sinai
FY18,A,data/fy18/schedule_c/fy18_schedule_c_awards.csv,27,132946970,748000,Criminal Justice Services,Initiative to Combat Sexual Assault,initiative_provider,New York City Alliance Against Sexual Assault,311702032,150000,unique,same_fy,1,0,New York City Alliance Against Sexual Assault,Citywide,,MOCJ,"Funding supports community-based organizations that provide services to victims of physical and sexual assault including crisis intervention, legal advocacy, individual and group traumafocused therapy, short-term counseling, forensic training to medical personnel and referrals. In addition, this allocation partially supports operating costs for four Child Advocacy Centers (CACs) that are located in Brooklyn, Queens, Staten Island and the Bronx.",Initiative to Combat Sexual Assault,CLEARED,FY18,New York City Alliance Against Sexual Assault
FY18,A,data/fy18/schedule_c/fy18_schedule_c_awards.csv,28,132612524,52935,Criminal Justice Services,Support for Victims of Human Trafficking,initiative_provider,"Community Healthcare Network, Inc.",133083068,175000,unique,same_fy,1,0,"Community Healthcare Network, Inc.",Citywide,,MOCJ,"This allocation supports programs that offer counseling and assistance with mental health, educational, immigration, housing and employment, as an alternative to detention or incarceration, for defendants in the City's five human trafficking intervention courts; and for other victims of human trafficking.",Support for Victims of Human Trafficking,CLEARED,FY18,"Community Healthcare Network, Inc."
FY18,A,data/fy18/schedule_c/fy18_schedule_c_awards.csv,30,133286250,175000,Criminal Justice Services,Support for Victims of Human Trafficking,initiative_provider,Girls Educational and Mentoring Services,134150972,125000,unique,same_fy,1,0,Girls Educational and Mentoring Services,Citywide,,MOCJ,"This allocation supports programs that offer counseling and assistance with mental health, educational, immigration, housing and employment, as an alternative to detention or incarceration, for defendants in the City's five human trafficking intervention courts; and for other victims of human trafficking.",Support for Victims of Human Trafficking,CLEARED,FY18,Girls Educational and Mentoring Services
FY18,A,data/fy18/schedule_c/fy18_schedule_c_awards.csv,30,133286250,175000,Criminal Justice Services,Support for Victims of Human Trafficking,initiative_provider,Icahn School of Medicine at Mount Sinai,136171197,75000,unique,same_fy,1,0,Icahn School of Medicine at Mount Sinai,Citywide,,MOCJ,"This allocation supports programs that offer counseling and assistance with mental health, educational, immigration, housing and employment, as an alternative to detention or incarceration, for defendants in the City's five human trafficking intervention courts; and for other victims of human trafficking.",Support for Victims of Human Trafficking,CLEARED,FY18,Icahn School of Medicine at Mount Sinai
FY18,A,data/fy18/schedule_c/fy18_schedule_c_awards.csv,38,112972441,14600,Cultural Organizations,Coalition of Theaters of Color,initiative_provider,"Billie Holiday Theatre, Inc.",112336154,123200,unique,same_fy,1,0,"Billie Holiday Theatre, Inc.",,,DCLA,To support the operations and programming of theaters and cultural organizationsprimarily in communities of color.,Coalition Theaters of Color,CLEARED,FY18,"Billie Holiday Theatre, Inc."
FY18,A,data/fy18/schedule_c/fy18_schedule_c_awards.csv,38,112972441,14600,Cultural Organizations,Coalition of Theaters of Color,initiative_provider,"Black Spectrum Theatre Company, Inc.",510135262,123200,unique,same_fy,1,0,"Black Spectrum Theatre Company, Inc.",,,DCLA,To support the operations and programming of theaters and cultural organizationsprimarily in communities of color.,Coalition Theaters of Color,CLEARED,FY18,"Black Spectrum Theatre Company, Inc."
FY18,A,data/fy18/schedule_c/fy18_schedule_c_awards.csv,39,134046782,29800,Cultural Organizations,Coalition of Theaters of Color,initiative_provider,"Chinese Theater Works, Inc.",112393789,29800,unique,same_fy,1,0,"Chinese Theatre Works, Inc.",,,DCLA,To support the operations and programming of theaters and cultural organizationsprimarily in communities of color.,Coalition Theaters of Color,CLEARED,FY18,"Chinese Theatre Works, Inc."
FY18,A,data/fy18/schedule_c/fy18_schedule_c_awards.csv,40,133116643,29800,Cultural Organizations,Coalition of Theaters of Color,initiative_provider,"Creative Ammo, Inc.",134181617,14600,unique,same_fy,1,0,"Creative Ammo, Inc.",,,DCLA,To support the operations and programming of theaters and cultural organizationsprimarily in communities of color.,Coalition Theaters of Color,CLEARED,FY18,"Creative Ammo, Inc."
FY18,A,data/fy18/schedule_c/fy18_schedule_c_awards.csv,41,133248928,37100,Cultural Organizations,Coalition of Theaters of Color,initiative_provider,"Fiji Theatre Company, Inc.",132874863,29800,unique,same_fy,1,0,"Fiji Theater Company, Inc.",,,DCLA,To support the operations and programming of theaters and cultural organizationsprimarily in communities of color.,Coalition Theaters of Color,CLEARED,FY18,"Fiji Theater Company, Inc."
FY18,A,data/fy18/schedule_c/fy18_schedule_c_awards.csv,42,113344389,29800,Cultural Organizations,Coalition of Theaters of Color,initiative_provider,"LaMicro Theater, Inc.",770608611,14600,unique,same_fy,1,0,"LaMicro Theater, Inc.",,,DCLA,To support the operations and programming of theaters and cultural organizationsprimarily in communities of color.,Coalition Theaters of Color,CLEARED,FY18,"LaMicro Theater, Inc."
FY18,A,data/fy18/schedule_c/fy18_schedule_c_awards.csv,43,133486145,14600,Cultural Organizations,Coalition of Theaters of Color,initiative_provider,Ma-Yi Filipino Theatre Ensemble,133607832,29800,unique,same_fy,1,0,Ma-Yi Filipino Theatre Ensemble,,,DCLA,To support the operations and programming of theaters and cultural organizationsprimarily in communities of color.,Coalition Theaters of Color,CLEARED,FY18,Ma-Yi Filipino Theatre Ensemble
FY18,A,data/fy18/schedule_c/fy18_schedule_c_awards.csv,43,133486145,14600,Cultural Organizations,Coalition of Theaters of Color,initiative_provider,"Mind Builders Creative Arts Center, Inc.",132988157,29800,unique,same_fy,1,0,"Mindbuilders Creative Arts, Inc.",,,DCLA,To support the operations and programming of theaters and cultural organizationsprimarily in communities of color.,Coalition Theaters of Color,CLEARED,FY18,"Mindbuilders Creative Arts, Inc."
FY18,A,data/fy18/schedule_c/fy18_schedule_c_awards.csv,44,136216904,113200,Cultural Organizations,Coalition of Theaters of Color,initiative_provider,"National Black Theatre Workshop, Inc.",132632596,123200,unique,same_fy,1,0,"National Black Theatre Workshop, Inc.",,,DCLA,To support the operations and programming of theaters and cultural organizationsprimarily in communities of color.,Coalition Theaters of Color,CLEARED,FY18,"National Black Theatre Workshop, Inc."
FY18,A,data/fy18/schedule_c/fy18_schedule_c_awards.csv,47,132894709,29800,Cultural Organizations,Coalition of Theaters of Color,initiative_provider,"Nia Theatrical Production Company, Inc.",113427470,14600,unique,same_fy,1,0,"Nia Theatrical Production Company, Inc.",,,DCLA,To support the operations and programming of theaters and cultural organizationsprimarily in communities of color.,Coalition Theaters of Color,CLEARED,FY18,"Nia Theatrical Production Company, Inc."
FY18,A,data/fy18/schedule_c/fy18_schedule_c_awards.csv,48,133929841,14600,Cultural Organizations,Coalition of Theaters of Color,initiative_provider,"People's Theatre Project, Inc.",264705999,29800,unique,same_fy,1,0,"People's Theatre Project, Inc.",,,DCLA,To support the operations and programming of theaters and cultural organizationsprimarily in communities of color.,Coalition Theaters of Color,CLEARED,FY18,"People's Theatre Project, Inc."
FY18,A,data/fy18/schedule_c/fy18_schedule_c_awards.csv,48,133929841,14600,Cultural Organizations,Coalition of Theaters of Color,initiative_provider,"Point Community Development Corporation, The",133765140,29800,unique,same_fy,1,0,"Point Community Development Corporation, The",,,DCLA,To support the operations and programming of theaters and cultural organizationsprimarily in communities of color.,Coalition Theaters of Color,CLEARED,FY18,"Point Community Development Corporation, The"
FY18,A,data/fy18/schedule_c/fy18_schedule_c_awards.csv,48,133929841,14600,Cultural Organizations,Coalition of Theaters of Color,initiative_provider,"Rising Circle Theater Collective, Inc.",201407519,14600,unique,same_fy,1,0,Rising Circle Theater Collective,,,DCLA,To support the operations and programming of theaters and cultural organizationsprimarily in communities of color.,Coalition Theaters of Color,CLEARED,FY18,Rising Circle Theater Collective
FY18,A,data/fy18/schedule_c/fy18_schedule_c_awards.csv,50,133805585,29800,Cultural Organizations,Coalition of Theaters of Color,initiative_provider,"Society of the Educational Arts, Inc.",113210593,113200,unique,same_fy,1,0,"Society of the Educational Arts, Inc.",,,DCLA,To support the operations and programming of theaters and cultural organizationsprimarily in communities of color.,Coalition Theaters of Color,CLEARED,FY18,"Society of the Educational Arts, Inc."
FY18,C,data/fy18/schedule_c/fy18_schedule_c_awards.csv,50,133805585,29800,Cultural Organizations,Coalition of Theaters of Color,initiative_provider,"Take Wing and Soar Productions, Inc.",141885605,14600,unique_by_name,any_fy,2,0,"Take Wing and Soar Productions, Inc.",,,DCLA,To support the operations and programming of various theaters and cultural organizations primarily in communities of color.,Coalition Theaters of Color,Cleared,FY16,"Take Wing and Soar Productions, Inc."
FY18,A,data/fy18/schedule_c/fy18_schedule_c_awards.csv,55,134158092,14600,Cultural Organizations,Coalition of Theaters of Color,initiative_provider,"Yangtze Repertory Theatre of America, Inc.",133698610,14600,unique,same_fy,1,0,"Yangtze Repertory Theatre of America, Inc.",,,DCLA,To support the operations and programming of theaters and cultural organizationsprimarily in communities of color.,Coalition Theaters of Color,CLEARED,FY18,"Yangtze Repertory Theatre of America, Inc."
FY18,A,data/fy18/schedule_c/fy18_schedule_c_awards.csv,58,133193119,125000,Domestic Violence Services,Supportive Alternatives to Violent Encounters (SAVE),initiative_provider,"Her Justice, Inc.",133688519,100000,unique,same_fy,1,0,"Her Justice, Inc.",Citywide,,DSS/HRA,"This allocation supports legal service organizations that provide domestic violence victims appearing in court with a range of services that include prevention, direct legal representation, counseling and referrals.",Supportive Alternatives to Violent Encounters (SAVE),CLEARED,FY18,"Her Justice, Inc."
FY18,A,data/fy18/schedule_c/fy18_schedule_c_awards.csv,67,112614265,33000,Education,Dropout Prevention and Intervention,initiative_provider,Educational Testing Service,210634479,207000,unique,same_fy,1,0,Educational Testing Service,Citywide,,DOE,"This allocation will support dropout prevention and intervention programs. Contracted providers offer a range of student support, school restructuring, and professional development services.",Dropout Prevention and Intervention Initiative,CLEARED,FY18,Educational Testing Service
FY18,A,data/fy18/schedule_c/fy18_schedule_c_awards.csv,77,136400434,750000,Education,"schools, which includes intense literacy training for high -needs students. An allocation of",initiative_provider,"ExpandED Schools, Inc.",134004600,1550000,unique,same_fy,1,0,"ExpandED Schools, Inc.",Citywide,,DOE,"This allocation will support direct educational initiatives for students including, but not limited to literacy, math, science and technology programs. Funding for Chess in the Schools ($400,000) supports chess classes during the day, school chess clubs, and teacher training. Funding for MOUSE ($275,000) supports training for middle school and high school students in technology, digital media, and computer science. Funding for ExpandED Schools ($1,550,000) supports an extended school day in middle schools, which includes intense literacy training for high-needs students. An allocation of $750,000 supports the Middle School Quality Initiative in consultation with the Department of Education. Finally, a $915,000 allocation to the United Federation of Teachers will support the Positive Learning Collaborative ($750,000) and the Dial-a-Teacher program ($65,000), and the BRAVE mental health hotline ($100,000).",Educational Programs for Students,CLEARED,FY18,"ExpandED Schools, Inc."
FY18,A,data/fy18/schedule_c/fy18_schedule_c_awards.csv,83,136400434,20354000,Education,Support for Educators,initiative_provider,Council of School Supervisors and Administrators,112024569,450000,unique,same_fy,1,0,Council of School Supervisors and Administrators,Citywide,,DOE,"This allocation will provide support for DOE educators through professional development and supplies used for student instruction. Programs supported include STEM Teacher’s College ($250,000) and Teacher’s Choice ($20,104,500). In addition, $450,000 allocated to the Council of School Supervisors and Administrators supports the Executive Leadership Institute.",Support for Educators,CLEARED,FY18,Council of School Supervisors and Administrators
FY18,A,data/fy18/schedule_c/fy18_schedule_c_awards.csv,86,237169558,125000,Food Initiatives,Access to Healthy Food and Nutritional Education,initiative_provider,"Farmer’s Market, Inc.",061800512,95000,unique,same_fy,1,0,"Harvest Home Farmer's Market, Inc.",,,DYCD,"This allocation supports programs that will expand access to healthy food and improve understanding of nutrition and healthy food choices. Efforts include opening farmers markets, expanding the use of Electronic Benefit Transfers (EBTs) for healthier, less processed food and engaging communities to make positive changes related to food and nutritional choices. $430,000 awarded to Grow NYC and Harvest Home supports farmer’s markets and the use of EBTs at farmer’s markets and funding of $500,000 supports four community based organizations to foster healthier communities.",Access to Food and Nutritional Education,CLEARED,FY18,"Harvest Home Farmer's Market, Inc."
FY18,A,data/fy18/schedule_c/fy18_schedule_c_awards.csv,94,510567466,52692,Health Services,,initiative_provider,Care for the Homeless,133666994,70000,unique,same_fy,1,0,Care for the Homeless,,,DHMH,"This allocation enables culturally and linguistically competent community-based organizations in all five boroughs to conduct outreach and education efforts regarding healthcare access and coverage, including issues pertaining to Medicare, Medicaid, the Pregnant Women/Prenatal Care Assistance Program (PCAP), the Family Planning Extension Program (FPEP), the AIDS Drug Assistance Program (ADAP) and the Children’s Health Insurance Program (CHIP).",Access Health Initiative,CLEARED,FY18,Care for the Homeless
FY18,A,data/fy18/schedule_c/fy18_schedule_c_awards.csv,95,135562202,90000,Health Services,,initiative_provider,"Community Healthcare Network, Inc.",133083068,52692,unique,same_fy,1,0,"Community Healthcare Network, Inc.",,,DHMH,"This allocation enables culturally and linguistically competent community-based organizations in all five boroughs to conduct outreach and education efforts regarding healthcare access and coverage, including issues pertaining to Medicare, Medicaid, the Pregnant Women/Prenatal Care Assistance Program (PCAP), the Family Planning Extension Program (FPEP), the AIDS Drug Assistance Program (ADAP) and the Children’s Health Insurance Program (CHIP).",Access Health Initiative,CLEARED,FY18,"Community Healthcare Network, Inc."
FY18,A,data/fy18/schedule_c/fy18_schedule_c_awards.csv,112,743177454,50000,Health Services,Cancer Services,initiative_provider,Ralph Lauren Center for Cancer Care and Prevention,020597827,100000,unique,same_fy,1,0,Ralph Lauren Center for Cancer Care and Prevention,,,DHMH,"This allocation supports various education and supportive services for breast, colon, and ovarian cancer.",Cancer Services,CLEARED,FY18,Ralph Lauren Center for Cancer Care and Prevention
FY18,A,data/fy18/schedule_c/fy18_schedule_c_awards.csv,114,264417161,49500,Health Services,Cancer Services,member_item,University Hospital,112868878,50000,unique,same_fy,1,0,Staten Island University Hospital,,,DHMH,"This allocation supports various education and supportive services for breast, colon, and ovarian cancer.",Cancer Services,CLEARED,FY18,Staten Island University Hospital
FY18,D,data/fy18/schedule_c/fy18_schedule_c_awards.csv,121,510567466,47443,Health Services,Maternal and Child Health Services,initiative_provider,Choices in Childbirth,202015286,72000,absent,none,0,0,,,,,,,,,
FY18,A,data/fy18/schedule_c/fy18_schedule_c_awards.csv,122,132655001,25799,Health Services,Maternal and Child Health Services,initiative_provider,"Community Healthcare Network, Inc.",133083068,84633,unique,same_fy,1,0,"Community Healthcare Network, Inc.",Citywide,,DHMH,"This funding supports a range of maternal and child health services and coordination efforts that aid expectant mothers and women of childbearing age, promoting women’s health before, during, and after pregnancy in an effort to improve maternal and child health outcomes and reduce infant mortality rates. Services may include doula care or home-visiting programs.",Maternal and Child Health Services,CLEARED,FY18,"Community Healthcare Network, Inc."
FY18,A,data/fy18/schedule_c/fy18_schedule_c_awards.csv,122,132655001,25799,Health Services,Maternal and Child Health Services,initiative_provider,"Diaspora Community Services, Inc.",113122295,29157,unique,same_fy,1,0,"Diaspora Community Services, Inc.",Citywide,,DHMH,"This funding supports a range of maternal and child health services and coordination efforts that aid expectant mothers and women of childbearing age, promoting women’s health before, during, and after pregnancy in an effort to improve maternal and child health outcomes and reduce infant mortality rates. Services may include doula care or home-visiting programs.",Maternal and Child Health Services,CLEARED,FY18,"Diaspora Community Services, Inc."
FY18,A,data/fy18/schedule_c/fy18_schedule_c_awards.csv,122,132655001,25799,Health Services,Maternal and Child Health Services,initiative_provider,Fort Greene Strategic Neighborhood Action Partnership,113343941,21253,unique,same_fy,1,0,Fort Greene Strategic Neighborhood Action Partnership,Citywide,,DHMH,"This funding supports a range of maternal and child health services and coordination efforts that aid expectant mothers and women of childbearing age, promoting women’s health before, during, and after pregnancy in an effort to improve maternal and child health outcomes and reduce infant mortality rates. Services may include doula care or home-visiting programs.",Maternal and Child Health Services,CLEARED,FY18,Fort Greene Strategic Neighborhood Action Partnership
FY18,A,data/fy18/schedule_c/fy18_schedule_c_awards.csv,123,131624096,123541,Health Services,Maternal and Child Health Services,initiative_provider,"Joseph P. Addabbo Family Health Center, Inc., The",061181226,92631,unique,same_fy,1,0,"Joseph P. Addabbo Family Health Center, Inc.",Citywide,,DHMH,"This funding supports a range of maternal and child health services and coordination efforts that aid expectant mothers and women of childbearing age, promoting women’s health before, during, and after pregnancy in an effort to improve maternal and child health outcomes and reduce infant mortality rates. Services may include doula care or home-visiting programs.",Maternal and Child Health Services,CLEARED,FY18,"Joseph P. Addabbo Family Health Center, Inc."
FY18,A,data/fy18/schedule_c/fy18_schedule_c_awards.csv,123,131624096,123541,Health Services,Maternal and Child Health Services,initiative_provider,Lower East Side Family Union,237412423,61701,unique,same_fy,1,0,Lower East Side Family Union,Citywide,,DHMH,"This funding supports a range of maternal and child health services and coordination efforts that aid expectant mothers and women of childbearing age, promoting women’s health before, during, and after pregnancy in an effort to improve maternal and child health outcomes and reduce infant mortality rates. Services may include doula care or home-visiting programs.",Maternal and Child Health Services,CLEARED,FY18,Lower East Side Family Union
FY18,C,data/fy18/schedule_c/fy18_schedule_c_awards.csv,126,743177454,56680,Health Services,Viral Hepatitis Prevention,initiative_provider,"Queens Comprehensive Perinatal Council, Inc.",112870422,35484,unique,any_fy,1,0,"Queens Comprehensive Perinatal Council, Inc.",,,DOHMH,"This funding supports a range of maternal and child health services and coordination efforts that aid expectant mothers and women of childbearing age, promoting women’s health before, during, and after pregnancy in an effort to improve maternal and child health outcomes and reduce infant mortality rates. Services may include doula care or home-visiting programs.",Maternal and Child Health Services,Cleared,FY17,"Queens Comprehensive Perinatal Council, Inc."
FY18,A,data/fy18/schedule_c/fy18_schedule_c_awards.csv,130,331007278,13500,Health Services,Viral Hepatitis Prevention,initiative_provider,"African Services Committee, Inc.",133749744,40410,unique,same_fy,1,0,"African Services Committee, Inc.",Citywide,,DHMH,"This funding supports a range of programs and services intended to combat the spread of Hepatitis B/C and HIV as passed through intravenous drug use. In addition to Hepatitis B/C testing, services may include addiction treatment, care coordination, overdose prevention, mental health assessments, and sterile syringe access.",Viral Hepatitis Prevention,CLEARED,FY18,"African Services Committee, Inc."
FY18,A,data/fy18/schedule_c/fy18_schedule_c_awards.csv,140,136400434,53880,Health Services,Viral Hepatitis Prevention,initiative_provider,"Community Healthcare Network, Inc.",133083068,53880,unique,same_fy,1,0,"Community Healthcare Network, Inc.",Citywide,,DHMH,"This funding supports a range of programs and services intended to combat the spread of Hepatitis B/C and HIV as passed through intravenous drug use. In addition to Hepatitis B/C testing, services may include addiction treatment, care coordination, overdose prevention, mental health assessments, and sterile syringe access.",Viral Hepatitis Prevention,CLEARED,FY18,"Community Healthcare Network, Inc."
FY18,A,data/fy18/schedule_c/fy18_schedule_c_awards.csv,141,112592651,58041,Health Services,Viral Hepatitis Prevention,initiative_provider,Empire Liver Foundation,462121958,139190,unique,same_fy,1,0,Empire Liver Foundation,Citywide,,DHMH,"This funding supports a range of programs and services intended to combat the spread of Hepatitis B/C and HIV as passed through intravenous drug use. In addition to Hepatitis B/C testing, services may include addiction treatment, care coordination, overdose prevention, mental health assessments, and sterile syringe access.",Viral Hepatitis Prevention,CLEARED,FY18,Empire Liver Foundation
FY18,A,data/fy18/schedule_c/fy18_schedule_c_awards.csv,143,136400434,53880,Health Services,Viral Hepatitis Prevention,initiative_provider,Harm Reduction Coalition,943204958,13500,unique,same_fy,1,0,Harm Reduction Coalition,Citywide,,DHMH,"This funding supports a range of programs and services intended to combat the spread of Hepatitis B/C and HIV as passed through intravenous drug use. In addition to Hepatitis B/C testing, services may include addiction treatment, care coordination, overdose prevention, mental health assessments, and sterile syringe access.",Viral Hepatitis Prevention,CLEARED,FY18,Harm Reduction Coalition
FY18,A,data/fy18/schedule_c/fy18_schedule_c_awards.csv,143,136400434,53880,Health Services,Viral Hepatitis Prevention,initiative_provider,"Housing Works, Inc.",133584089,13500,unique,same_fy,1,0,"Housing Works, Inc.",Citywide,,DHMH,"This funding supports a range of programs and services intended to combat the spread of Hepatitis B/C and HIV as passed through intravenous drug use. In addition to Hepatitis B/C testing, services may include addiction treatment, care coordination, overdose prevention, mental health assessments, and sterile syringe access.",Viral Hepatitis Prevention,CLEARED,FY18,"Housing Works, Inc."
FY18,A,data/fy18/schedule_c/fy18_schedule_c_awards.csv,144,133678499,13500,Health Services,Viral Hepatitis Prevention,initiative_provider,"Korean Community Services of Metropolitan New York, Inc.",237348989,40410,unique,same_fy,1,0,"Korean Community Services of Metropolitan New York, Inc.",Citywide,,DHMH,"This funding supports a range of programs and services intended to combat the spread of Hepatitis B/C and HIV as passed through intravenous drug use. In addition to Hepatitis B/C testing, services may include addiction treatment, care coordination, overdose prevention, mental health assessments, and sterile syringe access.",Viral Hepatitis Prevention,CLEARED,FY18,"Korean Community Services of Metropolitan New York, Inc."
FY18,A,data/fy18/schedule_c/fy18_schedule_c_awards.csv,144,133678499,13500,Health Services,Viral Hepatitis Prevention,initiative_provider,Montefiore Medical Center,131740114,53880,unique,same_fy,1,0,Montefiore Medical Center,Citywide,,DHMH,"This funding supports a range of programs and services intended to combat the spread of Hepatitis B/C and HIV as passed through intravenous drug use. In addition to Hepatitis B/C testing, services may include addiction treatment, care coordination, overdose prevention, mental health assessments, and sterile syringe access.",Viral Hepatitis Prevention,CLEARED,FY18,Montefiore Medical Center
FY18,A,data/fy18/schedule_c/fy18_schedule_c_awards.csv,151,208672015,13500,Health Services,Viral Hepatitis Prevention,initiative_provider,"Voices of Community Activists & Leaders (VOCAL-NY), Inc.",134094385,13500,unique,same_fy,1,0,"Voices of Community Activists & Leaders (VOCAL-NY), Inc.",Citywide,,DHMH,"This funding supports a range of programs and services intended to combat the spread of Hepatitis B/C and HIV as passed through intravenous drug use. In addition to Hepatitis B/C testing, services may include addiction treatment, care coordination, overdose prevention, mental health assessments, and sterile syringe access.",Viral Hepatitis Prevention,CLEARED,FY18,"Voices of Community Activists & Leaders (VOCAL-NY), Inc."
FY18,A,data/fy18/schedule_c/fy18_schedule_c_awards.csv,164,133020589,71000,Housing,Community Housing Preservation Strategies,initiative_provider,Association for Neighborhood and Housing Development,132775999,100000,unique,same_fy,1,0,"Association for Neighborhood & Housing Development, Inc.",,,HPD,This funding will support ANHD’s efforts to expand and strengthen technical support and a capacity building program for community-based organizations participating in Council-funded community consultant contracts and housing preservation initiative programs. The capacity-building work performed by ANHD includes 76 Council-funded groups. This funding will allow Council-funded groups to scale up their activities and conduct more robust housing and tenant advocacy.,Community Housing Preservation Strategies,CLEARED,FY18,"Association for Neighborhood & Housing Development, Inc."
FY18,A,data/fy18/schedule_c/fy18_schedule_c_awards.csv,166,112634818,51000,Housing,Community Housing Preservation Strategies,initiative_provider,"Brighton Neighborhood Association, Inc.",112435523,29729,unique,same_fy,1,0,"Brighton Neighborhood Association, Inc.",,,HPD,"The Community Consultant Contract (CCC) initiative provides funding for the front-line anti-eviction/anti-displacement services that community groups provide. When a community resident is at risk of eviction, or when a constituent needs assistance with a housing case, they call the CCC-funded specialist at their local community group. These specialists are knowledgeable about a full range of available resources and use all applicable tools to keep New York City residents in housing they can afford. This initiative allows neighborhood-based groups to provide the following core housing services: tenant organization; code enforcement advocacy; housing court assistance; apartment repossession; and other housing-related public education.",Community Housing Preservation Strategies,CLEARED,FY18,"Brighton Neighborhood Association, Inc."
FY18,A,data/fy18/schedule_c/fy18_schedule_c_awards.csv,168,113580935,61000,Housing,Community Housing Preservation Strategies,initiative_provider,"Central Astoria Local Development Coalition, Inc.",112652331,29729,unique,same_fy,1,0,"Central Astoria Local Development Coalition, Inc.",,,HPD,"The Community Consultant Contract (CCC) initiative provides funding for the front-line anti-eviction/anti-displacement services that community groups provide. When a community resident is at risk of eviction, or when a constituent needs assistance with a housing case, they call the CCC-funded specialist at their local community group. These specialists are knowledgeable about a full range of available resources and use all applicable tools to keep New York City residents in housing they can afford. This initiative allows neighborhood-based groups to provide the following core housing services: tenant organization; code enforcement advocacy; housing court assistance; apartment repossession; and other housing-related public education.",Community Housing Preservation Strategies,CLEARED,FY18,"Central Astoria Local Development Coalition, Inc."
FY18,A,data/fy18/schedule_c/fy18_schedule_c_awards.csv,172,112475743,51000,Housing,Community Housing Preservation Strategies,initiative_provider,"Eviction Intervention Services Homelessness Prevention, Inc.",133311582,29729,unique,same_fy,1,0,"EIS, Eviction Intervention Services, Homelessness Prevention, Inc.",,,HPD,"The Community Consultant Contract (CCC) initiative provides funding for the front-line anti-eviction/anti-displacement services that community groups provide. When a community resident is at risk of eviction, or when a constituent needs assistance with a housing case, they call the CCC-funded specialist at their local community group. These specialists are knowledgeable about a full range of available resources and use all applicable tools to keep New York City residents in housing they can afford. This initiative allows neighborhood-based groups to provide the following core housing services: tenant organization; code enforcement advocacy; housing court assistance; apartment repossession; and other housing-related public education.",Community Housing Preservation Strategies,CLEARED,FY18,"EIS, Eviction Intervention Services, Homelessness Prevention, Inc."
FY18,A,data/fy18/schedule_c/fy18_schedule_c_awards.csv,175,112412584,71000,Housing,Community Housing Preservation Strategies,initiative_provider,Greater Ridgewood Restoration Corporation,112382250,29730,unique,same_fy,1,0,Greater Ridgewood Restoration Corporation,,,HPD,"The Community Consultant Contract (CCC) initiative provides funding for the front-line anti-eviction/anti-displacement services that community groups provide. When a community resident is at risk of eviction, or when a constituent needs assistance with a housing case, they call the CCC-funded specialist at their local community group. These specialists are knowledgeable about a full range of available resources and use all applicable tools to keep New York City residents in housing they can afford. This initiative allows neighborhood-based groups to provide the following core housing services: tenant organization; code enforcement advocacy; housing court assistance; apartment repossession; and other housing-related public education.",Community Housing Preservation Strategies,CLEARED,FY18,Greater Ridgewood Restoration Corporation
FY18,C,data/fy18/schedule_c/fy18_schedule_c_awards.csv,189,133110811,61000,Housing,Community Housing Preservation Strategies,initiative_provider,"Neighborhood Housing Services of Jamaica, Inc.",237398279,71000,unique,any_fy,1,0,"Neighborhood Housing Services of Jamaica, Inc.",Miller,,HPD,"The Housing Preservation Initiative (HPI) provides funding for neighborhood-based groups to design and implement a grassroots, neighborhood-based approach to stop the loss of affordable housing. HPI seeks to protect affordable housing and promote neighborhood stabilization in needy districts. HPI funding helps local organizations work with local residents and institutions to protect affordable housing and promote neighborhood stabilization.",Community Housing Preservation Strategies,Cleared,FY17,"Neighborhood Housing Services of Jamaica, Inc."
FY18,C,data/fy18/schedule_c/fy18_schedule_c_awards.csv,189,133110811,61000,Housing,Community Housing Preservation Strategies,initiative_provider,"Neighborhood Housing Services of Jamaica, Inc.",237398279,51000,unique,any_fy,1,0,"Neighborhood Housing Services of Jamaica, Inc.",CD28,,HPD,"The Housing Preservation Initiative (HPI) provides funding for neighborhood-based groups to design and implement a grassroots, neighborhood-based approach to stop the loss of affordable housing. HPI seeks to protect affordable housing and promote neighborhood stabilization in needy districts. HPI funding helps local organizations work with local residents and institutions to protect affordable housing and promote neighborhood stabilization.",Community Housing Preservation Strategies,Cleared,FY17,"Neighborhood Housing Services of Jamaica, Inc."
FY18,A,data/fy18/schedule_c/fy18_schedule_c_awards.csv,189,133110811,61000,Housing,Community Housing Preservation Strategies,initiative_provider,"Neighborhood Housing Services of Jamaica, Inc.",237398279,29730,unique,same_fy,1,0,"Neighborhood Housing Services of Jamaica, Inc.",,,HPD,"The Community Consultant Contract (CCC) initiative provides funding for the front-line anti-eviction/anti-displacement services that community groups provide. When a community resident is at risk of eviction, or when a constituent needs assistance with a housing case, they call the CCC-funded specialist at their local community group. These specialists are knowledgeable about a full range of available resources and use all applicable tools to keep New York City residents in housing they can afford. This initiative allows neighborhood-based groups to provide the following core housing services: tenant organization; code enforcement advocacy; housing court assistance; apartment repossession; and other housing-related public education.",Community Housing Preservation Strategies,CLEARED,FY18,"Neighborhood Housing Services of Jamaica, Inc."
FY18,A,data/fy18/schedule_c/fy18_schedule_c_awards.csv,204,133442022,51000,Housing,Community Housing Preservation Strategies,initiative_provider,"Strycker's Bay Neighborhood Council, Inc.",131943516,29730,unique,same_fy,1,0,"Strycker's Bay Neighborhood Council, Inc.",,,HPD,"The Community Consultant Contract (CCC) initiative provides funding for the front-line anti-eviction/anti-displacement services that community groups provide. When a community resident is at risk of eviction, or when a constituent needs assistance with a housing case, they call the CCC-funded specialist at their local community group. These specialists are knowledgeable about a full range of available resources and use all applicable tools to keep New York City residents in housing they can afford. This initiative allows neighborhood-based groups to provide the following core housing services: tenant organization; code enforcement advocacy; housing court assistance; apartment repossession; and other housing-related public education.",Community Housing Preservation Strategies,CLEARED,FY18,"Strycker's Bay Neighborhood Council, Inc."
FY18,A,data/fy18/schedule_c/fy18_schedule_c_awards.csv,204,133442022,51000,Housing,Community Housing Preservation Strategies,initiative_provider,"United Jewish Council of the East Side, Inc.",132735378,29730,unique,same_fy,1,0,"United Jewish Council of the East Side, Inc.",,,HPD,"The Community Consultant Contract (CCC) initiative provides funding for the front-line anti-eviction/anti-displacement services that community groups provide. When a community resident is at risk of eviction, or when a constituent needs assistance with a housing case, they call the CCC-funded specialist at their local community group. These specialists are knowledgeable about a full range of available resources and use all applicable tools to keep New York City residents in housing they can afford. This initiative allows neighborhood-based groups to provide the following core housing services: tenant organization; code enforcement advocacy; housing court assistance; apartment repossession; and other housing-related public education.",Community Housing Preservation Strategies,CLEARED,FY18,"United Jewish Council of the East Side, Inc."
FY18,A,data/fy18/schedule_c/fy18_schedule_c_awards.csv,209,237169558,61000,Housing,Community Housing Preservation Strategies,initiative_provider,"West Bronx Housing and Neighborhood Resource Center, Inc.",132941841,71000,unique,same_fy,1,0,"West Bronx Housing and Neighborhood Resource Center, Inc.",,,HPD,"The Housing Preservation Initiative (HPI) provides funding for neighborhood-based groups to design and implement a grassroots, neighborhood-based approach to stop the loss of affordable housing. HPI seeks to protect affordable housing and promote neighborhood stabilization in needy districts. HPI funding helps local organizations work with local residents and institutions to protect affordable housing and promote neighborhood stabilization.",Community Housing Preservation Strategies,CLEARED,FY18,"West Bronx Housing and Neighborhood Resource Center, Inc."
FY18,A,data/fy18/schedule_c/fy18_schedule_c_awards.csv,209,237169558,61000,Housing,Community Housing Preservation Strategies,initiative_provider,"West Bronx Housing and Neighborhood Resource Center, Inc.",132941841,29730,unique,same_fy,1,0,"West Bronx Housing and Neighborhood Resource Center, Inc.",,,HPD,"The Community Consultant Contract (CCC) initiative provides funding for the front-line anti-eviction/anti-displacement services that community groups provide. When a community resident is at risk of eviction, or when a constituent needs assistance with a housing case, they call the CCC-funded specialist at their local community group. These specialists are knowledgeable about a full range of available resources and use all applicable tools to keep New York City residents in housing they can afford. This initiative allows neighborhood-based groups to provide the following core housing services: tenant organization; code enforcement advocacy; housing court assistance; apartment repossession; and other housing-related public education.",Community Housing Preservation Strategies,CLEARED,FY18,"West Bronx Housing and Neighborhood Resource Center, Inc."
FY18,A,data/fy18/schedule_c/fy18_schedule_c_awards.csv,214,132974137,61000,Housing,Community Housing Preservation Strategies,initiative_provider,"Harlem Congregations for Community Improvement, Inc.",133516262,29730,unique,same_fy,1,0,"Harlem Congregations for Community Improvement, Inc.",,,HPD,"The Community Consultant Contract (CCC) initiative provides funding for the front-line anti-eviction/anti-displacement services that community groups provide. When a community resident is at risk of eviction, or when a constituent needs assistance with a housing case, they call the CCC-funded specialist at their local community group. These specialists are knowledgeable about a full range of available resources and use all applicable tools to keep New York City residents in housing they can afford. This initiative allows neighborhood-based groups to provide the following core housing services: tenant organization; code enforcement advocacy; housing court assistance; apartment repossession; and other housing-related public education.",Community Housing Preservation Strategies,CLEARED,FY18,"Harlem Congregations for Community Improvement, Inc."
FY18,A,data/fy18/schedule_c/fy18_schedule_c_awards.csv,217,133385032,71000,Housing,Community Housing Preservation Strategies,initiative_provider,"Clinton Housing Development Company, Inc.",132851988,29729,unique,same_fy,1,0,"Clinton Housing Development Company, Inc.",,,HPD,"The Community Consultant Contract (CCC) initiative provides funding for the front-line anti-eviction/anti-displacement services that community groups provide. When a community resident is at risk of eviction, or when a constituent needs assistance with a housing case, they call the CCC-funded specialist at their local community group. These specialists are knowledgeable about a full range of available resources and use all applicable tools to keep New York City residents in housing they can afford. This initiative allows neighborhood-based groups to provide the following core housing services: tenant organization; code enforcement advocacy; housing court assistance; apartment repossession; and other housing-related public education.",Community Housing Preservation Strategies,CLEARED,FY18,"Clinton Housing Development Company, Inc."
FY18,A,data/fy18/schedule_c/fy18_schedule_c_awards.csv,217,133385032,71000,Housing,Community Housing Preservation Strategies,initiative_provider,Gowanus Canal Community Development Corporation,112498292,29729,unique,same_fy,1,0,Gowanus Canal Community Development Corporation,,,HPD,"The Community Consultant Contract (CCC) initiative provides funding for the front-line anti-eviction/anti-displacement services that community groups provide. When a community resident is at risk of eviction, or when a constituent needs assistance with a housing case, they call the CCC-funded specialist at their local community group. These specialists are knowledgeable about a full range of available resources and use all applicable tools to keep New York City residents in housing they can afford. This initiative allows neighborhood-based groups to provide the following core housing services: tenant organization; code enforcement advocacy; housing court assistance; apartment repossession; and other housing-related public education.",Community Housing Preservation Strategies,PENDING,FY18,Gowanus Canal Community Development Corporation
FY18,A,data/fy18/schedule_c/fy18_schedule_c_awards.csv,232,132806160,124300,Housing,Stabilizing NYC,initiative_provider,"Mary Mitchell Family and Youth Center, Inc.",133385032,124300,unique,same_fy,1,0,"Mary Mitchell Family and Youth Center, Inc.",Citywide,,HPD,"This initiative supports a coalition of 17 not-for-profit groups that seek to combat the loss of affordable housing at the hands of predatory equity companies, and to defend low-income tenants in predatory equity building from harassment and eviction. Stabilizing NYC combines legal and organizing resources into a citywide front against predatory equity, helping tenants hold their predatory equity landlords accountable for lack of repairs, bogus eviction cases, and affirmative harassment.",Stabilizing NYC,CLEARED,FY18,"Mary Mitchell Family and Youth Center, Inc."
FY18,A,data/fy18/schedule_c/fy18_schedule_c_awards.csv,238,113475993,35000,Immigrant Services,Immigrant Opportunities Initiative,initiative_provider,"African Services Committee, Inc.",133749744,27000,unique,same_fy,1,0,"African Services Committee, Inc.",Citywide,,DSS/HRA,"This initiative provides legal services for recent immigrants to assist with applications for citizenship or permanent residency, and various other immigrant related legal services.",Immigrant Opportunities Initiative,CLEARED,FY18,"African Services Committee, Inc."
FY18,A,data/fy18/schedule_c/fy18_schedule_c_awards.csv,238,113475993,35000,Immigrant Services,Immigrant Opportunities Initiative,initiative_provider,"Association of the Bar of the City of New York Fund, Inc.",136003018,45000,unique,same_fy,1,0,"Association of the Bar of the City of New York Fund, Inc. d/b/a City Bar Justice Center",Citywide,,DSS/HRA,"This initiative provides legal services for recent immigrants to assist with applications for citizenship or permanent residency, and various other immigrant related legal services.",Immigrant Opportunities Initiative,CLEARED,FY18,"Association of the Bar of the City of New York Fund, Inc. d/b/a City Bar Justice Center"
FY18,A,data/fy18/schedule_c/fy18_schedule_c_awards.csv,239,113065859,25000,Immigrant Services,Immigrant Opportunities Initiative,initiative_provider,"Boys & Girls Club Of Metro Queens, Inc.",111966067,45000,unique,same_fy,1,0,"Boys & Girls Club of Metro Queens, Inc.",Citywide,,DSS/HRA,"This initiative provides legal services for recent immigrants to assist with applications for citizenship or permanent residency, and various other immigrant related legal services.",Immigrant Opportunities Initiative,CLEARED,FY18,"Boys & Girls Club of Metro Queens, Inc."
FY18,A,data/fy18/schedule_c/fy18_schedule_c_awards.csv,248,510141489,38000,Immigrant Services,Immigrant Opportunities Initiative,initiative_provider,"HIV Law Project, Inc., The",133730564,38000,unique,same_fy,1,0,"HIV Law Project, Inc.",Citywide,,DSS/HRA,"This initiative provides legal services for recent immigrants to assist with applications for citizenship or permanent residency, and various other immigrant related legal services.",Immigrant Opportunities Initiative,CLEARED,FY18,"HIV Law Project, Inc."
FY18,A,data/fy18/schedule_c/fy18_schedule_c_awards.csv,249,132600199,425000,Immigrant Services,Immigrant Opportunities Initiative,initiative_provider,"Immigrant Justice Corps, Inc.",464879076,200000,unique,same_fy,1,0,"Immigrant Justice Corps, Inc.",Citywide,,DSS/HRA,"This initiative provides legal services for recent immigrants to assist with applications for citizenship or permanent residency, and various other immigrant related legal services.",Immigrant Opportunities Initiative,CLEARED,FY18,"Immigrant Justice Corps, Inc."
FY18,A,data/fy18/schedule_c/fy18_schedule_c_awards.csv,249,132600199,425000,Immigrant Services,Immigrant Opportunities Initiative,initiative_provider,Immigration Equality,133802711,10000,unique,same_fy,1,0,Immigration Equality,Citywide,,DSS/HRA,"This initiative provides legal services for recent immigrants to assist with applications for citizenship or permanent residency, and various other immigrant related legal services.",Immigrant Opportunities Initiative,CLEARED,FY18,Immigration Equality
FY18,B,data/fy18/schedule_c/fy18_schedule_c_awards.csv,256,112728233,20000,Immigrant Services,Immigrant Opportunities Initiative,initiative_provider,"SBH Community Service Network, Inc.",237406410,25000,unique_by_name,same_fy,2,0,"SBH Community Service Network, Inc.",,,,,,CLEARED,FY18,"SBH Community Service Network, Inc."
FY18,A,data/fy18/schedule_c/fy18_schedule_c_awards.csv,256,112728233,20000,Immigrant Services,Immigrant Opportunities Initiative,initiative_provider,"Southside Community Mission, Inc.",112306447,65000,unique,same_fy,1,0,"Southside Community Mission, Inc.",Citywide,,DSS/HRA,"This initiative provides legal services for recent immigrants to assist with applications for citizenship or permanent residency, and various other immigrant related legal services.",Immigrant Opportunities Initiative,CLEARED,FY18,"Southside Community Mission, Inc."
FY18,A,data/fy18/schedule_c/fy18_schedule_c_awards.csv,267,135562256,50000,Mental Health Services,,initiative_provider,Grace Foundation of New York,134131863,107372,unique,same_fy,1,0,Grace Foundation of New York,,,DHMH,This allocation supports wraparound services for autistic children in after-school and summer programs and during school closings. The programs may also provide forums or training seminars to teach coping skills to families and caregivers affected by autism.,Autism Awareness,CLEARED,FY18,Grace Foundation of New York
FY18,A,data/fy18/schedule_c/fy18_schedule_c_awards.csv,267,135562256,50000,Mental Health Services,,initiative_provider,Heartshare Human Services of New York,111633549,128540,unique,same_fy,1,0,"HeartShare Human Services of NY, R.C. Diocese of Brooklyn",,,DHMH,This allocation supports wraparound services for autistic children in after-school and summer programs and during school closings. The programs may also provide forums or training seminars to teach coping skills to families and caregivers affected by autism.,Autism Awareness,CLEARED,FY18,"HeartShare Human Services of NY, R.C. Diocese of Brooklyn"
FY18,A,data/fy18/schedule_c/fy18_schedule_c_awards.csv,267,135562256,50000,Mental Health Services,,initiative_provider,Imagine Foundation,202336717,70031,unique,same_fy,1,0,Imagine Foundation,,,DHMH,This allocation supports wraparound services for autistic children in after-school and summer programs and during school closings. The programs may also provide forums or training seminars to teach coping skills to families and caregivers affected by autism.,Autism Awareness,CLEARED,FY18,Imagine Foundation
FY18,A,data/fy18/schedule_c/fy18_schedule_c_awards.csv,267,135562256,50000,Mental Health Services,,initiative_provider,"Jewish Community Center in Manhattan, Inc., The",133490745,67183,unique,same_fy,1,0,"Jewish Community Center in Manhattan, Inc., The",,,DHMH,This allocation supports wraparound services for autistic children in after-school and summer programs and during school closings. The programs may also provide forums or training seminars to teach coping skills to families and caregivers affected by autism.,Autism Awareness,CLEARED,FY18,"Jewish Community Center in Manhattan, Inc., The"
FY18,A,data/fy18/schedule_c/fy18_schedule_c_awards.csv,268,133622107,147132,Mental Health Services,,initiative_provider,"Job Path, Inc.",134038495,87250,unique,same_fy,1,0,Job Path Inc.,,,DHMH,This allocation supports wraparound services for autistic children in after-school and summer programs and during school closings. The programs may also provide forums or training seminars to teach coping skills to families and caregivers affected by autism.,Autism Awareness,CLEARED,FY18,Job Path Inc.
FY18,A,data/fy18/schedule_c/fy18_schedule_c_awards.csv,268,133622107,147132,Mental Health Services,,initiative_provider,"Lifespire, Inc.",132526022,140548,unique,same_fy,1,0,"Lifespire, Inc.",,,DHMH,This allocation supports wraparound services for autistic children in after-school and summer programs and during school closings. The programs may also provide forums or training seminars to teach coping skills to families and caregivers affected by autism.,Autism Awareness,CLEARED,FY18,"Lifespire, Inc."
FY18,A,data/fy18/schedule_c/fy18_schedule_c_awards.csv,268,133622107,147132,Mental Health Services,,initiative_provider,"Lincoln Center for the Performing Arts, Inc.",131847137,55000,unique,same_fy,1,0,"Lincoln Center for the Performing Arts, Inc.",,,DCLA,This allocation supports wraparound services for autistic children in after-school and summer programs and during school closings. The programs may also provide forums or training seminars to teach coping skills to families and caregivers affected by autism.,Autism Awareness,CLEARED,FY18,"Lincoln Center for the Performing Arts, Inc."
FY18,A,data/fy18/schedule_c/fy18_schedule_c_awards.csv,271,135562308,55000,Mental Health Services,,initiative_provider,"New York Families for Autistic Children, Inc.",113442879,219665,unique,same_fy,1,0,"New York Families for Autistic Children, Inc.",,,DHMH,This allocation supports wraparound services for autistic children in after-school and summer programs and during school closings. The programs may also provide forums or training seminars to teach coping skills to families and caregivers affected by autism.,Autism Awareness,CLEARED,FY18,"New York Families for Autistic Children, Inc."
FY18,A,data/fy18/schedule_c/fy18_schedule_c_awards.csv,276,135600422,124187,Mental Health Services,,initiative_provider,"QSAC, Inc.",112482974,189970,unique,same_fy,1,0,"QSAC, Inc.",,,DHMH,This allocation supports wraparound services for autistic children in after-school and summer programs and during school closings. The programs may also provide forums or training seminars to teach coping skills to families and caregivers affected by autism.,Autism Awareness,CLEARED,FY18,"QSAC, Inc."
FY18,A,data/fy18/schedule_c/fy18_schedule_c_awards.csv,277,112594790,191938,Mental Health Services,,initiative_provider,Reach for the Stars Learning Center,203042280,55000,unique,same_fy,1,0,Reach for the Stars Learning Center,,,DHMH,This allocation supports wraparound services for autistic children in after-school and summer programs and during school closings. The programs may also provide forums or training seminars to teach coping skills to families and caregivers affected by autism.,Autism Awareness,CLEARED,FY18,Reach for the Stars Learning Center
FY18,A,data/fy18/schedule_c/fy18_schedule_c_awards.csv,280,113070228,105046,Mental Health Services,,initiative_provider,"Shield of David, Inc.",131740041,113136,unique,same_fy,1,0,"Shield of David, Inc.",,,DHMH,This allocation supports wraparound services for autistic children in after-school and summer programs and during school closings. The programs may also provide forums or training seminars to teach coping skills to families and caregivers affected by autism.,Autism Awareness,CLEARED,FY18,"Shield of David, Inc."
FY18,D,data/fy18/schedule_c/fy18_schedule_c_awards.csv,281,136216919,85000,Mental Health Services,,initiative_provider,"Sinergia, Inc.",133183344,75000,absent,none,0,0,,,,,,,,,
FY18,A,data/fy18/schedule_c/fy18_schedule_c_awards.csv,286,132946970,115385,Mental Health Services,Children Under Five,initiative_provider,Montefiore Medical Center,131740114,425077,unique,same_fy,1,0,Montefiore Medical Center,,,DHMH,"This allocation funds community-based outpatient mental health clinics throughout the City that provide mental health treatment to children aged five years and younger. Mental health treatment activities may include, but are not limited to, screening and clinical evaluation; individual, small group, and child-parent psychotherapy; consultation to pediatricians, preschool teachers, and child welfare workers; and trauma-informed interventions.",Children Under Five,CLEARED,FY18,Montefiore Medical Center
FY18,A,data/fy18/schedule_c/fy18_schedule_c_awards.csv,294,132645436,150000,Mental Health Services,Court-Involved Youth Mental Health,initiative_provider,"Coalition of Behavioral Health Agencies, Inc., The",132729071,145000,unique,same_fy,1,0,"Coalition for Behavioral Health, Inc., The",,,DHMH,"This allocation supports programs that utilize risk assessment tools to identify juveniles in the arrest process who require mental health services and that provide family counseling and respite services to families of court-involved youth. The initiative also supports efforts to connect community-based providers working with court-involved youth to other non-governmental organizations familiar with the Courts, the Administration for Children's Services (ACS), the Department of Correction (DOC), and other relevant City and State agencies.",Court-Involved Youth Mental Health Initiative,CLEARED,FY18,"Coalition for Behavioral Health, Inc., The"
FY18,A,data/fy18/schedule_c/fy18_schedule_c_awards.csv,306,135562204,27103,Mental Health Services,,initiative_provider,"Epilepsy Institute, The",132608325,189103,unique,same_fy,1,0,"Epilepsy Institute, The",,,DHMH,"This initiative supports a range of programs and services that address the needs of individuals with chemical dependencies, developmental disabilities, and/or serious mental illnesses, as well as the needs of their families and caregivers. The funding may support medically supervised outpatient programs, transition management programs, Article 16 clinics, psychological clubs, recreation programs, or other behavioral health services.","Developmental, Psychological and Behavioral Health Services",CLEARED,FY18,"Epilepsy Institute, The"
FY18,A,data/fy18/schedule_c/fy18_schedule_c_awards.csv,311,135596746,234103,Mental Health Services,,initiative_provider,Montefiore Medical Center,131740114,70429,unique,same_fy,1,0,Montefiore Medical Center,,,DHMH,"This initiative supports a range of programs and services that address the needs of individuals with chemical dependencies, developmental disabilities, and/or serious mental illnesses, as well as the needs of their families and caregivers. The funding may support medically supervised outpatient programs, transition management programs, Article 16 clinics, psychological clubs, recreation programs, or other behavioral health services.","Developmental, Psychological and Behavioral Health Services",CLEARED,FY18,Montefiore Medical Center
FY18,A,data/fy18/schedule_c/fy18_schedule_c_awards.csv,315,202508411,273103,Mental Health Services,,initiative_provider,St. Luke's-Roosevelt Hospital Center,132997301,41103,unique,same_fy,1,0,St. Luke's Roosevelt Hospital Center,,,DHMH,"This initiative supports a range of programs and services that address the needs of individuals with chemical dependencies, developmental disabilities, and/or serious mental illnesses, as well as the needs of their families and caregivers. The funding may support medically supervised outpatient programs, transition management programs, Article 16 clinics, psychological clubs, recreation programs, or other behavioral health services.","Developmental, Psychological and Behavioral Health Services",CLEARED,FY18,St. Luke's Roosevelt Hospital Center
FY18,D,data/fy18/schedule_c/fy18_schedule_c_awards.csv,315,202508411,273103,Mental Health Services,,initiative_provider,"Staten Island Mental Health Society, Inc.",135623279,107103,absent,none,0,0,,,,,,,,,
FY18,A,data/fy18/schedule_c/fy18_schedule_c_awards.csv,331,132947616,78540,Mental Health Services,Geriatric Mental Health,initiative_provider,"SBH Community Service Network, Inc.",237406410,63000,unique,same_fy,1,0,"SBH Community Service Network, Inc.",Citywide,,DHMH,"This funding supports organizations that provide a range of mental health services to older adults in “non-clinical settings,” such as senior centers, drop-in centers, religious institutions, social clubs, homeless prevention programs, and individual homes.",Geriatric Mental Health,CLEARED,FY18,"SBH Community Service Network, Inc."
FY18,A,data/fy18/schedule_c/fy18_schedule_c_awards.csv,336,111630780,49000,Mental Health Services,Mental Health Services for Vulnerable Populations,initiative_provider,"Bailey House, Inc.",133165181,250000,unique,same_fy,1,0,"Bailey House, Inc.",Citywide,,DHMH,"This funding supports community-based organizations and advocacy networks that provide a range of mental health programs, services, trainings, and referrals throughout the City, addressing the mental health needs of vulnerable and marginalized populations, such as HIV-positive people, suicidal individuals, and people with developmental disabilities. Additional populations of interest include children and youth, immigrants and people with limited English proficiency, homeless individuals and families, and at-risk seniors.",Mental Health Services for Vulnerable Populations,CLEARED,FY18,"Bailey House, Inc."
FY18,A,data/fy18/schedule_c/fy18_schedule_c_awards.csv,359,132612524,70000,Public Safety,Crisis Management System – Mental Health/Therapeutic Services,initiative_provider,"Urban Youth Alliance International, Inc.",132969182,140000,unique,same_fy,1,0,"Urban Youth Alliance International, Inc.",,,MOCJ,"This allocation funds the Crisis Management System, which uses a public health approach to prevent and respond to gun violence. The Cure Violence programs funded take a public health approach to violence prevention that understands violence as a learned behavior that can be prevented using disease control methods. The Crisis Management System uses an emergency management model which supports programs intended to prevent gun violence and restores damage done to communities by gun violence and funds programs that respond to gun violence. These neighborhood networks offer legal services, hospital response programs, youth employment opportunities, school based conflict mediation, community therapeutic services, job training programs and evaluation work.",Crisis Management System,CLEARED,FY18,"Urban Youth Alliance International, Inc."
FY18,A,data/fy18/schedule_c/fy18_schedule_c_awards.csv,360,131632530,35000,Public Safety,Crisis Management System – Mental Health/Therapeutic Services,initiative_provider,Harlem Mother's Stop Another Violent End (S.A.V.E.),260847222,65000,unique,same_fy,1,0,"Harlem Mothers Stop Another Violent End, Inc.",,,MOCJ,"This allocation funds the Crisis Management System, which uses a public health approach to prevent and respond to gun violence. The Cure Violence programs funded take a public health approach to violence prevention that understands violence as a learned behavior that can be prevented using disease control methods. The Crisis Management System uses an emergency management model which supports programs intended to prevent gun violence and restores damage done to communities by gun violence and funds programs that respond to gun violence. These neighborhood networks offer legal services, hospital response programs, youth employment opportunities, school based conflict mediation, community therapeutic services, job training programs and evaluation work.",Crisis Management System,CLEARED,FY18,"Harlem Mothers Stop Another Violent End, Inc."
FY18,A,data/fy18/schedule_c/fy18_schedule_c_awards.csv,361,112870465,35000,Public Safety,Crisis Management System – Mental Health/Therapeutic Services,initiative_provider,"Gangstas Making Astronomical Community Changes, Inc.",453359451,35000,unique,same_fy,1,0,"Gangstas Making Astronomical Community Changes, Inc.",,,MOCJ,"This allocation funds the Crisis Management System, which uses a public health approach to prevent and respond to gun violence. The Cure Violence programs funded take a public health approach to violence prevention that understands violence as a learned behavior that can be prevented using disease control methods. The Crisis Management System uses an emergency management model which supports programs intended to prevent gun violence and restores damage done to communities by gun violence and funds programs that respond to gun violence. These neighborhood networks offer legal services, hospital response programs, youth employment opportunities, school based conflict mediation, community therapeutic services, job training programs and evaluation work.",Crisis Management System,CLEARED,FY18,"Gangstas Making Astronomical Community Changes, Inc."
FY18,A,data/fy18/schedule_c/fy18_schedule_c_awards.csv,362,112665181,35000,Public Safety,Crisis Management System – Mental Health/Therapeutic Services,initiative_provider,"Not Another Child, Inc.",260894097,35000,unique,same_fy,1,0,"Not Another Child, Inc.",,,MOCJ,"This allocation funds the Crisis Management System, which uses a public health approach to prevent and respond to gun violence. The Cure Violence programs funded take a public health approach to violence prevention that understands violence as a learned behavior that can be prevented using disease control methods. The Crisis Management System uses an emergency management model which supports programs intended to prevent gun violence and restores damage done to communities by gun violence and funds programs that respond to gun violence. These neighborhood networks offer legal services, hospital response programs, youth employment opportunities, school based conflict mediation, community therapeutic services, job training programs and evaluation work.",Crisis Management System,CLEARED,FY18,"Not Another Child, Inc."
FY18,A,data/fy18/schedule_c/fy18_schedule_c_awards.csv,364,132912963,80000,Public Safety,Crisis Management System – School Based Conflict Mediation,initiative_provider,"Street Corner Resources, Inc.",260149521,40000,unique,same_fy,1,1,"Street Corner Resources, Inc.",,Harlem Renaissance - 05M285,DOE,"This allocation supports school-based conflict mediation, violence prevention, and youth development programs.",Crisis Management System,CLEARED,FY18,"Street Corner Resources, Inc."
FY18,D,data/fy18/schedule_c/fy18_schedule_c_awards.csv,366,451964622,80000,Public Safety,Crisis Management System – School Based Conflict Mediation,initiative_provider,"Urban Youth Alliance International, Inc.",132969182,160000,absent,none,0,0,,,,,,,,,
FY18,A,data/fy18/schedule_c/fy18_schedule_c_awards.csv,368,131988190,120000,Public Safety,Crisis Management System – School Based Conflict Mediation,initiative_provider,"Ifetayo Cultural Arts Academy, Inc.",113027538,40000,unique,same_fy,1,0,"Ifetayo Cultural Arts Academy, Inc.",,Ebbets Field Middle School  - 17K352,DOE,"This allocation supports school-based conflict mediation, violence prevention, and youth development programs.",Crisis Management System,CLEARED,FY18,"Ifetayo Cultural Arts Academy, Inc."
FY18,C,data/fy18/schedule_c/fy18_schedule_c_awards.csv,369,111729398,40000,Public Safety,Crisis Management System – School Based Conflict Mediation,initiative_provider,"Life Camp, Inc.",200814999,80000,unique_by_name,any_fy,3,0,"Life Camp, Inc.",,,DOE,,,Cleared,FY15,"Life Camp, Inc."
FY18,C,data/fy18/schedule_c/fy18_schedule_c_awards.csv,370,800612019,40000,Public Safety,Crisis Management System – School Based Conflict Mediation,initiative_provider,"New York Center for Interpersonal Development, Inc.",237085239,80000,ambiguous,any_fy,10,0,,,,,,,Cleared,FY15,YPIS of Staten Island Inc. (New York Center for Interpersonal Development)
FY18,A,data/fy18/schedule_c/fy18_schedule_c_awards.csv,371,132612524,120000,Public Safety,Crisis Management System – School Based Conflict Mediation,initiative_provider,"Gangstas Making Astronomical Community Changes, Inc.",453359451,40000,unique,same_fy,1,0,"Gangstas Making Astronomical Community Changes, Inc.",,Brooklyn Bridge Academy - 18K578,DOE,"This allocation supports school-based conflict mediation, violence prevention, and youth development programs.",Crisis Management System,CLEARED,FY18,"Gangstas Making Astronomical Community Changes, Inc."
FY18,A,data/fy18/schedule_c/fy18_schedule_c_awards.csv,374,061711370,90000,Public Safety,Crisis Management System -Youth Programs,initiative_provider,Central Family Life Center,133626127,90000,unique,same_fy,1,0,"Central Family Life Center, Inc., The",,,ACS,"This funding supports violence interrupters and outreach workers staff ACS non-secure placement sites to identify youth at risk of continuing the cycle of violence. Once identified, they are connected with CMS providers and wrap-around services once they leave ACS facilities.",Crisis Management System,CLEARED,FY18,"Central Family Life Center, Inc., The"
FY18,A,data/fy18/schedule_c/fy18_schedule_c_awards.csv,374,061711370,90000,Public Safety,Crisis Management System -Youth Programs,initiative_provider,"Gangstas Making Astronomical Community Changes, Inc.",453359451,90000,unique,same_fy,1,0,"Gangstas Making Astronomical Community Changes, Inc.",,,ACS,"This funding supports violence interrupters and outreach workers staff ACS non-secure placement sites to identify youth at risk of continuing the cycle of violence. Once identified, they are connected with CMS providers and wrap-around services once they leave ACS facilities.",Crisis Management System,CLEARED,FY18,"Gangstas Making Astronomical Community Changes, Inc."
FY18,A,data/fy18/schedule_c/fy18_schedule_c_awards.csv,381,112932528,56132,Senior Services,Information and Referral Services,initiative_provider,"Council of Belmont Organizations, Inc.",132755323,103914,unique,same_fy,1,0,"Council of Belmont Organizatons, Inc.",Citywide,,DFTA,This allocation supports community-based organizations that provide information and referral services related to senior services and other resources in the community.,Information and Referral Services,CLEARED,FY18,"Council of Belmont Organizatons, Inc."
FY18,A,data/fy18/schedule_c/fy18_schedule_c_awards.csv,388,132620896,76000,Senior Services,Naturally Occurring Retirement Communities (NORCs),initiative_provider,"Jamaica Service Program for Older Adults, Inc. (JSPOA) NORC",510204121,45000,unique,same_fy,1,0,"Jamaica Service Program for Older Adults, Inc. (JSPOA)",Citywide,NORC,DFTA,This allocation supports vertical and horizontal Naturally Occurring Retirement Communities (NORCs).,Naturally Occurring Retirement Communities (NORCs),CLEARED,FY18,"Jamaica Service Program for Older Adults, Inc. (JSPOA)"
FY18,A,data/fy18/schedule_c/fy18_schedule_c_awards.csv,440,371443165,51450,Small Business Services and Workforce Development,MWBE Leadership Associations,initiative_provider,"ACCION East, Inc.",113317234,88855,unique,same_fy,1,0,"Accion East, Inc.",Citywide,,SBS,"This funding will provide for a range of services that will help increase the capacity of MWBEs across the City. Services will include guidance on government contracting for potential or City-certified MWBEs, assistance in connecting MWBEs to potential customers, aid in the development of bids and proposals, assistance in securing project financing and bonding, and the promotion and marketing of the City’s MWBE program.",MWBE Leadership Associations,CLEARED,FY18,"Accion East, Inc."
FY18,A,data/fy18/schedule_c/fy18_schedule_c_awards.csv,440,371443165,51450,Small Business Services and Workforce Development,MWBE Leadership Associations,initiative_provider,"Brooklyn Kings County Hispanic Chamber Of Commerce, Inc.",202381186,30925,unique,same_fy,1,0,"Brooklyn Kings County Hispanic Chamber Of Commerce, Inc.",Citywide,,SBS,"This funding will provide for a range of services that will help increase the capacity of MWBEs across the City. Services will include guidance on government contracting for potential or City-certified MWBEs, assistance in connecting MWBEs to potential customers, aid in the development of bids and proposals, assistance in securing project financing and bonding, and the promotion and marketing of the City’s MWBE program.",MWBE Leadership Associations,CLEARED,FY18,"Brooklyn Kings County Hispanic Chamber Of Commerce, Inc."
FY18,A,data/fy18/schedule_c/fy18_schedule_c_awards.csv,440,371443165,51450,Small Business Services and Workforce Development,MWBE Leadership Associations,initiative_provider,"Harlem Business Alliance, Inc.",133591350,66450,unique,same_fy,1,0,"Harlem Business Alliance, Inc.",Citywide,,SBS,"This funding will provide for a range of services that will help increase the capacity of MWBEs across the City. Services will include guidance on government contracting for potential or City-certified MWBEs, assistance in connecting MWBEs to potential customers, aid in the development of bids and proposals, assistance in securing project financing and bonding, and the promotion and marketing of the City’s MWBE program.",MWBE Leadership Associations,CLEARED,FY18,"Harlem Business Alliance, Inc."
FY18,A,data/fy18/schedule_c/fy18_schedule_c_awards.csv,441,112436149,65925,Small Business Services and Workforce Development,MWBE Leadership Associations,initiative_provider,"New York Women's Chamber of Commerce, Inc.",141845651,78940,unique,same_fy,1,0,"New York Women's Chamber of Commerce, Inc.",Citywide,,SBS,"This funding will provide for a range of services that will help increase the capacity of MWBEs across the City. Services will include guidance on government contracting for potential or City-certified MWBEs, assistance in connecting MWBEs to potential customers, aid in the development of bids and proposals, assistance in securing project financing and bonding, and the promotion and marketing of the City’s MWBE program.",MWBE Leadership Associations,CLEARED,FY18,"New York Women's Chamber of Commerce, Inc."
FY18,A,data/fy18/schedule_c/fy18_schedule_c_awards.csv,450,136216919,50000,Veteran Services,Veterans Community Development,initiative_provider,Jericho Project,133213525,100000,unique,same_fy,1,0,Jericho Project,Citywide,,DYCD,"Funding will be allocated through DYCD to organizations that sponsor parades and other events, feed and house veterans, and offer other services related to health, education, employment and building a lasting community.",Veterans Community Development,CLEARED,FY18,Jericho Project
FY18,A,data/fy18/schedule_c/fy18_schedule_c_awards.csv,454,133461695,20000,Veteran Services,Veterans Community Development,initiative_provider,"Bailey House, Inc.",133165181,20000,unique,same_fy,1,0,"Bailey House, Inc.",Citywide,,DYCD,"Funding will be allocated through DYCD to organizations that sponsor parades and other events, feed and house veterans, and offer other services related to health, education, employment and building a lasting community.",Veterans Community Development,CLEARED,FY18,"Bailey House, Inc."
FY18,A,data/fy18/schedule_c/fy18_schedule_c_awards.csv,457,113112635,1000000,Youth Services,Afterschool Enrichment Initiative,initiative_provider,"ExpandED Schools, Inc.",134004600,4000000,unique,same_fy,1,0,"ExpandED Schools, Inc.",,,DYCD,"This initiative funds afterschool program providers that offer enrollment-based programs with high-quality arts and athletic activities, as well as academic enrichment and support.",Afterschool Enrichment Initiative,CLEARED,FY18,"ExpandED Schools, Inc."
FY18,A,data/fy18/schedule_c/fy18_schedule_c_awards.csv,461,131623989,406000,Youth Services,COMPASS,initiative_provider,"Boys and Girls Club of Metro Queens, Inc.",111966067,420000,unique,same_fy,1,0,"Boys & Girls Club of Metro Queens, Inc.",,,DYCD,This allocation supports programming for children in grades K-5 under the Comprehensive Afterschool System of New York City (COMPASS NYC).,COMPASS,CLEARED,FY18,"Boys & Girls Club of Metro Queens, Inc."
FY18,A,data/fy18/schedule_c/fy18_schedule_c_awards.csv,461,131623989,406000,Youth Services,COMPASS,initiative_provider,"Development Outreach, Inc.",132997764,150000,unique,same_fy,1,0,"Development Outreach, Inc.",,,DYCD,This allocation supports programming for children in grades K-5 under the Comprehensive Afterschool System of New York City (COMPASS NYC).,COMPASS,CLEARED,FY18,"Development Outreach, Inc."
FY18,A,data/fy18/schedule_c/fy18_schedule_c_awards.csv,464,112799128,84000,Youth Services,COMPASS,initiative_provider,"Strycker’s Bay Neighborhood Council, Inc.",131943516,134400,unique,same_fy,1,0,"Strycker's Bay Neighborhood Council, Inc.",,,DYCD,This allocation supports programming for children in grades K-5 under the Comprehensive Afterschool System of New York City (COMPASS NYC).,COMPASS,CLEARED,FY18,"Strycker's Bay Neighborhood Council, Inc."
FY18,A,data/fy18/schedule_c/fy18_schedule_c_awards.csv,466,133942063,100000,Youth Services,Sports Training and Rolemodels for Success Initiative (STARS),initiative_provider,"Figure Skating in East Harlem, Inc.",133945168,50000,unique,same_fy,1,0,"Figure Skating in Harlem, Inc.",Citywide,,DYCD,"The Sports Training and Rolemodels for Success (STARS) Initiative offers afterschool programming promoting physical activity, healthy living and wellness for elementary, middle and high school girls.",Sports Training and Rolemodels for Success (STARS) Initiative,CLEARED,FY18,"Figure Skating in Harlem, Inc."
FY18,A,data/fy18/schedule_c/fy18_schedule_c_awards.csv,466,133942063,100000,Youth Services,Sports Training and Rolemodels for Success Initiative (STARS),initiative_provider,"Girls for Gender Equity, Inc.",043697166,50000,unique,same_fy,1,0,"Girls for Gender Equity, Inc.",Citywide,,DYCD,"The Sports Training and Rolemodels for Success (STARS) Initiative offers afterschool programming promoting physical activity, healthy living and wellness for elementary, middle and high school girls.",Sports Training and Rolemodels for Success (STARS) Initiative,CLEARED,FY18,"Girls for Gender Equity, Inc."
FY18,A,data/fy18/schedule_c/fy18_schedule_c_awards.csv,466,133942063,100000,Youth Services,Sports Training and Rolemodels for Success Initiative (STARS),initiative_provider,"Girls Write Now, Inc.",542115054,100000,unique,same_fy,1,0,"Girls Write Now, Inc.",Citywide,,DYCD,"Through our Writing and Mentoring Program (WMP) and  Digital Media Mentoring Program (DMP), Girls Write Now provides NYC high school girls with mentorship, writing, and digital media workshops, and performance, publication, leadership opportunities to cultivate their voices, skills, and confidence.",Sports Training and Rolemodels for Success (STARS) Initiative,CLEARED,FY18,"Girls Write Now, Inc."
FY18,A,data/fy18/schedule_c/fy18_schedule_c_awards.csv,466,133942063,100000,Youth Services,Sports Training and Rolemodels for Success Initiative (STARS),initiative_provider,"Groundswell Community Mural Project, Inc.",113427213,100000,unique,same_fy,1,0,"Groundswell Community Mural Project, Inc.",Citywide,,DYCD,"The Sports Training and Rolemodels for Success (STARS) Initiative offers afterschool programming promoting physical activity, healthy living and wellness for elementary, middle and high school girls.",Sports Training and Rolemodels for Success (STARS) Initiative,CLEARED,FY18,"Groundswell Community Mural Project, Inc."
FY18,A,data/fy18/schedule_c/fy18_schedule_c_awards.csv,469,131624096,93000,Young Women’s Initiative,Dedicated Contraceptive Fund,initiative_provider,"Community Healthcare Network, Inc.",133083068,63000,unique,same_fy,1,0,"Community Healthcare Network, Inc.",,,DHMH,"This funding will increase access to contraception, including Long-Acting Reversible Contraception (LARCs) among young women, particularly those without health insurance. This initiative will also support provider training, patient counseling and care, and the purchasing of contraceptives. Programs will serve a variety of high-risk populations, including youth of color, LGBTQ individuals, and the uninsured, in a culturally responsive manner and promote reproductive and sexual health.",Dedicated Contraceptive Fund,CLEARED,FY18,"Community Healthcare Network, Inc."
FY19,A,data/fy19/schedule_c/fy19_schedule_c_awards.csv,36,133584616,100000,COMMUNITY DEVELOPMENT,Communities of Color Nonprofit Stabilization Fund,initiative_provider,"Haitian Americans United for Progress, Inc.",112423857,70000,unique,same_fy,1,0,"Haitian Americans United for Progress, Inc.",,,DYCD,"This funding creates additional basic literacy, English for Speakers of Other Languages and Graduate Equivalency Degree classes for adults who cannot read, write or speak English, in addition to funding support services such as counseling and case management for students.",Adult Literacy Initiative,Cleared,FY19,"Haitian Americans United for Progress, Inc."
FY19,A,data/fy19/schedule_c/fy19_schedule_c_awards.csv,100,136171197,200000,CRIMINAL JUSTICE SERVICES,Initiative to Combat Sexual Assault,initiative_provider,"Crime Victims Treatment Center, Inc.",815080860,200000,unique,same_fy,1,0,"Crime Victims Treatment Center, Inc.",,,MOCJ,"Funding supports community-based organizations that provide physical and sexual assault related services, which include crisis intervention, legal advocacy, individual and group trauma-focused therapy, short-term counseling, forensic training to medical personnel, and referrals. Post-adoption, the Council will designate $1,062,000 to fund sexual assault services and prevention. In addition, this allocation partially supports operating costs for four Child Advocacy Centers (CACs) that are located in Brooklyn, Queens, Staten Island, and the Bronx. CACs work handin-hand with law enforcement and child protective services to coordinate and expedite the investigation and prosecution of child sexual abuse cases.",Initiative to Combat Sexual Assault,Cleared,FY19,"Crime Victims Treatment Center, Inc."
FY19,A,data/fy19/schedule_c/fy19_schedule_c_awards.csv,110,136400434,200000,CRIMINAL JUSTICE SERVICES,Support for Victims of Human Trafficking,initiative_provider,"LifeWay Network, Inc.",208645579,60000,unique,same_fy,1,0,"LifeWay Network, Inc.",,,MOCJ,"This allocation supports programs that offer counseling and assistance with mental health, educational, immigration, housing and employment, as an alternative to detention or incarceration, for defendants in the City’s five human trafficking intervention courts; and for other victims of human trafficking.",Support for Victims of Human Trafficking,Cleared,FY19,"LifeWay Network, Inc."
FY19,A,data/fy19/schedule_c/fy19_schedule_c_awards.csv,125,237212492,113200,CULTURAL ORGANIZATIONS,Coalition of Theaters of Color,initiative_provider,"Instituto Arte Teatral Internacional, Inc.",133111859,29800,unique,same_fy,1,0,"Instituto Arte Teatral Internacional, Inc.",,,DCLA,To support the operations and programming of theaters and cultural organizations.,Coalition Theaters of Color,Cleared,FY19,"Instituto Arte Teatral Internacional, Inc."
FY19,C,data/fy19/schedule_c/fy19_schedule_c_awards.csv,139,133929841,14600,CULTURAL ORGANIZATIONS,Coalition of Theaters of Color,initiative_provider,"Rising Circle Theater Collective, Inc.",201407519,14600,ambiguous,any_fy,3,0,,,,DCLA,,Coalition Theaters of Color,Cleared,FY16,"Rising Circle Theater Collective, Inc."
FY19,A,data/fy19/schedule_c/fy19_schedule_c_awards.csv,166,135675643,45000,DOMESTIC VIOLENCE SERVICES,Domestic Violence and Empowerment (DoVE) Initiative,initiative_provider,"Crime Victims Treatment Center, Inc.",815080860,45000,unique,same_fy,1,0,"Crime Victims Treatment Center, Inc.",,,MOCJ,"The DoVE Initiative supports a range of services that include case management, crisis intervention, referrals, counseling, empowerment workshops, legal advocacy and referrals. Safe Horizon, the administrator for this program, serves as a liaison between the City and the community based organizations to resolve complex administrative issues, and provides training, technical assistance, and direct services.",Domestic Violence and Empowerment (DoVE) Initiative,Cleared,FY19,"Crime Victims Treatment Center, Inc."
FY19,A,data/fy19/schedule_c/fy19_schedule_c_awards.csv,190,521996380,100000,EDUCATION,LGBTQ Inclusive Curriculum,initiative_provider,"History UnErased, Inc.",472852025,100000,unique,same_fy,1,0,"History UnErased, Inc.",,LGBT Inclusive Curriculum,DOE,"This allocation will fund the DOE’s effort to support the needs of LGBTQ youth and address the intersectionality of race, sexual orientation and gender identity through DOE’s general curriculum. This funding will support professional development for public school teachers as well as integrating LGBTQ inclusive curriculum into literacy and history classes.",LGBTQ Inclusive Curriculum,Cleared,FY19,"History UnErased, Inc."
FY19,A,data/fy19/schedule_c/fy19_schedule_c_awards.csv,198,136400434,20354500,EDUCATION,Support for Educators,initiative_provider,Council of School Supervisors and Administrators,112024569,450000,unique,same_fy,1,0,Council of School Supervisors and Administrators,,,DOE,"This allocation to DOE supports the Teacher’s Choice program, which reimburses school staff for supplies. In addition, $450,000 is allocated to the Council of School Supervisors and Administrators to support the Executive Leadership Institute.",Support for Educators,Cleared,FY19,Council of School Supervisors and Administrators
FY19,A,data/fy19/schedule_c/fy19_schedule_c_awards.csv,240,112837894,180000,HEALTH SERVICES,Child Health and Wellness,initiative_provider,"AID for AIDS International, Inc.",133954568,50000,unique,same_fy,1,0,"AID for AIDS International, Inc.",,,DHMH,"This funding supports prevention, education, outreach, and support services that align with the Ending the Epidemic (ETE) framework, and connects clients to healthcare and medication, including Pre-Exposure Prophylaxis (PrEP) and Post-Exposure Prophylaxis (PEP).",Ending the Epidemic,Cleared,FY19,"AID for AIDS International, Inc."
FY19,A,data/fy19/schedule_c/fy19_schedule_c_awards.csv,255,113122295,144000,HEALTH SERVICES,Child Health and Wellness,initiative_provider,"Community Research Initiative on AIDS, Inc.",133632234,228630,unique,same_fy,1,0,"Community Research Initiative on AIDS, Inc.",,,DHMH,"This funding supports prevention, education, outreach, and support services that align with the Ending the Epidemic (ETE) framework, and connects clients to healthcare and medication, including Pre-Exposure Prophylaxis (PrEP) and Post-Exposure Prophylaxis (PEP).",Ending the Epidemic,Cleared,FY19,"Community Research Initiative on AIDS, Inc."
FY19,A,data/fy19/schedule_c/fy19_schedule_c_awards.csv,263,133584089,495094,HEALTH SERVICES,Child Health and Wellness,initiative_provider,Healthix,450553664,10000,unique,same_fy,1,0,"Healthix, Inc.",,,DHMH,"This funding supports prevention, education, outreach, and support services that align with the Ending the Epidemic (ETE) framework, and connects clients to healthcare and medication, including Pre-Exposure Prophylaxis (PrEP) and Post-Exposure Prophylaxis (PEP).",Ending the Epidemic,Cleared,FY19,"Healthix, Inc."
FY19,A,data/fy19/schedule_c/fy19_schedule_c_awards.csv,301,112527706,10000,HEALTH SERVICES,Child Health and Wellness,initiative_provider,"Gay Men of African Descent, Inc.",133597820,10000,unique,same_fy,1,0,"Gay Men of African Descent, Inc.",,,DHMH,"This allocation supports HIV/AIDS prevention, education, outreach, advocacy, and support services funded by religious institutions and community-based organizations.",HIV/AIDS Faith Based Initiative,Pending,FY19,"Gay Men of African Descent, Inc."
FY19,A,data/fy19/schedule_c/fy19_schedule_c_awards.csv,304,208427029,10000,HEALTH SERVICES,Child Health and Wellness,initiative_provider,Mount Horeb Baptist Church,112074467,10000,unique,same_fy,1,0,Mount Horeb Baptist Church,,,DHMH,"This allocation supports HIV/AIDS prevention, education, outreach, advocacy, and support services funded by religious institutions and community-based organizations.",HIV/AIDS Faith Based Initiative,Cleared,FY19,Mount Horeb Baptist Church
FY19,A,data/fy19/schedule_c/fy19_schedule_c_awards.csv,310,263178076,20000,HEALTH SERVICES,,initiative_provider,"Vision Urbana, Inc.",133848575,14000,unique,same_fy,1,0,"Vision Urbana, Inc.",,,DHMH,"This allocation supports HIV/AIDS prevention, education, outreach, advocacy, and support services funded by religious institutions and community-based organizations.",HIV/AIDS Faith Based Initiative,Cleared,FY19,"Vision Urbana, Inc."
FY19,A,data/fy19/schedule_c/fy19_schedule_c_awards.csv,319,131624096,123541,HEALTH SERVICES,HIV/AIDS Faith-Based,initiative_provider,Lower East Side Family Union,237412423,61701,unique,same_fy,1,0,Lower East Side Family Union,,,DHMH,"This funding supports a range of maternal and child health services and coordination efforts that aid expectant mothers and women of childbearing age, promoting women’s health before, during, and after pregnancy in an effort to improve maternal and child health outcomes and reduce infant mortality rates. Services may include doula care or home-visiting programs.",Maternal and Child Health Services,Pending,FY19,Lower East Side Family Union
FY19,A,data/fy19/schedule_c/fy19_schedule_c_awards.csv,345,237348989,40410,HEALTH SERVICES,Viral Hepatitis Prevention,initiative_provider,"Housing Works, Inc.",133584089,13500,unique,same_fy,1,0,"Housing Works, Inc.",,,DHMH,"This funding supports a range of programs and services intended to combat the spread of Hepatitis B/C and HIV as passed through intravenous drug use. In addition to Hepatitis B/C testing, services may include care coordination, overdose prevention, or sterile syringe access.",Viral Hepatitis Prevention,Cleared,FY19,"Housing Works, Inc."
FY19,A,data/fy19/schedule_c/fy19_schedule_c_awards.csv,347,133845305,13500,HEALTH SERVICES,Viral Hepatitis Prevention,initiative_provider,New York Harm Reduction Educators,133678499,13500,unique,same_fy,1,0,"New York Harm Reduction Educators, Inc.",,,DHMH,"This funding supports a range of programs and services intended to combat the spread of Hepatitis B/C and HIV as passed through intravenous drug use. In addition to Hepatitis B/C testing, services may include care coordination, overdose prevention, or sterile syringe access.",Viral Hepatitis Prevention,Cleared,FY19,"New York Harm Reduction Educators, Inc."
FY19,A,data/fy19/schedule_c/fy19_schedule_c_awards.csv,370,471006046,29730,HOUSING,Community Housing Preservation Strategies,initiative_provider,"Brighton Neighborhood Association, Inc.",112435523,29729,unique,same_fy,1,0,"Brighton Neighborhood Association, Inc.",,,HPD,"The Community Consultant Contract (CCC) initiative provides funding for the front-line anti-eviction/anti-displacement services that community groups provide. When a community resident is at risk of eviction, or when a constituent needs assistance with a housing case, they call the CCC-funded specialist at their local community group. These specialists are knowledgeable about a full range of available resources and use all applicable tools to keep New York City residents in housing they can afford. This initiative allows neighborhood-based groups to provide the following core housing services: tenant organization; code enforcement advocacy; housing court assistance; apartment repossession; and other housing-related public education.",Community Housing Preservation Strategies,Cleared,FY19,"Brighton Neighborhood Association, Inc."
FY19,A,data/fy19/schedule_c/fy19_schedule_c_awards.csv,376,141719016,142000,HOUSING,Community Housing Preservation Strategies,initiative_provider,"Community League of the Heights, Inc.",132564241,29729,unique,same_fy,1,0,"Community League of the Heights, Inc.",,,HPD,"The Community Consultant Contract (CCC) initiative provides funding for the front-line anti-eviction/anti-displacement services that community groups provide. When a community resident is at risk of eviction, or when a constituent needs assistance with a housing case, they call the CCC-funded specialist at their local community group. These specialists are knowledgeable about a full range of available resources and use all applicable tools to keep New York City residents in housing they can afford. This initiative allows neighborhood-based groups to provide the following core housing services: tenant organization; code enforcement advocacy; housing court assistance; apartment repossession; and other housing-related public education.",Community Housing Preservation Strategies,Cleared,FY19,"Community League of the Heights, Inc."
FY19,A,data/fy19/schedule_c/fy19_schedule_c_awards.csv,396,132622748,29730,HOUSING,Community Housing Preservation Strategies,initiative_provider,"Mary Mitchell Family and Youth Center, Inc.",133385032,71000,unique,same_fy,1,0,"Mary Mitchell Family and Youth Center, Inc.",,,HPD,"The Housing Preservation Initiative (HPI) provides funding for neighborhood-based groups to design and implement a grassroots, neighborhood-based approach to stop the loss of affordable housing. HPI seeks to protect affordable housing and promote neighborhood stabilization in needy districts. HPI funding helps local organizations work with local residents and institutions to protect affordable housing and promote neighborhood stabilization.",Community Housing Preservation Strategies,Cleared,FY19,"Mary Mitchell Family and Youth Center, Inc."
FY19,A,data/fy19/schedule_c/fy19_schedule_c_awards.csv,409,112451752,61000,HOUSING,,initiative_provider,"Northwest Bronx Community and Clergy Coalition, Inc.",132806160,29730,unique,same_fy,1,0,"Northwest Bronx Community and Clergy Coalition, Inc.",,,HPD,"The Community Consultant Contract (CCC) initiative provides funding for the front-line anti-eviction/anti-displacement services that community groups provide. When a community resident is at risk of eviction, or when a constituent needs assistance with a housing case, they call the CCC-funded specialist at their local community group. These specialists are knowledgeable about a full range of available resources and use all applicable tools to keep New York City residents in housing they can afford. This initiative allows neighborhood-based groups to provide the following core housing services: tenant organization; code enforcement advocacy; housing court assistance; apartment repossession; and other housing-related public education.",Community Housing Preservation Strategies,Cleared,FY19,"Northwest Bronx Community and Clergy Coalition, Inc."
FY19,A,data/fy19/schedule_c/fy19_schedule_c_awards.csv,418,132735378,29730,HOUSING,,initiative_provider,"Strycker's Bay Neighborhood Council, Inc.",131943516,29730,unique,same_fy,1,0,"Strycker's Bay Neighborhood Council, Inc.",,,HPD,"The Community Consultant Contract (CCC) initiative provides funding for the front-line anti-eviction/anti-displacement services that community groups provide. When a community resident is at risk of eviction, or when a constituent needs assistance with a housing case, they call the CCC-funded specialist at their local community group. These specialists are knowledgeable about a full range of available resources and use all applicable tools to keep New York City residents in housing they can afford. This initiative allows neighborhood-based groups to provide the following core housing services: tenant organization; code enforcement advocacy; housing court assistance; apartment repossession; and other housing-related public education.",Community Housing Preservation Strategies,Cleared,FY19,"Strycker's Bay Neighborhood Council, Inc."
FY19,D,data/fy19/schedule_c/fy19_schedule_c_awards.csv,445,112451752,102000,HOUSING,Stabilizing NYC,initiative_provider,"Mary Mitchell Family and Youth Center, Inc.",133385032,125000,absent,none,0,0,,,,,,,,,
FY19,D,data/fy19/schedule_c/fy19_schedule_c_awards.csv,445,112451752,102000,HOUSING,Stabilizing NYC,initiative_provider,"Northwest Bronx Community and Clergy Coalition, Inc.",132806160,125000,absent,none,0,0,,,,,,,,,
FY19,A,data/fy19/schedule_c/fy19_schedule_c_awards.csv,451,133749744,50000,IMMIGRANT SERVICES,Immigrant Health Initiative,initiative_provider,Ackerman Institute for the Family,131923959,65000,unique,same_fy,1,0,Ackerman Institute for the Family,,,DHMH,"This funding supports programs that decrease health disparities among foreignborn New Yorkers by: improving access to health care, addressing cultural and language barriers, and targeting resources and interventions. The initiative will also support mental health services for vulnerable immigrants.",Immigrant Health Initiative,Cleared,FY19,Ackerman Institute for the Family
FY19,A,data/fy19/schedule_c/fy19_schedule_c_awards.csv,458,237348989,30000,IMMIGRANT SERVICES,Immigrant Health Initiative,initiative_provider,"Institute for Family Health, The",133273402,100000,unique,same_fy,1,0,"Institute for Family Health, The",,,DHMH,"This funding supports programs that decrease health disparities among foreignborn New Yorkers by: improving access to health care, addressing cultural and language barriers, and targeting resources and interventions. The initiative will also support mental health services for vulnerable immigrants.",Immigrant Health Initiative,Cleared,FY19,"Institute for Family Health, The"
FY19,A,data/fy19/schedule_c/fy19_schedule_c_awards.csv,489,132600199,425000,IMMIGRANT SERVICES,Immigrant Opportunities Initiative,initiative_provider,Immigration Equality,133802711,10000,unique,same_fy,1,0,Immigration Equality,,,DSS/HRA,"This allocation supports legal services for recent immigrants to assist with applications for citizenship or permanent residency, and various other immigrant related legal services.",Immigrant Opportunities Initiative,Cleared,FY19,Immigration Equality
FY19,A,data/fy19/schedule_c/fy19_schedule_c_awards.csv,559,136216919,85000,MENTAL HEALTH SERVICES,Autism Awareness,initiative_provider,"Sinergia, Inc.",133183344,60548,unique,same_fy,1,0,"Sinergia, Inc.",,,DHMH,This allocation supports wraparound services for autistic children in after-school and summer programs and during school closings. The programs may also provide forums or training seminars to teach coping skills to families and caregivers affected by autism.,Autism Awareness,Cleared,FY19,"Sinergia, Inc."
FY19,A,data/fy19/schedule_c/fy19_schedule_c_awards.csv,599,743177454,107103,MENTAL HEALTH SERVICES,,initiative_provider,"PSCH, INC. (Kingsboro Psychiatric Center)",112542430,132103,unique,same_fy,1,0,"PSCH, Inc.",,,DHMH,"This initiative supports a range of programs and services that address the needs of individuals with chemical dependencies, developmental disabilities, and/or serious mental illnesses, as well as the needs of their families and caregivers. The funding may support medically supervised outpatient programs, transition management programs, Article 16 clinics, psychological clubs, recreation programs, or other behavioral health services.","Developmental, Psychological and Behavioral Health Services",Cleared,FY19,"PSCH, Inc."
FY19,A,data/fy19/schedule_c/fy19_schedule_c_awards.csv,628,133724008,250000,MENTAL HEALTH SERVICES,Opioid Prevention and Treatment,initiative_provider,"Housing Works, Inc.",133584089,250000,unique,same_fy,1,0,"Housing Works, Inc.",,,DHMH,This funding supports community-based organizations to conduct localized prevention and treatment efforts around opioid abuse.,Opioid Prevention and Treatment,Cleared,FY19,"Housing Works, Inc."
FY19,B,data/fy19/schedule_c/fy19_schedule_c_awards.csv,632,132709368,16000,PUBLIC SAFETY,,initiative_provider,"East Flatbush Village, Inc.",800612019,18000,unique_by_name,same_fy,2,0,"East Flatbush Village, Inc.",,,DCLA,"This allocation supports the use of art as a means to engage, organize, and mobilize communities in the public awareness and conflict mediation surrounding gun violence.",Art a Catalyst for Change,Cleared,FY19,"East Flatbush Village, Inc."
FY19,A,data/fy19/schedule_c/fy19_schedule_c_awards.csv,632,132709368,16000,PUBLIC SAFETY,,initiative_provider,"Afro-Latin Jazz Alliance of New York, Inc.",453665976,18000,unique,same_fy,1,0,"Afro-Latin Jazz Alliance of New York, Inc.",,Brownsville Academy,DCLA,"This allocation supports the use of art as a means to engage, organize, and mobilize communities in the public awareness and conflict mediation surrounding gun violence.",Art a Catalyst for Change,Cleared,FY19,"Afro-Latin Jazz Alliance of New York, Inc."
FY19,A,data/fy19/schedule_c/fy19_schedule_c_awards.csv,632,132709368,16000,PUBLIC SAFETY,,initiative_provider,"Central Brooklyn Jazz Consortium, Inc.",113549224,18000,unique,same_fy,1,0,"Central Brooklyn Jazz Consortium, Inc.",,Public School 284K,DCLA,"This allocation supports the use of art as a means to engage, organize, and mobilize communities in the public awareness and conflict mediation surrounding gun violence.",Art a Catalyst for Change,Cleared,FY19,"Central Brooklyn Jazz Consortium, Inc."
FY19,B,data/fy19/schedule_c/fy19_schedule_c_awards.csv,649,112864728,143000,SENIOR SERVICES,Borough Presidents’ Discretionary Funding Restoration,initiative_provider,"Community Service Center of Greater Williamsburg, Inc.",455180976,25000,unique_by_name,same_fy,2,0,"Community Service Center of Greater Williamsburg, Inc.",,,,,,Cleared,FY19,"Community Service Center of Greater Williamsburg, Inc."
FY19,A,data/fy19/schedule_c/fy19_schedule_c_awards.csv,680,200351906,100000,SENIOR SERVICES,Senior Centers for Immigrant Populations,initiative_provider,"Vision Urbana, Inc.",133848575,100000,unique,same_fy,1,0,"Vision Urbana, Inc.",,,DFTA,This initiative will provide operational support to culturally competent and linguistically accessible non-DFTA senior centers and programmatic support for DFTA senior centers that predominantly serve immigrant seniors.,Senior Centers for Immigrant Populations,Cleared,FY19,"Vision Urbana, Inc."
FY19,A,data/fy19/schedule_c/fy19_schedule_c_awards.csv,699,133591350,73000,SMALL BUSINESS SERVICES AND WORKFORCE DEVELOPMENT,Chamber on the Go and Small Business Assistance,initiative_provider,"Caribbean American Chamber of Commerce and Industry, Inc.",112903423,88500,unique,same_fy,1,0,"Caribbean American Chamber of Commerce and Industry, Inc.",,,SBS,"This initiative will provide assistance to entrepreneurs and small businesses. Funding will support outreach efforts aimed at increasing businesses’ access to a variety of services including: pro-bono legal assistance, technical and financing assistance, business counseling, financial literacy, referrals to other governmental resources and support, and assistance with affordable healthcare enrollment opportunities.",Chamber on the Go and Small Business Assistance,Cleared,FY19,"Caribbean American Chamber of Commerce and Industry, Inc."
FY19,A,data/fy19/schedule_c/fy19_schedule_c_awards.csv,704,133255591,125000,SMALL BUSINESS SERVICES AND WORKFORCE DEVELOPMENT,Construction Site Safety Training,initiative_provider,"Public Housing Communities, Inc.",203937275,125000,unique,same_fy,1,0,"Public Housing Communities, Inc.",,,SBS,"This funding provides $1 million for construction site safety training, education,outreach and referral services for construction workers and subcontractors employed at permitted building and demolition projects in the city.",Construction Site Safety,Cleared,FY19,"Public Housing Communities, Inc."
FY19,A,data/fy19/schedule_c/fy19_schedule_c_awards.csv,767,112777066,444700,SMALL BUSINESS SERVICES AND WORKFORCE DEVELOPMENT,Worker Cooperative Business Development Initiative,initiative_provider,"ICA Group, Inc., The",042628399,309800,unique,same_fy,1,0,"ICA Group, Inc., The",,,SBS,"The Worker Cooperative Business Development initiative will support the creation of jobs in worker cooperatives by coordinating education and training resources and by providing technical, legal, and financial assistance. The initiative will fund a comprehensive citywide effort to reach cooperative entrepreneurs, provide for the start-up of new worker cooperative small businesses, and provide assistance to existing cooperatives. The initiative will offer workforce development and concrete skills for unemployed, underemployed and discouraged workers in high-needs neighborhoods.",Worker Cooperative Business Development Initiative,Cleared,FY19,"ICA Group, Inc., The"
FY19,A,data/fy19/schedule_c/fy19_schedule_c_awards.csv,767,112777066,444700,SMALL BUSINESS SERVICES AND WORKFORCE DEVELOPMENT,Worker Cooperative Business Development Initiative,initiative_provider,"NYC NOWC, Inc.",465245034,252600,unique,same_fy,1,0,"NYC NOWC, Inc.",,,SBS,"The Worker Cooperative Business Development initiative will support the creation of jobs in worker cooperatives by coordinating education and training resources and by providing technical, legal, and financial assistance. The initiative will fund a comprehensive citywide effort to reach cooperative entrepreneurs, provide for the start-up of new worker cooperative small businesses, and provide assistance to existing cooperatives. The initiative will offer workforce development and concrete skills for unemployed, underemployed and discouraged workers in high-needs neighborhoods.",Worker Cooperative Business Development Initiative,Cleared,FY19,"NYC NOWC, Inc."
FY19,A,data/fy19/schedule_c/fy19_schedule_c_awards.csv,832,131623989,406000,YOUTH SERVICES,COMPASS,initiative_provider,"Development Outreach, Inc.",132997764,150000,unique,same_fy,1,0,"Development Outreach, Inc.",,,DYCD,This allocation supports programming for children in grades K-5 under the Comprehensive Afterschool System of New York City (COMPASS NYC).,COMPASS,Cleared,FY19,"Development Outreach, Inc."
FY19,A,data/fy19/schedule_c/fy19_schedule_c_awards.csv,833,135562301,263200,YOUTH SERVICES,COMPASS,initiative_provider,Jewish Institute of Queens,542068797,210000,unique,same_fy,1,0,Jewish Institute of Queens,,,DYCD,This allocation supports programming for children in grades K-5 under the Comprehensive Afterschool System of New York City (COMPASS NYC).,COMPASS,Cleared,FY19,Jewish Institute of Queens
FY19,A,data/fy19/schedule_c/fy19_schedule_c_awards.csv,834,112799128,84000,YOUTH SERVICES,COMPASS,initiative_provider,"Strycker's Bay Neighborhood Council, Inc.",131943516,134400,unique,same_fy,1,0,"Strycker's Bay Neighborhood Council, Inc.",,,DYCD,This allocation supports programming for children in grades K-5 under the Comprehensive Afterschool System of New York City (COMPASS NYC).,COMPASS,Cleared,FY19,"Strycker's Bay Neighborhood Council, Inc."
FY19,A,data/fy19/schedule_c/fy19_schedule_c_awards.csv,847,133203701,179500,YOUTH SERVICES,YouthBuild Project Initiative,initiative_provider,South Bronx Overall Economic Development Corporation,132736022,370100,unique,same_fy,1,0,South Bronx Overall Economic Development Corporation,,,DYCD,"YouthBuild is a comprehensive education, training, service and leadership development program that gives young adults who have left high school without a diploma the opportunity to transform their life prospects and become responsible, contributing adults.",YouthBuild Project Initiative,Cleared,FY19,South Bronx Overall Economic Development Corporation
