file,line,fiscal_year,ein,organization,our_amount,verdict,nearest_disclosure_amount,delta,belongs_to_ein,org_text_merged,pdf_verdict,pdf_line,pdf_amounts,pdf_ein_lines,pdf_text
data/fy15/schedule_c/fy15_schedule_c_awards.csv,9,2015,133780848,New Yorkers Against Gun Violence,30000,ein_absent,,,,,pdf_confirms,448,30000,1,"New Yorkers Against Gun Violence 13-3780848 $30,000"
data/fy15/schedule_c/fy15_schedule_c_awards.csv,38,2015,201518304,Bushwick Housing Independence Project (BHIP),15000,ein_absent,,,,,pdf_confirms,516,15000,1,"Reynoso Bushwick Housing Independence Project (BHIP) 20-1518304 $15,000"
data/fy15/schedule_c/fy15_schedule_c_awards.csv,50,2015,465144468,Central Brooklyn Legal Services Corp,3500,ein_absent,,,,,pdf_confirms,529,3500,2,"Williams Central Brooklyn Legal Services Corp 46-5144468 $3,500"
data/fy15/schedule_c/fy15_schedule_c_awards.csv,291,2015,454847192,"Brooklyn City-Wide Council Of Presidents, Inc.",38750,ein_absent,,,,,pdf_confirms,849,38750,2,"Brooklyn City-Wide Council Of Presidents, Inc. 45-4847192 $38,750"
data/fy15/schedule_c/fy15_schedule_c_awards.csv,303,2015,133706385,Manhattan APICHA Community Health Center,10556,ein_absent,,,,,pdf_confirms,861,10556,4,"Manhattan APICHA Community Health Center 13-3706385 $10,556"
data/fy15/schedule_c/fy15_schedule_c_awards.csv,386,2015,111904261,Brooklyn Public Library (BPL),175000,ein_absent,,,,,pdf_confirms,1013,175000,1,"Brooklyn Public Library (BPL) 11-1904261 $175,000"
data/fy15/schedule_c/fy15_schedule_c_awards.csv,388,2015,111904262,Queens Public Library (QPL),175000,ein_absent,,,,,pdf_confirms,1015,175000,1,"Queens Public Library (QPL) 11-1904262 $175,000"
data/fy15/schedule_c/fy15_schedule_c_awards.csv,415,2015,133422660,ENACT,310000,ein_absent,,,,,pdf_confirms,1580,310000,1,"ENACT 13-3422660 $310,000"
data/fy15/schedule_c/fy15_schedule_c_awards.csv,417,2015,112995109,Institute for Student Achievement,167000,ein_absent,,,,,pdf_confirms,1582,167000,1,"Institute for Student Achievement 11-2995109 $167,000"
data/fy15/schedule_c/fy15_schedule_c_awards.csv,458,2015,133464470,HELP/PSI,60000,ein_absent,,,,,pdf_confirms,2003,60000,1,"HELP/PSI 13-3464470 $60,000"
data/fy15/schedule_c/fy15_schedule_c_awards.csv,572,2015,133077049,"Neighborhood Self Help by Older Persons Project, Inc.",32000,ein_absent,,,,,pdf_confirms,3002,32000,1,"Lafayette/Boyton Lafayette NORC 13-3077049 $32,000"
data/fy15/schedule_c/fy15_schedule_c_awards.csv,576,2015,135654450,Selfhelp Community Services,234000,ein_absent,,,,,pdf_confirms,3006,234000,1,"Selfhelp Community Services - Northridge NORC 13-5654450 $234,000"
data/fy15/schedule_c/fy15_schedule_c_awards.csv,578,2015,030387372,South Brooklyn Youth Consortium,79000,ein_absent,,,,,pdf_confirms,3008,79000,1,"South Brooklyn Youth Consortium – South Brooklyn Youth NORC 03-0387372 $79,000"
data/fy15/schedule_c/fy15_schedule_c_awards.csv,587,2015,237378422,Stein Center Senior Center,100000,ein_absent,,,,,pdf_confirms,3052,100000,1,"Stein Center Senior Center – Stein Neighborhood Center 23-7378422 $100,000"
data/fy15/schedule_c/fy15_schedule_c_awards.csv,611,2015,112510289,Brooklyn Economic Development Corporation,60925,ein_absent,,,,,pdf_confirms,3270,60925,1,"Brooklyn Economic Development Corporation 11-2510289 $60,925"
data/fy15/schedule_c/fy15_schedule_c_awards.csv,619,2015,270111010,"Women Builders Council, Inc.",43950,ein_absent,,,,,pdf_confirms,3283,43950,1,"Women Builders Council, Inc. 27-0111010 $43,950"
data/fy15/schedule_c/fy15_schedule_c_awards.csv,626,2015,113306944,Jamaica Business Resource Center,64500,ein_absent,,,,,pdf_confirms,3347,64500,1,"Jamaica Business Resource Center 11-3306944 $64,500"
data/fy15/schedule_c/fy15_schedule_c_awards.csv,646,2015,133682471,Coalition for Asian American Children and Families,833333,neighbour_bleed,500000,333333,133573852,,pdf_confirms,3605,833333,9,"Coalition for Asian American Children and Families 13-3682471 $833,333"
data/fy15/schedule_c/fy15_schedule_c_awards.csv,648,2015,131671035,New York Urban League,833333,rounding,833334,-1,,,pdf_confirms,3607,833333,2,"New York Urban League 13-1671035 $833,333"
data/fy16/schedule_c/fy16_schedule_c_awards.csv,14,2016,131740021,"Pamela C Torres Day Care Center, Inc.",622088,ein_absent,,,,,pdf_confirms,1892,622088,1,"Pamela C Torres Day Care Center, Inc. 13-1740021 $622,088"
data/fy16/schedule_c/fy16_schedule_c_awards.csv,56,2016,133092676,Harlem Hospital Center,300000,ein_absent,,,,,pdf_confirms,3704,300000,1,"Harlem Hospital Center 13-3092676 $300,000"
data/fy16/schedule_c/fy16_schedule_c_awards.csv,69,2016,133020589,Belmont Arthur Avenue Local Development Organization,29730,rounding,29729,1,,,pdf_confirms,4029,29730,1,"Belmont Arthur Avenue Local Development Organization 13-3020589 $29,730"
data/fy16/schedule_c/fy16_schedule_c_awards.csv,70,2016,113250772,Bridge Street Development Corporation,29730,rounding,29729,1,,,pdf_confirms,4030,29730,4,"Bridge Street Development Corporation 11-3250772 $29,730"
data/fy16/schedule_c/fy16_schedule_c_awards.csv,71,2016,112435523,"Brighton Neighborhood Association, Inc.",29730,rounding,29729,1,,,pdf_confirms,4031,29730,2,"Brighton Neighborhood Association, Inc. 11-2435523 $29,730"
data/fy16/schedule_c/fy16_schedule_c_awards.csv,73,2016,112652331,"Central Astoria Local Development Coalition, Inc.",29730,rounding,29729,1,,,pdf_confirms,4033,29730,7,"Central Astoria Local Development Coalition, Inc. 11-2652331 $29,730"
data/fy16/schedule_c/fy16_schedule_c_awards.csv,74,2016,132564241,"Clinton Housing Development Company, Inc. 13-2851988 * $29,730 Community League of the Heights, Inc.",29730,rounding,29729,1,,yes,pdf_confirms_weak,4035,29730,4,"Community League of the Heights, Inc. 13-2564241 $29,730"
data/fy16/schedule_c/fy16_schedule_c_awards.csv,75,2016,133311582,"El Barrio Operation Fight Back, Inc. 13-3248777 * $29,730 Eviction Intervention Services Homelessness Prevention, Inc.",29730,rounding,29729,1,,yes,pdf_confirms_weak,4037,29730,4,"Eviction Intervention Services Homelessness Prevention, Inc. 13-3311582 $29,730"
data/fy16/schedule_c/fy16_schedule_c_awards.csv,76,2016,132915659,"Good Old Lower East Side, Inc.",29730,rounding,29729,1,,,pdf_confirms,4038,29730,4,"Good Old Lower East Side, Inc. 13-2915659 $29,730"
data/fy16/schedule_c/fy16_schedule_c_awards.csv,83,2016,133098397,Neighborhood Housing Services of East Flatbush,29731,rounding,29730,1,,,pdf_confirms,4048,29731,14,"Neighborhood Housing Services of East Flatbush 13-3098397 $29,731"
data/fy16/schedule_c/fy16_schedule_c_awards.csv,94,2016,132735378,"Strycker's Bay Neighborhood Council, Inc. 13-1943516 * $29,730 United Jewish Council of the East Side, Inc.",29731,rounding,29730,1,,yes,pdf_confirms_weak,4062,29731,3,"United Jewish Council of the East Side, Inc. 13-2735378 $29,731"
data/fy16/schedule_c/fy16_schedule_c_awards.csv,134,2016,133165187,"Bailey House, Inc.",125000,ein_absent,,,,,pdf_confirms,4774,125000,1,"Bailey House, Inc. 13-3165187 $125,000"
data/fy16/schedule_c/fy16_schedule_c_awards.csv,170,2016,133780848,New Yorkers Against Gun Violence,30000,ein_absent,,,,,pdf_confirms,5261,30000,1,"New Yorkers Against Gun Violence 13-3780848 $30,000"
data/fy16/schedule_c/fy16_schedule_c_awards.csv,233,2016,111839567,Lutheran Family Health Center's Family Support Center,95000,ein_absent,,,,,pdf_confirms,5705,95000,1,"Lutheran Family Health Center's Family Support Center 11-1839567 $95,000"
data/fy16/schedule_c/fy16_schedule_c_awards.csv,279,2016,133573842,Hispanic Federation,1000000,ein_absent,,,,,pdf_confirms,6539,1000000,1,"Hispanic Federation 13-3573842 $1,000,000"
data/fy16/schedule_c/fy16_schedule_c_awards.csv,314,2016,135564940,"Sheltering Arms Children and Family Services, Inc.",240800,ein_absent,,,,,pdf_confirms,6605,240800,1,"Sheltering Arms Children and Family Services, Inc. 13-5564940 $240,800"
data/fy16/schedule_c/fy16_schedule_c_awards.csv,334,2016,471912944,Fund for New York City Voter Assistance Corporation,343840,ein_absent,,,,,pdf_confirms,6739,343840,1,"Fund for New York City Voter Assistance Corporation 47-1912944 $343,840"
data/fy17/schedule_c/fy17_schedule_c_awards.csv,7,2017,111904261,Brooklyn Public Library (BPL),175000,ein_absent,,,,,pdf_confirms,1890,175000,1,"Brooklyn Public Library (BPL) 11-1904261 $175,000"
data/fy17/schedule_c/fy17_schedule_c_awards.csv,12,2017,111904262,Queens Public Library (QPL),175000,ein_absent,,,,,pdf_confirms,1898,175000,1,"Queens Public Library (QPL) 11-1904262 $175,000"
data/fy17/schedule_c/fy17_schedule_c_awards.csv,16,2017,133573842,"Hispanic Federation, Inc.",983333,ein_absent,,,,,pdf_confirms,1974,983333,1,"Hispanic Federation, Inc. 13-3573842 $983,333"
data/fy17/schedule_c/fy17_schedule_c_awards.csv,163,2017,112498292,"Good Old Lower East Side, Inc. 13-3311582 * $29,729 Gowanus Canal Community Development Corporation 13-2915659 * $29,729 Greater Ridgewood Restoration Corporation",29730,rounding,29729,1,,yes,pdf_confirms,4262,29730,1,"Greater Ridgewood Restoration Corporation 11-2498292 $29,730"
data/fy17/schedule_c/fy17_schedule_c_awards.csv,209,2017,113305406,"Bronx Defenders 13-3931074 * $2,076,667 Brooklyn Defenders Services",2076666,rounding,2076667,-1,,yes,pdf_confirms_weak,4616,2076666,10,"Brooklyn Defenders Services 11-3305406 $2,076,666"
data/fy17/schedule_c/fy17_schedule_c_awards.csv,273,2017,133165187,"Bailey House, Inc.",125000,ein_absent,,,,,pdf_confirms,5053,125000,1,"Bailey House, Inc. 13-3165187 $125,000"
data/fy17/schedule_c/fy17_schedule_c_awards.csv,300,2017,133077049,"Neighborhood Self Help by Older Persons Project, Inc.",32000,ein_absent,,,,,pdf_confirms,5418,32000,1,"Lafayette/Boyton Lafayette NORC 13-3077049 $32,000"
data/fy18/schedule_c/fy18_appendix_a_aging.csv,124,2018,116325086,.00 To support various creative aging activities and multicultural programs at the library. Vallone Friendship Club of St. Andrew Avellino,5000,ein_absent,,,,,pdf_confirms_weak,6751,5000,2,"Vallone Friendship Club of St. Andrew Avellino 116325086 $5,000.00"
data/fy18/schedule_c/fy18_appendix_a_aging.csv,331,2018,432061329,".00 The funding will provide seniors over the age of sixty who reside in the greater Clearview, Whitestone, Le Harve, Bay Terrace, Flushing Communities with a dedicated transportation service. Vacca San Gennaro Senior Center",10000,ein_absent,,,,,pdf_confirms,7798,10000,1,"Vacca San Gennaro Senior Center 432061329 $10,000.00"
data/fy18/schedule_c/fy18_schedule_c_awards.csv,115,2018,060646594,"American Lung Association of the Northeast, Inc.",78000,ein_absent,,,,,pdf_confirms,3237,78000,1,"American Lung Association of the Northeast, Inc. 06-0646594 $78,000"
data/fy18/schedule_c/fy18_schedule_c_awards.csv,390,2018,133077049,"Neighborhood Self Help by Older Persons Project, Inc.",32000,ein_absent,,,,,pdf_confirms,4947,32000,1,"Lafayette/Boyton Lafayette NORC 13-3077049 $32,000"
data/fy18/schedule_c/fy18_schedule_c_awards.csv,394,2018,135654450,Selfhelp Community Services,234000,ein_absent,,,,,pdf_confirms,4951,234000,1,"Selfhelp Community Services - Northridge NORC 13-5654450 $234,000"
data/fy18/schedule_c/fy18_schedule_c_awards.csv,423,2018,371514651,"Members Assistance Program, Inc. (MAP)",200000,ein_absent,,,,,pdf_confirms,5192,200000,1,"Members Assistance Program, Inc. (MAP) 37-1514651 $200,000"
data/fy18/schedule_c/fy18_schedule_c_awards.csv,426,2018,133238142,Cooperative Home Care Associates,200000,ein_absent,,,,,pdf_confirms,5201,200000,1,"Cooperative Home Care Associates 13-3238142 $200,000"
data/fy18/schedule_c/fy18_schedule_c_awards.csv,430,2018,237359002,"ARGUS Community, Inc",100000,ein_absent,,,,,pdf_confirms,5208,100000,1,"ARGUS Community, Inc 23-7359002 $100,000 Job Placement"
data/fy18/schedule_c/fy18_schedule_c_awards.csv,433,2018,134147836,Homeless Edward J. Malloy Initiative for Construction Skills,110000,ein_absent,,,,,pdf_confirms,5216,110000,1,"Edward J. Malloy Initiative for Construction Skills 13-4147836 $110,000"
data/fy18/schedule_c/fy18_schedule_c_awards.csv,439,2018,201635756,"RV Systems, Inc. (Database)",185000,ein_absent,,,,,pdf_confirms,5231,185000,1,"RV Systems, Inc. (Database) 20-1635756 $185,000 Program data and Reporting Monitoring"
data/fy19/schedule_c/fy19_schedule_c_awards.csv,21,2019,133251186,"Borough of Manhattan Community College Early Childhood Center, Inc.",50000,ein_absent,,,,,pdf_confirms,1665,50000,1,"Borough of Manhattan Community College Early Childhood Center, Inc. 13-3251186 $50,000"
data/fy19/schedule_c/fy19_schedule_c_awards.csv,25,2019,111633509,"Central Queens YM & YWHA, Inc.",50000,ein_absent,,,,,pdf_confirms,1669,50000,4,"Central Queens YM & YWHA, Inc. 11-1633509 $50,000"
data/fy19/schedule_c/fy19_schedule_c_awards.csv,166,2019,135675643,"Crime Victims Treatment Center, Inc. 81-5080860 * $45,000 Edwin Gould Services for Children and Families",45000,ein_absent,,,,yes,pdf_confirms_weak,2177,45000,4,"Edwin Gould Services for Children and Families 13-5675643 $45,000"
data/fy19/schedule_c/fy19_schedule_c_awards.csv,235,2019,060646594,"American Lung Association of the Northeast, Inc.",78000,ein_absent,,,,,pdf_confirms,2789,78000,1,"American Lung Association of the Northeast, Inc. 06-0646594 $78,000"
data/fy19/schedule_c/fy19_schedule_c_awards.csv,236,2019,133092676,Harlem Hospital Center,300000,ein_absent,,,,,pdf_confirms,2790,300000,1,"Harlem Hospital Center 13-3092676 $300,000"
data/fy19/schedule_c/fy19_schedule_c_awards.csv,274,2019,341213000,"New York Blood Center, Inc., The",150000,ein_absent,,,,,pdf_confirms,2853,150000,1,"New York Blood Center, Inc., The 34-1213000 $150,000"
data/fy19/schedule_c/fy19_schedule_c_awards.csv,304,2019,208427029,"Mount Horeb Baptist Church 11-2074467 * $10,000 Mt. Moriah AME Church",10000,ein_absent,,,,yes,pdf_confirms,2905,10000,1,"Mt. Moriah AME Church 20-8427029 $10,000"
data/fy19/schedule_c/fy19_schedule_c_awards.csv,466,2019,131924182,Sloan-Kettering Institute for Cancer Research,200000,ein_absent,,,,,pdf_confirms,3575,200000,2,"Sloan-Kettering Institute for Cancer Research 13-1924182 $200,000"
data/fy19/schedule_c/fy19_schedule_c_awards.csv,482,2019,901013912,CUNY School of Law Justice & Auxiliary Services Corporation,24000,ein_absent,,,,,pdf_confirms,3609,24000,13,"CUNY School of Law Justice & Auxiliary Services Corporation 90-1013912 $24,000"
data/fy19/schedule_c/fy19_schedule_c_awards.csv,534,2019,500615968,"Giving Alternative Learners Uplifting Opportunities, Inc.",50000,ein_absent,,,,,pdf_confirms,3940,50000,1,"Giving Alternative Learners Uplifting Opportunities, Inc. 50-0615968 $50,000"
data/fy19/schedule_c/fy19_schedule_c_awards.csv,545,2019,113442879,"New York Families for Autistic Children, Inc.",219665,ein_absent,,,,,pdf_confirms,3951,219665,2,"New York Families for Autistic Children, Inc. 11-3442879 $219,665"
data/fy19/schedule_c/fy19_schedule_c_awards.csv,631,2019,133561567,City Parks Foundation,600000,ein_absent,,,,,pdf_confirms,4234,600000,1,"City Parks Foundation 13-3561567 $600,000"
data/fy19/schedule_c/fy19_schedule_c_awards.csv,736,2019,371514651,"Members Assistance Program, Inc. (MAP)",200000,ein_absent,,,,,pdf_confirms,4867,200000,1,"Members Assistance Program, Inc. (MAP) 37-1514651 $200,000"
data/fy19/schedule_c/fy19_schedule_c_awards.csv,739,2019,133238142,Cooperative Home Care Associates,200000,ein_absent,,,,,pdf_confirms,4884,200000,1,"Cooperative Home Care Associates 13-3238142 $200,000"
data/fy19/schedule_c/fy19_schedule_c_awards.csv,743,2019,237359002,"ARGUS Community, Inc",100000,ein_absent,,,,,pdf_confirms,4891,100000,1,"ARGUS Community, Inc 23-7359002 $100,000 Job Placement"
data/fy19/schedule_c/fy19_schedule_c_awards.csv,744,2019,133255679,STRIVE,100000,ein_absent,,,,,pdf_confirms,4893,100000,1,"STRIVE – East Harlem Employment Services 13-3255679 $100,000"
data/fy19/schedule_c/fy19_schedule_c_awards.csv,747,2019,311731465,Exodus Transitional Community,75000,ein_absent,,,,,pdf_confirms,4902,75000,1,"Exodus Transitional Community 31-1731465 $75,000"
data/fy19/schedule_c/fy19_schedule_c_awards.csv,752,2019,201635756,"RV Systems, Inc. (Database)",185000,ein_absent,,,,,pdf_confirms,4915,185000,1,"RV Systems, Inc. (Database) 20-1635756 $185,000"
data/fy19/schedule_c/fy19_schedule_c_awards.csv,771,2019,112841751,"Main Street Legal Services, Inc.",94000,ein_absent,,,,,pdf_confirms,5023,94000,1,"Main Street Legal Services, Inc. 11-2841751 $94,000"
data/fy19/schedule_c/fy19_schedule_c_awards.csv,789,2019,135675643,Edwin Gould Services for Children and Families,250000,ein_absent,,,,,pdf_confirms,5745,250000,4,"Edwin Gould Services for Children and Families 13-5675643 $250,000"
data/fy20/schedule_c/fy20_schedule_c_awards.csv,986,2020,800361646,Van Cortlandt Park Conservancy,20000,ein_absent,,,,,pdf_confirms,4001,20000,1,"Cohen Van Cortlandt Park Conservancy 80-0361646 $20,000"
data/fy20/schedule_c/fy20_schedule_c_awards.csv,1371,2020,300037735,Flushing Meadows-Corona Park Conservancy,39000,ein_absent,,,,,pdf_confirms,4919,39000,1,"Moya Flushing Meadows-Corona Park Conservancy 30-0037735 $39,000"
data/fy20/schedule_c/fy20_schedule_c_awards.csv,1445,2020,133412540,"Doe Fund, Inc., The",20000,ein_absent,,,,,pdf_confirms,5040,20000,1,"Eugene Doe Fund, Inc., The 13-3412540 $20,000"
data/fy20/schedule_c/fy20_schedule_c_awards.csv,1574,2020,112868878,University Hospital,50000,ein_absent,,,,,pdf_confirms,5446,50000,1,"Staten Island University Hospital 11-2868878 $50,000"
data/fy20/schedule_c/fy20_schedule_c_awards.csv,2154,2020,822659106,"Friends of Kivlehan Park, Inc.",10000,ein_absent,,,,,pdf_confirms,7379,10000,1,"Matteo Friends of Kivlehan Park, Inc. - Kivlehan Park 82-2659106 $10,000"
data/fy20/schedule_c/fy20_schedule_c_awards.csv,2175,2020,132561121,"Turtle Bay Tree Fund, Inc.",10000,ein_absent,,,,,pdf_confirms_weak,7421,10000,2,"Powers Maintenance in Neighborhood Tree Beds @ Council 13-2561121 $10,000"
data/fy20/schedule_c/fy20_schedule_c_awards.csv,2176,2020,113582255,"Stuyvesant Cove Park Association, Inc.",10000,ein_absent,,,,,pdf_confirms,7424,10000,1,"Powers 11-3582255 $10,000"
data/fy20/schedule_c/fy20_schedule_c_awards.csv,2306,2020,510204121,"Jamaica Service Program for Older Adults (JSPOA), Inc.",20000,ein_absent,,,,,pdf_confirms,7911,20000,10,"Jamaica Service Program for Older Adults (JSPOA), Inc. - Council District 28 51-0204121 $20,000"
data/fy20/schedule_c/fy20_schedule_c_awards.csv,2394,2020,510204121,"Jamaica Service Program for Older Adults (JSPOA), Inc.",50000,ein_absent,,,,,pdf_confirms,8056,50000,10,"Jamaica Service Program for Older Adults (JSPOA), Inc. 51-0204121 $50,000"
data/fy20/schedule_c/fy20_schedule_c_awards.csv,2398,2020,136206256,"Morningside Retirement and Health Services, Inc.",48620,ein_absent,,,,,pdf_confirms,8060,48620,1,"Morningside Retirement and Health Services, Inc. 13-6206256 $48,620"
data/fy20/schedule_c/fy20_schedule_c_awards.csv,2504,2020,510204121,"Jamaica Service Program for Older Adults (JSPOA), Inc.",20000,ein_absent,,,,,pdf_confirms,7911,20000,10,"Jamaica Service Program for Older Adults (JSPOA), Inc. - Council District 28 51-0204121 $20,000"
data/fy20/schedule_c/fy20_schedule_c_awards.csv,2505,2020,510204121,"Jamaica Service Program for Older Adults (JSPOA), Inc.",10000,ein_absent,,,,,pdf_confirms,8252,10000,10,"Jamaica Service Program for Older Adults (JSPOA), Inc. - Rockaway Blvd Center 51-0204121 $10,000"
data/fy20/schedule_c/fy20_schedule_c_awards.csv,2559,2020,112037770,"Queensborough Community College Auxiliary Enterprise Association, Inc.",10000,ein_absent,,,,,pdf_confirms,8317,10000,1,"Queensborough Community College Auxiliary Enterprise Association, Inc. 11-2037770 $10,000"
data/fy21/schedule_c/fy21_appendix_a_aging.csv,2,2021,237247809,AARP Fort Schuyler Chapter #1242,10000,ein_absent,,,,,pdf_confirms,5968,10000,1,"Gjonaj AARP Fort Schuyler Chapter #1242 237247809 $10,000 issues relevant to them."
data/fy21/schedule_c/fy21_appendix_a_aging.csv,24,2021,264164117,"Asian Community United Society, Inc.",10000,ein_absent,,,,,pdf_confirms,6017,10000,3,"Brannan Asian Community United Society, Inc. 264164117 $10,000 Funding to support Community Health Service for Seniors."
data/fy21/schedule_c/fy21_appendix_a_aging.csv,25,2021,264164117,"Asian Community United Society, Inc.",3500,ein_absent,,,,,pdf_confirms,6019,3500,3,"Yeger Asian Community United Society, Inc. 264164117 $3,500 support yoga and health classes."
data/fy21/schedule_c/fy21_appendix_a_aging.csv,26,2021,264164117,"Asian Community United Society, Inc. -Senior Outreach and Programming for Elmhurst Lunar New Year",5000,ein_absent,,,,,pdf_confirms_weak,6022,5000,3,"Dromm Programming for Elmhurst Lunar New Year 264164117 $5,000 To fund outreach and programming for seniors at Elmhurst Lunar New Year celebration."
data/fy21/schedule_c/fy21_appendix_a_aging.csv,335,2021,133413349,"Penn South Social Services, Inc.",15500,ein_absent,,,,,pdf_confirms,6850,15500,2,"Johnson Penn South Social Services, Inc. 133413349 $15,500 able to work in a traditional outdoor garden to learn about plants and flowers."
data/fy21/schedule_c/fy21_appendix_b_local.csv,24,2021,900394877,"Adams Street Foundation, Inc.",5000,ein_absent,,,,,pdf_confirms,7403,5000,1,"Levin Adams Street Foundation, Inc. 900394877 $5,000 DYCD To support overnight multi-college trip for students."
data/fy21/schedule_c/fy21_appendix_b_local.csv,35,2021,262090212,"Afrolatin@ Project, Inc., The",5000,ein_absent,,,,,pdf_confirms,7428,5000,1,"Barron Afrolatin@ Project, Inc., The - Council District 42 262090212 $5,000 DCLA Funding will support community cultural programming and events."
data/fy21/schedule_c/fy21_appendix_b_local.csv,61,2021,834167441,"Amayas Bookreads, Inc.",5000,ein_absent,,,,,pdf_confirms,7500,5000,1,"Rodriguez Amayas Bookreads, Inc. 834167441 $5,000 DYCD To cover expenses related to Read it, Grow it After School Program."
data/fy21/schedule_c/fy21_appendix_b_local.csv,131,2021,822712941,Asiyah Women's Center,7500,ein_absent,,,,,pdf_confirms,7684,7500,1,"Perkins Asiyah Women's Center - SAVE for Immigrant Women 822712941 $7,500 MOCJ Women."
data/fy21/schedule_c/fy21_appendix_b_local.csv,144,2021,264316546,"Associazione Culturale Italiana di New York, Inc.",7500,ein_absent,,,,,pdf_confirms,7712,7500,1,"Holden Associazione Culturale Italiana di New York, Inc. 264316546 $7,500 DYCD Funds to be used to support theatre rental and advertising."
data/fy21/schedule_c/fy21_appendix_b_local.csv,172,2021,112602994,Bay Ridge Community Council,5000,ein_absent,,,,,pdf_confirms,7785,5000,1,"Brannan Bay Ridge Community Council 112602994 $5,000 DYCD To fund educational and recreational activities for youth."
data/fy21/schedule_c/fy21_appendix_b_local.csv,175,2021,113372987,Bayside Business Association,5000,ein_absent,,,,,pdf_confirms,7792,5000,1,"Vallone Bayside Business Association 113372987 $5,000 SBS educating (workshops/seminars) and organizing the businesses of Bayside."
data/fy21/schedule_c/fy21_appendix_b_local.csv,307,2021,274620010,Brooklyn Alliance of Neighborhood Gardens Land Trust,3500,ein_absent,,,,,pdf_confirms,8121,3500,2,"Lander Brooklyn Alliance of Neighborhood Gardens Land Trust 274620010 $3,500 DYCD maintenance of gardens."
data/fy21/schedule_c/fy21_appendix_b_local.csv,308,2021,274620010,Brooklyn Alliance of Neighborhood Gardens Land Trust,2000,ein_absent,,,,,pdf_confirms,8124,2000,2,"Levin Brooklyn Alliance of Neighborhood Gardens Land Trust 274620010 $2,000 DYCD public use of the gardens, as well as general operating expenses."
data/fy21/schedule_c/fy21_appendix_b_local.csv,382,2021,261422585,"Brothers Care, Inc.",5000,ein_absent,,,,,pdf_confirms_weak,8316,5000,2,"Rose Day Free Street Fair 261422585 $5,000 DYCD running the annual West Brighton Harmony Day event."
data/fy21/schedule_c/fy21_appendix_b_local.csv,383,2021,261422585,"Brothers Care, Inc.",5000,ein_absent,,,,,pdf_confirms_weak,8316,5000,2,"Rose Day Free Street Fair 261422585 $5,000 DYCD running the annual West Brighton Harmony Day event."
data/fy21/schedule_c/fy21_appendix_b_local.csv,411,2021,112903423,"Caribbean American Chamber of Commerce and Industry, Inc.",5000,ein_absent,,,,,pdf_confirms_weak,537,5000,4,"Eugene Council District 40 112903423 $5,000 SBS training/information sessions."
data/fy21/schedule_c/fy21_appendix_b_local.csv,458,2021,135645885,Center for New York City Law at New York Law School,35400,ein_absent,,,,,pdf_confirms,8509,35400,1,"Adams CUNY School of Law - Legal Services - Council District 28 135645885 $35,400 DYCD To support legal services including information and consultations in Coun"
data/fy21/schedule_c/fy21_appendix_b_local.csv,539,2021,452978709,"Cidadao Global, Global Citizen, Inc.",5000,ein_absent,,,,,pdf_confirms,8721,5000,1,"Van Bramer Cidadao Global, Global Citizen, Inc. 452978709 $5,000 DSS/HRA immigrants."
data/fy21/schedule_c/fy21_appendix_b_local.csv,640,2021,831205784,Community Capacity Development,5500,ein_absent,,,,,pdf_confirms,8991,5500,1,"Louis Community Capacity Development - Council District 45 831205784 $5,500 DYCD support for community-based organizations within the 45 Council District."
data/fy21/schedule_c/fy21_appendix_b_local.csv,711,2021,113635991,"Cultural Collaborative Jamaica, Inc.",7500,ein_absent,,,,,pdf_confirms,9183,7500,1,"Miller Cultural Collaborative Jamaica, Inc. 113635991 $7,500 DYCD Funding will cover administrative and artist fees, equipment and supplies."
data/fy21/schedule_c/fy21_appendix_b_local.csv,914,2021,464636329,"Do You Enlightenment and Cultural Empowerment Services, Inc.",5000,ein_absent,,,,,pdf_confirms,9632,5000,1,"Ampry-Samuel Services, Inc. 464636329 $5,000 DYCD Course."
data/fy21/schedule_c/fy21_appendix_b_local.csv,924,2021,824767340,"Dorill Initiative, Inc.",5000,ein_absent,,,,,pdf_confirms,9666,5000,1,"Rivera Dorill Initiative, Inc. 824767340 $5,000 DYCD Funding will support Dorill Initiative's programming and operations."
data/fy21/schedule_c/fy21_appendix_b_local.csv,937,2021,112806214,"Dutch Kills Civic Association, Inc.",6800,ein_absent,,,,,pdf_confirms,9703,6800,1,"Van Bramer Dutch Kills Civic Association, Inc. 112806214 $6,800 DYCD opportunities and services available to constituents in Dutch Kills."
data/fy21/schedule_c/fy21_appendix_b_local.csv,939,2021,133202305,Dyckman Resident Association,5000,ein_absent,,,,,pdf_confirms,9709,5000,1,"Rodriguez Dyckman Resident Association 133202305 $5,000 DYCD and trainings."
data/fy21/schedule_c/fy21_appendix_b_local.csv,947,2021,824418780,"East New York 4 Gardens, Inc.",5000,ein_absent,,,,,pdf_confirms,9726,5000,1,"Barron East New York 4 Gardens, Inc. - Council District 42 824418780 $5,000 DYCD programming in Council District 42."
data/fy21/schedule_c/fy21_appendix_b_local.csv,965,2021,814449558,"Educators for Student Success Association, Inc.",5000,ein_absent,,,,,pdf_confirms,9769,5000,1,"Ayala Scholars program 814449558 $5,000 DYCD and career readiness."
data/fy21/schedule_c/fy21_appendix_b_local.csv,1013,2021,201981209,"Feathered Friends Parrot Adoption Services, Inc.",5000,ein_absent,,,,,pdf_confirms,9885,5000,1,"Holden Feathered Friends Parrot Adoption Services, Inc. 201981209 $5,000 DYCD Funds to be used for costs associated with animal care."
data/fy21/schedule_c/fy21_appendix_b_local.csv,1021,2021,113044143,"Federazione Italo-Americana of Brooklyn & Queens, Inc.",5000,ein_absent,,,,,pdf_confirms,9913,5000,1,"Holden Federazione Italo-Americana of Brooklyn & Queens, Inc. 113044143 $5,000 DYCD staffing."
data/fy21/schedule_c/fy21_appendix_b_local.csv,1086,2021,134122378,Friends of Crotona Park,10000,ein_absent,,,,,pdf_confirms,10077,10000,2,"Salamanca Friends of Crotona Park - Crotona Park Programming 134122378 $10,000 DPR Crotona Park."
data/fy21/schedule_c/fy21_appendix_b_local.csv,1087,2021,134122378,Friends of Crotona Park,10000,ein_absent,,,,,pdf_confirms,10077,10000,2,"Salamanca Friends of Crotona Park - Crotona Park Programming 134122378 $10,000 DPR Crotona Park."
data/fy21/schedule_c/fy21_appendix_b_local.csv,1172,2021,821011857,Good Call NYC Corporation,5000,ein_absent,,,,,pdf_confirms,10297,5000,1,"Ampry-Samuel Good Call NYC Corporation 821011857 $5,000 DYCD Fund will be used to support 24/7 hotline service in Council District 41."
data/fy21/schedule_c/fy21_appendix_b_local.csv,1181,2021,202765775,"Grace Family Services, Inc.",5500,ein_absent,,,,,pdf_confirms,10319,5500,2,"Louis Grace Family Services, Inc. - Council District 45 202765775 $5,500 DYCD providing course materials and toolkits for courses."
data/fy21/schedule_c/fy21_appendix_b_local.csv,1258,2021,135562162,"Helen Keller International, Inc.",5000,ein_absent,,,,,pdf_confirms,10512,5000,6,"Dromm Helen Keller International, Inc. - Eye Exams & Glasses 135562162 $5,000 DYCD To support the provision of eye exams and glasses to students in Council Dist"
data/fy21/schedule_c/fy21_appendix_b_local.csv,1259,2021,135562162,"Helen Keller International, Inc.",24000,ein_absent,,,,,pdf_confirms,10515,24000,6,"Moya Helen Keller International, Inc. - New York Vision Program 135562162 $24,000 DYCD including screening, an eye exam, and a pair of prescription glasses if n"
data/fy21/schedule_c/fy21_appendix_b_local.csv,1260,2021,135562162,"Helen Keller International, Inc.",2500,ein_absent,,,,,pdf_confirms,10517,2500,6,"Levin Helen Keller International, Inc. - Youth - Council District 33 135562162 $2,500 DYCD To provide glasses to children in need in Council District 33."
data/fy21/schedule_c/fy21_appendix_b_local.csv,1269,2021,113462888,Highland Park Community Development Corporation,25000,ein_absent,,,,,pdf_confirms,10544,25000,1,"CD 37 Highland Park Community Development Corporation 113462888 $25,000 DYCD Funding will be used to support VETCA program."
data/fy21/schedule_c/fy21_appendix_b_local.csv,1359,2021,133628301,"Irish Business Organization of New York, Inc., The",5000,ein_absent,,,,,pdf_confirms,10773,5000,1,"Dromm Networking Events 133628301 $5,000 SBS and economic opportunities."
data/fy21/schedule_c/fy21_appendix_b_local.csv,1372,2021,112489195,"Jamaica Center Improvement Association, Inc.",30000,ein_absent,,,,,pdf_confirms,10801,30000,1,"Miller Jamaica Center Improvement Association, Inc. 112489195 $30,000 SBS To repair and restore the historic Jamaica Avenue street clock landmark."
data/fy21/schedule_c/fy21_appendix_b_local.csv,1514,2021,272188237,LES Creative People In Action,3500,ein_absent,,,,,pdf_confirms,11173,3500,2,"Chin LES Creative People In Action 272188237 $3,500 DYCD Bandshell."
data/fy21/schedule_c/fy21_appendix_b_local.csv,1515,2021,272188237,LES Creative People In Action,3000,ein_absent,,,,,pdf_confirms,11175,3000,2,"Rivera LES Creative People In Action - Lower East Side Showtime 272188237 $3,000 DYCD Side."
data/fy21/schedule_c/fy21_appendix_b_local.csv,1806,2021,133793940,"New York Chapter of the National Black MBA Association, Inc.",5000,ein_absent,,,,,pdf_confirms,11936,5000,1,"Louis Inc. 133793940 $5,000 SBS programs and financial support to Council District 45."
data/fy21/schedule_c/fy21_appendix_b_local.csv,1810,2021,133057954,"New York City Audubon Society, Inc.",10000,ein_absent,,,,,pdf_confirms,11946,10000,1,"Speaker New York City Audubon Society, Inc. 133057954 $10,000 DPR District 13."
data/fy21/schedule_c/fy21_appendix_b_local.csv,2157,2021,112023047,Our Lady of Hope Roman Catholic Church,5000,ein_absent,,,,,pdf_confirms,12792,5000,1,"Holden Our Lady of Hope Roman Catholic Church 112023047 $5,000 DYCD precinct Town Hall meetings, Boy Scout & Girl Scout Meetings, 108 Precinct Meetings."
data/fy21/schedule_c/fy21_appendix_b_local.csv,2226,2021,136643607,Port Richmond High School Boy's Track & Field Team,5000,ein_absent,,,,,pdf_confirms_weak,12952,5000,2,"Rose Field 136643607 $5,000 DOE Richmond Girl's Cross Country Track and field team."
data/fy21/schedule_c/fy21_appendix_b_local.csv,2227,2021,136643607,Port Richmond High School Boy's Track & Field Team,5000,ein_absent,,,,,pdf_confirms_weak,12952,5000,2,"Rose Field 136643607 $5,000 DOE Richmond Girl's Cross Country Track and field team."
data/fy21/schedule_c/fy21_appendix_b_local.csv,2263,2021,203937275,"Public Housing Communities, Inc.",6000,ein_absent,,,,,pdf_confirms_weak,13055,6000,2,"Levin Workforce Development 203937275 $6,000 DYCD To support job readiness and workforce training."
data/fy21/schedule_c/fy21_appendix_b_local.csv,2377,2021,202474691,Quilts of Valor: Quilters by the Sea,5000,ein_absent,,,,,pdf_confirms,13334,5000,1,"Gjonaj Quilts of Valor: Quilters by the Sea 202474691 $5,000 DYCD quilts for veterans."
data/fy21/schedule_c/fy21_appendix_b_local.csv,2379,2021,114023035,"Ragamuffin, Inc.",5000,ein_absent,,,,,pdf_confirms,13337,5000,1,"Brannan Ragamuffin, Inc. - Children's Parade 114023035 $5,000 DYCD Funding to support Ragamuffin Children's Parade Cost."
data/fy21/schedule_c/fy21_appendix_b_local.csv,2400,2021,455137219,"Remember the Triangle Fire Coalition, Inc.",7700,ein_absent,,,,,pdf_confirms,13394,7700,1,"Chin Remember the Triangle Fire Coalition, Inc. 455137219 $7,700 DYCD To support programming around memorial dedication ceremony."
data/fy21/schedule_c/fy21_appendix_b_local.csv,2415,2021,262200571,"Rhapsody Players, Inc.",10000,ein_absent,,,,,pdf_confirms,13433,10000,1,"Brannan Rhapsody Players, Inc. 262200571 $10,000 DYCD Funds will be used to support the production costs of musicals."
data/fy21/schedule_c/fy21_appendix_b_local.csv,2456,2021,113457320,"Sacred Music Chorale of Richmond Hill, Inc.",5000,ein_absent,,,,,pdf_confirms,13538,5000,1,"Ulrich Sacred Music Chorale of Richmond Hill, Inc. 113457320 $5,000 DYCD Chorale orchestra concert."
data/fy21/schedule_c/fy21_appendix_b_local.csv,2538,2021,453818185,"Shetu, Inc.",5000,ein_absent,,,,,pdf_confirms,13746,5000,2,"Dromm Shetu, Inc. 453818185 $5,000 DYCD materials and supplies."
data/fy21/schedule_c/fy21_appendix_b_local.csv,2539,2021,453818185,"Shetu, Inc.",5000,ein_absent,,,,,pdf_confirms,13746,5000,2,"Dromm Shetu, Inc. 453818185 $5,000 DYCD materials and supplies."
data/fy21/schedule_c/fy21_appendix_b_local.csv,2660,2021,020535999,Sustainable South Bronx,25000,ein_absent,,,,,pdf_confirms,14069,25000,2,"Speaker Salamanca Sustainable South Bronx 020535999 $25,000 SBS Funding will support Sustainable South Bronx's Green Jobs Training program."
data/fy21/schedule_c/fy21_appendix_b_local.csv,2661,2021,020535999,Sustainable South Bronx,5000,ein_absent,,,,,pdf_confirms_weak,14072,5000,2,"Gibson District 16 020535999 $5,000 DYCD Council District 16."
data/fy21/schedule_c/fy21_appendix_b_local.csv,2678,2021,111875161,"Temple Sholom of Flatbush, Inc.",3000,ein_absent,,,,,pdf_confirms,14109,3000,2,"Maisel Temple Sholom of Flatbush, Inc. - Youth Program 111875161 $3,000 DYCD supplies and equipment to provide activities."
data/fy21/schedule_c/fy21_appendix_b_local.csv,2700,2021,133586505,"Travis Fourth of July Celebration Committee, Inc.",5000,ein_absent,,,,,pdf_confirms,14164,5000,1,"Matteo Travis Fourth of July Celebration Committee, Inc. 133586505 $5,000 DYCD entertainment."
data/fy21/schedule_c/fy21_appendix_b_local.csv,2737,2021,270093159,"Universal Child Project Incorporated, The",5000,ein_absent,,,,,pdf_confirms,14260,5000,1,"Ampry-Samuel Universal Child Project Incorporated, The 270093159 $5,000 DYCD GED programming."
data/fy21/schedule_c/fy21_appendix_b_local.csv,2760,2021,453803373,"Urban Librarians Unite, Inc.",5000,ein_absent,,,,,pdf_confirms,14317,5000,1,"Van Bramer Urban Librarians Unite, Inc. 453803373 $5,000 DYCD Libraries after Dark, & Refugee Project Library."
data/fy21/schedule_c/fy21_appendix_b_local.csv,2839,2021,133776486,White Plains Road District Management Association,11000,ein_absent,,,,,pdf_confirms,14530,11000,1,"Gjonaj Holiday Lighting 133776486 $11,000 DYCD Funds to be used to support holiday lights in Council District 13."
data/fy21/schedule_c/fy21_appendix_b_local.csv,2878,2021,113348710,"Woven Spaces, Inc.",5000,ein_absent,,,,,pdf_confirms,14626,5000,1,"Levin Woven Spaces, Inc. - Greenpoint Film Festival 113348710 $5,000 DYCD To support the Greenpoint Film Festival."
data/fy21/schedule_c/fy21_appendix_c_youth.csv,74,2021,111633501,Blessed Virgin Mary Help of Christians Church,5000,ein_absent,,,,,pdf_confirms,14896,5000,2,"Holden Blessed Virgin Mary Help of Christians Church 111633501 $5,000 with tournaments and CYO."
data/fy21/schedule_c/fy21_appendix_c_youth.csv,75,2021,111633501,Blessed Virgin Mary Help of Christians Church -Youth Program,3500,ein_absent,,,,,pdf_confirms,14898,3500,2,"Van Bramer Blessed Virgin Mary Help of Christians Church -Youth Program 111633501 $3,500 tournaments and CYO league."
data/fy21/schedule_c/fy21_appendix_c_youth.csv,234,2021,112880221,"Council For Unity, Inc.",12000,ein_absent,,,,,pdf_confirms,15303,12000,2,"Eugene Council For Unity, Inc. 112880221 $12,000 through workshops in schools and communities."
data/fy21/schedule_c/fy21_appendix_c_youth.csv,235,2021,112880221,"Council For Unity, Inc.",5000,ein_absent,,,,,pdf_confirms,15305,5000,2,"Treyger Council For Unity, Inc. 112880221 $5,000 resolution programming for youth in Council District 47."
data/fy21/schedule_c/fy21_appendix_c_youth.csv,250,2021,475466069,"Detective Rafael Ramos Foundation, The",5000,ein_absent,,,,,pdf_confirms,15337,5000,1,"Holden Detective Rafael Ramos Foundation, The 475466069 $5,000 purchasing materials and supplies."
data/fy21/schedule_c/fy21_appendix_c_youth.csv,316,2021,112196556,"Flushing Day Care Center, Inc. -Martin L. King Jr. Memorial Day Care Center",7000,ein_absent,,,,,pdf_confirms,15505,7000,1,"Koo Care Center 112196556 $7,000 program enhancement activities."
data/fy21/schedule_c/fy21_appendix_c_youth.csv,386,2021,132968079,"H.T. Dance Company, Inc./Chen Dance Center",5000,ein_absent,,,,,pdf_confirms,15672,5000,1,"Chin H.T. Dance Company, Inc./Chen Dance Center 132968079 $5,000 groups."
data/fy21/schedule_c/fy21_appendix_c_youth.csv,398,2021,135562162,"Helen Keller International, Inc.",25000,ein_absent,,,,,pdf_confirms,15697,25000,6,"Powers Helen Keller International, Inc. 135562162 $25,000 Funding will support vision care for students in Council District 4."
data/fy21/schedule_c/fy21_appendix_c_youth.csv,399,2021,135562162,"Helen Keller International, Inc.",5000,ein_absent,,,,,pdf_confirms,10512,5000,6,"Dromm Helen Keller International, Inc. - Eye Exams & Glasses 135562162 $5,000 DYCD To support the provision of eye exams and glasses to students in Council Dist"
data/fy21/schedule_c/fy21_appendix_c_youth.csv,400,2021,135562162,"Helen Keller International, Inc. -Student Vision Program",5000,ein_absent,,,,,pdf_confirms,10512,5000,6,"Dromm Helen Keller International, Inc. - Eye Exams & Glasses 135562162 $5,000 DYCD To support the provision of eye exams and glasses to students in Council Dist"
data/fy21/schedule_c/fy21_appendix_c_youth.csv,432,2021,113102237,"Inner City Handball Association, Inc.",5000,ein_absent,,,,,pdf_confirms,15780,5000,1,"Dromm Inner City Handball Association, Inc. 113102237 $5,000 To fund handball clinics and tournament."
data/fy21/schedule_c/fy21_appendix_c_youth.csv,437,2021,112688282,"Jackson Heights Art Club, Inc. -Children's Art Program",5000,ein_absent,,,,,pdf_confirms,15791,5000,1,"Dromm Jackson Heights Art Club, Inc. -Children's Art Program 112688282 $5,000 To fund children's art classes and shows, including instructor support and supplie"
data/fy21/schedule_c/fy21_appendix_c_youth.csv,454,2021,364559064,"Josephine Foundation, Inc. -Broadway Blockbusters Summer Program",5000,ein_absent,,,,,pdf_confirms,15836,5000,1,"Vallone Program 364559064 $5,000 Funding will support the Broadway Blockbusters Summer program."
data/fy21/schedule_c/fy21_appendix_c_youth.csv,471,2021,161651233,"Korea Youth Promotion Association of USA, Inc.",26000,ein_absent,,,,,pdf_confirms,15879,26000,1,"Eugene Korea Youth Promotion Association of USA, Inc. 161651233 $26,000 and to host the NY Open Taekwondo Championships/Korean Cultural Festival."
data/fy21/schedule_c/fy21_appendix_c_youth.csv,519,2021,133916131,"Millennium Dance Company, Inc.",10000,ein_absent,,,,,pdf_confirms,16005,10000,2,"Cabrera Millennium Dance Company, Inc. 133916131 $10,000 District 14."
data/fy21/schedule_c/fy21_appendix_c_youth.csv,630,2021,111723786,Our Lady of the Miraculous Medal Roman Catholic Church,6000,ein_absent,,,,,pdf_confirms,16273,6000,1,"Holden Basketball Program 111723786 $6,000 league costs, uniforms and supplies."
data/fy21/schedule_c/fy21_appendix_c_youth.csv,725,2021,812780414,Sacred Heart Catholic Academy of Glendale -Summer Program,5000,ein_absent,,,,,pdf_confirms,16512,5000,1,"Holden Sacred Heart Catholic Academy of Glendale -Summer Program 812780414 $5,000 supplies and materials for programs, activities and services."
data/fy21/schedule_c/fy21_appendix_c_youth.csv,726,2021,111666876,Sacred Heart Youth Program,6000,ein_absent,,,,,pdf_confirms,16514,6000,1,"Holden Sacred Heart Youth Program 111666876 $6,000 equipment, league costs, officials and facilities."
data/fy21/schedule_c/fy21_appendix_c_youth.csv,760,2021,453162464,"Sports Oriented Nurturing Youth Partnership, Inc. -Council District 42",5000,ein_absent,,,,,pdf_confirms,16608,5000,1,"Barron District 42 453162464 $5,000 Funds will be used to support community youth programming in Council District 42."
data/fy21/schedule_c/fy21_appendix_c_youth.csv,795,2021,111875161,"Temple Sholom of Flatbush, Inc. -Youth Program",5000,ein_absent,,,,,pdf_confirms,16697,5000,2,"Maisel Temple Sholom of Flatbush, Inc. -Youth Program 111875161 $5,000 of supplies and equipment needed to provide activities."
data/fy21/schedule_c/fy21_schedule_c_awards.csv,60,2021,112903423,"Caribbean American Chamber of Commerce and Industry, Inc.",5000,ein_absent,,,,,pdf_confirms_weak,537,5000,4,"Eugene Council District 40 112903423 $5,000 SBS training/information sessions."
data/fy21/schedule_c/fy21_schedule_c_awards.csv,196,2021,275282132,"MCCNY Charities, Inc.",5000,ein_absent,,,,,pdf_confirms,826,5000,2,"Johnson MCCNY Charities, Inc. 275282132 $5,000 DYCD Funds will be used to support the position of client services assistant who runs drop-in program."
data/fy21/schedule_c/fy21_schedule_c_awards.csv,197,2021,275282132,"MCCNY Charities, Inc.",5000,ein_absent,,,,,pdf_confirms,826,5000,2,"Johnson MCCNY Charities, Inc. 275282132 $5,000 DYCD Funds will be used to support the position of client services assistant who runs drop-in program."
data/fy21/schedule_c/fy21_schedule_c_awards.csv,206,2021,133916131,"Millennium Dance Company, Inc.",5000,ein_absent,,,,,pdf_confirms_weak,846,5000,2,"Cabrera Council District 14 133916131 $5,000 DYCD support dance performances in various community events in Council District 14."
data/fy21/schedule_c/fy21_schedule_c_awards.csv,343,2021,112903423,"Caribbean American Chamber of Commerce and Industry, Inc.",10000,ein_absent,,,,,pdf_confirms,1152,10000,4,"Delegation Caribbean American Chamber of Commerce and Industry, Inc. 112903423 $10,000 SBS Funding will also be used to expand the ""CACCI on the Go."""
data/fy21/schedule_c/fy21_schedule_c_awards.csv,376,2021,202765775,"Grace Family Services, Inc.",5000,ein_absent,,,,,pdf_confirms,1223,5000,2,"Delegation Grace Family Services, Inc. 202765775 $5,000 DYCD course materials and toolkits for courses."
data/fy21/schedule_c/fy21_schedule_c_awards.csv,380,2021,833034480,"I Hold the Key, Inc.",5000,ein_absent,,,,,pdf_confirms,1232,5000,1,"Delegation I Hold the Key, Inc. 833034480 $5,000 DYCD includes college tours, career readiness workshops and literacy activities."
data/fy21/schedule_c/fy21_schedule_c_awards.csv,536,2021,133843322,Center for Employment Opportunities,689361,rounding,689360,1,,,pdf_confirms,1690,689361,3,"Center for Employment Opportunities 13-3843322 $689,361"
data/fy21/schedule_c/fy21_schedule_c_awards.csv,757,2021,060646594,"American Lung Association of the Northeast, Inc.",66300,ein_absent,,,,,pdf_confirms,2624,66300,1,"American Lung Association of the Northeast, Inc. 06-0646594 $66,300"
data/fy21/schedule_c/fy21_schedule_c_awards.csv,758,2021,133092676,Harlem Hospital Center,255000,ein_absent,,,,,pdf_confirms,2625,255000,1,"Harlem Hospital Center 13-3092676 $255,000"
data/fy21/schedule_c/fy21_schedule_c_awards.csv,930,2021,133556768,"Momentum Project, Inc., The",9839,ein_absent,,,,,pdf_confirms,2912,9839,1,"Momentum Project, Inc., The 13-3556768 $9,839"
data/fy21/schedule_c/fy21_schedule_c_awards.csv,1016,2021,265551998,"Association for Neighborhood & Housing Development, Inc.",85000,ein_absent,,,,,pdf_confirms,3238,85000,2,"Association for Neighborhood & Housing Development, Inc. 26-5551998 $85,000"
data/fy21/schedule_c/fy21_schedule_c_awards.csv,1017,2021,265551998,"Association for Neighborhood & Housing Development, Inc.",50540,ein_absent,,,,,pdf_confirms,3239,50540,2,"Association for Neighborhood & Housing Development, Inc. 26-5551998 $50,540"
data/fy21/schedule_c/fy21_schedule_c_awards.csv,1018,2021,133020589,Community Consultant Contracts Belmont Arthur Avenue Local Development Corporation,25270,ein_absent,,,,,pdf_confirms_weak,3241,25270,2,"Belmont Arthur Avenue Local Development Corporation 13-3020589 $25,270"
data/fy21/schedule_c/fy21_schedule_c_awards.csv,1053,2021,133020589,Belmont Arthur Avenue Local Development Corporation,60350,ein_absent,,,,,pdf_confirms,3286,60350,2,"Belmont Arthur Avenue Local Development Corporation 13-3020589 $60,350"
data/fy21/schedule_c/fy21_schedule_c_awards.csv,1378,2021,455180976,"Community Service Center of Greater Williamsburg, Inc.",50000,ein_absent,,,,,pdf_confirms,4512,50000,1,"Community Service Center of Greater Williamsburg, Inc. 45-5180976 $50,000"
data/fy21/schedule_c/fy21_schedule_c_awards.csv,1431,2021,133413349,"Penn South Social Services, Inc.",60000,ein_absent,,,,,pdf_confirms_weak,4621,60000,2,"(Mutual Redevelopment Houses) 13-3413349 $60,000"
data/fy21/schedule_c/fy21_schedule_c_awards.csv,1530,2021,112903423,"Caribbean American Chamber of Commerce and Industry, Inc.",75225,ein_absent,,,,,pdf_confirms,4861,75225,4,"Caribbean American Chamber of Commerce and Industry, Inc. 11-2903423 $75,225"
data/fy21/schedule_c/fy21_schedule_c_awards.csv,1539,2021,203937275,"Public Housing Communities, Inc.",118750,ein_absent,,,,,pdf_confirms,4892,118750,2,"Public Housing Communities, Inc. 20-3937275 $118,750"
data/fy21/schedule_c/fy21_schedule_c_awards.csv,1563,2021,821902677,"NYC MWBE Alliance, Inc.",17000,ein_absent,,,,,pdf_confirms,5035,17000,1,"NYC MWBE Alliance, Inc. 82-1902677 $17,000"
data/fy21/schedule_c/fy21_schedule_c_awards.csv,1763,2021,043697166,"Girls for Gender Equity, Inc.",98438,rounding,98437,1,,,pdf_confirms,5790,98438,6,"Girls for Gender Equity, Inc. 04-3697166 $98,438"
data/fy21/schedule_c/fy21_schedule_c_awards.csv,1770,2021,463732667,Latinas on the Verge of Excellence,26437,rounding,26438,-1,,,pdf_confirms,5797,26437,5,"Latinas on the Verge of Excellence 46-3732667 $26,437"
data/fy22/schedule_c/fy22_appendix_a_aging.csv,169,2022,133140546,"General Chauncey M Hooper Towers Housing Development Fund Co., Inc.",7000,ein_absent,,,,,pdf_confirms,5992,7000,1,"Perkins Fund Co., Inc. 133140546 $7,000 instruction and ESL classes."
data/fy22/schedule_c/fy22_appendix_a_aging.csv,340,2022,133413349,"Penn South Social Services, Inc.",15500,ein_absent,,,,,pdf_confirms,6440,15500,2,"Johnson Penn South Social Services, Inc. 133413349 $15,500 able to work in a traditional outdoor garden to learn about plants and flowers."
data/fy22/schedule_c/fy22_appendix_a_aging.csv,418,2022,112347331,"Senior Citizens League of Flatbush, Inc.",5000,ein_absent,,,,,pdf_confirms,6644,5000,1,"Lander Senior Citizens League of Flatbush, Inc. 112347331 $5,000 Support education and wellness programs for seniors."
data/fy22/schedule_c/fy22_appendix_b_local.csv,134,2022,822712941,Asiyah Women's Center,5000,ein_absent,,,,,pdf_confirms,7243,5000,1,"Brannan Asiyah Women's Center 822712941 $5,000 DYCD To fund social work and supportive services."
data/fy22/schedule_c/fy22_appendix_b_local.csv,317,2022,300156146,"Brooklyn Art Incubator, Inc.",10000,ein_absent,,,,,pdf_confirms,7687,10000,1,"Cumbo Transformation 300156146 $10,000 DCLA Brooklyn."
data/fy22/schedule_c/fy22_appendix_b_local.csv,378,2022,870788860,Brooklyn South Community Emergency Response Team,10000,ein_absent,,,,,pdf_confirms,7825,10000,1,"Eugene Brooklyn South Community Emergency Response Team 870788860 $10,000 DYCD and water supplies to be used on search and rescue operations."
data/fy22/schedule_c/fy22_appendix_b_local.csv,449,2022,133938080,"Center for Arts Education, Inc.",3000,ein_absent,,,,,pdf_confirms,7998,3000,2,"Levin Center for Arts Education, Inc. - Parents As Arts Partners 133938080 $3,000 DCLA through Parents As Arts Partners (PAAP) at public schools."
data/fy22/schedule_c/fy22_appendix_b_local.csv,450,2022,133938080,"Center for Arts Education, Inc.",3000,ein_absent,,,,,pdf_confirms,7998,3000,2,"Levin Center for Arts Education, Inc. - Parents As Arts Partners 133938080 $3,000 DCLA through Parents As Arts Partners (PAAP) at public schools."
data/fy22/schedule_c/fy22_appendix_b_local.csv,451,2022,810584343,Center for Community Development for New Americans,5000,ein_absent,,,,,pdf_confirms,8003,5000,1,"Dromm COVID-19 Small Business Relief 810584343 $5,000 SBS forms of relief like the Queens grant program."
data/fy22/schedule_c/fy22_appendix_b_local.csv,492,2022,260854958,Chaverim of Queens,7000,ein_absent,,,,,pdf_confirms,8111,7000,1,"Gennaro Chaverim of Queens 260854958 $7,000 DYCD Funding to support emergency and non-emergency auto support to Council District 24."
data/fy22/schedule_c/fy22_appendix_b_local.csv,660,2022,111768294,Corona Spanish Seventh-day Adventist Church,15000,ein_absent,,,,,pdf_confirms,8539,15000,1,"Moya Corona Spanish Seventh-day Adventist Church 111768294 $15,000 DYCD To support clean up events and community events in Council District 21."
data/fy22/schedule_c/fy22_appendix_b_local.csv,882,2022,690210637,District 29Q Community Education Council,10000,ein_absent,,,,,pdf_confirms,9060,10000,1,"Brooks-Powers District 29Q Community Education Council 690210637 $10,000 DOE Events."
data/fy22/schedule_c/fy22_appendix_b_local.csv,906,2022,900958731,"Dwana Smallwood Performing Arts Center, Inc.",7500,ein_absent,,,,,pdf_confirms,9118,7500,2,"Cornegy Dwana Smallwood Performing Arts Center, Inc. 900958731 $7,500 DCLA students through after-school programs."
data/fy22/schedule_c/fy22_appendix_b_local.csv,1006,2022,133848582,FJC,5000,ein_absent,,,,,pdf_confirms,9364,5000,1,"Vallone FJC - Friends of Crocheron & John Golden Park 133848582 $5,000 DPR events and services."
data/fy22/schedule_c/fy22_appendix_b_local.csv,1043,2022,465128655,Foundation for the Advancement and Rehabilitation of the Marginal,7500,ein_absent,,,,,pdf_confirms,9452,7500,1,"Ampry-Samuel the Marginal 465128655 $7,500 DYCD Sprouts Initiative."
data/fy22/schedule_c/fy22_appendix_b_local.csv,1054,2022,134122378,Friends of Crotona Park,10000,ein_absent,,,,,pdf_confirms,9485,10000,2,"Salamanca Friends of Crotona Park - Crotona Park Programming 134122378 $10,000 DPR events/activities within Crotona Park."
data/fy22/schedule_c/fy22_appendix_b_local.csv,1055,2022,134122378,Friends of Crotona Park,10000,ein_absent,,,,,pdf_confirms,9485,10000,2,"Salamanca Friends of Crotona Park - Crotona Park Programming 134122378 $10,000 DPR events/activities within Crotona Park."
data/fy22/schedule_c/fy22_appendix_b_local.csv,1161,2022,853545377,Greater Hood Community Development Corporation,10000,ein_absent,,,,,pdf_confirms,9768,10000,2,"Perkins Greater Hood Community Development Corporation 853545377 $10,000 DYCD To support Intergeneration Social Service and Wellness Program."
data/fy22/schedule_c/fy22_appendix_b_local.csv,1258,2022,263332972,"Hot Bread Kitchen, Ltd.",10000,ein_absent,,,,,pdf_confirms,10017,10000,1,"Perkins Investing in Breadwinners 263332972 $10,000 SBS Funding to support Bakers In Training programming for residents of Council District 9."
data/fy22/schedule_c/fy22_appendix_b_local.csv,1378,2022,132664489,"Judson Memorial Church, Inc.",6000,ein_absent,,,,,pdf_confirms,10325,6000,1,"Johnson Judson Memorial Church, Inc. 132664489 $6,000 DYCD and sending physical mailer."
data/fy22/schedule_c/fy22_appendix_b_local.csv,1605,2022,273083348,Mevakshai Hashem,5000,ein_absent,,,,,pdf_confirms,10864,5000,1,"Yeger Mevakshai Hashem 273083348 $5,000 DYCD Funds will be used to provide social and emotional supports for students."
data/fy22/schedule_c/fy22_appendix_b_local.csv,1696,2022,383678458,"National September 11 Memorial & Museum at the World Trade Center Foundation, Inc.",2500,ein_absent,,,,,pdf_confirms,11082,2500,1,"Chin Trade Center Foundation, Inc. 383678458 $2,500 DYCD grades 3 to 12."
data/fy22/schedule_c/fy22_appendix_b_local.csv,2020,2022,260687593,Newtown Historical Society,5000,ein_absent,,,,,pdf_confirms,11875,5000,1,"Holden Newtown Historical Society 260687593 $5,000 DYCD equipment, and supplies."
data/fy22/schedule_c/fy22_appendix_b_local.csv,2145,2022,136643607,Port Richmond High School Boy's Track & Field Team,5000,ein_absent,,,,,pdf_confirms_weak,12173,5000,2,"Rose Port Richmond Boy's Track & Field Team 136643607 $5,000 DOE Richmond High School Men's Cross-Country Track & field Team."
data/fy22/schedule_c/fy22_appendix_b_local.csv,2146,2022,136643607,Port Richmond High School Boy's Track & Field Team,5000,ein_absent,,,,,pdf_confirms_weak,12173,5000,2,"Rose Port Richmond Boy's Track & Field Team 136643607 $5,000 DOE Richmond High School Men's Cross-Country Track & field Team."
data/fy22/schedule_c/fy22_appendix_b_local.csv,2268,2022,113146598,"Queens Lesbian and Gay Pride Committee, Inc.",15000,ein_absent,,,,,pdf_confirms_weak,12472,15000,2,"Dromm Pride 113146598 $15,000 DYCD To support the annual Queens Pride Parade and Festival."
data/fy22/schedule_c/fy22_appendix_b_local.csv,2273,2022,113373180,"Queens Sickle Cell Advocacy Network, Inc.",5000,ein_absent,,,,,pdf_confirms,12484,5000,3,"Brooks-Powers Queens Sickle Cell Advocacy Network, Inc. 113373180 $5,000 DHMH disease awareness and education."
data/fy22/schedule_c/fy22_appendix_b_local.csv,2274,2022,113373180,"Queens Sickle Cell Advocacy Network, Inc.",15000,ein_absent,,,,,pdf_confirms,12486,15000,3,"Miller Queens Sickle Cell Advocacy Network, Inc. 113373180 $15,000 DHMH Funding to support community awareness and education of sickle cell disease."
data/fy22/schedule_c/fy22_appendix_b_local.csv,2275,2022,113373180,"Miller Queens Sickle Cell Advocacy Network, Inc.",60000,ein_absent,,,,,pdf_confirms,12489,60000,3,"Speaker Miller Queens Sickle Cell Advocacy Network, Inc. 113373180 $60,000 DHMH number of painful cases requiring hospitalization, and re-admissions."
data/fy22/schedule_c/fy22_appendix_b_local.csv,2302,2022,832938159,"Rema 4 Us, Inc.",7000,ein_absent,,,,,pdf_confirms,12567,7000,1,"Brooks-Powers Rema 4 Us, Inc. 832938159 $7,000 SBS District 31."
data/fy22/schedule_c/fy22_appendix_b_local.csv,2358,2022,113457320,"Sacred Music Chorale of Richmond Hill, Inc.",5000,ein_absent,,,,,pdf_confirms,12698,5000,1,"Ulrich Sacred Music Chorale of Richmond Hill, Inc. 113457320 $5,000 DYCD orchestra concert."
data/fy22/schedule_c/fy22_appendix_b_local.csv,2445,2022,133978207,Sociedad Hondurena Activa de New York,20000,ein_absent,,,,,pdf_confirms,12916,20000,1,"Cabrera School 13-3978207 $20,000 DYCD a hands on learning environment."
data/fy22/schedule_c/fy22_appendix_b_local.csv,2569,2022,111875161,"Temple Sholom of Flatbush, Inc.",3000,ein_absent,,,,,pdf_confirms,13230,3000,2,"Maisel Temple Sholom of Flatbush, Inc. - Youth Program 111875161 $3,000 DYCD of supplies and equipment needed to provide activities."
data/fy22/schedule_c/fy22_appendix_c_youth.csv,139,2022,112778372,"Caribbean American Sports and Cultural Youth Movement (CASYM), Inc.",5000,ein_absent,,,,,pdf_confirms_weak,14151,5000,2,"Eugene (CASYM), Inc. 112778372 $5,000 items such as, pan sticks, writing materials, hand sanitizers and masks."
data/fy22/schedule_c/fy22_appendix_c_youth.csv,140,2022,112778372,"funding will be used to support the operational costs of running the program: purchase of equipment such as: steel pans, student tool bags; these bags will contain items such as, pan sticks, writing materials, hand sanitizers and masks. Louis Caribbean American Sports and Cultural Youth Movement (CASYM), Inc.",5000,ein_absent,,,,,pdf_confirms_weak,14151,5000,2,"Eugene (CASYM), Inc. 112778372 $5,000 items such as, pan sticks, writing materials, hand sanitizers and masks."
data/fy22/schedule_c/fy22_appendix_c_youth.csv,229,2022,112880221,"Council For Unity, Inc.",12000,ein_absent,,,,,pdf_confirms,14380,12000,2,"Eugene Council For Unity, Inc. 112880221 $12,000 through workshops in schools and for communities and other operating expense."
data/fy22/schedule_c/fy22_appendix_c_youth.csv,230,2022,112880221,"Council For Unity, Inc.",5000,ein_absent,,,,,pdf_confirms,14382,5000,2,"Treyger Council For Unity, Inc. 112880221 $5,000 resolution programming for youth in Council District 47."
data/fy22/schedule_c/fy22_appendix_c_youth.csv,542,2022,133163183,"National Association Of Each One Teach One, Inc.",5000,ein_absent,,,,,pdf_confirms,15122,5000,1,"Perkins Through Sports College Prep & Tours 133163183 $5,000 Tours for youth from Council District 9."
data/fy22/schedule_c/fy22_appendix_c_youth.csv,688,2022,271109399,"Recess Activities, Inc.",5000,ein_absent,,,,,pdf_confirms,15482,5000,1,"Levin Recess Activities, Inc. 271109399 $5,000 To support court-involved youth and creative programming."
data/fy22/schedule_c/fy22_appendix_c_youth.csv,788,2022,111875161,"Temple Sholom of Flatbush, Inc.",5000,ein_absent,,,,,pdf_confirms,15730,5000,2,"Maisel Temple Sholom of Flatbush, Inc. - Youth Program 111875161 $5,000 and equipment in order to provide activities."
data/fy22/schedule_c/fy22_schedule_c_awards.csv,28,2022,851607517,Bronx Connect Development Corporation,10000,ein_absent,,,,,pdf_confirms,381,10000,1,"Cabrera Awareness Program 851607517 $10,000 DYCD lifestyle. and the Community pantry program in Council District 14."
data/fy22/schedule_c/fy22_schedule_c_awards.csv,69,2022,113332491,"Citizens Against Recidivism, Inc.",7500,ein_absent,,,,,pdf_confirms,459,7500,1,"Perkins Counseling Services 113332491 $7,500 DYCD To Support Anti Recidivism Counseling Services."
data/fy22/schedule_c/fy22_schedule_c_awards.csv,144,2022,853545377,Greater Hood Community Development Corporation,10000,ein_absent,,,,,pdf_confirms,9768,10000,2,"Perkins Greater Hood Community Development Corporation 853545377 $10,000 DYCD To support Intergeneration Social Service and Wellness Program."
data/fy22/schedule_c/fy22_schedule_c_awards.csv,368,2022,900958731,"Dwana Smallwood Performing Arts Center, Inc.",10000,ein_absent,,,,,pdf_confirms,1104,10000,2,"Delegation Dwana Smallwood Performing Arts Center, Inc. 900958731 $10,000 DCLA through after-school programs."
data/fy22/schedule_c/fy22_schedule_c_awards.csv,484,2022,113192966,"Long Island Gay and Lesbian Youth, Inc.",750000,ein_absent,,,,,pdf_confirms,1447,750000,2,"Long Island Gay and Lesbian Youth, Inc. 11-3192966 $750,000"
data/fy22/schedule_c/fy22_schedule_c_awards.csv,512,2022,135563028,"Osborne Association, Inc., The",1603868,rounding,1603867,1,,,pdf_confirms,1532,1603868,6,"Osborne Association, Inc., The 13-5563028 $1,603,868"
data/fy22/schedule_c/fy22_schedule_c_awards.csv,575,2022,814065685,"Learning & Educational Solutions, Inc.",82000,ein_absent,,,,,pdf_confirms,1935,82000,1,"Learning & Educational Solutions, Inc. 81-4065685 $82,000"
data/fy22/schedule_c/fy22_schedule_c_awards.csv,643,2022,113192966,"Long Island Gay and Lesbian Youth, Inc.",24300,ein_absent,,,,,pdf_confirms,2306,24300,2,"Long Island Gay and Lesbian Youth, Inc. 11-3192966 $24,300"
data/fy22/schedule_c/fy22_schedule_c_awards.csv,658,2022,060646594,"American Lung Association of the Northeast, Inc.",78000,ein_absent,,,,,pdf_confirms,2367,78000,1,"American Lung Association of the Northeast, Inc. 06-0646594 $78,000"
data/fy22/schedule_c/fy22_schedule_c_awards.csv,659,2022,133092676,Harlem Hospital Center,300000,ein_absent,,,,,pdf_confirms,2368,300000,1,"Harlem Hospital Center 13-3092676 $300,000"
data/fy22/schedule_c/fy22_schedule_c_awards.csv,764,2022,133678499,New York Harm Reduction Educators,28672,ein_absent,,,,,pdf_confirms,2595,28672,2,"New York Harm Reduction Educators 13-3678499 $28,672"
data/fy22/schedule_c/fy22_schedule_c_awards.csv,794,2022,133020590,Belmont Arthur Avenue Local Development Corporation,60350,ein_absent,,,,,pdf_confirms,2819,60350,1,"Belmont Arthur Avenue Local Development Corporation 13-3020590 $60,350"
data/fy22/schedule_c/fy22_schedule_c_awards.csv,1062,2022,133678499,"New York Harm Reduction Educators, Inc.",75000,ein_absent,,,,,pdf_confirms,3718,75000,2,"New York Harm Reduction Educators, Inc. 133678499 $75,000"
data/fy22/schedule_c/fy22_schedule_c_awards.csv,1283,2022,824710754,"Funds will ensure children are ready for school and have the support they need to sustain grade-level reading proficiency in schools throughout the Jamaica area and among seven partner organizations. Louis Little Haiti BK, Inc.",100000,ein_absent,,,,,pdf_confirms,4788,100000,1,"Louis Little Haiti BK, Inc. 824710754 $100,000 DYCD Arts presentation and cultural engagement events."
data/fy22/schedule_c/fy22_schedule_c_awards.csv,1297,2022,133030257,"National Institute for Reproductive Health, Inc.",175000,ein_absent,,,,,pdf_confirms,4829,175000,1,"Rosenthal Reproductive Challenge (TORCH) 133030257 $175,000 DHMH training for New York City youth."
data/fy22/schedule_c/fy22_schedule_c_awards.csv,1323,2022,133413349,"Penn South Social Services, Inc.",30000,ein_absent,,,,,pdf_confirms,4899,30000,2,"Penn South Social Services, Inc. 133413349 $30,000 DFTA recreational/educational activities to promote successful aging in place."
data/fy22/schedule_c/fy22_schedule_c_awards.csv,1332,2022,113146598,"Queens Lesbian and Gay Pride Committee, Inc.",20000,ein_absent,,,,,pdf_confirms,4922,20000,2,"Dromm Queens Lesbian and Gay Pride Committee, Inc. 113146598 $20,000 DYCD To support the annual Queens Pride Parade and Festival."
data/fy23/schedule_c/fy23_appendix_a_aging.csv,402,2023,112301220,"Sephardic Multi Service Senior Citizens Center, Inc.",10000,ein_absent,,,,,pdf_confirms,7474,10000,1,"Kagan Senior Center 112301220 $10,000 Funds will support Sephardic Senior Center programming and services."
data/fy23/schedule_c/fy23_appendix_a_aging.csv,422,2023,743158439,"Spring Creek Senior Partners, Inc.",7000,ein_absent,,,,,pdf_confirms,7531,7000,1,"Barron Spring Creek Senior Partners, Inc. - Spring Creek Partners 743158439 $7,000 Funding to support operating expense costs for seniors services programming."
data/fy23/schedule_c/fy23_appendix_b_local.csv,219,2023,831536626,"Bed Stuy Alive, Inc.",5000,ein_absent,,,,,pdf_confirms,8256,5000,1,"Mealy Bed Stuy Alive, Inc. 831536626 $5,000 DYCD Funds will support costs associated with the Bed Stuy Alive annual event."
data/fy23/schedule_c/fy23_appendix_b_local.csv,306,2023,113100048,"Bridge to Life, Inc., The",10000,ein_absent,,,,,pdf_confirms,8454,10000,1,"Paladino Bridge to Life, Inc., The - Material Assistance Program 113100048 $10,000 DYCD items at no cost to expectant parents."
data/fy23/schedule_c/fy23_appendix_b_local.csv,498,2023,133626127,"Central Family Life Center, Inc., The",5000,ein_absent,,,,,pdf_confirms_weak,8925,5000,2,"Hanks Standing Strong Support Group 133626127 $5,000 DYCD Funding to assist in help with violence within the 49th Council District."
data/fy23/schedule_c/fy23_appendix_b_local.csv,622,2023,455049995,"Civics United for Railroad Environmental Solutions, Inc.",10000,ein_absent,,,,,pdf_confirms,9241,10000,1,"Holden Environmental Studies 455049995 $10,000 DYCD Council District 30."
data/fy23/schedule_c/fy23_appendix_b_local.csv,917,2023,690210637,District 29Q Community Education Council,7500,ein_absent,,,,,pdf_confirms,9963,7500,3,"Williams District 29Q Community Education Council 690210637 $7,500 DOE Funds will be used to support CDEC 29Q annual events."
data/fy23/schedule_c/fy23_appendix_b_local.csv,1101,2023,133073882,"Friends of Blue Heron Park, Inc.",7500,ein_absent,,,,,pdf_confirms,10424,7500,1,"Borelli Friends of Blue Heron Park, Inc. 133073882 $7,500 DYCD programming."
data/fy23/schedule_c/fy23_appendix_b_local.csv,1119,2023,832274887,"Friends of Verdi Square, Inc.",5000,ein_absent,,,,,pdf_confirms,10467,5000,1,"Brewer Initiative 832274887 $5,000 DPR Funds will support seasonal Urn Planting Initiative and Redesign of the Meadow Part II."
data/fy23/schedule_c/fy23_appendix_b_local.csv,1350,2023,113463615,"Jericho Road, Inc.",10000,ein_absent,,,,,pdf_confirms,11036,10000,1,"Mealy Jericho Road, Inc. 113463615 $10,000 MOCJ operating expenses."
data/fy23/schedule_c/fy23_appendix_b_local.csv,1406,2023,593791952,"Juniper Valley Park Conservancy, Inc.",9500,ein_absent,,,,,pdf_confirms,11171,9500,1,"Holden Juniper Valley Park Conservancy, Inc. 593791952 $9,500 DYCD Fund park concerts and beautify Council District 30 parks."
data/fy23/schedule_c/fy23_appendix_b_local.csv,1578,2023,112534700,Margert Community Corporation,20000,ein_absent,,,,,pdf_confirms,11596,20000,1,"Brooks-Powers Margert Community Corporation - Council District 31 112534700 $20,000 HPD affordable housing in Council District 31."
data/fy23/schedule_c/fy23_appendix_b_local.csv,1647,2023,474792318,Mosaic Covenant Church,20000,ein_absent,,,,,pdf_confirms,11756,20000,1,"Won Program 474792318 $20,000 DYCD Food Pantry and Toddler Care Program."
data/fy23/schedule_c/fy23_appendix_b_local.csv,1654,2023,116102248,"Mealy Mount Ollie Baptist Church, Inc.",150000,ein_absent,,,,,pdf_confirms,11779,150000,1,"Speaker Mealy Mount Ollie Baptist Church, Inc. 116102248 $150,000 DFTA Provide nutritional meals to seniors, homeless and families."
data/fy23/schedule_c/fy23_appendix_b_local.csv,1688,2023,364799986,National Asian Pacific American Women's Forum,5000,ein_absent,,,,,pdf_confirms,11861,5000,1,"Ung Your Model Minority: Developing AAPI Women Leaders 364799986 $5,000 DYCD To support workshops for AAPI women on racial justice issues and organizing strateg"
data/fy23/schedule_c/fy23_appendix_b_local.csv,1718,2023,863260336,"Nettwork, Inc. The",5000,ein_absent,,,,,pdf_confirms,11946,5000,1,"Speaker Nettwork, Inc. The 863260336 $5,000 DYCD To provide funding support for beautification programs in Southeast Queens."
data/fy23/schedule_c/fy23_appendix_b_local.csv,1722,2023,201959562,"New Beginnings Outreach, Inc.",5000,ein_absent,,,,,pdf_confirms,11954,5000,1,"Adams New Beginnings Outreach, Inc. 201959562 $5,000 DYCD program."
data/fy23/schedule_c/fy23_appendix_b_local.csv,1931,2023,133678499,"New York Harm Reduction Educators, Inc.",25000,ein_absent,,,,,pdf_confirms_weak,12419,25000,3,"Jordan Community Care 133678499 $25,000 DHMH public safety."
data/fy23/schedule_c/fy23_appendix_b_local.csv,1964,2023,132949483,"New York Road Runners, Inc.",5000,ein_absent,,,,,pdf_confirms,12490,5000,5,"Joseph New York Road Runners, Inc. - Council District 40 132949483 $5,000 DYCD Funding will support programming in Council District 40."
data/fy23/schedule_c/fy23_appendix_b_local.csv,2103,2023,834601381,"Power of Hope NYC, Inc.",10000,ein_absent,,,,,pdf_confirms,12848,10000,1,"Mealy Power of Hope NYC, Inc. 834601381 $10,000 DYCD patients, survivors and the development of patients and survivors"
data/fy23/schedule_c/fy23_appendix_b_local.csv,2479,2023,112944783,Sunnyside District Management Association,17500,ein_absent,,,,,pdf_confirms,13773,17500,1,"Won Lights Celebrations & Public Programming 112944783 $17,500 SBS lighting, and maintenance of Bliss & Lowery Plazas and the Sunnyside Arch."
data/fy23/schedule_c/fy23_appendix_b_local.csv,2495,2023,113193180,"Theater 2020, Inc.",5000,ein_absent,,,,,pdf_confirms,13815,5000,1,"Restler Midsummer Night's Dream"" - Council District 33 113193180 $5,000 DYCD in Council District 33."
data/fy23/schedule_c/fy23_appendix_b_local.csv,2577,2023,814582706,"Veterans Helping Veterans and Their Community, Inc.",20000,ein_absent,,,,,pdf_confirms,14020,20000,1,"Nurse Guns for Grants - Council District 37 814582706 $20,000 DYCD drop zones in the Council District 37."
data/fy23/schedule_c/fy23_appendix_c_youth.csv,5,2023,272623043,5 Boros Basketball,5000,ein_absent,,,,,pdf_confirms,14430,5000,1,"Restler 5 Boros Basketball - Council District 33 272623043 $5,000 To support 5 Boros Basketball's youth programming in Council District 33."
data/fy23/schedule_c/fy23_appendix_c_youth.csv,41,2023,204507213,"Approaching Storm Marching Band, The",25000,ein_absent,,,,,pdf_confirms,14506,25000,1,"Mealy Approaching Storm Marching Band, The - Council District 41 204507213 $25,000 and traditions of Historical Black Colleges and Universities."
data/fy23/schedule_c/fy23_appendix_c_youth.csv,226,2023,112880221,"Council For Unity, Inc.",7000,ein_absent,,,,,pdf_confirms,14937,7000,1,"Joseph Council For Unity, Inc. 112880221 $7,000 Council District 40."
data/fy23/schedule_c/fy23_appendix_c_youth.csv,248,2023,690210637,District 29Q Community Education Council,3000,ein_absent,,,,,pdf_confirms,14989,3000,3,"Lee District 29Q Community Education Council 690210637 $3,000 of a district-wide graduation ceremony."
data/fy23/schedule_c/fy23_appendix_c_youth.csv,309,2023,260121694,Forum for African Immigrant Association,5000,ein_absent,,,,,pdf_confirms,15124,5000,1,"Stevens Program - Council District 16 260121694 $5,000 16."
data/fy23/schedule_c/fy23_appendix_c_youth.csv,474,2023,810606748,"Kwatny Foundation, Inc.",10000,ein_absent,,,,,pdf_confirms,15488,10000,1,"Barron Kwatny Foundation, Inc. - Council District 42 810606748 $10,000 programming in Council District 42."
data/fy23/schedule_c/fy23_appendix_c_youth.csv,510,2023,273083348,Mevakshai Hashem,5000,ein_absent,,,,,pdf_confirms,15559,5000,1,"Yeger Mevakshai Hashem 273083348 $5,000 Funds will be used to provide social and emotional supports for students."
data/fy23/schedule_c/fy23_appendix_c_youth.csv,581,2023,132949483,"New York Road Runners, Inc.",3500,ein_absent,,,,,pdf_confirms,15707,3500,5,"Hanif New York Road Runners, Inc. 132949483 $3,500 materials/equipment, outreach and fitness events."
data/fy23/schedule_c/fy23_appendix_c_youth.csv,582,2023,132949483,"New York Road Runners, Inc.",5000,ein_absent,,,,,pdf_confirms,12490,5000,5,"Joseph New York Road Runners, Inc. - Council District 40 132949483 $5,000 DYCD Funding will support programming in Council District 40."
data/fy23/schedule_c/fy23_appendix_c_youth.csv,583,2023,132949483,"New York Road Runners, Inc.",5000,ein_absent,,,,,pdf_confirms,12490,5000,5,"Joseph New York Road Runners, Inc. - Council District 40 132949483 $5,000 DYCD Funding will support programming in Council District 40."
data/fy23/schedule_c/fy23_appendix_c_youth.csv,637,2023,463853265,PTA PS 59 The Harbor View School,2500,ein_absent,,,,,pdf_confirms,15835,2500,1,"Hanks PTA PS 59 The Harbor View School 463853265 $2,500 Funds will support field trips for the students of Public School 59R."
data/fy23/schedule_c/fy23_appendix_c_youth.csv,713,2023,800440647,Southern Community Development Corporation,10000,ein_absent,,,,,pdf_confirms,16011,10000,1,"Barron District 42 800440647 $10,000 programming."
data/fy23/schedule_c/fy23_appendix_c_youth.csv,742,2023,111875161,"Temple Sholom of Flatbush, Inc.",5000,ein_absent,,,,,pdf_confirms,16082,5000,1,"Narcisse Programs 111875161 $5,000 Funding to provide after school activities for youth and family in Council District 46."
data/fy23/schedule_c/fy23_appendix_c_youth.csv,758,2023,453569022,"United States Wallball Association, Inc.",5000,ein_absent,,,,,pdf_confirms,16116,5000,1,"Carr United States Wallball Association, Inc. 453569022 $5,000 Douglas MacArthur Park located in Council District 50."
data/fy23/schedule_c/fy23_appendix_c_youth.csv,777,2023,821638218,"Vocal Village, Inc.",5000,ein_absent,,,,,pdf_confirms,16152,5000,1,"Barron Vocal Village, Inc. - Council District 42 821638218 $5,000 Funding to support operating expense costs for arts programming."
data/fy23/schedule_c/fy23_schedule_c_awards.csv,30,2023,871111476,"Ossé Both Sides of the Violence, Inc.",5000,ein_absent,,,,,pdf_confirms,545,5000,1,"Ossé Both Sides of the Violence, Inc. 871111476 $5,000 DYCD Marcy, Tompkins, and Lafayette Gardens Houses."
data/fy23/schedule_c/fy23_schedule_c_awards.csv,110,2023,690210637,District 29Q Community Education Council,5000,ein_absent,,,,,pdf_confirms,704,5000,3,"Brooks-Powers District 29Q Community Education Council - Council District 31 690210637 $5,000 DOE Fair student winners, and district-wide graduation ceremony in"
data/fy23/schedule_c/fy23_schedule_c_awards.csv,126,2023,264245043,Ossé Feed Forward US LLC,10000,ein_absent,,,,,pdf_confirms,734,10000,1,"Ossé Feed Forward US LLC 264245043 $10,000 DYCD Funding for food distribution programs in Council District 36."
data/fy23/schedule_c/fy23_schedule_c_awards.csv,325,2023,455596564,Afro-Latino Association for Policy & Advocacy,5000,ein_absent,,,,,pdf_confirms,1152,5000,1,"Bronx Delegation Initiative 455596564 $5,000 DYCD To support the Afro Latin Jazz Academic of Music (ALJAM) programs."
data/fy23/schedule_c/fy23_schedule_c_awards.csv,469,2023,264048050,"Chinese-American Family Alliance for Mental Health, Inc.",30000,ein_absent,,,,,pdf_confirms,1494,30000,1,"Chinese-American Family Alliance for Mental Health, Inc. 26-4048050 $30,000"
data/fy23/schedule_c/fy23_schedule_c_awards.csv,585,2023,136400434,Mayor's Office of Criminal Justice,325000,neighbour_bleed,287000,38000,132612524,,pdf_confirms,1920,325000,483,"Mayor's Office of Criminal Justice 13-6400434 $325,000"
data/fy23/schedule_c/fy23_schedule_c_awards.csv,686,2023,814065685,"Learning & Educational Solutions, Inc.",100000,ein_absent,,,,,pdf_confirms,2303,100000,1,"Learning & Educational Solutions, Inc. 81-4065685 $100,000"
data/fy23/schedule_c/fy23_schedule_c_awards.csv,708,2023,132949483,"New York Road Runners, Inc.",250000,ein_absent,,,,,pdf_confirms,2420,250000,5,"New York Road Runners, Inc. 13-2949483 $250,000"
data/fy23/schedule_c/fy23_schedule_c_awards.csv,870,2023,133678499,"New York Harm Reduction Educators, Inc.",35059,ein_absent,,,,,pdf_confirms,2987,35059,3,"New York Harm Reduction Educators, Inc. 13-3678499 $35,059"
data/fy23/schedule_c/fy23_schedule_c_awards.csv,1226,2023,133678499,"New York Harm Reduction Educators, Inc.",75000,ein_absent,,,,,pdf_confirms,4238,75000,3,"New York Harm Reduction Educators, Inc. 13-3678499 $75,000"
data/fy23/schedule_c/fy23_schedule_c_awards.csv,1841,2023,133626127,"Central Family Life Center, Inc., The",120000,ein_absent,,,,,pdf_confirms,6456,120000,2,"Central Family Life Center, Inc., The - Staten Island Impact 13-3626127 $120,000"
data/fy24/schedule_c/fy24_appendix_a_aging.csv,98,2024,113192295,"Community Bridge Home, Inc.",5000,ein_absent,,,,,pdf_confirms,14658,5000,1,"Williams Community Bridge Home, Inc. 113192295 $5,000 and exercise classes."
data/fy24/schedule_c/fy24_appendix_a_aging.csv,347,2024,112037770,"Queensborough Community College Auxiliary Enterprise Association, Inc.",5000,ein_absent,,,,,pdf_confirms_weak,15293,5000,4,"Paladino Association, Inc. - QPAC Senior Program 112037770 $5,000 To provide local senior programming in Council District 19."
data/fy24/schedule_c/fy24_appendix_a_aging.csv,421,2024,111631813,St. Francis DeSales Golden Age Club,5000,ein_absent,,,,,pdf_confirms,15488,5000,1,"Ariola St. Francis DeSales Golden Age Club 111631813 $5,000 senior peer counseling, community updates and information on senior services."
data/fy24/schedule_c/fy24_appendix_a_aging.csv,426,2024,111672796,St. Virgilius Golden Age,5000,ein_absent,,,,,pdf_confirms,15506,5000,1,"Ariola St. Virgilius Golden Age 111672796 $5,000 senior peer counseling, community updates and information on senior services."
data/fy24/schedule_c/fy24_appendix_a_aging.csv,468,2024,132725423,Wildcat Service Corporation,5000,ein_absent,,,,,pdf_confirms,15607,5000,18,"Holden Wildcat Service Corporation - Senior Snow Removal & Cleanup 132725423 $5,000 Funds to support snow removal for senior citizens in Council District 30 and"
data/fy24/schedule_c/fy24_appendix_b_local.csv,52,2024,820806280,Alliance Of Bukharian Americans,10000,ein_absent,,,,,pdf_confirms,15760,10000,1,"Gennaro Alliance Of Bukharian Americans 820806280 $10,000 DYCD adult services & food related services in Council District 24."
data/fy24/schedule_c/fy24_appendix_b_local.csv,60,2024,113314347,"American Brotherhood for the Russian Disabled, Inc.",5000,ein_absent,,,,,pdf_confirms,15777,5000,1,"Kagan Cultural Programs - Council District 47 113314347 $5,000 DYCD District 47."
data/fy24/schedule_c/fy24_appendix_b_local.csv,270,2024,133251186,"Borough of Manhattan Community College Early Childhood Center, Inc.",9000,ein_absent,,,,,pdf_confirms,16295,9000,1,"Marte Childhood Center, Inc. 133251186 $9,000 CUNY earning their degree."
data/fy24/schedule_c/fy24_appendix_b_local.csv,402,2024,261422585,"Brothers Care, Inc.",10000,ein_absent,,,,,pdf_confirms,16620,10000,2,"Hanks Brothers Care, Inc. - Monthly Events 261422585 $10,000 DYCD Funding will provide monthly events that assist constituents in the 49th Council District."
data/fy24/schedule_c/fy24_appendix_b_local.csv,429,2024,131740443,Cardinal McCloskey School and Home for Children,6000,ein_absent,,,,,pdf_confirms,16689,6000,1,"Stevens Drop-In Center for Homeless & Runaway Youth 131740443 $6,000 DYCD Center."
data/fy24/schedule_c/fy24_appendix_b_local.csv,556,2024,920731021,"City Island Rocks, LLC",5000,ein_absent,,,,,pdf_confirms,16997,5000,1,"Velazquez City Island Rocks, LLC 920731021 $5,000 DYCD Funding will support the City Island Rocks' music in the park program."
data/fy24/schedule_c/fy24_appendix_b_local.csv,589,2024,461371336,City University of New York Community Colleges,5000,ein_absent,,,,,pdf_confirms_weak,17088,5000,2,"Brannan Kingsborough Community College Senior Programming 461371336 $5,000 CUNY Career and Life Planning."
data/fy24/schedule_c/fy24_appendix_b_local.csv,979,2024,472632132,"Elmhurst United, Inc.",5000,ein_absent,,,,,pdf_confirms,18063,5000,1,"Holden Elmhurst United, Inc. 472632132 $5,000 DYCD Funds will be used to support operations and community events in Council District 30."
data/fy24/schedule_c/fy24_appendix_b_local.csv,989,2024,112622478,Evangel Church,25000,ein_absent,,,,,pdf_confirms,18081,25000,1,"Won Evangel Church - Food Pantry 112622478 $25,000 DYCD Funds will support Evangel Church's food pantry."
data/fy24/schedule_c/fy24_appendix_b_local.csv,1253,2024,465145713,Howard Beach Lindenwood Civic Association,5000,ein_absent,,,,,pdf_confirms,18731,5000,1,"Ariola Howard Beach Lindenwood Civic Association 465145713 $5,000 DYCD events, cleanup efforts and other programs."
data/fy24/schedule_c/fy24_appendix_b_local.csv,1384,2024,862713285,"Kyoung's Pacific Beat, Inc.",5000,ein_absent,,,,,pdf_confirms,19076,5000,1,"Louis Kyoung's Pacific Beat, Inc. - Council District 45 862713285 $5,000 DYCD respect for our differences in Council District 45."
data/fy24/schedule_c/fy24_appendix_b_local.csv,1620,2024,830377515,"New Hamilton Beach Civic Association, Inc., The",5000,ein_absent,,,,,pdf_confirms,19647,5000,1,"Ariola New Hamilton Beach Civic Association, Inc., The 830377515 $5,000 DYCD Funding will be used for events and programming."
data/fy24/schedule_c/fy24_appendix_b_local.csv,1913,2024,830761818,Olinville Old Timers Association,5000,ein_absent,,,,,pdf_confirms,20307,5000,1,"Riley Olinville Old Timers Association 830761818 $5,000 DYCD programming and Olinville Old Timers."
data/fy24/schedule_c/fy24_appendix_b_local.csv,1978,2024,276601178,Players Philanthropy Fund DBA Welcome to Chinatown,22000,ein_absent,,,,,pdf_confirms,20471,22000,1,"Marte Players Philanthropy Fund DBA Welcome to Chinatown 276601178 $22,000 SBS will be held throughout the area in partnership with small businesses and CBO's."
data/fy24/schedule_c/fy24_appendix_b_local.csv,2019,2024,473824643,"Promoting Access to Specialized Schools in New York City, Inc.",5000,ein_absent,,,,,pdf_confirms_weak,20568,5000,2,"Williams Inc. 473824643 $5,000 DYCD Funds will be used to support DREAMChasers programming."
data/fy24/schedule_c/fy24_appendix_b_local.csv,2114,2024,112037770,"Queensborough Community College Auxiliary Enterprise Association, Inc.",10000,ein_absent,,,,,pdf_confirms_weak,20794,10000,4,"Gennaro Association, Inc. - After-School Performance Workshops 112037770 $10,000 CUNY School Performance Workshops provided by professionals for students in loc"
data/fy24/schedule_c/fy24_appendix_b_local.csv,2115,2024,112037770,"Queensborough Community College Auxiliary Enterprise Association, Inc.",7500,ein_absent,,,,,pdf_confirms_weak,20797,7500,4,"Gennaro Association, Inc. - Concerts - Council District 24 112037770 $7,500 CUNY Funding will go towards concerts within Council District 24."
data/fy24/schedule_c/fy24_appendix_b_local.csv,2116,2024,112037770,"Queensborough Community College Auxiliary Enterprise Association, Inc.",10000,ein_absent,,,,,pdf_confirms_weak,20794,10000,4,"Gennaro Association, Inc. - After-School Performance Workshops 112037770 $10,000 CUNY School Performance Workshops provided by professionals for students in loc"
data/fy24/schedule_c/fy24_appendix_b_local.csv,2215,2024,861569480,SAMI Sephardic American Mizrahi Initiative,5000,ein_absent,,,,,pdf_confirms,21050,5000,1,"Vernikov Clubs - Council District 48 861569480 $5,000 DYCD Funding to support leadership clubs on college campuses in Council District 48."
data/fy24/schedule_c/fy24_appendix_b_local.csv,2274,2024,133244625,"Small Property Owners of New York, Inc.",6000,ein_absent,,,,,pdf_confirms,21198,6000,1,"Williams Small Property Owners of New York, Inc. 133244625 $6,000 DYCD Funding will be used to provide homeowner education workshops in Council District 27."
data/fy24/schedule_c/fy24_appendix_b_local.csv,2465,2024,133389470,"Upper Manhattan Mental Health Center, Inc.",5000,ein_absent,,,,,pdf_confirms,21645,5000,1,"Abreu Pantry Programs 133389470 $5,000 DYCD health fair."
data/fy24/schedule_c/fy24_appendix_b_local.csv,2554,2024,132725423,Wildcat Service Corporation,5000,ein_absent,,,,,pdf_confirms,15607,5000,18,"Holden Wildcat Service Corporation - Senior Snow Removal & Cleanup 132725423 $5,000 Funds to support snow removal for senior citizens in Council District 30 and"
data/fy24/schedule_c/fy24_appendix_c_youth.csv,63,2024,464347474,"Beyond Boxing, Inc.",5000,ein_absent,,,,,pdf_confirms,22191,5000,1,"Restler Beyond Boxing, Inc. - Education & Training - Council District 33 464347474 $5,000 justice-involved youth."
data/fy24/schedule_c/fy24_appendix_c_youth.csv,541,2024,530204616,National Wildlife Federation,5000,ein_absent,,,,,pdf_confirms,23348,5000,1,"Hanif National Wildlife Federation - Council District 39 530204616 $5,000 impacts, climate justice and resilience solutions in Council District 39."
data/fy24/schedule_c/fy24_appendix_c_youth.csv,582,2024,113287258,"New York Skyriders, Inc.",5000,ein_absent,,,,,pdf_confirms,23445,5000,1,"Williams New York Skyriders, Inc. - Council District 27 113287258 $5,000 Funds will be used for teen programming in the 27th Council District."
data/fy24/schedule_c/fy24_appendix_c_youth.csv,659,2024,113550391,"Renaissance Charter School, The",7500,ein_absent,,,,,pdf_confirms,23633,7500,1,"Krishnan Awakening (TREA) 113550391 $7,500 Awakening (TREA), a program run for teens by teens."
data/fy24/schedule_c/fy24_appendix_c_youth.csv,667,2024,113217121,"Rockaway Artists Alliance, Inc.",20000,ein_absent,,,,,pdf_confirms,23651,20000,1,"Ariola Rockaway Artists Alliance, Inc. 113217121 $20,000 Funds will be used to bring art and cultural programing to the Rockaway Peninsula."
data/fy24/schedule_c/fy24_appendix_c_youth.csv,783,2024,112949074,"Works Little League, Inc.",5000,ein_absent,,,,,pdf_confirms,23933,5000,1,"Ariola Works Little League, Inc. 112949074 $5,000 Funds will be used to purchase equipment and uniforms."
data/fy24/schedule_c/fy24_schedule_c_awards.csv,22,2024,126186140,"Bible Church of Christ, Inc., The",10000,ein_absent,,,,,pdf_confirms,387,10000,1,"Stevens Council District 16 126186140 $10,000 DYCD services in Council District 16"
data/fy24/schedule_c/fy24_schedule_c_awards.csv,43,2024,261422585,"Brothers Care, Inc.",10000,ein_absent,,,,,pdf_confirms,16620,10000,2,"Hanks Brothers Care, Inc. - Monthly Events 261422585 $10,000 DYCD Funding will provide monthly events that assist constituents in the 49th Council District."
data/fy24/schedule_c/fy24_schedule_c_awards.csv,102,2024,112050254,"East Elmhurst Corona Civic Association, Inc.",20000,ein_absent,,,,,pdf_confirms,569,20000,1,"Moya Support & Events - Council District 21 112050254 $20,000 DYCD operations."
data/fy24/schedule_c/fy24_schedule_c_awards.csv,253,2024,821941353,"Seeking Asylum & Finding Empowerment, Inc.",5000,ein_absent,,,,,pdf_confirms,1355,5000,2,"Delegation Seeking Asylum & Finding Empowerment, Inc. 821941353 $5,000 DYCD Funds will support hiring a Vital Services Coordinator (VSC) to provide services and"
data/fy24/schedule_c/fy24_schedule_c_awards.csv,439,2024,821941353,"Seeking Asylum & Finding Empowerment, Inc.",5000,ein_absent,,,,,pdf_confirms,1355,5000,2,"Delegation Seeking Asylum & Finding Empowerment, Inc. 821941353 $5,000 DYCD Funds will support hiring a Vital Services Coordinator (VSC) to provide services and"
data/fy24/schedule_c/fy24_schedule_c_awards.csv,557,2024,112838138,"Turning Point Brooklyn, Inc.",20000,ein_absent,,,,,pdf_confirms,1582,20000,1,"Turning Point Brooklyn, Inc. 11-2838138 $20,000"
data/fy24/schedule_c/fy24_schedule_c_awards.csv,730,2024,473824643,"Promoting Access to Specialized Schools in New York City, Inc.",20000,ein_absent,,,,,pdf_confirms_weak,1966,20000,2,"Williams 47-3824643 $20,000 DYCD"
data/fy24/schedule_c/fy24_schedule_c_awards.csv,849,2024,112631746,"Brookdale Hospital Medical Center, The",15000,ein_absent,,,,,pdf_confirms,2294,15000,2,"Osse Brookdale Hospital Medical Center, The 112631746 $15,000 DHMH Hospital."
data/fy24/schedule_c/fy24_schedule_c_awards.csv,2045,2024,813865472,"Bombazo Dance Company, Inc.",15000,ein_absent,,,,,pdf_confirms,5267,15000,1,"Ayala 81-3865472 $15,000 DYCD"
data/fy24/schedule_c/fy24_schedule_c_awards.csv,2423,2024,820993366,"Common Justice, Inc.",15000,ein_absent,,,,,pdf_confirms,6109,15000,1,"Jordan 82-0993366 $15,000 MOCJ"
data/fy24/schedule_c/fy24_schedule_c_awards.csv,2933,2024,132725423,Wildcat Service Corporation,185000,ein_absent,,,,,pdf_confirms,7582,185000,18,"Gennaro Wildcat Service Corporation - Cleanup Services - Council District 24 13-2725423 $185,000 DYCD Funds to provide cleanup services to Council District 24."
data/fy24/schedule_c/fy24_schedule_c_awards.csv,2934,2024,132725423,Wildcat Service Corporation,39000,ein_absent,,,,,pdf_confirms,7584,39000,18,"Ariola Wildcat Service Corporation - Cleanup Services - Council District 32 13-2725423 $39,000 DYCD Funds will be used for cleanup services in Council District "
data/fy24/schedule_c/fy24_schedule_c_awards.csv,2935,2024,132725423,Wildcat Service Corporation,120000,ein_absent,,,,,pdf_confirms,7585,120000,18,"Riley Wildcat Service Corporation - Council District 12 13-2725423 $120,000 DYCD Neighborhood cleaning and beautification services throughout Council District 1"
data/fy24/schedule_c/fy24_schedule_c_awards.csv,2936,2024,132725423,Wildcat Service Corporation,145000,ein_absent,,,,,pdf_confirms,7587,145000,18,"Sanchez Wildcat Service Corporation - Council District 14 13-2725423 $145,000 DYCD"
data/fy24/schedule_c/fy24_schedule_c_awards.csv,2937,2024,132725423,Wildcat Service Corporation,15000,ein_absent,,,,,pdf_confirms,7589,15000,18,"Stevens Wildcat Service Corporation - Council District 16 13-2725423 $15,000 DYCD Funds to support cleanup efforts throughout the corridors of Council District "
data/fy24/schedule_c/fy24_schedule_c_awards.csv,2938,2024,132725423,Wildcat Service Corporation,100000,ein_absent,,,,,pdf_confirms,7591,100000,18,"Salamanca Wildcat Service Corporation - Council District 17 13-2725423 $100,000 DYCD"
data/fy24/schedule_c/fy24_schedule_c_awards.csv,2939,2024,132725423,Wildcat Service Corporation,65000,ein_absent,,,,,pdf_confirms,7594,65000,18,"Brooks-Powers Wildcat Service Corporation - Council District 31 13-2725423 $65,000 DYCD"
data/fy24/schedule_c/fy24_schedule_c_awards.csv,2940,2024,132725423,Wildcat Service Corporation,130000,ein_absent,,,,,pdf_confirms,7597,130000,18,"Louis Wildcat Service Corporation - Council District 45 13-2725423 $130,000 DYCD litter/debris removal; and any other services identified to in specific corrido"
data/fy24/schedule_c/fy24_schedule_c_awards.csv,2941,2024,132725423,Wildcat Service Corporation,40000,ein_absent,,,,,pdf_confirms,7599,40000,18,"Holden Wildcat Service Corporation - Maintain Council District 30 13-2725423 $40,000 DYCD Funds to support Clean Routes and Graffiti Removal in Council District"
data/fy24/schedule_c/fy24_schedule_c_awards.csv,2942,2024,132725423,Wildcat Service Corporation,30000,ein_absent,,,,,pdf_confirms_weak,7601,30000,18,"Farias 13-2725423 $30,000 DYCD"
data/fy24/schedule_c/fy24_schedule_c_awards.csv,2943,2024,132725423,Wildcat Service Corporation,60000,ein_absent,,,,,pdf_confirms_weak,7604,60000,18,"Lee 13-2725423 $60,000 DYCD Funds will provide Council District 23: Neighborhood Improvement Program."
data/fy24/schedule_c/fy24_schedule_c_awards.csv,2944,2024,132725423,Wildcat Service Corporation,86000,ein_absent,,,,,pdf_confirms,7606,86000,18,"Joseph Wildcat Service Corporation - NYC Cleanup - Council District 40 13-2725423 $86,000 DYCD Funding will support cleanup efforts in Council District 40."
data/fy24/schedule_c/fy24_schedule_c_awards.csv,2945,2024,132725423,Wildcat Service Corporation,40000,ein_absent,,,,,pdf_confirms,7599,40000,18,"Holden Wildcat Service Corporation - Maintain Council District 30 13-2725423 $40,000 DYCD Funds to support Clean Routes and Graffiti Removal in Council District"
data/fy24/schedule_c/fy24_schedule_c_awards.csv,2946,2024,132725423,Wildcat Service Corporation,100000,ein_absent,,,,,pdf_confirms,7591,100000,18,"Salamanca Wildcat Service Corporation - Council District 17 13-2725423 $100,000 DYCD"
data/fy24/schedule_c/fy24_schedule_c_awards.csv,3974,2024,461371336,City University of New York Community Colleges,10000,ein_absent,,,,,pdf_confirms_weak,10512,10000,2,"Ariola 46-1371336 $10,000 DFTA"
data/fy24/schedule_c/fy24_schedule_c_awards.csv,4231,2024,132725423,Wildcat Service Corporation,40000,ein_absent,,,,,pdf_confirms,7599,40000,18,"Holden Wildcat Service Corporation - Maintain Council District 30 13-2725423 $40,000 DYCD Funds to support Clean Routes and Graffiti Removal in Council District"
data/fy24/schedule_c/fy24_schedule_c_awards.csv,4397,2024,020534583,Macaulay Honors College Foundation,10000,ein_absent,,,,,pdf_confirms,11512,10000,1,"Brewer 02-0534583 $10,000 DYCD"
data/fy24/schedule_c/fy24_schedule_c_awards.csv,4411,2024,132949483,"New York Road Runners, Inc.",10000,ein_absent,,,,,pdf_confirms,11542,10000,1,"Sanchez 13-2949483 $10,000 DYCD"
data/fy24/schedule_c/fy24_schedule_c_awards.csv,4776,2024,112631746,"Brookdale Hospital Medical Center, The",50000,ein_absent,,,,,pdf_confirms,12723,50000,2,"Brookdale Hospital Medical Center, The 112631746 $50,000 DHMH To provide funding to support for the Diabetes Center of Excellence."
data/fy24/schedule_c/fy24_schedule_c_awards.csv,4885,2024,311731465,"Exodus Transitional Community, Inc.",35000,ein_absent,,,,,pdf_confirms,13012,35000,1,"Exodus Transitional Community, Inc. - PEACE Plan 311731465 $35,000 DYCD and spiritual well-being."
data/fy24/schedule_c/fy24_schedule_c_awards.csv,5036,2024,134165107,New York City Employment and Training Coalition,25000,ein_absent,,,,,pdf_confirms,13398,25000,1,"New York City Employment and Training Coalition 134165107 $25,000 DYCD that will serve as a one-stop shop for employers seeking talent from the community."
data/fy24/schedule_c/fy24_schedule_c_awards.csv,5200,2024,132725423,Wildcat Service Corporation,50000,ein_absent,,,,,pdf_confirms,13806,50000,18,"Ariola, Holden Wildcat Service Corporation 132725423 $50,000 DYCD Council Districts 30 and 32."
data/fy25/schedule_c/fy25_appendix_a_aging.csv,155,2025,853130678,"Fundacion de Ayuda a las Familias y Envejecientes, Inc.",10000,ein_absent,,,,,pdf_confirms,14023,10000,1,"Sanchez Poverty Prevention Program 853130678 $10,000 To address food insecurity and provide resources to seniors in Council District 14."
data/fy25/schedule_c/fy25_appendix_b_local.csv,12,2025,133371153,122nd Precinct Community Council,5000,ein_absent,,,,,pdf_confirms,14871,5000,1,"Carr 122nd Precinct Community Council 133371153 $5,000 DYCD seasonal events, youth explorers and community meetings."
data/fy25/schedule_c/fy25_appendix_b_local.csv,55,2025,820806280,Alliance Of Bukharian Americans,10000,ein_absent,,,,,pdf_confirms,14975,10000,1,"Gennaro Alliance Of Bukharian Americans 820806280 $10,000 DYCD services, food related services and hosting community seminars in Council District 24."
data/fy25/schedule_c/fy25_appendix_b_local.csv,106,2025,871253908,"Anti Social Productions, Inc.",5000,ein_absent,,,,,pdf_confirms,15098,5000,1,"Powers Anti Social Productions, Inc. - Anti Social Camp 871253908 $5,000 DYCD free songwriting camp."
data/fy25/schedule_c/fy25_appendix_b_local.csv,436,2025,131740443,Cardinal McCloskey School and Home for Children,5871,ein_absent,,,,,pdf_confirms,15884,5871,1,"Stevens Drop-In Center for Homeless & Runaway Youth 131740443 $5,871 DYCD Center."
data/fy25/schedule_c/fy25_appendix_b_local.csv,561,2025,133074369,City Island Community Center,30000,ein_absent,,,,,pdf_confirms,16186,30000,1,"Marmorato City Island Community Center 133074369 $30,000 DYCD To support programming and events held at City Island Community Center."
data/fy25/schedule_c/fy25_appendix_b_local.csv,637,2025,452201993,"Commonwise Education, Inc.",5000,ein_absent,,,,,pdf_confirms_weak,16399,5000,3,"Sanchez Business Development Initiative 452201993 $5,000 DYCD To support BCDI's Worker Cooperative Business Development Initiative."
data/fy25/schedule_c/fy25_appendix_b_local.csv,675,2025,133447662,"Council For Living Music, Inc., The",5000,ein_absent,,,,,pdf_confirms,16487,5000,1,"Bottcher Council For Living Music, Inc., The 133447662 $5,000 DYCD Funds will support programming and operations."
data/fy25/schedule_c/fy25_appendix_b_local.csv,1224,2025,200774906,"Hester Street Collaborative, Inc.",200000,ein_absent,,,,,pdf_confirms_weak,17823,200000,2,"Speaker Won Driven Land Use Vision 200774906 $200,000 DYCD Use Visioning process."
data/fy25/schedule_c/fy25_appendix_b_local.csv,1288,2025,843965258,"Infusion Media Group, Inc.",10000,ein_absent,,,,,pdf_confirms,17979,10000,1,"Banks Infusion Media Group, Inc. - Food Distribution Program 843965258 $10,000 DYCD Group's Food Distribution Program."
data/fy25/schedule_c/fy25_appendix_b_local.csv,1456,2025,812630457,"Majority Family Life Center, Inc.",10000,ein_absent,,,,,pdf_confirms,18399,10000,1,"Williams Majority Family Life Center, Inc. 812630457 $10,000 DYCD 27."
data/fy25/schedule_c/fy25_appendix_b_local.csv,1592,2025,922440697,"MVP Swimmers, Inc.",10000,ein_absent,,,,,pdf_confirms,18724,10000,1,"Riley MVP Swimmers, Inc. - Council District 12 922440697 $10,000 DYCD funds to be used to assist with swimming instruction for Council District 12."
data/fy25/schedule_c/fy25_appendix_b_local.csv,1911,2025,113604970,"NY Writers Coalition, Inc.",5000,ein_absent,,,,,pdf_confirms_weak,19463,5000,2,"Hudson Council District 35 113604970 $5,000 DCLA costs for public events."
data/fy25/schedule_c/fy25_appendix_b_local.csv,2021,2025,133774499,"Praise, Peace and Pride, Inc.",5000,ein_absent,,,,,pdf_confirms,19731,5000,1,"Stevens Praise, Peace and Pride, Inc. - Council District 16 133774499 $5,000 DYCD Council District 16."
data/fy25/schedule_c/fy25_appendix_b_local.csv,2484,2025,274637480,"Urban Hope, Inc.",22500,ein_absent,,,,,pdf_confirms,20845,22500,1,"Hanks Urban Hope, Inc. 274637480 $22,500 DYCD Funding will support various community programs and services in Council District 49."
data/fy25/schedule_c/fy25_appendix_b_local.csv,2513,2025,912036204,"Vietnam Veterans of America, Chapter 126",2500,ein_absent,,,,,pdf_confirms,20923,2500,1,"Holden City Veterans Day parade 912036204 $2,500 DVS New York City Veterans Day parade"
data/fy25/schedule_c/fy25_appendix_b_local.csv,2601,2025,113618826,Yeshiva Ohr Yisrael,5000,ein_absent,,,,,pdf_confirms,21146,5000,1,"Narcisse Yeshiva Ohr Yisrael - Council District 46 113618826 $5,000 DYCD Funds to provide a free children's library program in Council District 46."
data/fy25/schedule_c/fy25_appendix_c_youth.csv,250,2025,823196869,Crazy Science Corp,5000,ein_absent,,,,,pdf_confirms,21802,5000,1,"Mealy Crazy Science Corp 823196869 $5,000 cares, museums, and park etc."
data/fy25/schedule_c/fy25_appendix_c_youth.csv,532,2025,465695272,"Muslim Sisters of Staten Island, Inc.",5000,ein_absent,,,,,pdf_confirms,22498,5000,1,"Hanks Council District 49 465695272 $5,000 Funding will support youth programming and services in Council District 49."
data/fy25/schedule_c/fy25_appendix_c_youth.csv,662,2025,873939856,"REM Center, Inc.",10000,ein_absent,,,,,pdf_confirms,22803,10000,1,"Ayala REM Center, Inc. - Family Enrichment Center 873939856 $10,000 To support programming at the Family Enrichment Center."
data/fy25/schedule_c/fy25_appendix_c_youth.csv,765,2025,202104637,"Unity Games, Inc.",5000,ein_absent,,,,,pdf_confirms,23066,5000,1,"Hanks Unity Games, Inc. - Annual Unity Games 202104637 $5,000 Funding will support the annual Unity Games event."
data/fy25/schedule_c/fy25_schedule_c_awards.csv,11,2025,884406318,America Dan Yang Association Corp.,5000,ein_absent,,,,,pdf_confirms,419,5000,1,"Zhuang Activates 884406318 $5,000 DYCD Funding for free meals, community outreach services, aid to families in need."
data/fy25/schedule_c/fy25_schedule_c_awards.csv,29,2025,126186140,"Bible Church of Christ, Inc., The",10000,ein_absent,,,,,pdf_confirms,459,10000,1,"Stevens Council District 16 126186140 $10,000 DYCD services in Council District 16."
data/fy25/schedule_c/fy25_schedule_c_awards.csv,523,2025,900954778,"All Star Code, Inc.",10000,ein_absent,,,,,pdf_confirms,1637,10000,1,"Louis All Star Code, Inc. - Council District 45 90-0954778 $10,000 DYCD"
data/fy25/schedule_c/fy25_schedule_c_awards.csv,754,2025,463745556,69th Precinct Clergy Council,10000,ein_absent,,,,,pdf_confirms,2098,10000,1,"Louis 69th Precinct Clergy Council - Council District 45 463745556 $10,000 DYCD Funds to support victim services and support in Council District 45."
data/fy25/schedule_c/fy25_schedule_c_awards.csv,821,2025,853728590,Chinatown Organization for Media Awakening -,5000,ein_absent,,,,,pdf_confirms,2223,5000,1,"Marte Chinatown Organization for Media Awakening - 853728590 $5,000 DYCD Funding will support workshops with industry professionals and published authors and pl"
data/fy25/schedule_c/fy25_schedule_c_awards.csv,954,2025,464052556,"National Youth Organization of Pakistan, Inc.",5000,ein_absent,,,,,pdf_confirms,2505,5000,1,"Louis Victim Services - Council District 45 464052556 $5,000 DYCD other supportive services.."
data/fy25/schedule_c/fy25_schedule_c_awards.csv,1540,2025,853943723,Kristina Bermudez Creative Developments LLC,20000,ein_absent,,,,,pdf_confirms,3760,20000,1,"Banks Kristina Bermudez Creative Developments LLC 85-3943723 $20,000 DYCD"
data/fy25/schedule_c/fy25_schedule_c_awards.csv,1739,2025,113604970,"NY Writers Coalition, Inc.",20000,ein_absent,,,,,pdf_confirms_weak,4146,20000,2,"Hudson Academy (17K340) 11-3604970 $20,000 DCLA"
data/fy25/schedule_c/fy25_schedule_c_awards.csv,1962,2025,465013189,"Asian American Community Empowerment, Inc.",25000,ein_absent,,,,,pdf_confirms,4602,25000,1,"Zhuang Council District 43 46-5013189 $25,000 DYCD"
data/fy25/schedule_c/fy25_schedule_c_awards.csv,2192,2025,363885457,"Muslim American Society of New York, Inc.",20000,ein_absent,,,,,pdf_confirms,4981,20000,1,"Marmorato Muslim American Society of New York, Inc. - Council District 13 36-3885457 $20,000 DYCD"
data/fy25/schedule_c/fy25_schedule_c_awards.csv,2660,2025,364792598,"Sonny Archer Law Enforcement Scholarship Foundation, Inc.",5000,ein_absent,,,,,pdf_confirms,5848,5000,1,"Hudson Mental Health Support Programming 36-4792598 $5,000 DSS/HRA"
data/fy25/schedule_c/fy25_schedule_c_awards.csv,3465,2025,135562202,Community Service Society of New York,164000,neighbour_bleed,170469,-6469,133824852,,pdf_confirms,8107,164000,10,"Community Service Society of New York 13-5562202 $164,000"
data/fy25/schedule_c/fy25_schedule_c_awards.csv,3542,2025,200774906,"Hester Street Collaborative, Inc.",98250,ein_absent,,,,,pdf_confirms,8272,98250,2,"Hester Street Collaborative, Inc. 20-0774906 $98,250"
data/fy25/schedule_c/fy25_schedule_c_awards.csv,4158,2025,301325083,Gaton Foundation,10000,ein_absent,,,,,pdf_confirms,9908,10000,1,"Williams Gaton Foundation 30-1325083 $10,000 DFTA"
data/fy25/schedule_c/fy25_schedule_c_awards.csv,4703,2025,383652741,DRUM,50000,ein_absent,,,,,pdf_confirms,10981,50000,1,"DRUM – Desis Rising Up and Moving, Inc. 38-3652741 $50,000"
data/fy25/schedule_c/fy25_schedule_c_awards.csv,4743,2025,422787706,"Community Job Center, Inc.",125000,ein_absent,,,,,pdf_confirms,11094,125000,1,"Staten Island Community Job Center, Inc. 42-2787706 $125,000"
data/fy25/schedule_c/fy25_schedule_c_awards.csv,4882,2025,364615681,"United Auto Merchants Association, Inc.",10000,ein_absent,,,,,pdf_confirms,11499,10000,1,"Sanchez Personnel Training - Jerome Corridor - Bronx 36-4615681 $10,000 SBS"
data/fy25/schedule_c/fy25_schedule_c_awards.csv,4916,2025,452201993,"Commonwise Education, Inc.",131548,ein_absent,,,,,pdf_confirms,11598,131548,3,"Commonwise Education, Inc. 45-2201993 $131,548"
data/fy25/schedule_c/fy25_schedule_c_awards.csv,5059,2025,452201993,"Commonwise Education, Inc.",175000,ein_absent,,,,,pdf_confirms,11983,175000,3,"Commonwise Education, Inc. 452201993 $175,000 SBS outreach."
data/fy26/schedule_c/fy26_appendix_a_aging.csv,298,2026,134151778,"New York City Verrazano 10-13 Association, Inc.",5000,ein_absent,,,,,pdf_confirms,17225,5000,1,"Carr New York City Verrazano 10-13 Association, Inc. 134151778 $5,000 operating expenses for the senior safety & security workshops."
data/fy26/schedule_c/fy26_appendix_b_local.csv,11,2026,463856711,121st Police Precinct Community Council,7000,ein_absent,,,,,pdf_confirms,17719,7000,1,"Hanks 49 463856711 $7,000 DYCD Funding will support community programs and services in Council District 49."
data/fy26/schedule_c/fy26_appendix_b_local.csv,32,2026,134151020,"African American Women In Cinema Organization, Inc.",5000,ein_absent,,,,,pdf_confirms,17774,5000,1,"Banks Cinema Program & Filmmaking - Council District 42 134151020 $5,000 DYCD Council District 42."
data/fy26/schedule_c/fy26_appendix_b_local.csv,52,2026,881042164,"Carr, Hanks Albanian-American Association of Ulqin, Inc.",15000,ein_absent,,,,,pdf_confirms,17825,15000,1,"Speaker Carr, Hanks Albanian-American Association of Ulqin, Inc. 881042164 $15,000 DYCD culture, language and Albanian traditions."
data/fy26/schedule_c/fy26_appendix_b_local.csv,143,2026,832173068,"Arts Business Collaborative, Inc.",5000,ein_absent,,,,,pdf_confirms,18048,5000,1,"Hudson District 35 832173068 $5,000 SBS To fund the ABC Help Desk to support independent artists and nonprofits."
data/fy26/schedule_c/fy26_appendix_b_local.csv,526,2026,842066679,"Chimerica Women Association, Inc.",5000,ein_absent,,,,,pdf_confirms,18985,5000,1,"Zhuang for Low Income 842066679 $5,000 DYCD each section in Council District 43."
data/fy26/schedule_c/fy26_appendix_b_local.csv,610,2026,133581914,"Committee for Environmentally Sound Development, Inc.",5000,ein_absent,,,,,pdf_confirms,19195,5000,1,"Brewer Community Engagement & Education 133581914 $5,000 DYCD Funds will support community engagement and education programming and services."
data/fy26/schedule_c/fy26_appendix_b_local.csv,689,2026,133875643,"Delta Sigma Theta Sorority, Inc. Staten Island Alumnae Chapter",5000,ein_absent,,,,,pdf_confirms,19411,5000,1,"Hanks Chapter - Council District 49 133875643 $5,000 DYCD Funds will support community programs and services in Council District 49."
data/fy26/schedule_c/fy26_appendix_b_local.csv,970,2026,142009368,"Empowerment Zone, Inc.",5000,ein_absent,,,,,pdf_confirms,20106,5000,1,"Hanks Parade 142009368 $5,000 DYCD Funding will support the Staten Island Black Heritage parade."
data/fy26/schedule_c/fy26_appendix_b_local.csv,976,2026,814476447,"ENY REIGN, Inc.",5000,ein_absent,,,,,pdf_confirms,20117,5000,1,"Banks Council District 42 814476447 $5,000 SBS (i.e a printshop & ice cart), including a clothing drive in Council District 42."
data/fy26/schedule_c/fy26_appendix_b_local.csv,1191,2026,881341214,"Harlem Festival of Culture Foundation, Inc.",5000,ein_absent,,,,,pdf_confirms,20652,5000,1,"Salaam Harlem Festival of Culture Foundation, Inc. 881341214 $5,000 DYCD community-driven Juneteenth celebration."
data/fy26/schedule_c/fy26_appendix_b_local.csv,1192,2026,800965297,Harlem Historical Society,10000,ein_absent,,,,,pdf_confirms,20655,10000,1,"Salaam Harlem Historical Society 800965297 $10,000 DYCD Harlem’s rich legacy."
data/fy26/schedule_c/fy26_appendix_b_local.csv,1310,2026,462418234,"Jake Foundation, Inc.",5000,ein_absent,,,,,pdf_confirms,20938,5000,1,"Brewer Jake Foundation, Inc. - Summer Soccer - Council District 6 462418234 $5,000 DYCD Funds will support a Summer Soccer Program for at risk youth in Council "
data/fy26/schedule_c/fy26_appendix_b_local.csv,1402,2026,843309358,"Knickerbocker Avenue Merchants Partnership, Inc.",10000,ein_absent,,,,,pdf_confirms,21182,10000,1,"Nurse Knickerbocker Beautification 843309358 $10,000 DYCD stimulate economic activity and community partnerships."
data/fy26/schedule_c/fy26_appendix_b_local.csv,1650,2026,205689079,"Neighborhood Housing Services of Staten Island, Inc.",10000,ein_absent,,,,,pdf_confirms,21806,10000,1,"Hanks Council District 49 205689079 $10,000 HPD Funding to support the clean energy hub in Council District 49."
data/fy26/schedule_c/fy26_appendix_b_local.csv,1922,2026,851202832,"Nexgen Women In Accounting, Inc.",5000,ein_absent,,,,,pdf_confirms,22414,5000,1,"Louis Leaders - Council District 45 851202832 $5,000 DYCD of accounting and finance in Council District 45."
data/fy26/schedule_c/fy26_appendix_b_local.csv,2037,2026,133774499,"Praise, Peace and Pride, Inc.",5000,ein_absent,,,,,pdf_confirms,22691,5000,1,"Stevens Praise, Peace and Pride, Inc. - Council District 16 133774499 $5,000 DYCD Council District 16."
data/fy26/schedule_c/fy26_appendix_b_local.csv,2079,2026,113201956,"Q Kingdom Ministries, Inc.",5000,ein_absent,,,,,pdf_confirms,22801,5000,1,"Narcisse District 46 113201956 $5,000 DYCD Funds to provide educational services and enrichment for youth in Council District 46."
data/fy26/schedule_c/fy26_appendix_c_youth.csv,4,2026,832487282,"4ward Inclusion Consulting, Inc.",7500,ein_absent,,,,,pdf_confirms,24146,7500,1,"Salaam District 9 832487282 $7,500 Funds to be used for implementing of mentoring program to youth in Council District 9."
data/fy26/schedule_c/fy26_appendix_c_youth.csv,83,2026,262885471,Blessed Trinity Roman Catholic Church,25000,ein_absent,,,,,pdf_confirms,24345,25000,1,"Ariola Blessed Trinity Roman Catholic Church - Youth Sports Program 262885471 $25,000 Funds will be used to support Blessed Trinity's Youth Sports program."
data/fy26/schedule_c/fy26_appendix_c_youth.csv,250,2026,133447662,"Council For Living Music, Inc., The",5000,ein_absent,,,,,pdf_confirms,24776,5000,1,"Bottcher Discussion & Student Jam Sessions 133447662 $5,000 Funds will support programming and operations."
data/fy26/schedule_c/fy26_appendix_c_youth.csv,294,2026,463216286,Emma's Place,5000,ein_absent,,,,,pdf_confirms,24889,5000,1,"Hanks Council District 49 463216286 $5,000 District 49."
data/fy26/schedule_c/fy26_appendix_c_youth.csv,329,2026,844257877,"G.E.M.S., Inc.",10000,ein_absent,,,,,pdf_confirms,24969,10000,1,"Banks G.E.M.S., Inc. - Council District 42 844257877 $10,000 being while fostering an authentic environment."
data/fy26/schedule_c/fy26_appendix_c_youth.csv,485,2026,272264157,"Liga Caribe Baseball League AA, Inc.",10000,ein_absent,,,,,pdf_confirms,25356,10000,1,"Feliz 15 272264157 $10,000 Funding will go towards baseball programming in Council District 15."
data/fy26/schedule_c/fy26_appendix_c_youth.csv,817,2026,472686128,Young Minds In Motion,10000,ein_absent,,,,,pdf_confirms,26171,10000,1,"Farias Young Minds In Motion - Council District 18 472686128 $10,000 Funding to support the Youth Empowerment Program in Council District 18."
data/fy26/schedule_c/fy26_schedule_c_awards.csv,309,2026,934263895,BK Rams,10000,ein_absent,,,,,pdf_confirms,1224,10000,1,"Delegation BK Rams - Youth Programming 934263895 $10,000 DYCD facility and field costs."
data/fy26/schedule_c/fy26_schedule_c_awards.csv,1105,2026,132969182,"Urban Youth Alliance International, Inc.",10000,ein_absent,,,,,pdf_confirms,3031,10000,1,"Stevens Programming - Council District 16 132969182 $10,000 DYCD Funds will be used to support youth and violence prevention programming in Council District 16."
data/fy26/schedule_c/fy26_schedule_c_awards.csv,1543,2026,991869451,"Emmys Dream Builders, Inc.",20000,ein_absent,,,,,pdf_confirms,4218,20000,1,"Elementary (18K114) 99-1869451 $20,000 DYCD"
data/fy26/schedule_c/fy26_schedule_c_awards.csv,1588,2026,201982947,Harlem Link Charter School,20000,ein_absent,,,,,pdf_confirms,4340,20000,1,"Salaam Harlem Link Charter School 20-1982947 $20,000 DYCD"
data/fy26/schedule_c/fy26_schedule_c_awards.csv,2233,2026,133308542,"Forum of Italian American Educators 1, Inc.",10000,ein_absent,,,,,pdf_confirms,6119,10000,1,"Marmorato Forum of Italian American Educators 1, Inc. 13-3308542 $10,000 DYCD"
data/fy26/schedule_c/fy26_schedule_c_awards.csv,2815,2026,113838770,"Silent Voices United, Inc.",10000,ein_absent,,,,,pdf_confirms,7593,10000,1,"Salaam Silent Voices United, Inc. - Council District 9 11-3838770 $10,000 DSS/HRA"
data/fy26/schedule_c/fy26_schedule_c_awards.csv,3380,2026,853305696,"OneBlock, Inc.",50000,ein_absent,,,,,pdf_confirms,9410,50000,1,"Brewer OneBlock, Inc. - UWS Cleanup 85-3305696 $50,000 DYCD"
data/fy26/schedule_c/fy26_schedule_c_awards.csv,3390,2026,010890508,"Recycle For Education, Inc.",10000,ein_absent,,,,,pdf_confirms,9432,10000,1,"Williams Recycle For Education, Inc. - Council District 27 01-0890508 $10,000 DYCD"
data/fy26/schedule_c/fy26_schedule_c_awards.csv,3394,2026,882833328,"Silver Mount Cemetery Conservancy, Incorporated",10000,ein_absent,,,,,pdf_confirms,9448,10000,1,"Hanks Silver Mount Cemetery Conservancy, Incorporated 88-2833328 $10,000 DYCD"
data/fy26/schedule_c/fy26_schedule_c_awards.csv,4722,2026,463167209,"Friends of Graniteville Quarry, Inc.",10000,ein_absent,,,,,pdf_confirms,13110,10000,1,"Hanks Friends of Graniteville Quarry, Inc. - Council District 49 46-3167209 $10,000 DYCD"
data/fy26/schedule_c/fy26_schedule_c_awards.csv,4784,2026,463689061,Riverside-Inwood Neighborhood Gardens,10000,ein_absent,,,,,pdf_confirms,13267,10000,1,"10 46-3689061 $10,000 DPR"
data/fy26/schedule_c/fy26_schedule_c_awards.csv,4801,2026,133993092,"West Side Community Garden, Inc.",10000,ein_absent,,,,,pdf_confirms,13300,10000,1,"- Council District 6 13-3993092 $10,000 DYCD"
data/fy27/schedule_c/fy27_schedule_c_awards.csv,4682,2027,135563028,"Osborne Association, Inc., The",14999,rounding,15000,-1,,,pdf_confirms_weak,12792,14999,9,"Nurse 13-5563028 $14,999 DFTA"
data/fy27/schedule_c/fy27_schedule_c_awards.csv,4724,2027,131624178,"Selfhelp Community Services, Inc.",44999,rounding,45000,-1,,,pdf_confirms,12900,44999,37,"Lee Selfhelp Community Services, Inc. – Fresh Meadows NORC 13-1624178 $44,999 DFTA"
