file,line,fiscal_year,ein,organization,our_amount,verdict,nearest_disclosure_amount,delta,belongs_to_ein,org_text_merged
data/fy15/schedule_c/fy15_schedule_c_awards.csv,4,2015,135562301,New York City Mission Society,129400,unconfirmed,80000,49400,,
data/fy15/schedule_c/fy15_schedule_c_awards.csv,5,2015,135563028,Osborne Association,129400,unconfirmed,50000,79400,,
data/fy15/schedule_c/fy15_schedule_c_awards.csv,9,2015,133780848,New Yorkers Against Gun Violence,30000,ein_absent,,,,
data/fy15/schedule_c/fy15_schedule_c_awards.csv,38,2015,201518304,Bushwick Housing Independence Project (BHIP),15000,ein_absent,,,,
data/fy15/schedule_c/fy15_schedule_c_awards.csv,50,2015,465144468,Central Brooklyn Legal Services Corp,3500,ein_absent,,,,
data/fy15/schedule_c/fy15_schedule_c_awards.csv,60,2015,133693660,Chin Church Street School of Music and Art,10000,unconfirmed,5000,5000,,
data/fy15/schedule_c/fy15_schedule_c_awards.csv,76,2015,132564241,"Community League of the Heights, Inc.",12500,unconfirmed,15000,-2500,,
data/fy15/schedule_c/fy15_schedule_c_awards.csv,81,2015,132765465,"Council on the Environment, Inc.",25000,unconfirmed,20000,5000,,
data/fy15/schedule_c/fy15_schedule_c_awards.csv,91,2015,201723492,Eastern Queens Alliance,10000,unconfirmed,7500,2500,,
data/fy15/schedule_c/fy15_schedule_c_awards.csv,92,2015,200177748,EDIFY Communities of New York,30000,unconfirmed,50000,-20000,,
data/fy15/schedule_c/fy15_schedule_c_awards.csv,122,2015,470939800,"Haitian American Business Network, Inc.",13500,unconfirmed,5000,8500,,
data/fy15/schedule_c/fy15_schedule_c_awards.csv,127,2015,133573852,"Hispanic Federation, Inc.",30000,unconfirmed,25000,5000,,
data/fy15/schedule_c/fy15_schedule_c_awards.csv,128,2015,133573852,"Hispanic Federation, Inc.",50000,unconfirmed,40000,10000,,
data/fy15/schedule_c/fy15_schedule_c_awards.csv,141,2015,133609811,Korean American Family Service Center (KAFSC),10000,unconfirmed,7500,2500,,
data/fy15/schedule_c/fy15_schedule_c_awards.csv,182,2015,133098397,"Neighborhood Housing Services of Northern Queens, Inc.",3500,unconfirmed,4000,-500,,
data/fy15/schedule_c/fy15_schedule_c_awards.csv,187,2015,133842270,New Economy Project,7000,unconfirmed,5000,2000,,
data/fy15/schedule_c/fy15_schedule_c_awards.csv,189,2015,133286250,"New York Asian Women's Center, Inc.",10000,unconfirmed,10556,-556,,
data/fy15/schedule_c/fy15_schedule_c_awards.csv,237,2015,113632920,South Asian Council for Social Services,11000,unconfirmed,6000,5000,,
data/fy15/schedule_c/fy15_schedule_c_awards.csv,263,2015,133442022,Urban Justice Center,7000,unconfirmed,7500,-500,,
data/fy15/schedule_c/fy15_schedule_c_awards.csv,281,2015,133622107,"Mosholu-Montefiore Community Center, Inc.",20000,unconfirmed,25000,-5000,,
data/fy15/schedule_c/fy15_schedule_c_awards.csv,291,2015,454847192,"Brooklyn City-Wide Council Of Presidents, Inc.",38750,ein_absent,,,,
data/fy15/schedule_c/fy15_schedule_c_awards.csv,303,2015,133706385,Manhattan APICHA Community Health Center,10556,ein_absent,,,,
data/fy15/schedule_c/fy15_schedule_c_awards.csv,304,2015,133630066,"Apollo Theater Foundation, Inc.",10556,unconfirmed,10456,100,,
data/fy15/schedule_c/fy15_schedule_c_awards.csv,369,2015,132727406,Afro American 1,315000,unconfirmed,100000,215000,,
data/fy15/schedule_c/fy15_schedule_c_awards.csv,375,2015,133593885,Dominican Women's Development Center,850000,unconfirmed,765000,85000,,
data/fy15/schedule_c/fy15_schedule_c_awards.csv,384,2015,112495601,Parent Child Home Program (PCHP),175000,unconfirmed,34000,141000,,
data/fy15/schedule_c/fy15_schedule_c_awards.csv,386,2015,111904261,Brooklyn Public Library (BPL),175000,ein_absent,,,,
data/fy15/schedule_c/fy15_schedule_c_awards.csv,387,2015,131887440,New York Public Library (NYPL),175000,unconfirmed,30000,145000,,
data/fy15/schedule_c/fy15_schedule_c_awards.csv,388,2015,111904262,Queens Public Library (QPL),175000,ein_absent,,,,
data/fy15/schedule_c/fy15_schedule_c_awards.csv,389,2015,131941627,Vera Institute of Justice,250000,unconfirmed,247000,3000,,
data/fy15/schedule_c/fy15_schedule_c_awards.csv,400,2015,132668080,Kingsbridge Heights Community Center (Bronx),75000,unconfirmed,100000,-25000,,
data/fy15/schedule_c/fy15_schedule_c_awards.csv,402,2015,133843322,Mt. Sinai Sexual Assault & Violence Intervention Program (Queens),75000,unconfirmed,53177,21823,,
data/fy15/schedule_c/fy15_schedule_c_awards.csv,415,2015,133422660,ENACT,310000,ein_absent,,,,
data/fy15/schedule_c/fy15_schedule_c_awards.csv,417,2015,112995109,Institute for Student Achievement,167000,ein_absent,,,,
data/fy15/schedule_c/fy15_schedule_c_awards.csv,439,2015,352262561,"Zimmer Club Youth Conservation Program of Staten Island, Inc.",50000,unconfirmed,25000,25000,,
data/fy15/schedule_c/fy15_schedule_c_awards.csv,445,2015,133749744,African Services Committee,45000,unconfirmed,40410,4590,,
data/fy15/schedule_c/fy15_schedule_c_awards.csv,446,2015,331007278,"After Hours Project, Inc.",10000,unconfirmed,9000,1000,,
data/fy15/schedule_c/fy15_schedule_c_awards.csv,447,2015,112837894,"AIDS Center of Queens County, Inc.",10000,unconfirmed,9000,1000,,
data/fy15/schedule_c/fy15_schedule_c_awards.csv,449,2015,134009817,"BOOM!Health (d.b.a CitiWide Harm Reduction Program, Inc.)",10000,unconfirmed,9000,1000,,
data/fy15/schedule_c/fy15_schedule_c_awards.csv,450,2015,132739694,Charles B. Wang Community Health Center,45000,unconfirmed,40410,4590,,
data/fy15/schedule_c/fy15_schedule_c_awards.csv,451,2015,133556132,New York City Council Finance Division Page 44 Community Health Action of Staten Island,10000,unconfirmed,9000,1000,,
data/fy15/schedule_c/fy15_schedule_c_awards.csv,452,2015,133083068,"Community Healthcare Network, Inc.",60000,unconfirmed,53880,6120,,
data/fy15/schedule_c/fy15_schedule_c_awards.csv,453,2015,462121958,Empire Liver Foundation,155000,unconfirmed,139190,15810,,
data/fy15/schedule_c/fy15_schedule_c_awards.csv,454,2015,112592651,Family Services Network of New York,10000,unconfirmed,9000,1000,,
data/fy15/schedule_c/fy15_schedule_c_awards.csv,455,2015,133461695,Harlem United Community AIDS Center,10000,unconfirmed,9000,1000,,
data/fy15/schedule_c/fy15_schedule_c_awards.csv,456,2015,132552500,"Harlem United Community AIDS Center, Inc.",60000,unconfirmed,6000,54000,,
data/fy15/schedule_c/fy15_schedule_c_awards.csv,457,2015,943204958,Harm Reduction Coalition,10000,unconfirmed,9000,1000,,
data/fy15/schedule_c/fy15_schedule_c_awards.csv,458,2015,133464470,HELP/PSI,60000,ein_absent,,,,
data/fy15/schedule_c/fy15_schedule_c_awards.csv,459,2015,133584089,"Housing Works, Inc.",10000,unconfirmed,9000,1000,,
data/fy15/schedule_c/fy15_schedule_c_awards.csv,460,2015,237348989,Korean Community Services,45000,unconfirmed,40410,4590,,
data/fy15/schedule_c/fy15_schedule_c_awards.csv,461,2015,133727641,"Lower East Side Harm Reduction Center, Inc.",10000,unconfirmed,9000,1000,,
data/fy15/schedule_c/fy15_schedule_c_awards.csv,462,2015,131740114,Montefiore Comprehensive Health Care Center,60000,unconfirmed,53880,6120,,
data/fy15/schedule_c/fy15_schedule_c_awards.csv,463,2015,133678499,"New York Harm Reduction Educators, Inc.",10000,unconfirmed,9000,1000,,
data/fy15/schedule_c/fy15_schedule_c_awards.csv,464,2015,133845305,Positive Health Project,10000,unconfirmed,9000,1000,,
data/fy15/schedule_c/fy15_schedule_c_awards.csv,465,2015,133832223,"Praxis Housing Initiatives, Inc.",10000,unconfirmed,9000,1000,,
data/fy15/schedule_c/fy15_schedule_c_awards.csv,466,2015,132946970,"Safe Horizon, Inc. (Streetwork)",10000,unconfirmed,9000,1000,,
data/fy15/schedule_c/fy15_schedule_c_awards.csv,467,2015,133724008,St. Ann's Corner of Harm Reduction,10000,unconfirmed,9000,1000,,
data/fy15/schedule_c/fy15_schedule_c_awards.csv,469,2015,208672015,Washington Heights Corner Project,10000,unconfirmed,9000,1000,,
data/fy15/schedule_c/fy15_schedule_c_awards.csv,474,2015,133020589,Belmont Arthur Avenue Local Development Organization,27777,unconfirmed,27027,750,,
data/fy15/schedule_c/fy15_schedule_c_awards.csv,475,2015,113250772,Bridge Street Development Corporation,27777,unconfirmed,27027,750,,
data/fy15/schedule_c/fy15_schedule_c_awards.csv,476,2015,112435523,"Brighton Neighborhood Association, Inc.",27777,unconfirmed,27027,750,,
data/fy15/schedule_c/fy15_schedule_c_awards.csv,477,2015,112412584,"New York City Council Finance Division Page 48 Brooklyn Housing and Family Services, Inc.",27777,unconfirmed,27027,750,,
data/fy15/schedule_c/fy15_schedule_c_awards.csv,478,2015,112652331,"Central Astoria Local Development Coalition, Inc.",27777,unconfirmed,27027,750,,
data/fy15/schedule_c/fy15_schedule_c_awards.csv,479,2015,132851988,"Clinton Housing Development Company, Inc.",27777,unconfirmed,27027,750,,
data/fy15/schedule_c/fy15_schedule_c_awards.csv,480,2015,132564241,"Community League of the Heights, Inc.",27777,unconfirmed,27027,750,,
data/fy15/schedule_c/fy15_schedule_c_awards.csv,481,2015,133248777,"El Barrio Operation Fight Back, Inc.",27777,unconfirmed,27027,750,,
data/fy15/schedule_c/fy15_schedule_c_awards.csv,482,2015,133311582,"Eviction Intervention Services Homelessness Prevention, Inc.",27777,unconfirmed,27027,750,,
data/fy15/schedule_c/fy15_schedule_c_awards.csv,483,2015,132915659,"Good Old Lower East Side, Inc.",27777,unconfirmed,27027,750,,
data/fy15/schedule_c/fy15_schedule_c_awards.csv,484,2015,112498292,Gowanus Canal Community Development Corporation,27777,unconfirmed,27027,750,,
data/fy15/schedule_c/fy15_schedule_c_awards.csv,485,2015,112382250,Greater Ridgewood Restoration Corporation,27777,unconfirmed,27027,750,,
data/fy15/schedule_c/fy15_schedule_c_awards.csv,486,2015,133516262,"Harlem Congregations for Community Improvement, Inc.",27777,unconfirmed,27027,750,,
data/fy15/schedule_c/fy15_schedule_c_awards.csv,487,2015,510141489,"Housing Conservation Coordinators, Inc.",27777,unconfirmed,27027,750,,
data/fy15/schedule_c/fy15_schedule_c_awards.csv,488,2015,133317188,"Housing Court Answers, Inc.",27777,unconfirmed,27027,750,,
data/fy15/schedule_c/fy15_schedule_c_awards.csv,489,2015,135562989,Hudson Guild,27777,unconfirmed,27027,750,,
data/fy15/schedule_c/fy15_schedule_c_awards.csv,490,2015,131628180,"Lenox Hill Neighborhood House, Inc.",27777,unconfirmed,27027,750,,
data/fy15/schedule_c/fy15_schedule_c_awards.csv,491,2015,132622748,"MFY Legal Services, Inc.",27777,unconfirmed,27027,750,,
data/fy15/schedule_c/fy15_schedule_c_awards.csv,492,2015,133098397,"Neighborhood Housing Services of Bedford-Stuyvesant, Inc.",27777,unconfirmed,27028,749,,
data/fy15/schedule_c/fy15_schedule_c_awards.csv,493,2015,237398279,"Neighborhood Housing Services of Jamaica, Inc.",27777,unconfirmed,27027,750,,
data/fy15/schedule_c/fy15_schedule_c_awards.csv,494,2015,133098397,"Neighborhood Housing Services of the North Bronx, Inc.",27777,unconfirmed,27028,749,,
data/fy15/schedule_c/fy15_schedule_c_awards.csv,495,2015,133110811,Neighborhood Initiatives Development Corporation (NIDC),27777,unconfirmed,27027,750,,
data/fy15/schedule_c/fy15_schedule_c_awards.csv,496,2015,112555446,North Brooklyn Development Corporation,27777,unconfirmed,27027,750,,
data/fy15/schedule_c/fy15_schedule_c_awards.csv,497,2015,132974137,"Northfield Community LDC of Staten Island, Inc.",27777,unconfirmed,27027,750,,
data/fy15/schedule_c/fy15_schedule_c_awards.csv,498,2015,132806160,Northwest Bronx Community and Clergy Coalition for Sistas and Brothas United,27777,unconfirmed,27027,750,,
data/fy15/schedule_c/fy15_schedule_c_awards.csv,499,2015,112470566,"Peoples Firehouse, Inc.",27777,unconfirmed,27027,750,,
data/fy15/schedule_c/fy15_schedule_c_awards.csv,500,2015,112375583,"Queens Community House, Inc.",27777,unconfirmed,27027,750,,
data/fy15/schedule_c/fy15_schedule_c_awards.csv,501,2015,111817497,"Queensboro Council for Social Welfare, Inc.",27777,unconfirmed,27027,750,,
data/fy15/schedule_c/fy15_schedule_c_awards.csv,502,2015,112453853,"Ridgewood Bushwick Senior Citizens Council, Inc.",27805,unconfirmed,27027,778,,
data/fy15/schedule_c/fy15_schedule_c_awards.csv,503,2015,133266398,"Staten Island Center for Independent Living, Inc.",27777,unconfirmed,27027,750,,
data/fy15/schedule_c/fy15_schedule_c_awards.csv,504,2015,131943516,"Strycker's Bay Neighborhood Council, Inc.",27777,unconfirmed,27027,750,,
data/fy15/schedule_c/fy15_schedule_c_awards.csv,505,2015,132735378,"United Jewish Council of the East Side, Inc.",27777,unconfirmed,27027,750,,
data/fy15/schedule_c/fy15_schedule_c_awards.csv,506,2015,133442022,Urban Justice Center,27777,unconfirmed,27027,750,,
data/fy15/schedule_c/fy15_schedule_c_awards.csv,507,2015,132941841,"West Bronx Housing and Neighborhood Resource Center, Inc.",27777,unconfirmed,27027,750,,
data/fy15/schedule_c/fy15_schedule_c_awards.csv,508,2015,132926433,"West Side Federation for Senior and Supportive Housing, Inc.",27777,unconfirmed,27027,750,,
data/fy15/schedule_c/fy15_schedule_c_awards.csv,509,2015,112435565,"Woodside on the Move, Inc.",27777,unconfirmed,27027,750,,
data/fy15/schedule_c/fy15_schedule_c_awards.csv,565,2015,132947657,"Services and Advocacy for GLBT Elders (SAGE), Inc.",1500000,unconfirmed,1200000,300000,,
data/fy15/schedule_c/fy15_schedule_c_awards.csv,572,2015,133077049,"Neighborhood Self Help by Older Persons Project, Inc.",32000,ein_absent,,,,
data/fy15/schedule_c/fy15_schedule_c_awards.csv,576,2015,135654450,Selfhelp Community Services,234000,ein_absent,,,,
data/fy15/schedule_c/fy15_schedule_c_awards.csv,578,2015,030387372,South Brooklyn Youth Consortium,79000,ein_absent,,,,
data/fy15/schedule_c/fy15_schedule_c_awards.csv,587,2015,237378422,Stein Center Senior Center,100000,ein_absent,,,,
data/fy15/schedule_c/fy15_schedule_c_awards.csv,611,2015,112510289,Brooklyn Economic Development Corporation,60925,ein_absent,,,,
data/fy15/schedule_c/fy15_schedule_c_awards.csv,619,2015,270111010,"Women Builders Council, Inc.",43950,ein_absent,,,,
data/fy15/schedule_c/fy15_schedule_c_awards.csv,626,2015,113306944,Jamaica Business Resource Center,64500,ein_absent,,,,
data/fy15/schedule_c/fy15_schedule_c_awards.csv,628,2015,510192170,St. Nick's Alliance Corporation,85500,unconfirmed,60000,25500,,
data/fy15/schedule_c/fy15_schedule_c_awards.csv,630,2015,452201993,Bronx Cooperative Development Initiative (BCDI),64000,unconfirmed,60800,3200,,
data/fy15/schedule_c/fy15_schedule_c_awards.csv,631,2015,112777066,Center for Family Life,147000,unconfirmed,148000,-1000,,
data/fy15/schedule_c/fy15_schedule_c_awards.csv,633,2015,275265123,Democracy at Work Institute (DAWI),110000,unconfirmed,104500,5500,,
data/fy15/schedule_c/fy15_schedule_c_awards.csv,634,2015,135562220,Federation of Protestant Welfare Agencies (FPWA),106000,unconfirmed,100700,5300,,
data/fy15/schedule_c/fy15_schedule_c_awards.csv,635,2015,201828936,Green Worker Cooperatives,165000,unconfirmed,156750,8250,,
data/fy15/schedule_c/fy15_schedule_c_awards.csv,636,2015,042628399,ICA Group,100000,unconfirmed,95000,5000,,
data/fy15/schedule_c/fy15_schedule_c_awards.csv,637,2015,113344389,Make the Road New York,70000,unconfirmed,66500,3500,,
data/fy15/schedule_c/fy15_schedule_c_awards.csv,638,2015,465245034,NYC Network of Worker Cooperatives (NYCNOWC),115000,unconfirmed,15000,100000,,
data/fy15/schedule_c/fy15_schedule_c_awards.csv,639,2015,202264584,The Working World (TWW),230000,unconfirmed,218500,11500,,
data/fy15/schedule_c/fy15_schedule_c_awards.csv,640,2015,133442022,Urban Justice Center,58000,unconfirmed,55100,2900,,
data/fy15/schedule_c/fy15_schedule_c_awards.csv,646,2015,133682471,Coalition for Asian American Children and Families,833333,neighbour_bleed,500000,333333,133573852,
data/fy15/schedule_c/fy15_schedule_c_awards.csv,648,2015,131671035,New York Urban League,833333,rounding,833334,-1,,
data/fy15/schedule_c/fy15_schedule_c_awards.csv,651,2015,134045021,Power Play,1000000,unconfirmed,500000,500000,,
data/fy15/schedule_c/fy15_schedule_c_awards.csv,653,2015,112030172,YMCA of Greater New York,350000,unconfirmed,50000,300000,,
data/fy16/schedule_c/fy16_schedule_c_awards.csv,4,2016,132727406,"Afro American Parents Education Day Care Center, Inc.",585662,unconfirmed,162000,423662,,
data/fy16/schedule_c/fy16_schedule_c_awards.csv,13,2016,203108162,"Nasry Michelen Day Care Center, Inc.",933098,unconfirmed,296628,636470,,
data/fy16/schedule_c/fy16_schedule_c_awards.csv,14,2016,131740021,"Pamela C Torres Day Care Center, Inc.",622088,ein_absent,,,,
data/fy16/schedule_c/fy16_schedule_c_awards.csv,15,2016,135623279,Staten Island Mental Health Society Inc. Head Start Program,390000,unconfirmed,325000,65000,,
data/fy16/schedule_c/fy16_schedule_c_awards.csv,36,2016,237169558,West Harlem Group Assistance,500000,unconfirmed,125000,375000,,
data/fy16/schedule_c/fy16_schedule_c_awards.csv,53,2016,133782555,Northern Manhattan Perinatal Partnership,132128,unconfirmed,6000,126128,,
data/fy16/schedule_c/fy16_schedule_c_awards.csv,54,2016,132621497,"Planned Parenthood of New York City, Inc.",19200,unconfirmed,22320,-3120,,
data/fy16/schedule_c/fy16_schedule_c_awards.csv,56,2016,133092676,Harlem Hospital Center,300000,ein_absent,,,,
data/fy16/schedule_c/fy16_schedule_c_awards.csv,69,2016,133020589,Belmont Arthur Avenue Local Development Organization,29730,rounding,29729,1,,
data/fy16/schedule_c/fy16_schedule_c_awards.csv,70,2016,113250772,Bridge Street Development Corporation,29730,rounding,29729,1,,
data/fy16/schedule_c/fy16_schedule_c_awards.csv,71,2016,112435523,"Brighton Neighborhood Association, Inc.",29730,rounding,29729,1,,
data/fy16/schedule_c/fy16_schedule_c_awards.csv,73,2016,112652331,"Central Astoria Local Development Coalition, Inc.",29730,rounding,29729,1,,
data/fy16/schedule_c/fy16_schedule_c_awards.csv,74,2016,132564241,"Clinton Housing Development Company, Inc. 13-2851988 * $29,730 Community League of the Heights, Inc.",29730,rounding,29729,1,,yes
data/fy16/schedule_c/fy16_schedule_c_awards.csv,75,2016,133311582,"El Barrio Operation Fight Back, Inc. 13-3248777 * $29,730 Eviction Intervention Services Homelessness Prevention, Inc.",29730,rounding,29729,1,,yes
data/fy16/schedule_c/fy16_schedule_c_awards.csv,76,2016,132915659,"Good Old Lower East Side, Inc.",29730,rounding,29729,1,,
data/fy16/schedule_c/fy16_schedule_c_awards.csv,83,2016,133098397,Neighborhood Housing Services of East Flatbush,29731,rounding,29730,1,,
data/fy16/schedule_c/fy16_schedule_c_awards.csv,94,2016,132735378,"Strycker's Bay Neighborhood Council, Inc. 13-1943516 * $29,730 United Jewish Council of the East Side, Inc.",29731,rounding,29730,1,,yes
data/fy16/schedule_c/fy16_schedule_c_awards.csv,100,2016,133442022,Urban Justice Center,1250000,unconfirmed,595000,655000,,
data/fy16/schedule_c/fy16_schedule_c_awards.csv,117,2016,132600199,Legal Services NYC,758000,unconfirmed,500000,258000,,
data/fy16/schedule_c/fy16_schedule_c_awards.csv,134,2016,133165187,"Bailey House, Inc.",125000,ein_absent,,,,
data/fy16/schedule_c/fy16_schedule_c_awards.csv,137,2016,132612524,Fund for the City of New York,250000,unconfirmed,258800,-8800,,
data/fy16/schedule_c/fy16_schedule_c_awards.csv,139,2016,030553092,"Man Up, Inc.",250000,unconfirmed,258800,-8800,,
data/fy16/schedule_c/fy16_schedule_c_awards.csv,149,2016,030553092,Fund for the City of New York,70000,unconfirmed,72000,-2000,,
data/fy16/schedule_c/fy16_schedule_c_awards.csv,154,2016,133893536,CUNY Creative Arts Team,80000,unconfirmed,50000,30000,,
data/fy16/schedule_c/fy16_schedule_c_awards.csv,170,2016,133780848,New Yorkers Against Gun Violence,30000,ein_absent,,,,
data/fy16/schedule_c/fy16_schedule_c_awards.csv,186,2016,136400434,Department for the Aging,529000,unconfirmed,500000,29000,,
data/fy16/schedule_c/fy16_schedule_c_awards.csv,233,2016,111839567,Lutheran Family Health Center's Family Support Center,95000,ein_absent,,,,
data/fy16/schedule_c/fy16_schedule_c_awards.csv,238,2016,042261109,Third Sector New England**,150000,unconfirmed,100000,50000,,
data/fy16/schedule_c/fy16_schedule_c_awards.csv,241,2016,136400434,"Staten Island Community Job Center 47-2787706 * $15,000 Department of Small Business Services",135000,unconfirmed,130000,5000,,yes
data/fy16/schedule_c/fy16_schedule_c_awards.csv,272,2016,136400434,Department of Small Business Services,105000,unconfirmed,103921,1079,,
data/fy16/schedule_c/fy16_schedule_c_awards.csv,279,2016,133573842,Hispanic Federation,1000000,ein_absent,,,,
data/fy16/schedule_c/fy16_schedule_c_awards.csv,280,2016,131671035,New York Urban League,1000000,unconfirmed,983333,16667,,
data/fy16/schedule_c/fy16_schedule_c_awards.csv,289,2016,112047151,"Catholic Charities Neighborhood Services, Inc.",604800,unconfirmed,532800,72000,,
data/fy16/schedule_c/fy16_schedule_c_awards.csv,293,2016,112683663,Cypress Hills Local Development Corporation,120400,unconfirmed,125000,-4600,,
data/fy16/schedule_c/fy16_schedule_c_awards.csv,294,2016,132997764,"Development Outreach, Inc.",112000,unconfirmed,80000,32000,,
data/fy16/schedule_c/fy16_schedule_c_awards.csv,300,2016,132752494,Heartshare St. Vincent’s Services,50400,unconfirmed,20000,30400,,
data/fy16/schedule_c/fy16_schedule_c_awards.csv,314,2016,135564940,"Sheltering Arms Children and Family Services, Inc.",240800,ein_absent,,,,
data/fy16/schedule_c/fy16_schedule_c_awards.csv,319,2016,135562191,The Children’s Aid Society,618800,unconfirmed,380800,238000,,
data/fy16/schedule_c/fy16_schedule_c_awards.csv,321,2016,131632530,Union Settlement Association,112000,unconfirmed,70000,42000,,
data/fy16/schedule_c/fy16_schedule_c_awards.csv,322,2016,135562374,"University Settlement Society of New York, Inc.",64400,unconfirmed,50000,14400,,
data/fy16/schedule_c/fy16_schedule_c_awards.csv,323,2016,132675560,Women’s Housing and Economic Development Corporation (WHEDco),330400,unconfirmed,126000,204400,,
data/fy16/schedule_c/fy16_schedule_c_awards.csv,324,2016,112435565,"Woodside on the Move, Inc.",330400,unconfirmed,236000,94400,,
data/fy16/schedule_c/fy16_schedule_c_awards.csv,326,2016,116003354,Yeshiva Kehilath Yakov,364000,unconfirmed,84000,280000,,
data/fy16/schedule_c/fy16_schedule_c_awards.csv,328,2016,131624228,YMCA of Greater New York/Eastern District YMCA,190400,unconfirmed,86800,103600,,
data/fy16/schedule_c/fy16_schedule_c_awards.csv,334,2016,471912944,Fund for New York City Voter Assistance Corporation,343840,ein_absent,,,,
data/fy17/schedule_c/fy17_schedule_c_awards.csv,7,2017,111904261,Brooklyn Public Library (BPL),175000,ein_absent,,,,
data/fy17/schedule_c/fy17_schedule_c_awards.csv,10,2017,131887440,"Jumpstart for Children 04-3263046 * $175,000 Literacy Inc. (LINC) 13-3911331 * $440,000 New York Public Library (NPL)",175000,unconfirmed,30000,145000,,yes
data/fy17/schedule_c/fy17_schedule_c_awards.csv,12,2017,111904262,Queens Public Library (QPL),175000,ein_absent,,,,
data/fy17/schedule_c/fy17_schedule_c_awards.csv,16,2017,133573842,"Hispanic Federation, Inc.",983333,ein_absent,,,,
data/fy17/schedule_c/fy17_schedule_c_awards.csv,49,2017,383974312,"Liberty Fund, Inc.",1400000,unconfirmed,482500,917500,,
data/fy17/schedule_c/fy17_schedule_c_awards.csv,79,2017,461227433,Good Shepherds Services,207000,unconfirmed,475000,-268000,,
data/fy17/schedule_c/fy17_schedule_c_awards.csv,83,2017,136400434,Department of Education,1125000,unconfirmed,1129774,-4774,,
data/fy17/schedule_c/fy17_schedule_c_awards.csv,108,2017,136400434,"Choices in Childbirth 20-2015286 * $32,000 Community Health Center of Richmond, Inc. 51-0567466 * $11,520 Community Healthcare Network 13-3083068 * $84,633 Diaspora Community Services 11-3122295 * $29,157 Fort Greene Strategic Neighborhood Action Partnership 11-3343941 * $11,253 Greater Brooklyn Health Coalition 11-3484928 * $29,157 Health + Hospitals",25799,unconfirmed,26000,-201,,yes
data/fy17/schedule_c/fy17_schedule_c_awards.csv,153,2017,133442022,Urban Justice Center,71000,unconfirmed,61000,10000,,
data/fy17/schedule_c/fy17_schedule_c_awards.csv,163,2017,112498292,"Good Old Lower East Side, Inc. 13-3311582 * $29,729 Gowanus Canal Community Development Corporation 13-2915659 * $29,729 Greater Ridgewood Restoration Corporation",29730,rounding,29729,1,,yes
data/fy17/schedule_c/fy17_schedule_c_awards.csv,168,2017,133098397,"Neighborhood Housing Services of Brooklyn CDC, Inc. 47-1169779 * $29,730 Neighborhood Housing Services of Jamaica, Inc. 23-7398279 * $29,730 Neighborhood Housing Services of New York City, Inc.",29730,unconfirmed,1500000,-1470270,,yes
data/fy17/schedule_c/fy17_schedule_c_awards.csv,185,2017,136400434,Bellevue/NYU Program for Survivors of Torture,75000,unconfirmed,75488,-488,,
data/fy17/schedule_c/fy17_schedule_c_awards.csv,196,2017,113235349,"City University of New York School of Law Foundation, Inc., The",24000,unconfirmed,7000,17000,,
data/fy17/schedule_c/fy17_schedule_c_awards.csv,197,2017,112622003,"Committee for Hispanic Children and Families, Inc., The",58000,unconfirmed,55000,3000,,
data/fy17/schedule_c/fy17_schedule_c_awards.csv,209,2017,113305406,"Bronx Defenders 13-3931074 * $2,076,667 Brooklyn Defenders Services",2076666,rounding,2076667,-1,,yes
data/fy17/schedule_c/fy17_schedule_c_awards.csv,225,2017,135564937,"Jewish Board of Family and Children's Services, Inc.",78540,unconfirmed,100000,-21460,,
data/fy17/schedule_c/fy17_schedule_c_awards.csv,239,2017,111711014,Safe Space NYC,230769,unconfirmed,35000,195769,,
data/fy17/schedule_c/fy17_schedule_c_awards.csv,251,2017,135596746,"Long Island Jewish Medical Center 11-2241326 * $106,103 Mental Health Providers of Western Queens 11-2700062 * $60,103 Montefiore Medical Center 13-1740114 * $70,429 NYSARC",194103,unconfirmed,104000,90103,,yes
data/fy17/schedule_c/fy17_schedule_c_awards.csv,253,2017,135623279,"PSCH (Kingsboro Psychiatric Center) 11-2542430 * $132,103 St. Ann's Corner of Harm Reduction 13-3724008 * $92,107 St. Luke's-Roosevelt Hospital Center 13-2997301 * $41,103 Staten Island Mental Health Society",107103,unconfirmed,85069,22034,,yes
data/fy17/schedule_c/fy17_schedule_c_awards.csv,254,2017,202508411,Sunset Park Health Council,273103,unconfirmed,237382,35721,,
data/fy17/schedule_c/fy17_schedule_c_awards.csv,267,2017,131740122,"SBH Community Service Network (Sephardic Bikur Cholim) 23-7406410 * $63,000 Services and Advocacy for GLBT Elders (SAGE) 13-2947657 * $86,000 Spanish Speaking Elderly Council",82000,unconfirmed,17745,64255,,yes
data/fy17/schedule_c/fy17_schedule_c_awards.csv,273,2017,133165187,"Bailey House, Inc.",125000,ein_absent,,,,
data/fy17/schedule_c/fy17_schedule_c_awards.csv,297,2017,136400434,"Catholic Charities Neighborhood Services, Inc.",529000,unconfirmed,504380,24620,,
data/fy17/schedule_c/fy17_schedule_c_awards.csv,300,2017,133077049,"Neighborhood Self Help by Older Persons Project, Inc.",32000,ein_absent,,,,
data/fy17/schedule_c/fy17_schedule_c_awards.csv,302,2017,113397470,Rochdale Village Social Services Inc.,253000,unconfirmed,45000,208000,,
data/fy17/schedule_c/fy17_schedule_c_awards.csv,304,2017,237129499,"Carter Burden Center for the Aging, Inc., The",95000,unconfirmed,105556,-10556,,
data/fy17/schedule_c/fy17_schedule_c_awards.csv,324,2017,136400434,Department of Small Business Services,281800,unconfirmed,300000,-18200,,
data/fy17/schedule_c/fy17_schedule_c_awards.csv,329,2017,136400434,"Queens Economic Development Corporation 11-2436149 * $43,250 Department of Small Business Services",184500,unconfirmed,175000,9500,,yes
data/fy17/schedule_c/fy17_schedule_c_awards.csv,335,2017,136400434,"Third Sector New England** 04-2261109 * $66,000 Department of Small Business Services",105000,unconfirmed,100000,5000,,yes
data/fy17/schedule_c/fy17_schedule_c_awards.csv,337,2017,133213525,Jericho Project,50000,unconfirmed,20000,30000,,
data/fy17/schedule_c/fy17_schedule_c_awards.csv,343,2017,136400434,Department of Youth and Community Development,6206400,unconfirmed,5956400,250000,,
data/fy17/schedule_c/fy17_schedule_c_awards.csv,351,2017,133573409,New York Immigration Coalition,400000,unconfirmed,376000,24000,,
data/fy17/schedule_c/fy17_schedule_c_awards.csv,353,2017,237078882,Settlement Housing Fund,328800,unconfirmed,70000,258800,,
data/fy17/schedule_c/fy17_schedule_c_awards.csv,355,2017,131624228,"Young Men’s Christian Association of Greater New York 13-2736022 * $29,000 Youth Action Programs and Homes, Inc.",427000,unconfirmed,350000,77000,,yes
data/fy18/schedule_c/fy18_appendix_a_aging.csv,124,2018,116325086,.00 To support various creative aging activities and multicultural programs at the library. Vallone Friendship Club of St. Andrew Avellino,5000,ein_absent,,,,
data/fy18/schedule_c/fy18_appendix_a_aging.csv,140,2018,112290832,,10000,no_key,,,,
data/fy18/schedule_c/fy18_appendix_a_aging.csv,220,2018,112665181,"Jewish Community Council of Greater Coney Island, Inc.",7500,unconfirmed,8000,-500,,
data/fy18/schedule_c/fy18_appendix_a_aging.csv,236,2018,112997255,"Korean Community Services of Metropolitan New York, Inc.",8000,unconfirmed,5000,3000,,
data/fy18/schedule_c/fy18_appendix_a_aging.csv,329,2018,113071518,,10000,no_key,,,,
data/fy18/schedule_c/fy18_appendix_a_aging.csv,331,2018,432061329,".00 The funding will provide seniors over the age of sixty who reside in the greater Clearview, Whitestone, Le Harve, Bay Terrace, Flushing Communities with a dedicated transportation service. Vacca San Gennaro Senior Center",10000,ein_absent,,,,
data/fy18/schedule_c/fy18_appendix_a_aging.csv,374,2018,111675278,St. Joan of Arc,5000,unconfirmed,10000,-5000,,
data/fy18/schedule_c/fy18_appendix_a_aging.csv,391,2018,131632530,,20000,no_key,,,,
data/fy18/schedule_c/fy18_schedule_c_awards.csv,2,2018,136400434,"A&G Early Child Care Community Network Inc. 47-2375867 * $2,150,000 Administration for Children’s Services, The",481197,unconfirmed,500000,-18803,,yes
data/fy18/schedule_c/fy18_schedule_c_awards.csv,4,2018,111630780,"Bethany Day Nursery, Inc. 13-2732818 * $709,605 Brooklyn Bureau of Community Services",350000,unconfirmed,150000,200000,,yes
data/fy18/schedule_c/fy18_schedule_c_awards.csv,25,2018,132612524,"Fund for the City of New York, Inc.-Center for Court Innovation",1710000,unconfirmed,1210000,500000,,
data/fy18/schedule_c/fy18_schedule_c_awards.csv,79,2018,136400434,Department of Education,1125000,unconfirmed,1129774,-4774,,
data/fy18/schedule_c/fy18_schedule_c_awards.csv,83,2018,136400434,"Council of School Supervisors and Administrators 11-2024569 * $450,000 Department of Education",20354000,unconfirmed,19694500,659500,,yes
data/fy18/schedule_c/fy18_schedule_c_awards.csv,110,2018,136400434,Health + Hospitals,91000,unconfirmed,90000,1000,,
data/fy18/schedule_c/fy18_schedule_c_awards.csv,115,2018,060646594,"American Lung Association of the Northeast, Inc.",78000,ein_absent,,,,
data/fy18/schedule_c/fy18_schedule_c_awards.csv,140,2018,136400434,"Community Healthcare Network, Inc. 13-3083068 * $53,880 Coney Island Hospital",53880,unconfirmed,55000,-1120,,yes
data/fy18/schedule_c/fy18_schedule_c_awards.csv,143,2018,136400434,"Harm Reduction Coalition 94-3204958 * $13,500 Housing Works, Inc. 13-3584089 * $13,500 Kings County Hospital",53880,unconfirmed,55000,-1120,,yes
data/fy18/schedule_c/fy18_schedule_c_awards.csv,161,2018,133975090,"Agudath Israel of America Community Services, Inc.",51000,unconfirmed,26000,25000,,
data/fy18/schedule_c/fy18_schedule_c_awards.csv,162,2018,133975090,"Agudath Israel of America Community Services, Inc.",51000,unconfirmed,26000,25000,,
data/fy18/schedule_c/fy18_schedule_c_awards.csv,166,2018,112634818,"Catholic Migration Services, Inc.",51000,unconfirmed,50000,1000,,
data/fy18/schedule_c/fy18_schedule_c_awards.csv,167,2018,112634818,"Catholic Migration Services, Inc.",51000,unconfirmed,50000,1000,,
data/fy18/schedule_c/fy18_schedule_c_awards.csv,170,2018,141719016,"Crenulated Company LTD, The",71000,unconfirmed,70000,1000,,
data/fy18/schedule_c/fy18_schedule_c_awards.csv,171,2018,141719016,"Crenulated Company LTD, The",71000,unconfirmed,70000,1000,,
data/fy18/schedule_c/fy18_schedule_c_awards.csv,175,2018,112412584,"Housing and Family Services of Greater New York, Inc.",71000,unconfirmed,29730,41270,,
data/fy18/schedule_c/fy18_schedule_c_awards.csv,176,2018,112412584,"Housing and Family Services of Greater New York, Inc.",61000,unconfirmed,29730,31270,,
data/fy18/schedule_c/fy18_schedule_c_awards.csv,185,2018,471169779,"Neighborhood Housing Services of Brooklyn CDC, Inc.",71000,unconfirmed,75000,-4000,,
data/fy18/schedule_c/fy18_schedule_c_awards.csv,186,2018,471169779,"Neighborhood Housing Services of Brooklyn CDC, Inc.",71000,unconfirmed,75000,-4000,,
data/fy18/schedule_c/fy18_schedule_c_awards.csv,187,2018,471169779,"Neighborhood Housing Services of Brooklyn CDC, Inc.",51000,unconfirmed,29730,21270,,
data/fy18/schedule_c/fy18_schedule_c_awards.csv,193,2018,132972415,Northern Manhattan Improvement Corporation,61000,unconfirmed,52692,8308,,
data/fy18/schedule_c/fy18_schedule_c_awards.csv,194,2018,132972415,Northern Manhattan Improvement Corporation,61000,unconfirmed,52692,8308,,
data/fy18/schedule_c/fy18_schedule_c_awards.csv,204,2018,133442022,Urban Justice Center,51000,unconfirmed,50000,1000,,
data/fy18/schedule_c/fy18_schedule_c_awards.csv,205,2018,133442022,Urban Justice Center,51000,unconfirmed,50000,1000,,
data/fy18/schedule_c/fy18_schedule_c_awards.csv,206,2018,133442022,Urban Justice Center,51000,unconfirmed,50000,1000,,
data/fy18/schedule_c/fy18_schedule_c_awards.csv,207,2018,133442022,Urban Justice Center,61000,unconfirmed,66000,-5000,,
data/fy18/schedule_c/fy18_schedule_c_awards.csv,311,2018,135596746,"NYSARC, Inc., New York City Chapter",234103,unconfirmed,144000,90103,,
data/fy18/schedule_c/fy18_schedule_c_awards.csv,315,2018,202508411,"Sunset Park Health Council, Inc.",273103,unconfirmed,237382,35721,,
data/fy18/schedule_c/fy18_schedule_c_awards.csv,363,2018,135675643,Edwin Gould Services for Children and Families,80000,unconfirmed,50000,30000,,
data/fy18/schedule_c/fy18_schedule_c_awards.csv,364,2018,132912963,"Scan-New York Volunteer Parent-Aides Association, Inc.",80000,unconfirmed,40000,40000,,
data/fy18/schedule_c/fy18_schedule_c_awards.csv,366,2018,451964622,"New York Peace Institute, Inc.",80000,unconfirmed,100000,-20000,,
data/fy18/schedule_c/fy18_schedule_c_awards.csv,367,2018,030553092,"Man Up, Inc.",160000,unconfirmed,150000,10000,,
data/fy18/schedule_c/fy18_schedule_c_awards.csv,368,2018,131988190,"Ifetayo Cultural Arts Academy, Inc. 11-3027538 * $40,000 Research Foundation of CUNY",120000,unconfirmed,100000,20000,,yes
data/fy18/schedule_c/fy18_schedule_c_awards.csv,371,2018,132612524,"Gangstas Making Astronomical Community Changes, Inc. 45-3359451 * $40,000 Fund for the City of New York, Inc.",120000,unconfirmed,100000,20000,,yes
data/fy18/schedule_c/fy18_schedule_c_awards.csv,372,2018,112665181,"Jewish Community Council of Greater Coney Island, Inc.",80000,unconfirmed,96891,-16891,,
data/fy18/schedule_c/fy18_schedule_c_awards.csv,386,2018,136400434,Department for the Aging,2429000,unconfirmed,2000000,429000,,
data/fy18/schedule_c/fy18_schedule_c_awards.csv,390,2018,133077049,"Neighborhood Self Help by Older Persons Project, Inc.",32000,ein_absent,,,,
data/fy18/schedule_c/fy18_schedule_c_awards.csv,392,2018,113397470,Rochdale Village Social Services Inc.,253000,unconfirmed,45000,208000,,
data/fy18/schedule_c/fy18_schedule_c_awards.csv,394,2018,135654450,Selfhelp Community Services,234000,ein_absent,,,,
data/fy18/schedule_c/fy18_schedule_c_awards.csv,411,2018,136400434,Department of Small Business Services,281800,unconfirmed,250000,31800,,
data/fy18/schedule_c/fy18_schedule_c_awards.csv,412,2018,132736022,Fiscal 2018 Adopted Expense Budget Adjustment Summary Page 80 Below is a list of the JtBO service provider partners: Organization EIN Amount Service Type South Bronx Overall Economic Development Corp,203000,unconfirmed,370100,-167100,,
data/fy18/schedule_c/fy18_schedule_c_awards.csv,413,2018,131562242,Henry Street Settlement,273000,unconfirmed,235000,38000,,
data/fy18/schedule_c/fy18_schedule_c_awards.csv,414,2018,112480339,"CAMBA, Inc",245000,unconfirmed,235000,10000,,
data/fy18/schedule_c/fy18_schedule_c_awards.csv,415,2018,861096987,East River Development Alliance,300000,unconfirmed,161500,138500,,
data/fy18/schedule_c/fy18_schedule_c_awards.csv,416,2018,112290832,"HANAC, Inc",200000,unconfirmed,100000,100000,,
data/fy18/schedule_c/fy18_schedule_c_awards.csv,417,2018,113111694,"LEAP, Inc. dba Brooklyn Workforce Innovation",248000,unconfirmed,3500,244500,,
data/fy18/schedule_c/fy18_schedule_c_awards.csv,418,2018,112934620,Opportunities for a Better Tomorrow,281000,unconfirmed,350000,-69000,,
data/fy18/schedule_c/fy18_schedule_c_awards.csv,419,2018,133272001,Nontraditional Employment for Women,225000,unconfirmed,175000,50000,,
data/fy18/schedule_c/fy18_schedule_c_awards.csv,420,2018,113306111,Business Outreach Center Network,100000,unconfirmed,110000,-10000,,
data/fy18/schedule_c/fy18_schedule_c_awards.csv,421,2018,043252955,"Per Scholas, Inc.",200000,unconfirmed,237797,-37797,,
data/fy18/schedule_c/fy18_schedule_c_awards.csv,422,2018,131635251,The Actor's Fund of America,18500,unconfirmed,5000,13500,,
data/fy18/schedule_c/fy18_schedule_c_awards.csv,423,2018,371514651,"Members Assistance Program, Inc. (MAP)",200000,ein_absent,,,,
data/fy18/schedule_c/fy18_schedule_c_awards.csv,424,2018,510192170,St. Nick's Alliance Corporation,150000,unconfirmed,101000,49000,,
data/fy18/schedule_c/fy18_schedule_c_awards.csv,425,2018,132972415,Northern Manhattan Improvement Corp.,150000,unconfirmed,122000,28000,,
data/fy18/schedule_c/fy18_schedule_c_awards.csv,426,2018,133238142,Cooperative Home Care Associates,200000,ein_absent,,,,
data/fy18/schedule_c/fy18_schedule_c_awards.csv,427,2018,131671035,NY Urban League,125000,unconfirmed,173333,-48333,,
data/fy18/schedule_c/fy18_schedule_c_awards.csv,428,2018,112608983,"Black Veterans for Social Justice, Inc.",100000,unconfirmed,25000,75000,,
data/fy18/schedule_c/fy18_schedule_c_awards.csv,429,2018,133268539,"HOPE Program, Inc., The",100000,unconfirmed,60000,40000,,
data/fy18/schedule_c/fy18_schedule_c_awards.csv,430,2018,237359002,"ARGUS Community, Inc",100000,ein_absent,,,,
data/fy18/schedule_c/fy18_schedule_c_awards.csv,431,2018,133255679,STRIVE,100000,unconfirmed,50000,50000,,
data/fy18/schedule_c/fy18_schedule_c_awards.csv,432,2018,133072967,"Coalition for the Homeless, Inc.",100000,unconfirmed,70000,30000,,
data/fy18/schedule_c/fy18_schedule_c_awards.csv,433,2018,134147836,Homeless Edward J. Malloy Initiative for Construction Skills,110000,ein_absent,,,,
data/fy18/schedule_c/fy18_schedule_c_awards.csv,435,2018,116083182,Offenders Bedford Stuyvesant Restoration Corp.,150000,unconfirmed,85000,65000,,
data/fy18/schedule_c/fy18_schedule_c_awards.csv,437,2018,133843322,Center for Employment Opportunities,125000,unconfirmed,115000,10000,,
data/fy18/schedule_c/fy18_schedule_c_awards.csv,439,2018,201635756,"RV Systems, Inc. (Database)",185000,ein_absent,,,,
data/fy18/schedule_c/fy18_schedule_c_awards.csv,476,2018,132946970,"Safe Horizon, Inc.",55000,unconfirmed,75000,-20000,,
data/fy19/schedule_c/fy19_schedule_c_awards.csv,21,2019,133251186,"Borough of Manhattan Community College Early Childhood Center, Inc.",50000,ein_absent,,,,
data/fy19/schedule_c/fy19_schedule_c_awards.csv,22,2019,131988190,Bronx Community College,100000,unconfirmed,40000,60000,,
data/fy19/schedule_c/fy19_schedule_c_awards.csv,25,2019,111633509,"Central Queens YM & YWHA, Inc.",50000,ein_absent,,,,
data/fy19/schedule_c/fy19_schedule_c_awards.csv,29,2019,136400434,Department of Youth and Community Development,185000,unconfirmed,180000,5000,,
data/fy19/schedule_c/fy19_schedule_c_awards.csv,40,2019,131988190,LaGuardia Community College,100000,unconfirmed,40000,60000,,
data/fy19/schedule_c/fy19_schedule_c_awards.csv,43,2019,131988190,"Medgar Evers College, CUNY",75000,unconfirmed,40000,35000,,
data/fy19/schedule_c/fy19_schedule_c_awards.csv,49,2019,131988190,NYC City College of Technology,100000,unconfirmed,40000,60000,,
data/fy19/schedule_c/fy19_schedule_c_awards.csv,70,2019,800259180,"Destination Tomorrow, Inc.",200000,unconfirmed,250000,-50000,,
data/fy19/schedule_c/fy19_schedule_c_awards.csv,72,2019,463358895,"Pride Center of Staten Island, Inc.",400000,unconfirmed,350000,50000,,
data/fy19/schedule_c/fy19_schedule_c_awards.csv,99,2019,132612524,"Fund for the City of New York, Inc.",1710000,unconfirmed,1210000,500000,,
data/fy19/schedule_c/fy19_schedule_c_awards.csv,110,2019,136400434,"LifeWay Network, Inc. 20-8645579 * $60,000 Mayor's Office of Criminal Justice",200000,unconfirmed,195000,5000,,yes
data/fy19/schedule_c/fy19_schedule_c_awards.csv,166,2019,135675643,"Crime Victims Treatment Center, Inc. 81-5080860 * $45,000 Edwin Gould Services for Children and Families",45000,ein_absent,,,,yes
data/fy19/schedule_c/fy19_schedule_c_awards.csv,178,2019,461227433,New York City Community Learning Schools,2250000,unconfirmed,2000000,250000,,
data/fy19/schedule_c/fy19_schedule_c_awards.csv,182,2019,136400434,Department of Education,200000,unconfirmed,195000,5000,,
data/fy19/schedule_c/fy19_schedule_c_awards.csv,196,2019,136400434,Department of Education,1125000,unconfirmed,1129774,-4774,,
data/fy19/schedule_c/fy19_schedule_c_awards.csv,235,2019,060646594,"American Lung Association of the Northeast, Inc.",78000,ein_absent,,,,
data/fy19/schedule_c/fy19_schedule_c_awards.csv,236,2019,133092676,Harlem Hospital Center,300000,ein_absent,,,,
data/fy19/schedule_c/fy19_schedule_c_awards.csv,259,2019,132655001,Health + Hospitals,94000,unconfirmed,75000,19000,,
data/fy19/schedule_c/fy19_schedule_c_awards.csv,260,2019,132655001,Health + Hospitals,63046,unconfirmed,60000,3046,,
data/fy19/schedule_c/fy19_schedule_c_awards.csv,261,2019,132655001,Health + Hospitals,84000,unconfirmed,75000,9000,,
data/fy19/schedule_c/fy19_schedule_c_awards.csv,263,2019,133584089,"Healthix 45-0553664 * $10,000 Housing Works, Inc.",495094,unconfirmed,345094,150000,,yes
data/fy19/schedule_c/fy19_schedule_c_awards.csv,266,2019,020693325,"La Casa de Salud, Inc.",33720,unconfirmed,43720,-10000,,
data/fy19/schedule_c/fy19_schedule_c_awards.csv,274,2019,341213000,"New York Blood Center, Inc., The",150000,ein_absent,,,,
data/fy19/schedule_c/fy19_schedule_c_awards.csv,304,2019,208427029,"Mount Horeb Baptist Church 11-2074467 * $10,000 Mt. Moriah AME Church",10000,ein_absent,,,,yes
data/fy19/schedule_c/fy19_schedule_c_awards.csv,339,2019,133461695,"Harlem United Community AIDS Center, Inc.",67380,unconfirmed,10000,57380,,
data/fy19/schedule_c/fy19_schedule_c_awards.csv,354,2019,136400434,following institutes: Institute EIN * Amount City University of New York,1100000,unconfirmed,1129774,-29774,,
data/fy19/schedule_c/fy19_schedule_c_awards.csv,356,2019,136400434,City University of New York,285000,unconfirmed,250000,35000,,
data/fy19/schedule_c/fy19_schedule_c_awards.csv,357,2019,136400434,City University of New York,285000,unconfirmed,250000,35000,,
data/fy19/schedule_c/fy19_schedule_c_awards.csv,387,2019,136400434,Housing Preservation and Development,29730,unconfirmed,30000,-270,,
data/fy19/schedule_c/fy19_schedule_c_awards.csv,388,2019,136400434,Housing Preservation and Development,29730,unconfirmed,30000,-270,,
data/fy19/schedule_c/fy19_schedule_c_awards.csv,389,2019,136400434,Housing Preservation and Development,61000,unconfirmed,57000,4000,,
data/fy19/schedule_c/fy19_schedule_c_awards.csv,390,2019,136400434,Housing Preservation and Development,59459,unconfirmed,57000,2459,,
data/fy19/schedule_c/fy19_schedule_c_awards.csv,435,2019,133187792,"Asian Americans For Equality, Inc.",137000,unconfirmed,134000,3000,,
data/fy19/schedule_c/fy19_schedule_c_awards.csv,437,2019,112634818,"Catholic Migration Services, Inc.",125000,unconfirmed,122000,3000,,
data/fy19/schedule_c/fy19_schedule_c_awards.csv,438,2019,113580935,Chhaya Community Development Corporation,125000,unconfirmed,122000,3000,,
data/fy19/schedule_c/fy19_schedule_c_awards.csv,439,2019,132666211,"Cooper Square Community Development Committee, Inc.",137000,unconfirmed,134000,3000,,
data/fy19/schedule_c/fy19_schedule_c_awards.csv,440,2019,141719016,"Crenulated Company, Ltd., The",137000,unconfirmed,134000,3000,,
data/fy19/schedule_c/fy19_schedule_c_awards.csv,441,2019,112475743,"Fifth Avenue Committee, Inc.",102000,unconfirmed,99900,2100,,
data/fy19/schedule_c/fy19_schedule_c_awards.csv,442,2019,510188251,Flatbush Development Corporation,137000,unconfirmed,122000,15000,,
data/fy19/schedule_c/fy19_schedule_c_awards.csv,443,2019,132915659,"Good Old Lower East Side, Inc.",102000,unconfirmed,122000,-20000,,
data/fy19/schedule_c/fy19_schedule_c_awards.csv,444,2019,510141489,"Housing Conservation Coordinators, Inc.",125000,unconfirmed,122000,3000,,
data/fy19/schedule_c/fy19_schedule_c_awards.csv,445,2019,112451752,"Mary Mitchell Family and Youth Center, Inc. 13-3385032 * $125,000 Northwest Bronx Community and Clergy Coalition, Inc. 13-2806160 * $125,000 Pratt Area Community Council, Inc.",102000,unconfirmed,90000,12000,,yes
data/fy19/schedule_c/fy19_schedule_c_awards.csv,446,2019,510192170,St. Nick's Alliance Corporation,125000,unconfirmed,134000,-9000,,
data/fy19/schedule_c/fy19_schedule_c_awards.csv,447,2019,132902798,"Urban Homesteading Assistance (U-HAB), Inc.",136000,unconfirmed,133000,3000,,
data/fy19/schedule_c/fy19_schedule_c_awards.csv,448,2019,133442022,Urban Justice Center,545000,unconfirmed,553000,-8000,,
data/fy19/schedule_c/fy19_schedule_c_awards.csv,449,2019,112435565,"Woodside on the Move, Inc.",125000,unconfirmed,122000,3000,,
data/fy19/schedule_c/fy19_schedule_c_awards.csv,466,2019,131924182,Sloan-Kettering Institute for Cancer Research,200000,ein_absent,,,,
data/fy19/schedule_c/fy19_schedule_c_awards.csv,482,2019,901013912,CUNY School of Law Justice & Auxiliary Services Corporation,24000,ein_absent,,,,
data/fy19/schedule_c/fy19_schedule_c_awards.csv,534,2019,500615968,"Giving Alternative Learners Uplifting Opportunities, Inc.",50000,ein_absent,,,,
data/fy19/schedule_c/fy19_schedule_c_awards.csv,545,2019,113442879,"New York Families for Autistic Children, Inc.",219665,ein_absent,,,,
data/fy19/schedule_c/fy19_schedule_c_awards.csv,590,2019,112785605,"Heights Hill Mental Health Service, SBPC, Community Advisory Board, Inc.",176103,unconfirmed,100000,76103,,
data/fy19/schedule_c/fy19_schedule_c_awards.csv,631,2019,133561567,City Parks Foundation,600000,ein_absent,,,,
data/fy19/schedule_c/fy19_schedule_c_awards.csv,632,2019,132709368,"Bronx Museum of the Arts, The",16000,unconfirmed,17000,-1000,,
data/fy19/schedule_c/fy19_schedule_c_awards.csv,634,2019,112547268,"BRIC Arts | Media | Bklyn, Inc.",35000,unconfirmed,36000,-1000,,
data/fy19/schedule_c/fy19_schedule_c_awards.csv,636,2019,061711370,"Getting Out and Staying Out, Inc.",260000,unconfirmed,150000,110000,,
data/fy19/schedule_c/fy19_schedule_c_awards.csv,725,2019,132736022,**Below is a list of the Jobs to Build On service providers partners: Organization EIN Amount Service Type South Bronx Overall Economic Development Corp,203000,unconfirmed,370100,-167100,,
data/fy19/schedule_c/fy19_schedule_c_awards.csv,726,2019,131562242,Henry Street Settlement,273000,unconfirmed,320333,-47333,,
data/fy19/schedule_c/fy19_schedule_c_awards.csv,727,2019,112480339,"CAMBA, Inc",245000,unconfirmed,320333,-75333,,
data/fy19/schedule_c/fy19_schedule_c_awards.csv,728,2019,861096987,"East River Development Alliance, Inc.",300000,unconfirmed,161500,138500,,
data/fy19/schedule_c/fy19_schedule_c_awards.csv,729,2019,112290832,"HANAC, Inc",200000,unconfirmed,100000,100000,,
data/fy19/schedule_c/fy19_schedule_c_awards.csv,730,2019,113111694,"LEAP, Inc. dba Brooklyn Workforce Innovation",248000,unconfirmed,5000,243000,,
data/fy19/schedule_c/fy19_schedule_c_awards.csv,731,2019,112934620,Opportunities for a Better Tomorrow,281000,unconfirmed,350000,-69000,,
data/fy19/schedule_c/fy19_schedule_c_awards.csv,732,2019,133272001,Nontraditional Employment for Women,200000,unconfirmed,175000,25000,,
data/fy19/schedule_c/fy19_schedule_c_awards.csv,733,2019,113306111,Business Outreach Center Network,100000,unconfirmed,113000,-13000,,
data/fy19/schedule_c/fy19_schedule_c_awards.csv,734,2019,043252955,"Per Scholas, Inc.",200000,unconfirmed,237797,-37797,,
data/fy19/schedule_c/fy19_schedule_c_awards.csv,735,2019,131635251,"Actor's Fund of America, The",18500,unconfirmed,5000,13500,,
data/fy19/schedule_c/fy19_schedule_c_awards.csv,736,2019,371514651,"Members Assistance Program, Inc. (MAP)",200000,ein_absent,,,,
data/fy19/schedule_c/fy19_schedule_c_awards.csv,737,2019,510192170,St. Nick's Alliance Corporation,175000,unconfirmed,134000,41000,,
data/fy19/schedule_c/fy19_schedule_c_awards.csv,738,2019,132972415,Fiscal 2019 Adopted Expense Budget Adjustment Summary Organization EIN Amount Service Type Northern Manhattan Improvement Corp.,150000,unconfirmed,122000,28000,,
data/fy19/schedule_c/fy19_schedule_c_awards.csv,739,2019,133238142,Cooperative Home Care Associates,200000,ein_absent,,,,
data/fy19/schedule_c/fy19_schedule_c_awards.csv,740,2019,131671035,NY Urban League,125000,unconfirmed,1300000,-1175000,,
data/fy19/schedule_c/fy19_schedule_c_awards.csv,741,2019,112608983,"Black Veterans for Social Justice, Inc.",100000,unconfirmed,50000,50000,,
data/fy19/schedule_c/fy19_schedule_c_awards.csv,742,2019,133268539,"HOPE Program, Inc., The",100000,unconfirmed,60000,40000,,
data/fy19/schedule_c/fy19_schedule_c_awards.csv,743,2019,237359002,"ARGUS Community, Inc",100000,ein_absent,,,,
data/fy19/schedule_c/fy19_schedule_c_awards.csv,744,2019,133255679,STRIVE,100000,ein_absent,,,,
data/fy19/schedule_c/fy19_schedule_c_awards.csv,745,2019,133072967,"Coalition for the Homeless, Inc.",100000,unconfirmed,64800,35200,,
data/fy19/schedule_c/fy19_schedule_c_awards.csv,746,2019,134147836,Population,110000,unconfirmed,50000,60000,,
data/fy19/schedule_c/fy19_schedule_c_awards.csv,747,2019,311731465,Exodus Transitional Community,75000,ein_absent,,,,
data/fy19/schedule_c/fy19_schedule_c_awards.csv,748,2019,116083182,Population,150000,unconfirmed,100000,50000,,
data/fy19/schedule_c/fy19_schedule_c_awards.csv,750,2019,133843322,Center for Employment Opportunities,125000,unconfirmed,115000,10000,,
data/fy19/schedule_c/fy19_schedule_c_awards.csv,752,2019,201635756,"RV Systems, Inc. (Database)",185000,ein_absent,,,,
data/fy19/schedule_c/fy19_schedule_c_awards.csv,765,2019,135562220,"Federation of Protestant Welfare Agencies, Inc.",159100,unconfirmed,75000,84100,,
data/fy19/schedule_c/fy19_schedule_c_awards.csv,771,2019,112841751,"Main Street Legal Services, Inc.",94000,ein_absent,,,,
data/fy19/schedule_c/fy19_schedule_c_awards.csv,784,2019,133461695,"Harlem Community AIDS Center, Inc.",20000,unconfirmed,10000,10000,,
data/fy19/schedule_c/fy19_schedule_c_awards.csv,789,2019,135675643,Edwin Gould Services for Children and Families,250000,ein_absent,,,,
data/fy19/schedule_c/fy19_schedule_c_awards.csv,829,2019,131988190,"Medgar Evers College, CUNY",50000,unconfirmed,40000,10000,,
data/fy20/schedule_c/fy20_schedule_c_awards.csv,16,2020,132617681,United Way of New York City,550000,unconfirmed,500000,50000,,
data/fy20/schedule_c/fy20_schedule_c_awards.csv,230,2020,135596811,"Police Athletic League, Inc.",85000,unconfirmed,80000,5000,,
data/fy20/schedule_c/fy20_schedule_c_awards.csv,612,2020,134085631,"JLSC Educational Tour Bus, Inc.",20000,unconfirmed,11000,9000,,
data/fy20/schedule_c/fy20_schedule_c_awards.csv,613,2020,134085631,"JLSC Educational Tour Bus, Inc.",20000,unconfirmed,11000,9000,,
data/fy20/schedule_c/fy20_schedule_c_awards.csv,906,2020,113425000,"Global Action Project, Inc.",20000,unconfirmed,23000,-3000,,
data/fy20/schedule_c/fy20_schedule_c_awards.csv,979,2020,132596500,South Street Seaport Museum Foundation,9000,unconfirmed,10000,-1000,,
data/fy20/schedule_c/fy20_schedule_c_awards.csv,986,2020,800361646,Van Cortlandt Park Conservancy,20000,ein_absent,,,,
data/fy20/schedule_c/fy20_schedule_c_awards.csv,1029,2020,134085631,"JLSC Educational Tour Bus, Inc.",15000,unconfirmed,11000,4000,,
data/fy20/schedule_c/fy20_schedule_c_awards.csv,1046,2020,132925233,"Learning through an Expanded Arts Program, Inc.",10000,unconfirmed,20000,-10000,,
data/fy20/schedule_c/fy20_schedule_c_awards.csv,1057,2020,134085631,"JLSC Educational Tour Bus, Inc.",20000,unconfirmed,11000,9000,,
data/fy20/schedule_c/fy20_schedule_c_awards.csv,1062,2020,133003112,"Studio in a School Association, Inc.",15000,unconfirmed,20000,-5000,,
data/fy20/schedule_c/fy20_schedule_c_awards.csv,1066,2020,134085631,"JLSC Educational Tour Bus, Inc.",20000,unconfirmed,11000,9000,,
data/fy20/schedule_c/fy20_schedule_c_awards.csv,1086,2020,134085631,"JLSC Educational Tour Bus, Inc.",48000,unconfirmed,75000,-27000,,
data/fy20/schedule_c/fy20_schedule_c_awards.csv,1095,2020,134085631,"JLSC Educational Tour Bus, Inc.",10000,unconfirmed,10500,-500,,
data/fy20/schedule_c/fy20_schedule_c_awards.csv,1126,2020,273218865,"Ballroom Basix USA, Inc.",15000,unconfirmed,20000,-5000,,
data/fy20/schedule_c/fy20_schedule_c_awards.csv,1185,2020,134085631,"JLSC Educational Tour Bus, Inc.",20000,unconfirmed,11000,9000,,
data/fy20/schedule_c/fy20_schedule_c_awards.csv,1191,2020,134051235,"Film Fleadh Foundation, Inc.",20000,unconfirmed,25000,-5000,,
data/fy20/schedule_c/fy20_schedule_c_awards.csv,1193,2020,134137551,"Topaz Arts, Inc.",20000,unconfirmed,25000,-5000,,
data/fy20/schedule_c/fy20_schedule_c_awards.csv,1246,2020,139226721,"United Federation of Teachers Educational Foundation, Inc.",1768800,unconfirmed,1686300,82500,,
data/fy20/schedule_c/fy20_schedule_c_awards.csv,1256,2020,136400434,Department of Education,1125000,unconfirmed,1117274,7726,,
data/fy20/schedule_c/fy20_schedule_c_awards.csv,1262,2020,132612524,"Fund for the City of New York, Inc.",350000,unconfirmed,325000,25000,,
data/fy20/schedule_c/fy20_schedule_c_awards.csv,1266,2020,139226721,"United Federation of Teachers Educational Foundation, Inc.",3500000,unconfirmed,3468000,32000,,
data/fy20/schedule_c/fy20_schedule_c_awards.csv,1285,2020,111950787,"United Community Centers, Inc.",40000,unconfirmed,20000,20000,,
data/fy20/schedule_c/fy20_schedule_c_awards.csv,1338,2020,136400434,Department of Parks and Recreation,21500,unconfirmed,22000,-500,,
data/fy20/schedule_c/fy20_schedule_c_awards.csv,1371,2020,300037735,Flushing Meadows-Corona Park Conservancy,39000,ein_absent,,,,
data/fy20/schedule_c/fy20_schedule_c_awards.csv,1445,2020,133412540,"Doe Fund, Inc., The",20000,ein_absent,,,,
data/fy20/schedule_c/fy20_schedule_c_awards.csv,1453,2020,133912768,"Publicolor, Inc.",60000,unconfirmed,50000,10000,,
data/fy20/schedule_c/fy20_schedule_c_awards.csv,1511,2020,132725423,Wildcat Service Corporation,180000,unconfirmed,170000,10000,,
data/fy20/schedule_c/fy20_schedule_c_awards.csv,1519,2020,132725423,Wildcat Service Corporation,32500,unconfirmed,35000,-2500,,
data/fy20/schedule_c/fy20_schedule_c_awards.csv,1528,2020,133179546,Food Bank for New York City,625000,unconfirmed,275000,350000,,
data/fy20/schedule_c/fy20_schedule_c_awards.csv,1574,2020,112868878,University Hospital,50000,ein_absent,,,,
data/fy20/schedule_c/fy20_schedule_c_awards.csv,1608,2020,136400434,Department of Health and Mental Hygiene,228630,unconfirmed,220000,8630,,
data/fy20/schedule_c/fy20_schedule_c_awards.csv,1618,2020,133584089,"Housing Works, Inc.",345094,unconfirmed,350000,-4906,,
data/fy20/schedule_c/fy20_schedule_c_awards.csv,1741,2020,132775999,"Association for Neighborhood & Housing Development, Inc.",159459,unconfirmed,100000,59459,,
data/fy20/schedule_c/fy20_schedule_c_awards.csv,1742,2020,133020589,Belmont Arthur Avenue Local Development Corporation,100729,unconfirmed,71000,29729,,
data/fy20/schedule_c/fy20_schedule_c_awards.csv,1743,2020,113250772,Bridge Street Development Corporation,100729,unconfirmed,71000,29729,,
data/fy20/schedule_c/fy20_schedule_c_awards.csv,1744,2020,471006046,"Bronx Neighborhood Housing Services CDC, Inc., The",90730,unconfirmed,61000,29730,,
data/fy20/schedule_c/fy20_schedule_c_awards.csv,1753,2020,132915659,"Good Old Lower East Side, Inc.",80729,unconfirmed,100000,-19271,,
data/fy20/schedule_c/fy20_schedule_c_awards.csv,1755,2020,112412584,"Housing and Family Services of Greater New York, Inc.",161730,unconfirmed,132000,29730,,
data/fy20/schedule_c/fy20_schedule_c_awards.csv,1756,2020,510141489,"Housing Conservation Coordinators, Inc.",90730,unconfirmed,115000,-24270,,
data/fy20/schedule_c/fy20_schedule_c_awards.csv,1760,2020,132600199,Legal Services NYC,90729,unconfirmed,100000,-9271,,
data/fy20/schedule_c/fy20_schedule_c_awards.csv,1765,2020,471169779,"Neighborhood Housing Services of Brooklyn CDC, Inc.",222730,unconfirmed,193000,29730,,
data/fy20/schedule_c/fy20_schedule_c_awards.csv,1766,2020,237398279,"Neighborhood Housing Services of Jamaica, Inc.",151730,unconfirmed,75000,76730,,
data/fy20/schedule_c/fy20_schedule_c_awards.csv,1767,2020,133110811,Neighborhood Initiatives Development Corporation (NIDC),90730,unconfirmed,61000,29730,,
data/fy20/schedule_c/fy20_schedule_c_awards.csv,1776,2020,112375583,"Community House, Inc.",80730,unconfirmed,51000,29730,,
data/fy20/schedule_c/fy20_schedule_c_awards.csv,1779,2020,112268359,Southside United Housing Development Fund Corporation,90730,unconfirmed,95000,-4270,,
data/fy20/schedule_c/fy20_schedule_c_awards.csv,1784,2020,133442022,Urban Justice Center,243730,unconfirmed,100000,143730,,
data/fy20/schedule_c/fy20_schedule_c_awards.csv,1785,2020,132941841,"West Bronx Housing and Neighborhood Resource Center, Inc.",100730,unconfirmed,71000,29730,,
data/fy20/schedule_c/fy20_schedule_c_awards.csv,1802,2020,132934000,"Banana Kelly Community Improvement Association, Inc.",90000,unconfirmed,60000,30000,,
data/fy20/schedule_c/fy20_schedule_c_awards.csv,1803,2020,133526938,Committee Against Anti-Asian Violence (CAAAV),90000,unconfirmed,60000,30000,,
data/fy20/schedule_c/fy20_schedule_c_awards.csv,1804,2020,112634818,"Catholic Migration Services, Inc.",122000,unconfirmed,137500,-15500,,
data/fy20/schedule_c/fy20_schedule_c_awards.csv,1807,2020,141719016,"Crenulated Company, Ltd., The d/b/a New Settlement Apartments",134000,unconfirmed,142000,-8000,,
data/fy20/schedule_c/fy20_schedule_c_awards.csv,1808,2020,112475743,"Fifth Avenue Committee, Inc.",122000,unconfirmed,130000,-8000,,
data/fy20/schedule_c/fy20_schedule_c_awards.csv,1809,2020,510188251,Flatbush Development Corporation,122000,unconfirmed,130000,-8000,,
data/fy20/schedule_c/fy20_schedule_c_awards.csv,1810,2020,132915659,"Good Old Lower East Side, Inc.",122000,unconfirmed,130000,-8000,,
data/fy20/schedule_c/fy20_schedule_c_awards.csv,1811,2020,510141489,"Housing Conservation Coordinators, Inc.",122000,unconfirmed,115000,7000,,
data/fy20/schedule_c/fy20_schedule_c_awards.csv,1812,2020,133385032,"Mary Mitchell Family and Youth Center, Inc.",122000,unconfirmed,130000,-8000,,
data/fy20/schedule_c/fy20_schedule_c_awards.csv,1813,2020,132806160,"Northwest Bronx Community and Clergy Coalition, Inc.",122000,unconfirmed,130000,-8000,,
data/fy20/schedule_c/fy20_schedule_c_awards.csv,1814,2020,112451752,"Pratt Area Community Council, Inc.",90000,unconfirmed,61000,29000,,
data/fy20/schedule_c/fy20_schedule_c_awards.csv,1815,2020,510192170,St. Nick's Alliance Corporation,134000,unconfirmed,145000,-11000,,
data/fy20/schedule_c/fy20_schedule_c_awards.csv,1816,2020,132902798,"Urban Homesteading Assistance (U-HAB), Inc.",133000,unconfirmed,147000,-14000,,
data/fy20/schedule_c/fy20_schedule_c_awards.csv,1817,2020,133442022,Urban Justice Center,463000,unconfirmed,100000,363000,,
data/fy20/schedule_c/fy20_schedule_c_awards.csv,1818,2020,112435565,"Woodside on the Move, Inc.",122000,unconfirmed,137500,-15500,,
data/fy20/schedule_c/fy20_schedule_c_awards.csv,1889,2020,112480339,"CAMBA, Inc.",455000,unconfirmed,320333,134667,,
data/fy20/schedule_c/fy20_schedule_c_awards.csv,1897,2020,133442022,Urban Justice Center,455000,unconfirmed,100000,355000,,
data/fy20/schedule_c/fy20_schedule_c_awards.csv,1907,2020,136400434,Department of Health and Mental Hygiene,264916,unconfirmed,250000,14916,,
data/fy20/schedule_c/fy20_schedule_c_awards.csv,1975,2020,135564937,"Jewish Board of Family and Children's Services, Inc.",232103,unconfirmed,132103,100000,,
data/fy20/schedule_c/fy20_schedule_c_awards.csv,2069,2020,132903183,"Green Guerillas, Inc.",40000,unconfirmed,39500,500,,
data/fy20/schedule_c/fy20_schedule_c_awards.csv,2073,2020,461763706,East New York Restoration Local Development Corporation,75000,unconfirmed,40000,35000,,
data/fy20/schedule_c/fy20_schedule_c_awards.csv,2124,2020,136400434,Department of Parks and Recreation,46000,unconfirmed,45000,1000,,
data/fy20/schedule_c/fy20_schedule_c_awards.csv,2154,2020,822659106,"Friends of Kivlehan Park, Inc.",10000,ein_absent,,,,
data/fy20/schedule_c/fy20_schedule_c_awards.csv,2175,2020,132561121,"Turtle Bay Tree Fund, Inc.",10000,ein_absent,,,,
data/fy20/schedule_c/fy20_schedule_c_awards.csv,2176,2020,113582255,"Stuyvesant Cove Park Association, Inc.",10000,ein_absent,,,,
data/fy20/schedule_c/fy20_schedule_c_awards.csv,2186,2020,342056362,Bameso USA,25000,unconfirmed,20000,5000,,
data/fy20/schedule_c/fy20_schedule_c_awards.csv,2187,2020,133561657,City Parks Foundation,18000,unconfirmed,20000,-2000,,
data/fy20/schedule_c/fy20_schedule_c_awards.csv,2216,2020,133893536,CUNY Creative Arts Team,80000,unconfirmed,75000,5000,,
data/fy20/schedule_c/fy20_schedule_c_awards.csv,2218,2020,461763706,East New York Restoration Local Development Corporation,400000,unconfirmed,170000,230000,,
data/fy20/schedule_c/fy20_schedule_c_awards.csv,2219,2020,814482839,"Elite Learners, Inc.",80000,unconfirmed,50000,30000,,
data/fy20/schedule_c/fy20_schedule_c_awards.csv,2221,2020,132612524,"Fund for the City of New York, Inc.",80000,unconfirmed,70775,9225,,
data/fy20/schedule_c/fy20_schedule_c_awards.csv,2222,2020,061711370,"Getting Out and Staying Out, Inc.",190600,unconfirmed,200000,-9400,,
data/fy20/schedule_c/fy20_schedule_c_awards.csv,2227,2020,237085239,"New York Center for Interpersonal Development, Inc.",80000,unconfirmed,40000,40000,,
data/fy20/schedule_c/fy20_schedule_c_awards.csv,2231,2020,131860451,"Rising Ground, Inc.",80000,unconfirmed,45000,35000,,
data/fy20/schedule_c/fy20_schedule_c_awards.csv,2232,2020,132912963,"SCAN-New York Volunteer Parent-Aides Association, Inc.",80000,unconfirmed,40000,40000,,
data/fy20/schedule_c/fy20_schedule_c_awards.csv,2306,2020,510204121,"Jamaica Service Program for Older Adults (JSPOA), Inc.",20000,ein_absent,,,,
data/fy20/schedule_c/fy20_schedule_c_awards.csv,2382,2020,132744533,"Bronx Jewish Community Council, Inc.",29580,unconfirmed,23000,6580,,
data/fy20/schedule_c/fy20_schedule_c_awards.csv,2384,2020,112047151,"Catholic Charities Neighborhood Services, Inc.",314580,unconfirmed,251000,63580,,
data/fy20/schedule_c/fy20_schedule_c_awards.csv,2387,2020,135562210,"Educational Alliance, Inc., The",75114,unconfirmed,25000,50114,,
data/fy20/schedule_c/fy20_schedule_c_awards.csv,2388,2020,131893908,Goddard Riverside Community Center,108400,unconfirmed,70000,38400,,
data/fy20/schedule_c/fy20_schedule_c_awards.csv,2389,2020,135562230,"Grand Street Settlement, Inc.",168890,unconfirmed,100000,68890,,
data/fy20/schedule_c/fy20_schedule_c_awards.csv,2390,2020,135562412,"Hamilton-Madison House, Inc.",101150,unconfirmed,100000,1150,,
data/fy20/schedule_c/fy20_schedule_c_awards.csv,2391,2020,131562242,Henry Street Settlement,88400,unconfirmed,65000,23400,,
data/fy20/schedule_c/fy20_schedule_c_awards.csv,2392,2020,135562989,Hudson Guild,61880,unconfirmed,50000,11880,,
data/fy20/schedule_c/fy20_schedule_c_awards.csv,2393,2020,111729398,"Jacob A. Riis Neighborhood Settlement, The",221940,unconfirmed,191000,30940,,
data/fy20/schedule_c/fy20_schedule_c_awards.csv,2394,2020,510204121,"Jamaica Service Program for Older Adults (JSPOA), Inc.",50000,ein_absent,,,,
data/fy20/schedule_c/fy20_schedule_c_awards.csv,2395,2020,132620896,Jewish Association for Services for the Aged (JASA),236580,unconfirmed,75000,161580,,
data/fy20/schedule_c/fy20_schedule_c_awards.csv,2398,2020,136206256,"Morningside Retirement and Health Services, Inc.",48620,ein_absent,,,,
data/fy20/schedule_c/fy20_schedule_c_awards.csv,2400,2020,133413349,"Penn South Social Services, Inc.",121880,unconfirmed,60000,61880,,
data/fy20/schedule_c/fy20_schedule_c_awards.csv,2402,2020,112375583,"Community House, Inc.",33150,unconfirmed,29730,3420,,
data/fy20/schedule_c/fy20_schedule_c_awards.csv,2403,2020,113071518,"Samuel Field YM & YWHA, Inc.",148820,unconfirmed,138442,10378,,
data/fy20/schedule_c/fy20_schedule_c_awards.csv,2407,2020,113070228,"Shorefront YM-YWHA of Brighton-Manhattan Beach, Inc.",254595,unconfirmed,229595,25000,,
data/fy20/schedule_c/fy20_schedule_c_awards.csv,2409,2020,132572034,"Stanley M. Isaacs Neighborhood Center, Inc.",32045,unconfirmed,26500,5545,,
data/fy20/schedule_c/fy20_schedule_c_awards.csv,2411,2020,131632530,"Union Settlement Association, Inc.",30940,unconfirmed,30000,940,,
data/fy20/schedule_c/fy20_schedule_c_awards.csv,2484,2020,131893908,Goddard Riverside Community Center,25000,unconfirmed,24500,500,,
data/fy20/schedule_c/fy20_schedule_c_awards.csv,2504,2020,510204121,"Jamaica Service Program for Older Adults (JSPOA), Inc.",20000,ein_absent,,,,
data/fy20/schedule_c/fy20_schedule_c_awards.csv,2505,2020,510204121,"Jamaica Service Program for Older Adults (JSPOA), Inc.",10000,ein_absent,,,,
data/fy20/schedule_c/fy20_schedule_c_awards.csv,2559,2020,112037770,"Queensborough Community College Auxiliary Enterprise Association, Inc.",10000,ein_absent,,,,
data/fy20/schedule_c/fy20_schedule_c_awards.csv,2574,2020,131624178,"Selfhelp Community Services, Inc.",30000,unconfirmed,25000,5000,,
data/fy20/schedule_c/fy20_schedule_c_awards.csv,2613,2020,113528680,"Wayside Out-Reach Development (WORD), Inc.",40000,unconfirmed,16000,24000,,
data/fy20/schedule_c/fy20_schedule_c_awards.csv,2634,2020,461763706,East New York Restoration Local Development Corporation,125000,unconfirmed,170000,-45000,,
data/fy20/schedule_c/fy20_schedule_c_awards.csv,2644,2020,136400434,City University of New York,500000,unconfirmed,532000,-32000,,
data/fy20/schedule_c/fy20_schedule_c_awards.csv,2669,2020,112709046,"Pitkin Avenue District Management Association, Inc.",36000,unconfirmed,40000,-4000,,
data/fy20/schedule_c/fy20_schedule_c_awards.csv,2670,2020,131632530,"Union Settlement Association, Inc.",18000,unconfirmed,20000,-2000,,
data/fy20/schedule_c/fy20_schedule_c_awards.csv,2671,2020,811133229,Uptown Grand Central,18000,unconfirmed,20000,-2000,,
data/fy20/schedule_c/fy20_schedule_c_awards.csv,2672,2020,461763706,East New York Restoration Local Development Corporation,36000,unconfirmed,35000,1000,,
data/fy20/schedule_c/fy20_schedule_c_awards.csv,2673,2020,611682898,"ArtBridge Projects, Inc.",18000,unconfirmed,20000,-2000,,
data/fy20/schedule_c/fy20_schedule_c_awards.csv,2675,2020,113437417,"Merchants Of Third Avenue Civic Improvement Association, Inc.",36000,unconfirmed,40000,-4000,,
data/fy20/schedule_c/fy20_schedule_c_awards.csv,2676,2020,260117797,"Fordham Road District Management Association, Inc.",18000,unconfirmed,15000,3000,,
data/fy20/schedule_c/fy20_schedule_c_awards.csv,2678,2020,133109387,Mosholu Preservation Corporation,18000,unconfirmed,10000,8000,,
data/fy20/schedule_c/fy20_schedule_c_awards.csv,2679,2020,133877808,Mosholu-Jerome East Gun Hill Road District Management Association,18000,unconfirmed,10000,8000,,
data/fy20/schedule_c/fy20_schedule_c_awards.csv,2681,2020,112652331,"Central Astoria Local Development Coalition, Inc.",18000,unconfirmed,20000,-2000,,
data/fy20/schedule_c/fy20_schedule_c_awards.csv,2682,2020,113250772,Bridge Street Development Corporation,18000,unconfirmed,20000,-2000,,
data/fy20/schedule_c/fy20_schedule_c_awards.csv,2683,2020,471717438,"Neighborhood Housing Services of Brooklyn (Bedford- Stuyvesant) CDC, Inc.",18000,unconfirmed,20000,-2000,,
data/fy20/schedule_c/fy20_schedule_c_awards.csv,2684,2020,800356502,"Central Fulton Street District Management Association, Inc.",36000,unconfirmed,40000,-4000,,
data/fy20/schedule_c/fy20_schedule_c_awards.csv,2685,2020,820706930,"Apna Brooklyn Community Center, Inc.",18000,unconfirmed,20000,-2000,,
data/fy20/schedule_c/fy20_schedule_c_awards.csv,2686,2020,112977052,"Kings Highway District Management Association, Inc.",18000,unconfirmed,20000,-2000,,
data/fy20/schedule_c/fy20_schedule_c_awards.csv,2687,2020,383873130,"Westchester Square District Management Association, Inc.",36000,unconfirmed,40000,-4000,,
data/fy20/schedule_c/fy20_schedule_c_awards.csv,2688,2020,130854930,"Horticultural Society of New York, The",18000,unconfirmed,20000,-2000,,
data/fy20/schedule_c/fy20_schedule_c_awards.csv,2693,2020,113099604,Women's Housing and Economic Development Corporation (WHEDco),18000,unconfirmed,20000,-2000,,
data/fy20/schedule_c/fy20_schedule_c_awards.csv,2694,2020,383873130,"Westchester Square District Management Association, Inc.",36000,unconfirmed,40000,-4000,,
data/fy20/schedule_c/fy20_schedule_c_awards.csv,2695,2020,110559220,"Chamber of Commerce Borough of Queens, Inc.",36000,unconfirmed,40000,-4000,,
data/fy20/schedule_c/fy20_schedule_c_awards.csv,2696,2020,112382250,Greater Ridgewood Restoration Corporation,18000,unconfirmed,20000,-2000,,
data/fy20/schedule_c/fy20_schedule_c_awards.csv,2697,2020,112912570,Myrtle Avenue District Management Association,18000,unconfirmed,26126,-8126,,
data/fy20/schedule_c/fy20_schedule_c_awards.csv,2698,2020,133718607,"Fashion Center District Management Association, Inc.",18000,unconfirmed,20000,-2000,,
data/fy20/schedule_c/fy20_schedule_c_awards.csv,2699,2020,471247857,"Hudson Yards Hell's Kitchen Business Improvement District, Inc.",18000,unconfirmed,20000,-2000,,
data/fy20/schedule_c/fy20_schedule_c_awards.csv,2700,2020,133300409,"Carnegie Hill Neighbors, Inc.",36000,unconfirmed,40000,-4000,,
data/fy20/schedule_c/fy20_schedule_c_awards.csv,2701,2020,133109387,Mosholu Preservation Corporation,36000,unconfirmed,40000,-4000,,
data/fy20/schedule_c/fy20_schedule_c_awards.csv,2703,2020,472589237,"RPGA Studio, Inc.",18000,unconfirmed,20000,-2000,,
data/fy20/schedule_c/fy20_schedule_c_awards.csv,2704,2020,112421647,165th Street Mall Improvement Association,18000,unconfirmed,20000,-2000,,
data/fy20/schedule_c/fy20_schedule_c_awards.csv,2705,2020,472589237,"RPGA Studio, Inc.",5000,unconfirmed,8000,-3000,,
data/fy20/schedule_c/fy20_schedule_c_awards.csv,2706,2020,133234630,"Volunteers of Legal Service, Inc.",13000,unconfirmed,10000,3000,,
data/fy20/schedule_c/fy20_schedule_c_awards.csv,2708,2020,811139923,"Naturally Occurring Cultural Districts NY, Inc.",18000,unconfirmed,20000,-2000,,
data/fy20/schedule_c/fy20_schedule_c_awards.csv,2710,2020,112739527,"Grand Street District Management Association, Inc.",18000,unconfirmed,20000,-2000,,
data/fy20/schedule_c/fy20_schedule_c_awards.csv,2713,2020,112705085,Allen Neighborhood Preservation & Development Corporation,18000,unconfirmed,10000,8000,,
data/fy20/schedule_c/fy20_schedule_c_awards.csv,2714,2020,237021273,Greater Jamaica Development Corporation,18000,unconfirmed,10000,8000,,
data/fy20/schedule_c/fy20_schedule_c_awards.csv,2715,2020,133591350,"Harlem Business Alliance, Inc.",18000,unconfirmed,20000,-2000,,
data/fy20/schedule_c/fy20_schedule_c_awards.csv,2716,2020,134054552,Harlem Renaissance Economic Development Corporation,18000,unconfirmed,20000,-2000,,
data/fy20/schedule_c/fy20_schedule_c_awards.csv,2720,2020,112575794,Rockaway Development and Revitalization Corporation,18000,unconfirmed,22000,-4000,,
data/fy20/schedule_c/fy20_schedule_c_awards.csv,2722,2020,133683266,"Lower East Side District Management Corporation, Inc.",18000,unconfirmed,20000,-2000,,
data/fy20/schedule_c/fy20_schedule_c_awards.csv,2723,2020,134104889,"Bayview Community Council, Inc.",18000,unconfirmed,20000,-2000,,
data/fy20/schedule_c/fy20_schedule_c_awards.csv,2724,2020,133046424,West Brighton Community Local Development Corporation,18000,unconfirmed,20000,-2000,,
data/fy20/schedule_c/fy20_schedule_c_awards.csv,2725,2020,133419786,"Broadway Mall Association, Inc.",36000,unconfirmed,35000,1000,,
data/fy20/schedule_c/fy20_schedule_c_awards.csv,2726,2020,237360305,"Urban Health Plan, Inc.",36000,unconfirmed,37900,-1900,,
data/fy20/schedule_c/fy20_schedule_c_awards.csv,2731,2020,261278224,Sunnyside District Management Association,36000,unconfirmed,40000,-4000,,
data/fy20/schedule_c/fy20_schedule_c_awards.csv,2741,2020,133442022,Urban Justice Center,206567,unconfirmed,100000,106567,,
data/fy20/schedule_c/fy20_schedule_c_awards.csv,2748,2020,133442022,Urban Justice Center,75000,unconfirmed,65000,10000,,
data/fy20/schedule_c/fy20_schedule_c_awards.csv,2824,2020,131988190,City University of New York,50000,unconfirmed,40000,10000,,
data/fy20/schedule_c/fy20_schedule_c_awards.csv,2826,2020,136400434,Department of Youth and Community Development,146000,unconfirmed,150000,-4000,,
data/fy20/schedule_c/fy20_schedule_c_awards.csv,2827,2020,132997764,"Development Outreach, Inc.",171200,unconfirmed,158928,12272,,
data/fy20/schedule_c/fy20_schedule_c_awards.csv,2829,2020,542068797,Jewish Institute of Queens,240000,unconfirmed,216720,23280,,
data/fy21/schedule_c/fy21_appendix_a_aging.csv,2,2021,237247809,AARP Fort Schuyler Chapter #1242,10000,ein_absent,,,,
data/fy21/schedule_c/fy21_appendix_a_aging.csv,24,2021,264164117,"Asian Community United Society, Inc.",10000,ein_absent,,,,
data/fy21/schedule_c/fy21_appendix_a_aging.csv,25,2021,264164117,"Asian Community United Society, Inc.",3500,ein_absent,,,,
data/fy21/schedule_c/fy21_appendix_a_aging.csv,26,2021,264164117,"Asian Community United Society, Inc. -Senior Outreach and Programming for Elmhurst Lunar New Year",5000,ein_absent,,,,
data/fy21/schedule_c/fy21_appendix_a_aging.csv,332,2021,900719956,"Onos Foot Prints, Inc. -Health & Nutrition Programming",4000,unconfirmed,10000,-6000,,
data/fy21/schedule_c/fy21_appendix_a_aging.csv,335,2021,133413349,"Penn South Social Services, Inc.",15500,ein_absent,,,,
data/fy21/schedule_c/fy21_appendix_b_local.csv,24,2021,900394877,"Adams Street Foundation, Inc.",5000,ein_absent,,,,
data/fy21/schedule_c/fy21_appendix_b_local.csv,30,2021,133749744,"African Services Committee, Inc.",2500,unconfirmed,5000,-2500,,
data/fy21/schedule_c/fy21_appendix_b_local.csv,35,2021,262090212,"Afrolatin@ Project, Inc., The",5000,ein_absent,,,,
data/fy21/schedule_c/fy21_appendix_b_local.csv,61,2021,834167441,"Amayas Bookreads, Inc.",5000,ein_absent,,,,
data/fy21/schedule_c/fy21_appendix_b_local.csv,131,2021,822712941,Asiyah Women's Center,7500,ein_absent,,,,
data/fy21/schedule_c/fy21_appendix_b_local.csv,144,2021,264316546,"Associazione Culturale Italiana di New York, Inc.",7500,ein_absent,,,,
data/fy21/schedule_c/fy21_appendix_b_local.csv,172,2021,112602994,Bay Ridge Community Council,5000,ein_absent,,,,
data/fy21/schedule_c/fy21_appendix_b_local.csv,175,2021,113372987,Bayside Business Association,5000,ein_absent,,,,
data/fy21/schedule_c/fy21_appendix_b_local.csv,264,2021,112547268,"BRIC Arts Media Brooklyn, Inc.",3500,unconfirmed,4000,-500,,
data/fy21/schedule_c/fy21_appendix_b_local.csv,284,2021,136400434,Bronx Community Board #9,44300,unconfirmed,45000,-700,,
data/fy21/schedule_c/fy21_appendix_b_local.csv,307,2021,274620010,Brooklyn Alliance of Neighborhood Gardens Land Trust,3500,ein_absent,,,,
data/fy21/schedule_c/fy21_appendix_b_local.csv,308,2021,274620010,Brooklyn Alliance of Neighborhood Gardens Land Trust,2000,ein_absent,,,,
data/fy21/schedule_c/fy21_appendix_b_local.csv,382,2021,261422585,"Brothers Care, Inc.",5000,ein_absent,,,,
data/fy21/schedule_c/fy21_appendix_b_local.csv,383,2021,261422585,"Brothers Care, Inc.",5000,ein_absent,,,,
data/fy21/schedule_c/fy21_appendix_b_local.csv,393,2021,113306111,"Business Outreach Center Network, Inc.",2500,unconfirmed,3500,-1000,,
data/fy21/schedule_c/fy21_appendix_b_local.csv,403,2021,200934854,"Campaign Against Hunger, Inc., The",6000,unconfirmed,5200,800,,
data/fy21/schedule_c/fy21_appendix_b_local.csv,411,2021,112903423,"Caribbean American Chamber of Commerce and Industry, Inc.",5000,ein_absent,,,,
data/fy21/schedule_c/fy21_appendix_b_local.csv,414,2021,133323168,"Caribbean Women's Health Association, Inc.",3000,unconfirmed,2500,500,,
data/fy21/schedule_c/fy21_appendix_b_local.csv,437,2021,135562185,"Catholic Charities Community Services, Archdiocese of New York",25000,unconfirmed,21300,3700,,
data/fy21/schedule_c/fy21_appendix_b_local.csv,458,2021,135645885,Center for New York City Law at New York Law School,35400,ein_absent,,,,
data/fy21/schedule_c/fy21_appendix_b_local.csv,470,2021,112981085,Central Brooklyn Economic Development Corporation,6000,unconfirmed,5000,1000,,
data/fy21/schedule_c/fy21_appendix_b_local.csv,504,2021,113580935,Chhaya Community Development Corporation,19500,unconfirmed,18000,1500,,
data/fy21/schedule_c/fy21_appendix_b_local.csv,539,2021,452978709,"Cidadao Global, Global Citizen, Inc.",5000,ein_absent,,,,
data/fy21/schedule_c/fy21_appendix_b_local.csv,560,2021,133561657,City Parks Foundation,24500,unconfirmed,10000,14500,,
data/fy21/schedule_c/fy21_appendix_b_local.csv,561,2021,133561657,City Parks Foundation,15000,unconfirmed,10000,5000,,
data/fy21/schedule_c/fy21_appendix_b_local.csv,624,2021,272654975,"Coalition on Positive Health Empowerment, Inc.",18000,unconfirmed,13388,4612,,
data/fy21/schedule_c/fy21_appendix_b_local.csv,640,2021,831205784,Community Capacity Development,5500,ein_absent,,,,
data/fy21/schedule_c/fy21_appendix_b_local.csv,711,2021,113635991,"Cultural Collaborative Jamaica, Inc.",7500,ein_absent,,,,
data/fy21/schedule_c/fy21_appendix_b_local.csv,866,2021,136400434,Department of Parks and Recreation,17000,unconfirmed,16500,500,,
data/fy21/schedule_c/fy21_appendix_b_local.csv,914,2021,464636329,"Do You Enlightenment and Cultural Empowerment Services, Inc.",5000,ein_absent,,,,
data/fy21/schedule_c/fy21_appendix_b_local.csv,924,2021,824767340,"Dorill Initiative, Inc.",5000,ein_absent,,,,
data/fy21/schedule_c/fy21_appendix_b_local.csv,937,2021,112806214,"Dutch Kills Civic Association, Inc.",6800,ein_absent,,,,
data/fy21/schedule_c/fy21_appendix_b_local.csv,939,2021,133202305,Dyckman Resident Association,5000,ein_absent,,,,
data/fy21/schedule_c/fy21_appendix_b_local.csv,947,2021,824418780,"East New York 4 Gardens, Inc.",5000,ein_absent,,,,
data/fy21/schedule_c/fy21_appendix_b_local.csv,952,2021,861096987,"East River Development Alliance, Inc.",19500,unconfirmed,20000,-500,,
data/fy21/schedule_c/fy21_appendix_b_local.csv,959,2021,200177748,"EDIFY Communities of New York, Inc.",10000,unconfirmed,5000,5000,,
data/fy21/schedule_c/fy21_appendix_b_local.csv,965,2021,814449558,"Educators for Student Success Association, Inc.",5000,ein_absent,,,,
data/fy21/schedule_c/fy21_appendix_b_local.csv,1013,2021,201981209,"Feathered Friends Parrot Adoption Services, Inc.",5000,ein_absent,,,,
data/fy21/schedule_c/fy21_appendix_b_local.csv,1021,2021,113044143,"Federazione Italo-Americana of Brooklyn & Queens, Inc.",5000,ein_absent,,,,
data/fy21/schedule_c/fy21_appendix_b_local.csv,1054,2021,133179546,Food Bank For New York City,13500,unconfirmed,13766,-266,,
data/fy21/schedule_c/fy21_appendix_b_local.csv,1086,2021,134122378,Friends of Crotona Park,10000,ein_absent,,,,
data/fy21/schedule_c/fy21_appendix_b_local.csv,1087,2021,134122378,Friends of Crotona Park,10000,ein_absent,,,,
data/fy21/schedule_c/fy21_appendix_b_local.csv,1172,2021,821011857,Good Call NYC Corporation,5000,ein_absent,,,,
data/fy21/schedule_c/fy21_appendix_b_local.csv,1181,2021,202765775,"Grace Family Services, Inc.",5500,ein_absent,,,,
data/fy21/schedule_c/fy21_appendix_b_local.csv,1195,2021,112382250,Greater Ridgewood Restoration Corporation,25000,unconfirmed,25270,-270,,
data/fy21/schedule_c/fy21_appendix_b_local.csv,1199,2021,112508190,Greater Woodhaven Development Corporation,9000,unconfirmed,5000,4000,,
data/fy21/schedule_c/fy21_appendix_b_local.csv,1258,2021,135562162,"Helen Keller International, Inc.",5000,ein_absent,,,,
data/fy21/schedule_c/fy21_appendix_b_local.csv,1259,2021,135562162,"Helen Keller International, Inc.",24000,ein_absent,,,,
data/fy21/schedule_c/fy21_appendix_b_local.csv,1260,2021,135562162,"Helen Keller International, Inc.",2500,ein_absent,,,,
data/fy21/schedule_c/fy21_appendix_b_local.csv,1269,2021,113462888,Highland Park Community Development Corporation,25000,ein_absent,,,,
data/fy21/schedule_c/fy21_appendix_b_local.csv,1273,2021,133573852,"Hispanic Federation, Inc.",159000,unconfirmed,150000,9000,,
data/fy21/schedule_c/fy21_appendix_b_local.csv,1359,2021,133628301,"Irish Business Organization of New York, Inc., The",5000,ein_absent,,,,
data/fy21/schedule_c/fy21_appendix_b_local.csv,1372,2021,112489195,"Jamaica Center Improvement Association, Inc.",30000,ein_absent,,,,
data/fy21/schedule_c/fy21_appendix_b_local.csv,1408,2021,112425813,"Jewish Community Council of the Rockaway Peninsula, Inc.",20500,unconfirmed,25000,-4500,,
data/fy21/schedule_c/fy21_appendix_b_local.csv,1418,2021,113362754,"J'Ouvert City International, Inc.",6000,unconfirmed,5000,1000,,
data/fy21/schedule_c/fy21_appendix_b_local.csv,1455,2021,133097905,Kingsbridge-Riverdale-Van Cortlandt Development Corporation,101000,unconfirmed,50000,51000,,
data/fy21/schedule_c/fy21_appendix_b_local.csv,1480,2021,204393724,"La Nueva Esperanza, Inc.",7500,unconfirmed,5000,2500,,
data/fy21/schedule_c/fy21_appendix_b_local.csv,1514,2021,272188237,LES Creative People In Action,3500,ein_absent,,,,
data/fy21/schedule_c/fy21_appendix_b_local.csv,1515,2021,272188237,LES Creative People In Action,3000,ein_absent,,,,
data/fy21/schedule_c/fy21_appendix_b_local.csv,1523,2021,208512786,Koslowitz LGBT Network,50000,unconfirmed,20655,29345,,
data/fy21/schedule_c/fy21_appendix_b_local.csv,1524,2021,208512786,LGBT Network,15000,unconfirmed,11567,3433,,
data/fy21/schedule_c/fy21_appendix_b_local.csv,1527,2021,205252137,Life of Hope,4000,unconfirmed,9000,-5000,,
data/fy21/schedule_c/fy21_appendix_b_local.csv,1539,2021,133922300,"Lincoln Square District Management Association, Inc.",12000,unconfirmed,8500,3500,,
data/fy21/schedule_c/fy21_appendix_b_local.csv,1571,2021,205751217,"Make Music New York, Inc.",3000,unconfirmed,5000,-2000,,
data/fy21/schedule_c/fy21_appendix_b_local.csv,1573,2021,205751217,"Make Music New York, Inc.",15000,unconfirmed,13500,1500,,
data/fy21/schedule_c/fy21_appendix_b_local.csv,1574,2021,205751217,"Make Music New York, Inc.",10000,unconfirmed,13500,-3500,,
data/fy21/schedule_c/fy21_appendix_b_local.csv,1582,2021,030553092,"Man Up, Inc.",150000,unconfirmed,118750,31250,,
data/fy21/schedule_c/fy21_appendix_b_local.csv,1639,2021,473034551,"Metro Chamber Orchestra, Inc.",4000,unconfirmed,5000,-1000,,
data/fy21/schedule_c/fy21_appendix_b_local.csv,1669,2021,850592518,"Migrant Kitchen Incorporated, The",102000,unconfirmed,10000,92000,,
data/fy21/schedule_c/fy21_appendix_b_local.csv,1700,2021,261407568,"Moving Mountains, Inc.",5000,unconfirmed,20000,-15000,,
data/fy21/schedule_c/fy21_appendix_b_local.csv,1726,2021,202659913,"Myrtle Avenue Brooklyn DMA, Inc.",21500,unconfirmed,16500,5000,,
data/fy21/schedule_c/fy21_appendix_b_local.csv,1728,2021,112912570,Myrtle Avenue District Management Association,20000,unconfirmed,10000,10000,,
data/fy21/schedule_c/fy21_appendix_b_local.csv,1756,2021,471267077,"Neighborhood Housing Services of Queens CDC, Inc.",24000,unconfirmed,10000,14000,,
data/fy21/schedule_c/fy21_appendix_b_local.csv,1798,2021,131693134,New York Botanical Garden,12000,unconfirmed,10000,2000,,
data/fy21/schedule_c/fy21_appendix_b_local.csv,1806,2021,133793940,"New York Chapter of the National Black MBA Association, Inc.",5000,ein_absent,,,,
data/fy21/schedule_c/fy21_appendix_b_local.csv,1810,2021,133057954,"New York City Audubon Society, Inc.",10000,ein_absent,,,,
data/fy21/schedule_c/fy21_appendix_b_local.csv,2090,2021,112764038,"North Flatbush Avenue District Management Association, Inc.",5000,unconfirmed,25000,-20000,,
data/fy21/schedule_c/fy21_appendix_b_local.csv,2100,2021,113029912,"Northern Woodside Coalition, Inc.",9000,unconfirmed,3500,5500,,
data/fy21/schedule_c/fy21_appendix_b_local.csv,2157,2021,112023047,Our Lady of Hope Roman Catholic Church,5000,ein_absent,,,,
data/fy21/schedule_c/fy21_appendix_b_local.csv,2226,2021,136643607,Port Richmond High School Boy's Track & Field Team,5000,ein_absent,,,,
data/fy21/schedule_c/fy21_appendix_b_local.csv,2227,2021,136643607,Port Richmond High School Boy's Track & Field Team,5000,ein_absent,,,,
data/fy21/schedule_c/fy21_appendix_b_local.csv,2263,2021,203937275,"Public Housing Communities, Inc.",6000,ein_absent,,,,
data/fy21/schedule_c/fy21_appendix_b_local.csv,2377,2021,202474691,Quilts of Valor: Quilters by the Sea,5000,ein_absent,,,,
data/fy21/schedule_c/fy21_appendix_b_local.csv,2379,2021,114023035,"Ragamuffin, Inc.",5000,ein_absent,,,,
data/fy21/schedule_c/fy21_appendix_b_local.csv,2400,2021,455137219,"Remember the Triangle Fire Coalition, Inc.",7700,ein_absent,,,,
data/fy21/schedule_c/fy21_appendix_b_local.csv,2415,2021,262200571,"Rhapsody Players, Inc.",10000,ein_absent,,,,
data/fy21/schedule_c/fy21_appendix_b_local.csv,2456,2021,113457320,"Sacred Music Chorale of Richmond Hill, Inc.",5000,ein_absent,,,,
data/fy21/schedule_c/fy21_appendix_b_local.csv,2538,2021,453818185,"Shetu, Inc.",5000,ein_absent,,,,
data/fy21/schedule_c/fy21_appendix_b_local.csv,2539,2021,453818185,"Shetu, Inc.",5000,ein_absent,,,,
data/fy21/schedule_c/fy21_appendix_b_local.csv,2550,2021,272830778,"Sisters With Purpose, Inc.",10000,unconfirmed,5000,5000,,
data/fy21/schedule_c/fy21_appendix_b_local.csv,2573,2021,810728516,"South Shore District Management Association, Inc.",15000,unconfirmed,10000,5000,,
data/fy21/schedule_c/fy21_appendix_b_local.csv,2660,2021,020535999,Sustainable South Bronx,25000,ein_absent,,,,
data/fy21/schedule_c/fy21_appendix_b_local.csv,2661,2021,020535999,Sustainable South Bronx,5000,ein_absent,,,,
data/fy21/schedule_c/fy21_appendix_b_local.csv,2678,2021,111875161,"Temple Sholom of Flatbush, Inc.",3000,ein_absent,,,,
data/fy21/schedule_c/fy21_appendix_b_local.csv,2700,2021,133586505,"Travis Fourth of July Celebration Committee, Inc.",5000,ein_absent,,,,
data/fy21/schedule_c/fy21_appendix_b_local.csv,2709,2021,133870800,"Union American Methodist Episcopal Church of New York, Inc.",5000,unconfirmed,9000,-4000,,
data/fy21/schedule_c/fy21_appendix_b_local.csv,2731,2021,133906171,"United Staten Island Veterans Organization, Inc., The",5000,unconfirmed,61500,-56500,,
data/fy21/schedule_c/fy21_appendix_b_local.csv,2737,2021,270093159,"Universal Child Project Incorporated, The",5000,ein_absent,,,,
data/fy21/schedule_c/fy21_appendix_b_local.csv,2760,2021,453803373,"Urban Librarians Unite, Inc.",5000,ein_absent,,,,
data/fy21/schedule_c/fy21_appendix_b_local.csv,2837,2021,832933336,"White Lotus Collective LTD., The",10000,unconfirmed,5000,5000,,
data/fy21/schedule_c/fy21_appendix_b_local.csv,2839,2021,133776486,White Plains Road District Management Association,11000,ein_absent,,,,
data/fy21/schedule_c/fy21_appendix_b_local.csv,2845,2021,132725423,Wildcat Service Corporation,96000,unconfirmed,100000,-4000,,
data/fy21/schedule_c/fy21_appendix_b_local.csv,2878,2021,113348710,"Woven Spaces, Inc.",5000,ein_absent,,,,
data/fy21/schedule_c/fy21_appendix_b_local.csv,2900,2021,200351906,Young Women's Christian Association of Queens,8000,unconfirmed,5000,3000,,
data/fy21/schedule_c/fy21_appendix_c_youth.csv,58,2021,112870465,"Berean Community and Family Life Center, Inc. -Community Drumline",5000,unconfirmed,2763,2237,,
data/fy21/schedule_c/fy21_appendix_c_youth.csv,59,2021,112870465,"Berean Community and Family Life Center, Inc. -Summer Day Camp & Enrichment Academy",4000,unconfirmed,2763,1237,,
data/fy21/schedule_c/fy21_appendix_c_youth.csv,74,2021,111633501,Blessed Virgin Mary Help of Christians Church,5000,ein_absent,,,,
data/fy21/schedule_c/fy21_appendix_c_youth.csv,75,2021,111633501,Blessed Virgin Mary Help of Christians Church -Youth Program,3500,ein_absent,,,,
data/fy21/schedule_c/fy21_appendix_c_youth.csv,155,2021,112981085,Central Brooklyn Economic Development Corporation -Youth Employment Program & Lil Bro Summer Camp,15000,unconfirmed,19375,-4375,,
data/fy21/schedule_c/fy21_appendix_c_youth.csv,234,2021,112880221,"Council For Unity, Inc.",12000,ein_absent,,,,
data/fy21/schedule_c/fy21_appendix_c_youth.csv,235,2021,112880221,"Council For Unity, Inc.",5000,ein_absent,,,,
data/fy21/schedule_c/fy21_appendix_c_youth.csv,244,2021,471583227,Dance Project of Washington Heights,10000,unconfirmed,5000,5000,,
data/fy21/schedule_c/fy21_appendix_c_youth.csv,250,2021,475466069,"Detective Rafael Ramos Foundation, The",5000,ein_absent,,,,
data/fy21/schedule_c/fy21_appendix_c_youth.csv,316,2021,112196556,"Flushing Day Care Center, Inc. -Martin L. King Jr. Memorial Day Care Center",7000,ein_absent,,,,
data/fy21/schedule_c/fy21_appendix_c_youth.csv,329,2021,132612524,"Fund for the City of New York, Inc.",7000,unconfirmed,8000,-1000,,
data/fy21/schedule_c/fy21_appendix_c_youth.csv,386,2021,132968079,"H.T. Dance Company, Inc./Chen Dance Center",5000,ein_absent,,,,
data/fy21/schedule_c/fy21_appendix_c_youth.csv,398,2021,135562162,"Helen Keller International, Inc.",25000,ein_absent,,,,
data/fy21/schedule_c/fy21_appendix_c_youth.csv,399,2021,135562162,"Helen Keller International, Inc.",5000,ein_absent,,,,
data/fy21/schedule_c/fy21_appendix_c_youth.csv,400,2021,135562162,"Helen Keller International, Inc. -Student Vision Program",5000,ein_absent,,,,
data/fy21/schedule_c/fy21_appendix_c_youth.csv,410,2021,111639813,"Hillcrest Jewish Center, Inc., The -Summer Day Camp",5000,unconfirmed,10000,-5000,,
data/fy21/schedule_c/fy21_appendix_c_youth.csv,432,2021,113102237,"Inner City Handball Association, Inc.",5000,ein_absent,,,,
data/fy21/schedule_c/fy21_appendix_c_youth.csv,437,2021,112688282,"Jackson Heights Art Club, Inc. -Children's Art Program",5000,ein_absent,,,,
data/fy21/schedule_c/fy21_appendix_c_youth.csv,441,2021,111681124,"Jewish Center of Jackson Heights, Inc. -Youth Programs",12500,unconfirmed,22000,-9500,,
data/fy21/schedule_c/fy21_appendix_c_youth.csv,453,2021,112425813,"Jewish Community Council of the Rockaway Peninsula, Inc.",15000,unconfirmed,15280,-280,,
data/fy21/schedule_c/fy21_appendix_c_youth.csv,454,2021,364559064,"Josephine Foundation, Inc. -Broadway Blockbusters Summer Program",5000,ein_absent,,,,
data/fy21/schedule_c/fy21_appendix_c_youth.csv,471,2021,161651233,"Korea Youth Promotion Association of USA, Inc.",26000,ein_absent,,,,
data/fy21/schedule_c/fy21_appendix_c_youth.csv,483,2021,208512786,LGBT Network,5000,unconfirmed,11567,-6567,,
data/fy21/schedule_c/fy21_appendix_c_youth.csv,485,2021,205252137,Life of Hope -Youth Immigrant Family Literacy Initiative,8000,unconfirmed,9000,-1000,,
data/fy21/schedule_c/fy21_appendix_c_youth.csv,498,2021,134201577,"Making Books Sing, Inc. -New York City Children’s Theater: Arts- in-Education Programs",2500,unconfirmed,5000,-2500,,
data/fy21/schedule_c/fy21_appendix_c_youth.csv,519,2021,133916131,"Millennium Dance Company, Inc.",10000,ein_absent,,,,
data/fy21/schedule_c/fy21_appendix_c_youth.csv,602,2021,132949483,"New York Road Runners, Inc.",2500,unconfirmed,3500,-1000,,
data/fy21/schedule_c/fy21_appendix_c_youth.csv,605,2021,262647383,"New York United Jewish Association, Inc. -Girls Enrichment Program & Back to School Street Fair",18000,unconfirmed,20000,-2000,,
data/fy21/schedule_c/fy21_appendix_c_youth.csv,630,2021,111723786,Our Lady of the Miraculous Medal Roman Catholic Church,6000,ein_absent,,,,
data/fy21/schedule_c/fy21_appendix_c_youth.csv,725,2021,812780414,Sacred Heart Catholic Academy of Glendale -Summer Program,5000,ein_absent,,,,
data/fy21/schedule_c/fy21_appendix_c_youth.csv,726,2021,111666876,Sacred Heart Youth Program,6000,ein_absent,,,,
data/fy21/schedule_c/fy21_appendix_c_youth.csv,760,2021,453162464,"Sports Oriented Nurturing Youth Partnership, Inc. -Council District 42",5000,ein_absent,,,,
data/fy21/schedule_c/fy21_appendix_c_youth.csv,795,2021,111875161,"Temple Sholom of Flatbush, Inc. -Youth Program",5000,ein_absent,,,,
data/fy21/schedule_c/fy21_appendix_c_youth.csv,853,2021,112949074,"Works Little League, Inc.",2500,unconfirmed,5000,-2500,,
data/fy21/schedule_c/fy21_appendix_c_youth.csv,858,2021,832005292,"Young Airmans Association, The -United Youth Aviators Summer Camp",7500,unconfirmed,10000,-2500,,
data/fy21/schedule_c/fy21_schedule_c_awards.csv,60,2021,112903423,"Caribbean American Chamber of Commerce and Industry, Inc.",5000,ein_absent,,,,
data/fy21/schedule_c/fy21_schedule_c_awards.csv,150,2021,111630807,Helen Keller Services,5000,unconfirmed,5500,-500,,
data/fy21/schedule_c/fy21_schedule_c_awards.csv,188,2021,275281758,Little Essentials,2500,unconfirmed,5000,-2500,,
data/fy21/schedule_c/fy21_schedule_c_awards.csv,196,2021,275282132,"MCCNY Charities, Inc.",5000,ein_absent,,,,
data/fy21/schedule_c/fy21_schedule_c_awards.csv,197,2021,275282132,"MCCNY Charities, Inc.",5000,ein_absent,,,,
data/fy21/schedule_c/fy21_schedule_c_awards.csv,206,2021,133916131,"Millennium Dance Company, Inc.",5000,ein_absent,,,,
data/fy21/schedule_c/fy21_schedule_c_awards.csv,343,2021,112903423,"Caribbean American Chamber of Commerce and Industry, Inc.",10000,ein_absent,,,,
data/fy21/schedule_c/fy21_schedule_c_awards.csv,376,2021,202765775,"Grace Family Services, Inc.",5000,ein_absent,,,,
data/fy21/schedule_c/fy21_schedule_c_awards.csv,380,2021,833034480,"I Hold the Key, Inc.",5000,ein_absent,,,,
data/fy21/schedule_c/fy21_schedule_c_awards.csv,390,2021,208512786,LGBT Network,45000,unconfirmed,20655,24345,,
data/fy21/schedule_c/fy21_schedule_c_awards.csv,405,2021,131693134,New York Botanical Garden,20000,unconfirmed,25000,-5000,,
data/fy21/schedule_c/fy21_schedule_c_awards.csv,523,2021,208512786,LGBT Network,637500,unconfirmed,20655,616845,,
data/fy21/schedule_c/fy21_schedule_c_awards.csv,536,2021,133843322,Center for Employment Opportunities,689361,rounding,689360,1,,
data/fy21/schedule_c/fy21_schedule_c_awards.csv,582,2021,132655001,Health + Hospitals,700000,unconfirmed,600000,100000,,
data/fy21/schedule_c/fy21_schedule_c_awards.csv,603,2021,136400434,Department of Cultural Affairs,90000,unconfirmed,86700,3300,,
data/fy21/schedule_c/fy21_schedule_c_awards.csv,668,2021,134113613,Center for Educational Innovation,500000,unconfirmed,259000,241000,,
data/fy21/schedule_c/fy21_schedule_c_awards.csv,672,2021,814065685,"Learning & Educational Solutions, Inc.",100000,unconfirmed,82000,18000,,
data/fy21/schedule_c/fy21_schedule_c_awards.csv,682,2021,208512786,LGBT Network,100000,unconfirmed,20655,79345,,
data/fy21/schedule_c/fy21_schedule_c_awards.csv,686,2021,136400434,Department of Education,625000,unconfirmed,600000,25000,,
data/fy21/schedule_c/fy21_schedule_c_awards.csv,696,2021,133893536,City University of New York,1000000,unconfirmed,1020000,-20000,,
data/fy21/schedule_c/fy21_schedule_c_awards.csv,704,2021,133179546,Food Bank for New York City,625000,unconfirmed,275000,350000,,
data/fy21/schedule_c/fy21_schedule_c_awards.csv,719,2021,135562202,Community Service Society of New York,273700,unconfirmed,157250,116450,,
data/fy21/schedule_c/fy21_schedule_c_awards.csv,729,2021,237348989,"Korean Community Services of Metropolitan New York, Inc.",69785,unconfirmed,85000,-15215,,
data/fy21/schedule_c/fy21_schedule_c_awards.csv,731,2021,113344389,Make the Road New York,77343,unconfirmed,85000,-7657,,
data/fy21/schedule_c/fy21_schedule_c_awards.csv,735,2021,132972415,Northern Manhattan Improvement Corporation,83973,unconfirmed,85000,-1027,,
data/fy21/schedule_c/fy21_schedule_c_awards.csv,738,2021,112594500,"Polonians Organized to Minister to Our Community, Inc.",63155,unconfirmed,42500,20655,,
data/fy21/schedule_c/fy21_schedule_c_awards.csv,741,2021,113632920,South Asian Council for Social Services,63155,unconfirmed,53766,9389,,
data/fy21/schedule_c/fy21_schedule_c_awards.csv,757,2021,060646594,"American Lung Association of the Northeast, Inc.",66300,ein_absent,,,,
data/fy21/schedule_c/fy21_schedule_c_awards.csv,758,2021,133092676,Harlem Hospital Center,255000,ein_absent,,,,
data/fy21/schedule_c/fy21_schedule_c_awards.csv,785,2021,131893908,Goddard Riverside Community Center,31230,unconfirmed,24500,6730,,
data/fy21/schedule_c/fy21_schedule_c_awards.csv,788,2021,133584089,"Housing Works, Inc.",473090,unconfirmed,356860,116230,,
data/fy21/schedule_c/fy21_schedule_c_awards.csv,792,2021,204393724,"La Nueva Esperanza, Inc.",31230,unconfirmed,20000,11230,,
data/fy21/schedule_c/fy21_schedule_c_awards.csv,850,2021,133749744,"African Services Committee, Inc.",44820,unconfirmed,43980,840,,
data/fy21/schedule_c/fy21_schedule_c_awards.csv,858,2021,133706365,APICHA Community Health Center,62740,unconfirmed,60000,2740,,
data/fy21/schedule_c/fy21_schedule_c_awards.csv,862,2021,113220371,"Astoria/Queens Share-ing and Care-ing, Inc.",37188,unconfirmed,31875,5313,,
data/fy21/schedule_c/fy21_schedule_c_awards.csv,864,2021,112412205,"Bedford Stuyvesant Family Health Center, Inc.",48752,unconfirmed,45798,2954,,
data/fy21/schedule_c/fy21_schedule_c_awards.csv,866,2021,132697725,Betances Health Center,11688,unconfirmed,10625,1063,,
data/fy21/schedule_c/fy21_schedule_c_awards.csv,868,2021,133599121,BOOM!Health,96478,unconfirmed,72022,24456,,
data/fy21/schedule_c/fy21_schedule_c_awards.csv,877,2021,133666994,Care for the Homeless,38517,unconfirmed,41650,-3133,,
data/fy21/schedule_c/fy21_schedule_c_awards.csv,878,2021,133323168,"Caribbean Women's Health Association, Inc.",108271,unconfirmed,107560,711,,
data/fy21/schedule_c/fy21_schedule_c_awards.csv,880,2021,132739694,"Charles B. Wang Community Health Center, Inc.",53408,unconfirmed,42500,10908,,
data/fy21/schedule_c/fy21_schedule_c_awards.csv,887,2021,510567466,"Community Health Center of Richmond, Inc.",46112,unconfirmed,57538,-11426,,
data/fy21/schedule_c/fy21_schedule_c_awards.csv,889,2021,133083068,"Community Healthcare Network, Inc.",80564,unconfirmed,56700,23864,,
data/fy21/schedule_c/fy21_schedule_c_awards.csv,894,2021,113122295,"Diaspora Community Services, Inc.",42587,unconfirmed,34266,8321,,
data/fy21/schedule_c/fy21_schedule_c_awards.csv,900,2021,135562220,"Federation of Protestant Welfare Agencies, Inc.",25925,unconfirmed,5000,20925,,
data/fy21/schedule_c/fy21_schedule_c_awards.csv,902,2021,113343941,Fort Greene Strategic Neighborhood Action Partnership,17266,unconfirmed,10625,6641,,
data/fy21/schedule_c/fy21_schedule_c_awards.csv,905,2021,131893908,Goddard Riverside Community Center,1329,unconfirmed,5000,-3671,,
data/fy21/schedule_c/fy21_schedule_c_awards.csv,909,2021,510418243,"Health People, Inc.",71305,unconfirmed,60680,10625,,
data/fy21/schedule_c/fy21_schedule_c_awards.csv,920,2021,111631759,Kingsbrook Jewish Medical Center,12750,unconfirmed,11475,1275,,
data/fy21/schedule_c/fy21_schedule_c_awards.csv,921,2021,237348989,"Korean Community Services of Metropolitan New York, Inc.",34493,unconfirmed,34349,144,,
data/fy21/schedule_c/fy21_schedule_c_awards.csv,922,2021,204393724,"La Nueva Esperanza, Inc.",6906,unconfirmed,5000,1906,,
data/fy21/schedule_c/fy21_schedule_c_awards.csv,926,2021,113344389,Make the Road New York,49763,unconfirmed,50000,-237,,
data/fy21/schedule_c/fy21_schedule_c_awards.csv,930,2021,133556768,"Momentum Project, Inc., The",9839,ein_absent,,,,
data/fy21/schedule_c/fy21_schedule_c_awards.csv,938,2021,133957095,New York and Presbyterian Hospital,64414,unconfirmed,53789,10625,,
data/fy21/schedule_c/fy21_schedule_c_awards.csv,946,2021,132621497,"Planned Parenthood of Greater New York, Inc.",191648,unconfirmed,179980,11668,,
data/fy21/schedule_c/fy21_schedule_c_awards.csv,951,2021,135669201,Public Health Solutions,157132,unconfirmed,157500,-368,,
data/fy21/schedule_c/fy21_schedule_c_awards.csv,957,2021,133131914,"SHARE: Self-Help for Women with Breast or Ovarian Cancer, Inc.",50337,unconfirmed,45024,5313,,
data/fy21/schedule_c/fy21_schedule_c_awards.csv,961,2021,202508411,"Sunset Park Health Council, Inc.",43213,unconfirmed,34348,8865,,
data/fy21/schedule_c/fy21_schedule_c_awards.csv,962,2021,264417161,Tell Every Amazing Lady About Ovarian Cancer Foundation,25182,unconfirmed,14663,10519,,
data/fy21/schedule_c/fy21_schedule_c_awards.csv,965,2021,237360305,"Urban Health Plan, Inc.",78984,unconfirmed,79630,-646,,
data/fy21/schedule_c/fy21_schedule_c_awards.csv,992,2021,132655001,Health + Hospitals,239496,unconfirmed,255000,-15504,,
data/fy21/schedule_c/fy21_schedule_c_awards.csv,1016,2021,265551998,"Association for Neighborhood & Housing Development, Inc.",85000,ein_absent,,,,
data/fy21/schedule_c/fy21_schedule_c_awards.csv,1017,2021,265551998,"Association for Neighborhood & Housing Development, Inc.",50540,ein_absent,,,,
data/fy21/schedule_c/fy21_schedule_c_awards.csv,1018,2021,133020589,Community Consultant Contracts Belmont Arthur Avenue Local Development Corporation,25270,ein_absent,,,,
data/fy21/schedule_c/fy21_schedule_c_awards.csv,1053,2021,133020589,Belmont Arthur Avenue Local Development Corporation,60350,ein_absent,,,,
data/fy21/schedule_c/fy21_schedule_c_awards.csv,1121,2021,132655001,Health + Hospitals,135000,unconfirmed,102000,33000,,
data/fy21/schedule_c/fy21_schedule_c_awards.csv,1216,2021,135596746,"NYSARC, Inc., New York City Chapter",75000,unconfirmed,85000,-10000,,
data/fy21/schedule_c/fy21_schedule_c_awards.csv,1248,2021,132612524,"Fund for the City of New York, Inc.",192100,unconfirmed,250000,-57900,,
data/fy21/schedule_c/fy21_schedule_c_awards.csv,1269,2021,135564937,"Jewish Board of Family and Children's Services, Inc.",197287,unconfirmed,112287,85000,,
data/fy21/schedule_c/fy21_schedule_c_awards.csv,1271,2021,135596746,"NYSARC, Inc., New York City Chapter",249987,unconfirmed,198987,51000,,
data/fy21/schedule_c/fy21_schedule_c_awards.csv,1327,2021,133455415,HUB Third Avenue District Management Association,63750,unconfirmed,5000,58750,,
data/fy21/schedule_c/fy21_schedule_c_awards.csv,1330,2021,131624096,Mount Sinai Hospital,42500,unconfirmed,51000,-8500,,
data/fy21/schedule_c/fy21_schedule_c_awards.csv,1331,2021,113495018,"Mothers Aligned Saving Kids (MASK), Inc.",51000,unconfirmed,42500,8500,,
data/fy21/schedule_c/fy21_schedule_c_awards.csv,1344,2021,112870465,"Berean Community and Life Center, Inc.",35000,unconfirmed,42107,-7107,,
data/fy21/schedule_c/fy21_schedule_c_awards.csv,1346,2021,133893536,CUNY Creative Arts Team,80000,unconfirmed,85000,-5000,,
data/fy21/schedule_c/fy21_schedule_c_awards.csv,1347,2021,800612019,"East Flatbush Village, Inc.",40000,unconfirmed,9000,31000,,
data/fy21/schedule_c/fy21_schedule_c_awards.csv,1348,2021,814482839,"Elite Learners, Inc.",80000,unconfirmed,48000,32000,,
data/fy21/schedule_c/fy21_schedule_c_awards.csv,1350,2021,132612524,"Fund for the City of New York, Inc.",80000,unconfirmed,85000,-5000,,
data/fy21/schedule_c/fy21_schedule_c_awards.csv,1351,2021,061711370,"Getting Out and Staying Out, Inc.",190600,unconfirmed,190000,600,,
data/fy21/schedule_c/fy21_schedule_c_awards.csv,1358,2021,237085239,"New York Center for Interpersonal Development, Inc.",80000,unconfirmed,40000,40000,,
data/fy21/schedule_c/fy21_schedule_c_awards.csv,1362,2021,131860451,"Rising Ground, Inc.",80000,unconfirmed,45000,35000,,
data/fy21/schedule_c/fy21_schedule_c_awards.csv,1363,2021,132912963,"SCAN-New York Volunteer Parent-Aides Association, Inc.",80000,unconfirmed,40000,40000,,
data/fy21/schedule_c/fy21_schedule_c_awards.csv,1378,2021,455180976,"Community Service Center of Greater Williamsburg, Inc.",50000,ein_absent,,,,
data/fy21/schedule_c/fy21_schedule_c_awards.csv,1386,2021,201923521,Masbia,35000,unconfirmed,25000,10000,,
data/fy21/schedule_c/fy21_schedule_c_awards.csv,1416,2021,136400434,Department for the Aging,66470,unconfirmed,65000,1470,,
data/fy21/schedule_c/fy21_schedule_c_awards.csv,1421,2021,132655001,Health + Hospitals,95775,unconfirmed,102000,-6225,,
data/fy21/schedule_c/fy21_schedule_c_awards.csv,1425,2021,131624033,Jewish Home Lifecare Manhattan,50000,unconfirmed,75000,-25000,,
data/fy21/schedule_c/fy21_schedule_c_awards.csv,1427,2021,131624096,Mount Sinai Hospital,56100,unconfirmed,51000,5100,,
data/fy21/schedule_c/fy21_schedule_c_awards.csv,1431,2021,133413349,"Penn South Social Services, Inc.",60000,ein_absent,,,,
data/fy21/schedule_c/fy21_schedule_c_awards.csv,1435,2021,131624178,"Selfhelp Community Services, Inc.",350000,unconfirmed,325000,25000,,
data/fy21/schedule_c/fy21_schedule_c_awards.csv,1444,2021,113528680,"Wayside Out-Reach Development (WORD), Inc.",125394,unconfirmed,75000,50394,,
data/fy21/schedule_c/fy21_schedule_c_awards.csv,1463,2021,133634381,CityMeals on Wheels,500000,unconfirmed,319200,180800,,
data/fy21/schedule_c/fy21_schedule_c_awards.csv,1490,2021,030553092,"Man Up, Inc.",30000,unconfirmed,50000,-20000,,
data/fy21/schedule_c/fy21_schedule_c_awards.csv,1530,2021,112903423,"Caribbean American Chamber of Commerce and Industry, Inc.",75225,ein_absent,,,,
data/fy21/schedule_c/fy21_schedule_c_awards.csv,1539,2021,203937275,"Public Housing Communities, Inc.",118750,ein_absent,,,,
data/fy21/schedule_c/fy21_schedule_c_awards.csv,1549,2021,135562220,"Federation of Protestant Welfare Agencies, Inc.",63650,unconfirmed,5000,58650,,
data/fy21/schedule_c/fy21_schedule_c_awards.csv,1557,2021,113317234,"Accion East, Inc.",75526,unconfirmed,79630,-4104,,
data/fy21/schedule_c/fy21_schedule_c_awards.csv,1558,2021,136400434,Department of Small Business Services.,82769,unconfirmed,85000,-2231,,
data/fy21/schedule_c/fy21_schedule_c_awards.csv,1559,2021,371443165,"New Bronx Chamber of Commerce, The",43733,unconfirmed,46109,-2376,,
data/fy21/schedule_c/fy21_schedule_c_awards.csv,1560,2021,141845651,"New York Women's Chamber of Commerce, Inc.",85000,unconfirmed,89619,-4619,,
data/fy21/schedule_c/fy21_schedule_c_awards.csv,1561,2021,112436149,Economic Development Corporation,68336,unconfirmed,72049,-3713,,
data/fy21/schedule_c/fy21_schedule_c_awards.csv,1562,2021,237360305,"Urban Health Plan, Inc.",75526,unconfirmed,79630,-4104,,
data/fy21/schedule_c/fy21_schedule_c_awards.csv,1563,2021,821902677,"NYC MWBE Alliance, Inc.",17000,ein_absent,,,,
data/fy21/schedule_c/fy21_schedule_c_awards.csv,1564,2021,133046424,West Brighton Community Local Development Corporation,62110,unconfirmed,65485,-3375,,
data/fy21/schedule_c/fy21_schedule_c_awards.csv,1716,2021,133442022,Urban Justice Center,100000,unconfirmed,81902,18098,,
data/fy21/schedule_c/fy21_schedule_c_awards.csv,1723,2021,136400434,City University of New York,225000,unconfirmed,200000,25000,,
data/fy21/schedule_c/fy21_schedule_c_awards.csv,1734,2021,113167245,"Arab-American Family Support Center, Inc.",22500,unconfirmed,21500,1000,,
data/fy21/schedule_c/fy21_schedule_c_awards.csv,1735,2021,111633484,"Edith and Carl Marks Jewish Community House of Bensonhurst, Inc.",45000,unconfirmed,47250,-2250,,
data/fy21/schedule_c/fy21_schedule_c_awards.csv,1738,2021,133149200,"New York City Gay and Lesbian Anti-Violence Project, Inc.",49500,unconfirmed,51750,-2250,,
data/fy21/schedule_c/fy21_schedule_c_awards.csv,1739,2021,132946970,"Safe Horizon, Inc.",67500,unconfirmed,69750,-2250,,
data/fy21/schedule_c/fy21_schedule_c_awards.csv,1740,2021,542177390,Turning Point for Women and Families,40500,unconfirmed,42750,-2250,,
data/fy21/schedule_c/fy21_schedule_c_awards.csv,1741,2021,133540337,Violence Intervention Program,31500,unconfirmed,33750,-2250,,
data/fy21/schedule_c/fy21_schedule_c_awards.csv,1742,2021,020539734,Women for Afghan Women,49500,unconfirmed,51750,-2250,,
data/fy21/schedule_c/fy21_schedule_c_awards.csv,1763,2021,043697166,"Girls for Gender Equity, Inc.",98438,rounding,98437,1,,
data/fy21/schedule_c/fy21_schedule_c_awards.csv,1770,2021,463732667,Latinas on the Verge of Excellence,26437,rounding,26438,-1,,
data/fy22/schedule_c/fy22_appendix_a_aging.csv,169,2022,133140546,"General Chauncey M Hooper Towers Housing Development Fund Co., Inc.",7000,ein_absent,,,,
data/fy22/schedule_c/fy22_appendix_a_aging.csv,284,2022,237259702,"Maspeth Town Hall, Inc.",15000,unconfirmed,15439,-439,,
data/fy22/schedule_c/fy22_appendix_a_aging.csv,340,2022,133413349,"Penn South Social Services, Inc.",15500,ein_absent,,,,
data/fy22/schedule_c/fy22_appendix_a_aging.csv,355,2022,113201956,"Q Kingdom Ministries, Inc.",4000,unconfirmed,10000,-6000,,
data/fy22/schedule_c/fy22_appendix_a_aging.csv,383,2022,010677804,"funds for the R.A.I.N. Tolentine Neighborhood Senior Center will be used for daily operations, supplies, senior programming and trips. Riley Retirees of Dreiser Loop, Inc.",22000,unconfirmed,30000,-8000,,
data/fy22/schedule_c/fy22_appendix_a_aging.csv,406,2022,237406410,"SBH Community Service Network, Inc.",20000,unconfirmed,18000,2000,,
data/fy22/schedule_c/fy22_appendix_a_aging.csv,418,2022,112347331,"Senior Citizens League of Flatbush, Inc.",5000,ein_absent,,,,
data/fy22/schedule_c/fy22_appendix_a_aging.csv,499,2022,823539502,Yemeni American Merchants Association,8500,unconfirmed,10000,-1500,,
data/fy22/schedule_c/fy22_appendix_b_local.csv,38,2022,133749744,"African Services Committee, Inc.",2500,unconfirmed,3818,-1318,,
data/fy22/schedule_c/fy22_appendix_b_local.csv,134,2022,822712941,Asiyah Women's Center,5000,ein_absent,,,,
data/fy22/schedule_c/fy22_appendix_b_local.csv,241,2022,113444285,"Bobbi and the Strays, Inc.",14000,unconfirmed,7000,7000,,
data/fy22/schedule_c/fy22_appendix_b_local.csv,280,2022,112843233,Brighton Beach District Management Association,10000,unconfirmed,5000,5000,,
data/fy22/schedule_c/fy22_appendix_b_local.csv,317,2022,300156146,"Brooklyn Art Incubator, Inc.",10000,ein_absent,,,,
data/fy22/schedule_c/fy22_appendix_b_local.csv,378,2022,870788860,Brooklyn South Community Emergency Response Team,10000,ein_absent,,,,
data/fy22/schedule_c/fy22_appendix_b_local.csv,386,2022,113306111,"Business Outreach Center Network, Inc.",10000,unconfirmed,7500,2500,,
data/fy22/schedule_c/fy22_appendix_b_local.csv,414,2022,020749266,Carlos Lezama Archives and Caribbean Cultural Center,11000,unconfirmed,5000,6000,,
data/fy22/schedule_c/fy22_appendix_b_local.csv,449,2022,133938080,"Center for Arts Education, Inc.",3000,ein_absent,,,,
data/fy22/schedule_c/fy22_appendix_b_local.csv,450,2022,133938080,"Center for Arts Education, Inc.",3000,ein_absent,,,,
data/fy22/schedule_c/fy22_appendix_b_local.csv,451,2022,810584343,Center for Community Development for New Americans,5000,ein_absent,,,,
data/fy22/schedule_c/fy22_appendix_b_local.csv,492,2022,260854958,Chaverim of Queens,7000,ein_absent,,,,
data/fy22/schedule_c/fy22_appendix_b_local.csv,660,2022,111768294,Corona Spanish Seventh-day Adventist Church,15000,ein_absent,,,,
data/fy22/schedule_c/fy22_appendix_b_local.csv,866,2022,136400434,Department of Youth and Community Development,19300,unconfirmed,20000,-700,,
data/fy22/schedule_c/fy22_appendix_b_local.csv,868,2022,136400434,Department of Youth and Community Development,63000,unconfirmed,65000,-2000,,
data/fy22/schedule_c/fy22_appendix_b_local.csv,874,2022,136400434,Department of Youth and Community Development,14500,unconfirmed,15000,-500,,
data/fy22/schedule_c/fy22_appendix_b_local.csv,882,2022,690210637,District 29Q Community Education Council,10000,ein_absent,,,,
data/fy22/schedule_c/fy22_appendix_b_local.csv,906,2022,900958731,"Dwana Smallwood Performing Arts Center, Inc.",7500,ein_absent,,,,
data/fy22/schedule_c/fy22_appendix_b_local.csv,981,2022,270992406,Farmers Boulevard Community Development Corporation,10000,unconfirmed,20000,-10000,,
data/fy22/schedule_c/fy22_appendix_b_local.csv,1006,2022,133848582,FJC,5000,ein_absent,,,,
data/fy22/schedule_c/fy22_appendix_b_local.csv,1043,2022,465128655,Foundation for the Advancement and Rehabilitation of the Marginal,7500,ein_absent,,,,
data/fy22/schedule_c/fy22_appendix_b_local.csv,1054,2022,134122378,Friends of Crotona Park,10000,ein_absent,,,,
data/fy22/schedule_c/fy22_appendix_b_local.csv,1055,2022,134122378,Friends of Crotona Park,10000,ein_absent,,,,
data/fy22/schedule_c/fy22_appendix_b_local.csv,1161,2022,853545377,Greater Hood Community Development Corporation,10000,ein_absent,,,,
data/fy22/schedule_c/fy22_appendix_b_local.csv,1199,2022,274250636,"Harlem Grown, Inc.",5000,unconfirmed,10000,-5000,,
data/fy22/schedule_c/fy22_appendix_b_local.csv,1258,2022,263332972,"Hot Bread Kitchen, Ltd.",10000,ein_absent,,,,
data/fy22/schedule_c/fy22_appendix_b_local.csv,1310,2022,112626155,Interfaith Medical Center,10000,unconfirmed,48519,-38519,,
data/fy22/schedule_c/fy22_appendix_b_local.csv,1378,2022,132664489,"Judson Memorial Church, Inc.",6000,ein_absent,,,,
data/fy22/schedule_c/fy22_appendix_b_local.csv,1405,2022,133097905,Kingsbridge-Riverdale-Van Cortlandt Development Corporation,20000,unconfirmed,10000,10000,,
data/fy22/schedule_c/fy22_appendix_b_local.csv,1538,2022,136400434,Manhattan Community Board #3,8500,unconfirmed,8965,-465,,
data/fy22/schedule_c/fy22_appendix_b_local.csv,1605,2022,273083348,Mevakshai Hashem,5000,ein_absent,,,,
data/fy22/schedule_c/fy22_appendix_b_local.csv,1640,2022,133109387,Ave and White Plains Road. Speaker Dinowitz Mosholu Preservation Corporation,25000,unconfirmed,30000,-5000,,
data/fy22/schedule_c/fy22_appendix_b_local.csv,1647,2022,261407568,"Moving Mountains, Inc.",10000,unconfirmed,7500,2500,,
data/fy22/schedule_c/fy22_appendix_b_local.csv,1679,2022,202659913,"Myrtle Avenue Brooklyn DMA, Inc.",5000,unconfirmed,7000,-2000,,
data/fy22/schedule_c/fy22_appendix_b_local.csv,1680,2022,112912570,Myrtle Avenue District Management Association,10000,unconfirmed,15000,-5000,,
data/fy22/schedule_c/fy22_appendix_b_local.csv,1696,2022,383678458,"National September 11 Memorial & Museum at the World Trade Center Foundation, Inc.",2500,ein_absent,,,,
data/fy22/schedule_c/fy22_appendix_b_local.csv,2013,2022,135562308,New York University,25000,unconfirmed,3500,21500,,
data/fy22/schedule_c/fy22_appendix_b_local.csv,2020,2022,260687593,Newtown Historical Society,5000,ein_absent,,,,
data/fy22/schedule_c/fy22_appendix_b_local.csv,2022,2022,112697931,"NIA Community Services Network, Inc.",46500,unconfirmed,43600,2900,,
data/fy22/schedule_c/fy22_appendix_b_local.csv,2145,2022,136643607,Port Richmond High School Boy's Track & Field Team,5000,ein_absent,,,,
data/fy22/schedule_c/fy22_appendix_b_local.csv,2146,2022,136643607,Port Richmond High School Boy's Track & Field Team,5000,ein_absent,,,,
data/fy22/schedule_c/fy22_appendix_b_local.csv,2268,2022,113146598,"Queens Lesbian and Gay Pride Committee, Inc.",15000,ein_absent,,,,
data/fy22/schedule_c/fy22_appendix_b_local.csv,2273,2022,113373180,"Queens Sickle Cell Advocacy Network, Inc.",5000,ein_absent,,,,
data/fy22/schedule_c/fy22_appendix_b_local.csv,2274,2022,113373180,"Queens Sickle Cell Advocacy Network, Inc.",15000,ein_absent,,,,
data/fy22/schedule_c/fy22_appendix_b_local.csv,2275,2022,113373180,"Miller Queens Sickle Cell Advocacy Network, Inc.",60000,ein_absent,,,,
data/fy22/schedule_c/fy22_appendix_b_local.csv,2302,2022,832938159,"Rema 4 Us, Inc.",7000,ein_absent,,,,
data/fy22/schedule_c/fy22_appendix_b_local.csv,2358,2022,113457320,"Sacred Music Chorale of Richmond Hill, Inc.",5000,ein_absent,,,,
data/fy22/schedule_c/fy22_appendix_b_local.csv,2399,2022,131624178,"Selfhelp Community Services, Inc.",45000,unconfirmed,41000,4000,,
data/fy22/schedule_c/fy22_appendix_b_local.csv,2445,2022,133978207,Sociedad Hondurena Activa de New York,20000,ein_absent,,,,
data/fy22/schedule_c/fy22_appendix_b_local.csv,2456,2022,473134260,"Soul Summit Music, Inc.",2500,unconfirmed,7500,-5000,,
data/fy22/schedule_c/fy22_appendix_b_local.csv,2478,2022,260794276,"Sparks PPD, Inc.",3000,unconfirmed,3500,-500,,
data/fy22/schedule_c/fy22_appendix_b_local.csv,2498,2022,133598842,St. Vincent de Paul Residence,10000,unconfirmed,25000,-15000,,
data/fy22/schedule_c/fy22_appendix_b_local.csv,2569,2022,111875161,"Temple Sholom of Flatbush, Inc.",3000,ein_absent,,,,
data/fy22/schedule_c/fy22_appendix_b_local.csv,2606,2022,474803090,"UA3, INC.",15000,unconfirmed,10000,5000,,
data/fy22/schedule_c/fy22_appendix_b_local.csv,2657,2022,131941627,"Vera Institute of Justice, Inc.",95000,unconfirmed,3000,92000,,
data/fy22/schedule_c/fy22_appendix_b_local.csv,2698,2022,132950346,Washington Heights and Inwood Development Corporation,3500,unconfirmed,5000,-1500,,
data/fy22/schedule_c/fy22_appendix_b_local.csv,2734,2022,132725423,funding will support neighborhood cleanup initiatives and graffiti removal in Queens. Holden Wildcat Service Corporation,63000,unconfirmed,60000,3000,,
data/fy22/schedule_c/fy22_appendix_c_youth.csv,120,2022,770611633,"Brooklyn Pitbulls Youth Football, Inc.",12000,unconfirmed,9500,2500,,
data/fy22/schedule_c/fy22_appendix_c_youth.csv,139,2022,112778372,"Caribbean American Sports and Cultural Youth Movement (CASYM), Inc.",5000,ein_absent,,,,
data/fy22/schedule_c/fy22_appendix_c_youth.csv,140,2022,112778372,"funding will be used to support the operational costs of running the program: purchase of equipment such as: steel pans, student tool bags; these bags will contain items such as, pan sticks, writing materials, hand sanitizers and masks. Louis Caribbean American Sports and Cultural Youth Movement (CASYM), Inc.",5000,ein_absent,,,,
data/fy22/schedule_c/fy22_appendix_c_youth.csv,180,2022,111733454,"Child Center of NY, Inc., The",7000,unconfirmed,5000,2000,,
data/fy22/schedule_c/fy22_appendix_c_youth.csv,229,2022,112880221,"Council For Unity, Inc.",12000,ein_absent,,,,
data/fy22/schedule_c/fy22_appendix_c_youth.csv,230,2022,112880221,"Council For Unity, Inc.",5000,ein_absent,,,,
data/fy22/schedule_c/fy22_appendix_c_youth.csv,244,2022,136400434,Department of Youth and Community Development,11500,unconfirmed,12000,-500,,
data/fy22/schedule_c/fy22_appendix_c_youth.csv,250,2022,472288307,"Digital Girl, Inc.",11000,unconfirmed,10000,1000,,
data/fy22/schedule_c/fy22_appendix_c_youth.csv,503,2022,237259702,"Maspeth Town Hall, Inc.",8000,unconfirmed,7500,500,,
data/fy22/schedule_c/fy22_appendix_c_youth.csv,542,2022,133163183,"National Association Of Each One Teach One, Inc.",5000,ein_absent,,,,
data/fy22/schedule_c/fy22_appendix_c_youth.csv,647,2022,135596811,"Police Athletic League, Inc.",15000,unconfirmed,20000,-5000,,
data/fy22/schedule_c/fy22_appendix_c_youth.csv,688,2022,271109399,"Recess Activities, Inc.",5000,ein_absent,,,,
data/fy22/schedule_c/fy22_appendix_c_youth.csv,788,2022,111875161,"Temple Sholom of Flatbush, Inc.",5000,ein_absent,,,,
data/fy22/schedule_c/fy22_appendix_c_youth.csv,833,2022,132725423,Wildcat Service Corporation,17000,unconfirmed,20000,-3000,,
data/fy22/schedule_c/fy22_appendix_c_youth.csv,848,2022,112799128,"Young Dancers in Repertory, Inc.",5000,unconfirmed,2837,2163,,
data/fy22/schedule_c/fy22_schedule_c_awards.csv,28,2022,851607517,Bronx Connect Development Corporation,10000,ein_absent,,,,
data/fy22/schedule_c/fy22_schedule_c_awards.csv,69,2022,113332491,"Citizens Against Recidivism, Inc.",7500,ein_absent,,,,
data/fy22/schedule_c/fy22_schedule_c_awards.csv,144,2022,853545377,Greater Hood Community Development Corporation,10000,ein_absent,,,,
data/fy22/schedule_c/fy22_schedule_c_awards.csv,203,2022,275282132,"MCCNY Charities, Inc.",5000,unconfirmed,15000,-10000,,
data/fy22/schedule_c/fy22_schedule_c_awards.csv,206,2022,132738818,Inc.,7500,no_key,,,,
data/fy22/schedule_c/fy22_schedule_c_awards.csv,285,2022,112508370,Southwest Brooklyn Industrial Development Corporation,20000,unconfirmed,15000,5000,,
data/fy22/schedule_c/fy22_schedule_c_awards.csv,298,2022,112838138,"Turning Point Brooklyn, Inc.",15000,unconfirmed,20000,-5000,,
data/fy22/schedule_c/fy22_schedule_c_awards.csv,368,2022,900958731,"Dwana Smallwood Performing Arts Center, Inc.",10000,ein_absent,,,,
data/fy22/schedule_c/fy22_schedule_c_awards.csv,440,2022,135660279,"Staten Island Aid for Retarded Children, Inc.",10000,unconfirmed,12000,-2000,,
data/fy22/schedule_c/fy22_schedule_c_awards.csv,474,2022,136400434,"Department of Youth and Community Development, The",1100000,unconfirmed,1129774,-29774,,
data/fy22/schedule_c/fy22_schedule_c_awards.csv,484,2022,113192966,"Long Island Gay and Lesbian Youth, Inc.",750000,ein_absent,,,,
data/fy22/schedule_c/fy22_schedule_c_awards.csv,490,2022,136400434,"Department of Youth and Community Development, The",1000000,unconfirmed,980000,20000,,
data/fy22/schedule_c/fy22_schedule_c_awards.csv,502,2022,237175609,"EAC, Inc.",1211700,unconfirmed,1211706,-6,,
data/fy22/schedule_c/fy22_schedule_c_awards.csv,512,2022,135563028,"Osborne Association, Inc., The",1603868,rounding,1603867,1,,
data/fy22/schedule_c/fy22_schedule_c_awards.csv,537,2022,136400434,Mayor’s Office of Criminal Justice,290000,unconfirmed,280000,10000,,
data/fy22/schedule_c/fy22_schedule_c_awards.csv,551,2022,133212867,"Broadway Housing Communities, Inc.",54683,unconfirmed,64333,-9650,,
data/fy22/schedule_c/fy22_schedule_c_awards.csv,555,2022,136400434,Department of Youth and Community Development,1659100,unconfirmed,1500000,159100,,
data/fy22/schedule_c/fy22_schedule_c_awards.csv,575,2022,814065685,"Learning & Educational Solutions, Inc.",82000,ein_absent,,,,
data/fy22/schedule_c/fy22_schedule_c_awards.csv,640,2022,135562202,Community Service Society of New York,185000,unconfirmed,164000,21000,,
data/fy22/schedule_c/fy22_schedule_c_awards.csv,641,2022,112425813,"Jewish Community Council of the Rockaway Peninsula, Inc.",32100,unconfirmed,25000,7100,,
data/fy22/schedule_c/fy22_schedule_c_awards.csv,642,2022,237348989,"Korean Community Services of Metropolitan New York, Inc.",32100,unconfirmed,30000,2100,,
data/fy22/schedule_c/fy22_schedule_c_awards.csv,643,2022,113192966,"Long Island Gay and Lesbian Youth, Inc.",24300,ein_absent,,,,
data/fy22/schedule_c/fy22_schedule_c_awards.csv,644,2022,113344389,Make the Road New York,24300,unconfirmed,28114,-3814,,
data/fy22/schedule_c/fy22_schedule_c_awards.csv,645,2022,132972415,Northern Manhattan Improvement Corporation,32100,unconfirmed,38000,-5900,,
data/fy22/schedule_c/fy22_schedule_c_awards.csv,646,2022,133782555,"Northern Manhattan Perinatal Partnership, Inc.",24300,unconfirmed,15000,9300,,
data/fy22/schedule_c/fy22_schedule_c_awards.csv,647,2022,112594500,"Polonians Organized to Minister to Our Community, Inc.",24300,unconfirmed,20000,4300,,
data/fy22/schedule_c/fy22_schedule_c_awards.csv,648,2022,113632920,South Asian Council for Social Services,24300,unconfirmed,25000,-700,,
data/fy22/schedule_c/fy22_schedule_c_awards.csv,649,2022,133442022,Urban Justice Center,24300,unconfirmed,25000,-700,,
data/fy22/schedule_c/fy22_schedule_c_awards.csv,650,2022,113099604,Women's Housing and Economic Development Corporation (WHEDco),24300,unconfirmed,25000,-700,,
data/fy22/schedule_c/fy22_schedule_c_awards.csv,658,2022,060646594,"American Lung Association of the Northeast, Inc.",78000,ein_absent,,,,
data/fy22/schedule_c/fy22_schedule_c_awards.csv,659,2022,133092676,Harlem Hospital Center,300000,ein_absent,,,,
data/fy22/schedule_c/fy22_schedule_c_awards.csv,764,2022,133678499,New York Harm Reduction Educators,28672,ein_absent,,,,
data/fy22/schedule_c/fy22_schedule_c_awards.csv,779,2022,133254484,"BronxWorks, Inc.",255000,unconfirmed,205000,50000,,
data/fy22/schedule_c/fy22_schedule_c_awards.csv,793,2022,133020589,Belmont Arthur Avenue Local Development Corporation,25270,unconfirmed,124,25146,,
data/fy22/schedule_c/fy22_schedule_c_awards.csv,794,2022,133020590,Belmont Arthur Avenue Local Development Corporation,60350,ein_absent,,,,
data/fy22/schedule_c/fy22_schedule_c_awards.csv,859,2022,133098397,"Neighborhood Housing Services of New York City, Inc.",170000,unconfirmed,200000,-30000,,
data/fy22/schedule_c/fy22_schedule_c_awards.csv,982,2022,113305406,Defender Services,85000,unconfirmed,38000,47000,,
data/fy22/schedule_c/fy22_schedule_c_awards.csv,1062,2022,133678499,"New York Harm Reduction Educators, Inc.",75000,ein_absent,,,,
data/fy22/schedule_c/fy22_schedule_c_awards.csv,1071,2022,132709368,,17000,no_key,,,,
data/fy22/schedule_c/fy22_schedule_c_awards.csv,1074,2022,112870465,"Berean Community and Life Center, Inc.",35000,unconfirmed,36389,-1389,,
data/fy22/schedule_c/fy22_schedule_c_awards.csv,1077,2022,814482839,"Elite Learners, Inc.",120000,unconfirmed,55000,65000,,
data/fy22/schedule_c/fy22_schedule_c_awards.csv,1079,2022,061711370,"Getting Out and Staying Out, Inc.",190600,unconfirmed,180000,10600,,
data/fy22/schedule_c/fy22_schedule_c_awards.csv,1080,2022,135598710,Good Shepherd Services,40000,unconfirmed,43000,-3000,,
data/fy22/schedule_c/fy22_schedule_c_awards.csv,1086,2022,136400434,Mayor’s Office of Criminal Justice,1000000,unconfirmed,980000,20000,,
data/fy22/schedule_c/fy22_schedule_c_awards.csv,1087,2022,237085239,"New York Center for Interpersonal Development, Inc.",80000,unconfirmed,40000,40000,,
data/fy22/schedule_c/fy22_schedule_c_awards.csv,1091,2022,131860451,"Rising Ground, Inc.",80000,unconfirmed,100000,-20000,,
data/fy22/schedule_c/fy22_schedule_c_awards.csv,1092,2022,132912963,"SCAN-New York Volunteer Parent-Aides Association, Inc.",80000,unconfirmed,80020,-20,,
data/fy22/schedule_c/fy22_schedule_c_awards.csv,1100,2022,133286250,"New York Asian Women's Center, Inc.",135000,unconfirmed,100000,35000,,
data/fy22/schedule_c/fy22_schedule_c_awards.csv,1191,2022,135562185,"Catholic Charities Community Services, Archdiocese of New York",546203,unconfirmed,590000,-43797,,
data/fy22/schedule_c/fy22_schedule_c_awards.csv,1217,2022,136400434,Department of Parks and Recreation,514800,unconfirmed,504000,10800,,
data/fy22/schedule_c/fy22_schedule_c_awards.csv,1282,2022,133911331,"Literacy (LINC), Inc.",100000,unconfirmed,17000,83000,,
data/fy22/schedule_c/fy22_schedule_c_awards.csv,1283,2022,824710754,"Funds will ensure children are ready for school and have the support they need to sustain grade-level reading proficiency in schools throughout the Jamaica area and among seven partner organizations. Louis Little Haiti BK, Inc.",100000,ein_absent,,,,
data/fy22/schedule_c/fy22_schedule_c_awards.csv,1297,2022,133030257,"National Institute for Reproductive Health, Inc.",175000,ein_absent,,,,
data/fy22/schedule_c/fy22_schedule_c_awards.csv,1323,2022,133413349,"Penn South Social Services, Inc.",30000,ein_absent,,,,
data/fy22/schedule_c/fy22_schedule_c_awards.csv,1332,2022,113146598,"Queens Lesbian and Gay Pride Committee, Inc.",20000,ein_absent,,,,
data/fy22/schedule_c/fy22_schedule_c_awards.csv,1385,2022,131740011,Wildlife Conservation Society,1000000,unconfirmed,350000,650000,,
data/fy22/schedule_c/fy22_schedule_c_awards.csv,1392,2022,311695037,"Funds will support the integration of trauma-informed care and other evidence-based practices and principles into Win services, programs, and policies. Woodlawn Conservancy, Inc.",315729,unconfirmed,10000,305729,,
data/fy22/schedule_c/fy22_schedule_c_awards.csv,1394,2022,131624228,Young Men's Christian Association of Greater New York,2500000,unconfirmed,3000000,-500000,,
data/fy22/schedule_c/fy22_schedule_c_awards.csv,1409,2022,136400434,City University of New York,225000,unconfirmed,235000,-10000,,
data/fy22/schedule_c/fy22_schedule_c_awards.csv,1416,2022,133083068,"Community Healthcare Network, Inc.",59850,unconfirmed,63000,-3150,,
data/fy22/schedule_c/fy22_schedule_c_awards.csv,1466,2022,136400434,"Department of Youth and Community Development, The",1421769,unconfirmed,1500000,-78231,,
data/fy23/schedule_c/fy23_appendix_a_aging.csv,269,2023,133740011,"Lifestyles for the Disabled, Inc.",18000,unconfirmed,12500,5500,,
data/fy23/schedule_c/fy23_appendix_a_aging.csv,378,2023,237357997,"Riverdale Senior Services, Inc.",22000,unconfirmed,23000,-1000,,
data/fy23/schedule_c/fy23_appendix_a_aging.csv,397,2023,131624178,"Selfhelp Community Services, Inc.",11000,unconfirmed,10000,1000,,
data/fy23/schedule_c/fy23_appendix_a_aging.csv,402,2023,112301220,"Sephardic Multi Service Senior Citizens Center, Inc.",10000,ein_absent,,,,
data/fy23/schedule_c/fy23_appendix_a_aging.csv,422,2023,743158439,"Spring Creek Senior Partners, Inc.",7000,ein_absent,,,,
data/fy23/schedule_c/fy23_appendix_b_local.csv,17,2023,474186950,"69th Precinct Community Council, Inc.",7000,unconfirmed,10000,-3000,,
data/fy23/schedule_c/fy23_appendix_b_local.csv,20,2023,043784543,"71st Precinct Community Council, Inc.",20000,unconfirmed,10000,10000,,
data/fy23/schedule_c/fy23_appendix_b_local.csv,39,2023,133975090,"Agudath Israel of America Community Services, Inc.",9000,unconfirmed,10000,-1000,,
data/fy23/schedule_c/fy23_appendix_b_local.csv,158,2023,822712941,"Brannan, Brooklyn, Hanif Asiyah Women's Center",75000,unconfirmed,25000,50000,,
data/fy23/schedule_c/fy23_appendix_b_local.csv,219,2023,831536626,"Bed Stuy Alive, Inc.",5000,ein_absent,,,,
data/fy23/schedule_c/fy23_appendix_b_local.csv,239,2023,133733413,"Big Apple Greeter, Inc.",3000,unconfirmed,4000,-1000,,
data/fy23/schedule_c/fy23_appendix_b_local.csv,247,2023,272918478,"Billion Oyster Project, Inc.",7000,unconfirmed,5000,2000,,
data/fy23/schedule_c/fy23_appendix_b_local.csv,269,2023,134014664,"Bloomfield Conservancy, Inc.",30000,unconfirmed,20000,10000,,
data/fy23/schedule_c/fy23_appendix_b_local.csv,306,2023,113100048,"Bridge to Life, Inc., The",10000,ein_absent,,,,
data/fy23/schedule_c/fy23_appendix_b_local.csv,354,2023,112145956,"Brooklyn Alliance, Inc.",35000,unconfirmed,40000,-5000,,
data/fy23/schedule_c/fy23_appendix_b_local.csv,359,2023,113071458,"Brooklyn Arts Exchange, Inc.",2500,unconfirmed,2000,500,,
data/fy23/schedule_c/fy23_appendix_b_local.csv,432,2023,237091329,"Camelot of Staten Island, Inc.",15000,unconfirmed,10000,5000,,
data/fy23/schedule_c/fy23_appendix_b_local.csv,451,2023,300541031,"Carlton Locksley Bennett Foundation, Inc.",5000,unconfirmed,10000,-5000,,
data/fy23/schedule_c/fy23_appendix_b_local.csv,498,2023,133626127,"Central Family Life Center, Inc., The",5000,ein_absent,,,,
data/fy23/schedule_c/fy23_appendix_b_local.csv,530,2023,462148352,"CHAZAQ Organization USA, Inc.",15000,unconfirmed,14000,1000,,
data/fy23/schedule_c/fy23_appendix_b_local.csv,622,2023,455049995,"Civics United for Railroad Environmental Solutions, Inc.",10000,ein_absent,,,,
data/fy23/schedule_c/fy23_appendix_b_local.csv,641,2023,112622003,"Committee for Hispanic Children and Families, Inc., The",30000,unconfirmed,20000,10000,,
data/fy23/schedule_c/fy23_appendix_b_local.csv,665,2023,134114145,"Community-Word Project, Inc.",30000,unconfirmed,20000,10000,,
data/fy23/schedule_c/fy23_appendix_b_local.csv,730,2023,264572204,"Dances for a Variable Population, Inc.",12000,unconfirmed,13000,-1000,,
data/fy23/schedule_c/fy23_appendix_b_local.csv,891,2023,136400434,Department of Sanitation,57000,unconfirmed,56000,1000,,
data/fy23/schedule_c/fy23_appendix_b_local.csv,908,2023,136400434,Department of Youth and Community Development,21500,unconfirmed,21250,250,,
data/fy23/schedule_c/fy23_appendix_b_local.csv,909,2023,136400434,Department of Youth and Community Development,42000,unconfirmed,40000,2000,,
data/fy23/schedule_c/fy23_appendix_b_local.csv,917,2023,690210637,District 29Q Community Education Council,7500,ein_absent,,,,
data/fy23/schedule_c/fy23_appendix_b_local.csv,940,2023,200214837,"DUMBO District Management Association, Inc.",5000,unconfirmed,10000,-5000,,
data/fy23/schedule_c/fy23_appendix_b_local.csv,952,2023,800612019,"East Flatbush Village, Inc.",20000,unconfirmed,15000,5000,,
data/fy23/schedule_c/fy23_appendix_b_local.csv,1024,2023,112632404,FDNY Foundation,6000,unconfirmed,5000,1000,,
data/fy23/schedule_c/fy23_appendix_b_local.csv,1048,2023,270974276,"Women's Flanbwayan Haitian Literacy Project, Inc.",100000,unconfirmed,15000,85000,,
data/fy23/schedule_c/fy23_appendix_b_local.csv,1101,2023,133073882,"Friends of Blue Heron Park, Inc.",7500,ein_absent,,,,
data/fy23/schedule_c/fy23_appendix_b_local.csv,1119,2023,832274887,"Friends of Verdi Square, Inc.",5000,ein_absent,,,,
data/fy23/schedule_c/fy23_appendix_b_local.csv,1130,2023,132612524,"Fund for the City of New York, Inc.",2500,unconfirmed,5000,-2500,,
data/fy23/schedule_c/fy23_appendix_b_local.csv,1131,2023,132612524,"Fund for the City of New York, Inc.",2500,unconfirmed,5000,-2500,,
data/fy23/schedule_c/fy23_appendix_b_local.csv,1132,2023,132612524,"Fund for the City of New York, Inc.",2500,unconfirmed,5000,-2500,,
data/fy23/schedule_c/fy23_appendix_b_local.csv,1161,2023,112502910,"Glendale Civilian Observation Patrol, Inc., The",9000,unconfirmed,10000,-1000,,
data/fy23/schedule_c/fy23_appendix_b_local.csv,1183,2023,112382250,Greater Ridgewood Restoration Corporation,50000,unconfirmed,35000,15000,,
data/fy23/schedule_c/fy23_appendix_b_local.csv,1300,2023,465145713,Howard Beach Lindenwood Civic Association,7000,unconfirmed,5000,2000,,
data/fy23/schedule_c/fy23_appendix_b_local.csv,1350,2023,113463615,"Jericho Road, Inc.",10000,ein_absent,,,,
data/fy23/schedule_c/fy23_appendix_b_local.csv,1406,2023,593791952,"Juniper Valley Park Conservancy, Inc.",9500,ein_absent,,,,
data/fy23/schedule_c/fy23_appendix_b_local.csv,1445,2023,454685421,Korean American Association of Queens New York,10000,unconfirmed,5000,5000,,
data/fy23/schedule_c/fy23_appendix_b_local.csv,1487,2023,132600199,Legal Services NYC,45000,unconfirmed,40000,5000,,
data/fy23/schedule_c/fy23_appendix_b_local.csv,1506,2023,200814999,"Life Camp, Inc.",5000,unconfirmed,15000,-10000,,
data/fy23/schedule_c/fy23_appendix_b_local.csv,1543,2023,202924921,"Magic Box Productions, Inc.",5000,unconfirmed,20000,-15000,,
data/fy23/schedule_c/fy23_appendix_b_local.csv,1578,2023,112534700,Margert Community Corporation,20000,ein_absent,,,,
data/fy23/schedule_c/fy23_appendix_b_local.csv,1621,2023,133682472,"Midori Foundation, Inc.",25000,unconfirmed,20000,5000,,
data/fy23/schedule_c/fy23_appendix_b_local.csv,1635,2023,880572264,Mindful Doing - PACT,10000,unconfirmed,25000,-15000,,
data/fy23/schedule_c/fy23_appendix_b_local.csv,1641,2023,113561651,"Mixteca Organization, Inc.",70000,unconfirmed,50000,20000,,
data/fy23/schedule_c/fy23_appendix_b_local.csv,1647,2023,474792318,Mosaic Covenant Church,20000,ein_absent,,,,
data/fy23/schedule_c/fy23_appendix_b_local.csv,1654,2023,116102248,"Mealy Mount Ollie Baptist Church, Inc.",150000,ein_absent,,,,
data/fy23/schedule_c/fy23_appendix_b_local.csv,1660,2023,134082027,"Mt. Sinai Center for Community Enrichment, Inc.",100000,unconfirmed,50000,50000,,
data/fy23/schedule_c/fy23_appendix_b_local.csv,1688,2023,364799986,National Asian Pacific American Women's Forum,5000,ein_absent,,,,
data/fy23/schedule_c/fy23_appendix_b_local.csv,1700,2023,133475058,"Neighborhood Artists, Inc.",40000,unconfirmed,10000,30000,,
data/fy23/schedule_c/fy23_appendix_b_local.csv,1708,2023,471169779,"Neighborhood Housing Services of Brooklyn CDC, Inc.",13000,unconfirmed,10000,3000,,
data/fy23/schedule_c/fy23_appendix_b_local.csv,1713,2023,471267077,"Neighborhood Housing Services of Queens CDC, Inc.",8000,unconfirmed,5000,3000,,
data/fy23/schedule_c/fy23_appendix_b_local.csv,1718,2023,863260336,"Nettwork, Inc. The",5000,ein_absent,,,,
data/fy23/schedule_c/fy23_appendix_b_local.csv,1722,2023,201959562,"New Beginnings Outreach, Inc.",5000,ein_absent,,,,
data/fy23/schedule_c/fy23_appendix_b_local.csv,1931,2023,133678499,"New York Harm Reduction Educators, Inc.",25000,ein_absent,,,,
data/fy23/schedule_c/fy23_appendix_b_local.csv,1964,2023,132949483,"New York Road Runners, Inc.",5000,ein_absent,,,,
data/fy23/schedule_c/fy23_appendix_b_local.csv,1979,2023,136167879,New Yorkers for Parks,10000,unconfirmed,7000,3000,,
data/fy23/schedule_c/fy23_appendix_b_local.csv,1984,2023,112697931,"NIA Community Services Network, Inc.",41500,unconfirmed,50000,-8500,,
data/fy23/schedule_c/fy23_appendix_b_local.csv,2097,2023,112285970,"Polish and Slavic Center, Inc.",5000,unconfirmed,10000,-5000,,
data/fy23/schedule_c/fy23_appendix_b_local.csv,2103,2023,834601381,"Power of Hope NYC, Inc.",10000,ein_absent,,,,
data/fy23/schedule_c/fy23_appendix_b_local.csv,2253,2023,131988190,Research Foundation of the City University of New York,9000,unconfirmed,10000,-1000,,
data/fy23/schedule_c/fy23_appendix_b_local.csv,2259,2023,205857329,"Richmond County Youth Complex, Inc.",13500,unconfirmed,22500,-9000,,
data/fy23/schedule_c/fy23_appendix_b_local.csv,2479,2023,112944783,Sunnyside District Management Association,17500,ein_absent,,,,
data/fy23/schedule_c/fy23_appendix_b_local.csv,2495,2023,113193180,"Theater 2020, Inc.",5000,ein_absent,,,,
data/fy23/schedule_c/fy23_appendix_b_local.csv,2535,2023,131632530,"Union Settlement Association, Inc.",13000,unconfirmed,10000,3000,,
data/fy23/schedule_c/fy23_appendix_b_local.csv,2575,2023,823103233,"Veteran Advocacy Project, Inc.",9500,unconfirmed,10000,-500,,
data/fy23/schedule_c/fy23_appendix_b_local.csv,2577,2023,814582706,"Veterans Helping Veterans and Their Community, Inc.",20000,ein_absent,,,,
data/fy23/schedule_c/fy23_appendix_b_local.csv,2615,2023,133234630,"Volunteers of Legal Service, Inc.",9500,unconfirmed,10000,-500,,
data/fy23/schedule_c/fy23_appendix_b_local.csv,2622,2023,134355067,"Waterfront Alliance, Inc.",7500,unconfirmed,8000,-500,,
data/fy23/schedule_c/fy23_appendix_b_local.csv,2625,2023,134355067,"Waterfront Alliance, Inc.",2500,unconfirmed,2000,500,,
data/fy23/schedule_c/fy23_appendix_b_local.csv,2708,2023,832005292,"Young Airmans Association, The",20000,unconfirmed,10000,10000,,
data/fy23/schedule_c/fy23_appendix_c_youth.csv,5,2023,272623043,5 Boros Basketball,5000,ein_absent,,,,
data/fy23/schedule_c/fy23_appendix_c_youth.csv,34,2023,471624385,"American Debate League, Inc.",5000,unconfirmed,4000,1000,,
data/fy23/schedule_c/fy23_appendix_c_youth.csv,41,2023,204507213,"Approaching Storm Marching Band, The",25000,ein_absent,,,,
data/fy23/schedule_c/fy23_appendix_c_youth.csv,201,2023,264698161,"Churches United for Fair Housing, Inc.",5000,unconfirmed,1000,4000,,
data/fy23/schedule_c/fy23_appendix_c_youth.csv,226,2023,112880221,"Council For Unity, Inc.",7000,ein_absent,,,,
data/fy23/schedule_c/fy23_appendix_c_youth.csv,248,2023,690210637,District 29Q Community Education Council,3000,ein_absent,,,,
data/fy23/schedule_c/fy23_appendix_c_youth.csv,250,2023,300475160,"DIVAS for Social Justice, Inc.",10000,unconfirmed,20000,-10000,,
data/fy23/schedule_c/fy23_appendix_c_youth.csv,309,2023,260121694,Forum for African Immigrant Association,5000,ein_absent,,,,
data/fy23/schedule_c/fy23_appendix_c_youth.csv,369,2023,112518141,"Greater Ridgewood Youth Council, Inc., The",15000,unconfirmed,14582,418,,
data/fy23/schedule_c/fy23_appendix_c_youth.csv,474,2023,810606748,"Kwatny Foundation, Inc.",10000,ein_absent,,,,
data/fy23/schedule_c/fy23_appendix_c_youth.csv,510,2023,273083348,Mevakshai Hashem,5000,ein_absent,,,,
data/fy23/schedule_c/fy23_appendix_c_youth.csv,581,2023,132949483,"New York Road Runners, Inc.",3500,ein_absent,,,,
data/fy23/schedule_c/fy23_appendix_c_youth.csv,582,2023,132949483,"New York Road Runners, Inc.",5000,ein_absent,,,,
data/fy23/schedule_c/fy23_appendix_c_youth.csv,583,2023,132949483,"New York Road Runners, Inc.",5000,ein_absent,,,,
data/fy23/schedule_c/fy23_appendix_c_youth.csv,599,2023,841622031,Ocean Bay Community Development Corporation,10000,unconfirmed,100000,-90000,,
data/fy23/schedule_c/fy23_appendix_c_youth.csv,605,2023,112934620,"Opportunities for a Better Tomorrow, Inc.",3500,unconfirmed,3000,500,,
data/fy23/schedule_c/fy23_appendix_c_youth.csv,637,2023,463853265,PTA PS 59 The Harbor View School,2500,ein_absent,,,,
data/fy23/schedule_c/fy23_appendix_c_youth.csv,658,2023,205857329,"Richmond County Youth Complex, Inc.",5000,unconfirmed,2500,2500,,
data/fy23/schedule_c/fy23_appendix_c_youth.csv,713,2023,800440647,Southern Community Development Corporation,10000,ein_absent,,,,
data/fy23/schedule_c/fy23_appendix_c_youth.csv,742,2023,111875161,"Temple Sholom of Flatbush, Inc.",5000,ein_absent,,,,
data/fy23/schedule_c/fy23_appendix_c_youth.csv,752,2023,132921483,"United Activities Unlimited, Inc.",17500,unconfirmed,10000,7500,,
data/fy23/schedule_c/fy23_appendix_c_youth.csv,758,2023,453569022,"United States Wallball Association, Inc.",5000,ein_absent,,,,
data/fy23/schedule_c/fy23_appendix_c_youth.csv,777,2023,821638218,"Vocal Village, Inc.",5000,ein_absent,,,,
data/fy23/schedule_c/fy23_schedule_c_awards.csv,30,2023,871111476,"Ossé Both Sides of the Violence, Inc.",5000,ein_absent,,,,
data/fy23/schedule_c/fy23_schedule_c_awards.csv,110,2023,690210637,District 29Q Community Education Council,5000,ein_absent,,,,
data/fy23/schedule_c/fy23_schedule_c_awards.csv,115,2023,133772614,East Harlem Neighborhood Based Alliance Corporation,5000,unconfirmed,20000,-15000,,
data/fy23/schedule_c/fy23_schedule_c_awards.csv,126,2023,264245043,Ossé Feed Forward US LLC,10000,ein_absent,,,,
data/fy23/schedule_c/fy23_schedule_c_awards.csv,171,2023,113101774,Kehilat Sephardim of Ahavat Achim,1500,unconfirmed,2500,-1000,,
data/fy23/schedule_c/fy23_schedule_c_awards.csv,267,2023,113450363,"River Fund New York, Inc.",1500,unconfirmed,25000,-23500,,
data/fy23/schedule_c/fy23_schedule_c_awards.csv,275,2023,133709095,"Sheltering Arms Children and Family Services, Inc.",5500,unconfirmed,5000,500,,
data/fy23/schedule_c/fy23_schedule_c_awards.csv,325,2023,455596564,Afro-Latino Association for Policy & Advocacy,5000,ein_absent,,,,
data/fy23/schedule_c/fy23_schedule_c_awards.csv,418,2023,823809384,"Not On My Watch, Inc.",30000,unconfirmed,50000,-20000,,
data/fy23/schedule_c/fy23_schedule_c_awards.csv,430,2023,131988190,Research Foundation of the City University of New York,19375,unconfirmed,20000,-625,,
data/fy23/schedule_c/fy23_schedule_c_awards.csv,469,2023,264048050,"Chinese-American Family Alliance for Mental Health, Inc.",30000,ein_absent,,,,
data/fy23/schedule_c/fy23_schedule_c_awards.csv,499,2023,133893536,City University of New York,465000,unconfirmed,450000,15000,,
data/fy23/schedule_c/fy23_schedule_c_awards.csv,537,2023,611652332,Pursuit Inc. (formally known as Coalition for Queens),372203,unconfirmed,417203,-45000,,
data/fy23/schedule_c/fy23_schedule_c_awards.csv,538,2023,043252955,"Per Scholas, Inc.",237797,unconfirmed,282797,-45000,,
data/fy23/schedule_c/fy23_schedule_c_awards.csv,585,2023,136400434,Mayor's Office of Criminal Justice,325000,neighbour_bleed,287000,38000,132612524,
data/fy23/schedule_c/fy23_schedule_c_awards.csv,686,2023,814065685,"Learning & Educational Solutions, Inc.",100000,ein_absent,,,,
data/fy23/schedule_c/fy23_schedule_c_awards.csv,708,2023,132949483,"New York Road Runners, Inc.",250000,ein_absent,,,,
data/fy23/schedule_c/fy23_schedule_c_awards.csv,713,2023,131988190,Research Foundation of the City University of New York,267000,unconfirmed,267500,-500,,
data/fy23/schedule_c/fy23_schedule_c_awards.csv,870,2023,133678499,"New York Harm Reduction Educators, Inc.",35059,ein_absent,,,,
data/fy23/schedule_c/fy23_schedule_c_awards.csv,931,2023,132622748,"Mobilization for Justice, Inc.",3717,unconfirmed,4000,-283,,
data/fy23/schedule_c/fy23_schedule_c_awards.csv,932,2023,132622748,"Mobilization for Justice, Inc.",25270,unconfirmed,28987,-3717,,
data/fy23/schedule_c/fy23_schedule_c_awards.csv,957,2023,237169558,"West Harlem Group Assistance, Inc.",61000,unconfirmed,25000,36000,,
data/fy23/schedule_c/fy23_schedule_c_awards.csv,961,2023,113580935,Chhaya Community Development Corporation,46250,unconfirmed,50000,-3750,,
data/fy23/schedule_c/fy23_schedule_c_awards.csv,963,2023,133893536,City University of New York,58250,unconfirmed,50000,8250,,
data/fy23/schedule_c/fy23_schedule_c_awards.csv,966,2023,132666211,"Cooper Square Community Development Committee, Inc.",48250,unconfirmed,28000,20250,,
data/fy23/schedule_c/fy23_schedule_c_awards.csv,968,2023,475082983,East Harlem-El Barrio Community Land Trust,98250,unconfirmed,133083,-34833,,
data/fy23/schedule_c/fy23_schedule_c_awards.csv,969,2023,200774906,"Hester Street Collaborative, Inc.",143250,unconfirmed,196500,-53250,,
data/fy23/schedule_c/fy23_schedule_c_awards.csv,1067,2023,132605599,Legal Services Corporation A,80000,unconfirmed,75000,5000,,
data/fy23/schedule_c/fy23_schedule_c_awards.csv,1069,2023,135562265,Legal Aid Society,1680000,unconfirmed,2100000,-420000,,
data/fy23/schedule_c/fy23_schedule_c_awards.csv,1070,2023,132600199,Legal Services NYC,1680000,unconfirmed,2100000,-420000,,
data/fy23/schedule_c/fy23_schedule_c_awards.csv,1071,2023,133505428,"New York Legal Assistance Group, Inc.",680000,unconfirmed,850000,-170000,,
data/fy23/schedule_c/fy23_schedule_c_awards.csv,1072,2023,112453853,"Riseboro Community Partnership, Inc.",320000,unconfirmed,400000,-80000,,
data/fy23/schedule_c/fy23_schedule_c_awards.csv,1073,2023,136400434,Department of Social Services,1160000,unconfirmed,1129774,30226,,
data/fy23/schedule_c/fy23_schedule_c_awards.csv,1085,2023,112268359,Southside United Housing Development Fund Corporation,260000,unconfirmed,150000,110000,,
data/fy23/schedule_c/fy23_schedule_c_awards.csv,1150,2023,132612524,"Fund for the City of New York, Inc.",126000,unconfirmed,150000,-24000,,
data/fy23/schedule_c/fy23_schedule_c_awards.csv,1213,2023,131632530,"Union Settlement Association, Inc.",80384,unconfirmed,50000,30384,,
data/fy23/schedule_c/fy23_schedule_c_awards.csv,1226,2023,133678499,"New York Harm Reduction Educators, Inc.",75000,ein_absent,,,,
data/fy23/schedule_c/fy23_schedule_c_awards.csv,1574,2023,824710754,"Little Haiti BK, Inc.",600000,unconfirmed,350000,250000,,
data/fy23/schedule_c/fy23_schedule_c_awards.csv,1798,2023,300280807,"Bella Abzug Leadership Institute, Inc.",100000,unconfirmed,107627,-7627,,
data/fy23/schedule_c/fy23_schedule_c_awards.csv,1799,2023,133857387,"Brotherhood Sister Sol, Inc.",64375,unconfirmed,69285,-4910,,
data/fy23/schedule_c/fy23_schedule_c_awards.csv,1800,2023,141719016,"Crenulated Company, Ltd. (dba New Settlement Apartments)",45000,unconfirmed,48432,-3432,,
data/fy23/schedule_c/fy23_schedule_c_awards.csv,1801,2023,300836513,"Drama Club, Inc.",100000,unconfirmed,107627,-7627,,
data/fy23/schedule_c/fy23_schedule_c_awards.csv,1802,2023,852810883,"Justice Innovation, Inc.",100000,unconfirmed,107627,-7627,,
data/fy23/schedule_c/fy23_schedule_c_awards.csv,1803,2023,043697166,"Girls for Gender Equity, Inc.",109375,unconfirmed,139375,-30000,,
data/fy23/schedule_c/fy23_schedule_c_awards.csv,1804,2023,300728021,"Girls Who Code, Inc.",70000,unconfirmed,75339,-5339,,
data/fy23/schedule_c/fy23_schedule_c_awards.csv,1806,2023,474548559,"Guyanese Girls Rock Foundation, Inc.",12000,unconfirmed,12915,-915,,
data/fy23/schedule_c/fy23_schedule_c_awards.csv,1807,2023,133031828,Junior Achievement of New York,25000,unconfirmed,26907,-1907,,
data/fy23/schedule_c/fy23_schedule_c_awards.csv,1808,2023,133609811,"Korean American Family Services Center, Inc. The",55000,unconfirmed,59195,-4195,,
data/fy23/schedule_c/fy23_schedule_c_awards.csv,1809,2023,463732667,Latinas on the Verge of Excellence,29375,unconfirmed,30000,-625,,
data/fy23/schedule_c/fy23_schedule_c_awards.csv,1810,2023,815365775,Ladies Who Hoop,10000,unconfirmed,10763,-763,,
data/fy23/schedule_c/fy23_schedule_c_awards.csv,1811,2023,133272001,Non-Traditional Employment for Women,135000,unconfirmed,145296,-10296,,
data/fy23/schedule_c/fy23_schedule_c_awards.csv,1812,2023,131782481,Notre Dame School of Manhattan,10000,unconfirmed,10763,-763,,
data/fy23/schedule_c/fy23_schedule_c_awards.csv,1813,2023,113632924,Row New York,65000,unconfirmed,64000,1000,,
data/fy23/schedule_c/fy23_schedule_c_awards.csv,1814,2023,113633912,"Sadie Nash Leadership Project, Inc.",25000,unconfirmed,26907,-1907,,
data/fy23/schedule_c/fy23_schedule_c_awards.csv,1815,2023,371833463,Urban Center,60000,unconfirmed,64576,-4576,,
data/fy23/schedule_c/fy23_schedule_c_awards.csv,1816,2023,061517218,"Student Leadership Network, Inc.",49375,unconfirmed,53141,-3766,,
data/fy23/schedule_c/fy23_schedule_c_awards.csv,1817,2023,680200138,Summer Search,100000,unconfirmed,107627,-7627,,
data/fy23/schedule_c/fy23_schedule_c_awards.csv,1818,2023,020539734,Women for Afghan Women,25000,unconfirmed,26907,-1907,,
data/fy23/schedule_c/fy23_schedule_c_awards.csv,1820,2023,111630919,"YWCA of Brooklyn, Inc., The",20000,unconfirmed,21525,-1525,,
data/fy23/schedule_c/fy23_schedule_c_awards.csv,1841,2023,133626127,"Central Family Life Center, Inc., The",120000,ein_absent,,,,
data/fy23/schedule_c/fy23_schedule_c_awards.csv,1842,2023,141719016,"Crenulated Company, Ltd., The d/b/a New Settlement Apartments",150000,unconfirmed,145000,5000,,
data/fy23/schedule_c/fy23_schedule_c_awards.csv,1844,2023,133268539,"HOPE Program, Inc., The",120000,unconfirmed,110000,10000,,
data/fy23/schedule_c/fy23_schedule_c_awards.csv,1846,2023,112375583,"Community House, Inc.",150000,unconfirmed,140000,10000,,
data/fy24/schedule_c/fy24_appendix_a_aging.csv,30,2024,132745303,"Bedford Park Multi-Service Center for Senior Citizens, Inc.",15000,unconfirmed,10000,5000,,
data/fy24/schedule_c/fy24_appendix_a_aging.csv,35,2024,113199040,Bergen Basin Community Development Corporation d/b/a Millennium Development,7000,unconfirmed,8501,-1501,,
data/fy24/schedule_c/fy24_appendix_a_aging.csv,54,2024,237072915,"Brooklyn Arts Council, Inc.",12000,unconfirmed,10000,2000,,
data/fy24/schedule_c/fy24_appendix_a_aging.csv,98,2024,113192295,"Community Bridge Home, Inc.",5000,ein_absent,,,,
data/fy24/schedule_c/fy24_appendix_a_aging.csv,144,2024,112300840,"Fort Greene Council, Inc.",15000,unconfirmed,16000,-1000,,
data/fy24/schedule_c/fy24_appendix_a_aging.csv,314,2024,132759045,"North East Bronx Senior Citizens Center, Inc.",15000,unconfirmed,25000,-10000,,
data/fy24/schedule_c/fy24_appendix_a_aging.csv,322,2024,111694947,Our Lady of Grace Roman Catholic Church,10000,unconfirmed,5000,5000,,
data/fy24/schedule_c/fy24_appendix_a_aging.csv,347,2024,112037770,"Queensborough Community College Auxiliary Enterprise Association, Inc.",5000,ein_absent,,,,
data/fy24/schedule_c/fy24_appendix_a_aging.csv,421,2024,111631813,St. Francis DeSales Golden Age Club,5000,ein_absent,,,,
data/fy24/schedule_c/fy24_appendix_a_aging.csv,426,2024,111672796,St. Virgilius Golden Age,5000,ein_absent,,,,
data/fy24/schedule_c/fy24_appendix_a_aging.csv,468,2024,132725423,Wildcat Service Corporation,5000,ein_absent,,,,
data/fy24/schedule_c/fy24_appendix_b_local.csv,52,2024,820806280,Alliance Of Bukharian Americans,10000,ein_absent,,,,
data/fy24/schedule_c/fy24_appendix_b_local.csv,60,2024,113314347,"American Brotherhood for the Russian Disabled, Inc.",5000,ein_absent,,,,
data/fy24/schedule_c/fy24_appendix_b_local.csv,81,2024,841893677,Americans Against Antisemitism,8000,unconfirmed,7000,1000,,
data/fy24/schedule_c/fy24_appendix_b_local.csv,83,2024,841893677,Americans Against Antisemitism,10000,unconfirmed,7000,3000,,
data/fy24/schedule_c/fy24_appendix_b_local.csv,107,2024,820706930,"Apna Brooklyn Community Center, Inc.",14000,unconfirmed,15000,-1000,,
data/fy24/schedule_c/fy24_appendix_b_local.csv,193,2024,510243951,Bartow-Pell Landmark Fund,5000,unconfirmed,20000,-15000,,
data/fy24/schedule_c/fy24_appendix_b_local.csv,259,2024,131623910,"Blue Card, Inc., The",13000,unconfirmed,12000,1000,,
data/fy24/schedule_c/fy24_appendix_b_local.csv,270,2024,133251186,"Borough of Manhattan Community College Early Childhood Center, Inc.",9000,ein_absent,,,,
data/fy24/schedule_c/fy24_appendix_b_local.csv,402,2024,261422585,"Brothers Care, Inc.",10000,ein_absent,,,,
data/fy24/schedule_c/fy24_appendix_b_local.csv,429,2024,131740443,Cardinal McCloskey School and Home for Children,6000,ein_absent,,,,
data/fy24/schedule_c/fy24_appendix_b_local.csv,473,2024,133085049,"Center for Law and Human Values, Inc.",10000,unconfirmed,5000,5000,,
data/fy24/schedule_c/fy24_appendix_b_local.csv,556,2024,920731021,"City Island Rocks, LLC",5000,ein_absent,,,,
data/fy24/schedule_c/fy24_appendix_b_local.csv,589,2024,461371336,City University of New York Community Colleges,5000,ein_absent,,,,
data/fy24/schedule_c/fy24_appendix_b_local.csv,612,2024,112622003,"Committee for Hispanic Children and Families, Inc., The",20000,unconfirmed,15000,5000,,
data/fy24/schedule_c/fy24_appendix_b_local.csv,620,2024,113064561,"Community Center of the Rockaway Peninsula, Inc.",7000,unconfirmed,75000,-68000,,
data/fy24/schedule_c/fy24_appendix_b_local.csv,689,2024,901013912,CUNY School of Law Justice & Auxiliary Services Corporation,22000,unconfirmed,21000,1000,,
data/fy24/schedule_c/fy24_appendix_b_local.csv,880,2024,136400434,Department of Sanitation,207500,unconfirmed,200000,7500,,
data/fy24/schedule_c/fy24_appendix_b_local.csv,907,2024,872910155,"Dependable Community Social Services, Inc.",1000,unconfirmed,10000,-9000,,
data/fy24/schedule_c/fy24_appendix_b_local.csv,940,2024,201532382,"Eagle Academy Foundation, Inc.",30000,unconfirmed,10000,20000,,
data/fy24/schedule_c/fy24_appendix_b_local.csv,979,2024,472632132,"Elmhurst United, Inc.",5000,ein_absent,,,,
data/fy24/schedule_c/fy24_appendix_b_local.csv,989,2024,112622478,Evangel Church,25000,ein_absent,,,,
data/fy24/schedule_c/fy24_appendix_b_local.csv,1038,2024,133805049,"Fordham Bedford Community Services, Inc.",25000,unconfirmed,20000,5000,,
data/fy24/schedule_c/fy24_appendix_b_local.csv,1124,2024,131624014,"Girl Scout Council of Greater New York, Inc.",7000,unconfirmed,6500,500,,
data/fy24/schedule_c/fy24_appendix_b_local.csv,1145,2024,271822546,"Grand Slam Foundation, Inc.",17000,unconfirmed,15000,2000,,
data/fy24/schedule_c/fy24_appendix_b_local.csv,1160,2024,112518141,"Greater Ridgewood Youth Council, Inc., The",35000,unconfirmed,47770,-12770,,
data/fy24/schedule_c/fy24_appendix_b_local.csv,1253,2024,465145713,Howard Beach Lindenwood Civic Association,5000,ein_absent,,,,
data/fy24/schedule_c/fy24_appendix_b_local.csv,1282,2024,112925751,"Islamic Circle of North America, Inc.",16000,unconfirmed,26818,-10818,,
data/fy24/schedule_c/fy24_appendix_b_local.csv,1316,2024,112665181,"Jewish Community Council of Greater Coney Island, Inc.",9000,unconfirmed,10000,-1000,,
data/fy24/schedule_c/fy24_appendix_b_local.csv,1384,2024,862713285,"Kyoung's Pacific Beat, Inc.",5000,ein_absent,,,,
data/fy24/schedule_c/fy24_appendix_b_local.csv,1389,2024,842451992,Laru Beya Collective Inc.,5000,unconfirmed,4000,1000,,
data/fy24/schedule_c/fy24_appendix_b_local.csv,1436,2024,132638292,"Little Orchestra Society-Orpheon, Inc., The",18000,unconfirmed,20000,-2000,,
data/fy24/schedule_c/fy24_appendix_b_local.csv,1607,2024,133110811,Neighborhood Initiatives Development Corporation (NIDC),57000,unconfirmed,61000,-4000,,
data/fy24/schedule_c/fy24_appendix_b_local.csv,1620,2024,830377515,"New Hamilton Beach Civic Association, Inc., The",5000,ein_absent,,,,
data/fy24/schedule_c/fy24_appendix_b_local.csv,1913,2024,830761818,Olinville Old Timers Association,5000,ein_absent,,,,
data/fy24/schedule_c/fy24_appendix_b_local.csv,1978,2024,276601178,Players Philanthropy Fund DBA Welcome to Chinatown,22000,ein_absent,,,,
data/fy24/schedule_c/fy24_appendix_b_local.csv,2019,2024,473824643,"Promoting Access to Specialized Schools in New York City, Inc.",5000,ein_absent,,,,
data/fy24/schedule_c/fy24_appendix_b_local.csv,2114,2024,112037770,"Queensborough Community College Auxiliary Enterprise Association, Inc.",10000,ein_absent,,,,
data/fy24/schedule_c/fy24_appendix_b_local.csv,2115,2024,112037770,"Queensborough Community College Auxiliary Enterprise Association, Inc.",7500,ein_absent,,,,
data/fy24/schedule_c/fy24_appendix_b_local.csv,2116,2024,112037770,"Queensborough Community College Auxiliary Enterprise Association, Inc.",10000,ein_absent,,,,
data/fy24/schedule_c/fy24_appendix_b_local.csv,2141,2024,131988190,Research Foundation of the City University of New York,10750,unconfirmed,10000,750,,
data/fy24/schedule_c/fy24_appendix_b_local.csv,2164,2024,133062776,"Riverbay Fund, Inc.",100000,unconfirmed,200000,-100000,,
data/fy24/schedule_c/fy24_appendix_b_local.csv,2215,2024,861569480,SAMI Sephardic American Mizrahi Initiative,5000,ein_absent,,,,
data/fy24/schedule_c/fy24_appendix_b_local.csv,2274,2024,133244625,"Small Property Owners of New York, Inc.",6000,ein_absent,,,,
data/fy24/schedule_c/fy24_appendix_b_local.csv,2398,2024,871072144,Theory 9 Incorporated,20000,unconfirmed,10000,10000,,
data/fy24/schedule_c/fy24_appendix_b_local.csv,2433,2024,474803090,"UA3, Inc.",7500,unconfirmed,5000,2500,,
data/fy24/schedule_c/fy24_appendix_b_local.csv,2465,2024,133389470,"Upper Manhattan Mental Health Center, Inc.",5000,ein_absent,,,,
data/fy24/schedule_c/fy24_appendix_b_local.csv,2466,2024,811133229,Uptown Grand Central,10000,unconfirmed,15000,-5000,,
data/fy24/schedule_c/fy24_appendix_b_local.csv,2503,2024,131624210,VISIONS/Services for the Blind and Visually Impaired,7500,unconfirmed,8000,-500,,
data/fy24/schedule_c/fy24_appendix_b_local.csv,2554,2024,132725423,Wildcat Service Corporation,5000,ein_absent,,,,
data/fy24/schedule_c/fy24_appendix_b_local.csv,2579,2024,112435565,"Woodside on the Move, Inc.",30000,unconfirmed,28987,1013,,
data/fy24/schedule_c/fy24_appendix_c_youth.csv,63,2024,464347474,"Beyond Boxing, Inc.",5000,ein_absent,,,,
data/fy24/schedule_c/fy24_appendix_c_youth.csv,110,2024,131739935,"Bronx House, Inc.",75000,unconfirmed,50000,25000,,
data/fy24/schedule_c/fy24_appendix_c_youth.csv,256,2024,136400434,Department of Youth and Community Development,23000,unconfirmed,22750,250,,
data/fy24/schedule_c/fy24_appendix_c_youth.csv,258,2024,136400434,Department of Youth and Community Development,13000,unconfirmed,12500,500,,
data/fy24/schedule_c/fy24_appendix_c_youth.csv,313,2024,113287922,"Flatbush Youth Association, Inc.",10000,unconfirmed,7000,3000,,
data/fy24/schedule_c/fy24_appendix_c_youth.csv,493,2024,261159606,Major Music International Corporation,10000,unconfirmed,20000,-10000,,
data/fy24/schedule_c/fy24_appendix_c_youth.csv,531,2024,454661688,"Muslim American Society of Brooklyn and Staten Island, Inc.",5000,unconfirmed,10000,-5000,,
data/fy24/schedule_c/fy24_appendix_c_youth.csv,541,2024,530204616,National Wildlife Federation,5000,ein_absent,,,,
data/fy24/schedule_c/fy24_appendix_c_youth.csv,558,2024,455249743,"New York City Urban Debate League, Inc.",15000,unconfirmed,20000,-5000,,
data/fy24/schedule_c/fy24_appendix_c_youth.csv,582,2024,113287258,"New York Skyriders, Inc.",5000,ein_absent,,,,
data/fy24/schedule_c/fy24_appendix_c_youth.csv,616,2024,135596751,"Partnership with Children, Inc.",7250,unconfirmed,7750,-500,,
data/fy24/schedule_c/fy24_appendix_c_youth.csv,628,2024,135596811,"Police Athletic League, Inc.",40000,unconfirmed,30000,10000,,
data/fy24/schedule_c/fy24_appendix_c_youth.csv,659,2024,113550391,"Renaissance Charter School, The",7500,ein_absent,,,,
data/fy24/schedule_c/fy24_appendix_c_youth.csv,667,2024,113217121,"Rockaway Artists Alliance, Inc.",20000,ein_absent,,,,
data/fy24/schedule_c/fy24_appendix_c_youth.csv,706,2024,133943630,"South Asian Youth Action, Inc.",15000,unconfirmed,11500,3500,,
data/fy24/schedule_c/fy24_appendix_c_youth.csv,735,2024,871072144,Theory 9 Incorporated,5000,unconfirmed,10000,-5000,,
data/fy24/schedule_c/fy24_appendix_c_youth.csv,783,2024,112949074,"Works Little League, Inc.",5000,ein_absent,,,,
data/fy24/schedule_c/fy24_appendix_c_youth.csv,784,2024,472361361,"YALD, Inc.",5000,unconfirmed,10000,-5000,,
data/fy24/schedule_c/fy24_schedule_c_awards.csv,22,2024,126186140,"Bible Church of Christ, Inc., The",10000,ein_absent,,,,
data/fy24/schedule_c/fy24_schedule_c_awards.csv,23,2024,112503193,"Birch Family Services, Inc.",5000,unconfirmed,25500,-20500,,
data/fy24/schedule_c/fy24_schedule_c_awards.csv,43,2024,261422585,"Brothers Care, Inc.",10000,ein_absent,,,,
data/fy24/schedule_c/fy24_schedule_c_awards.csv,93,2024,901013912,CUNY School of Law Justice & Auxiliary Services Corporation,20000,unconfirmed,21000,-1000,,
data/fy24/schedule_c/fy24_schedule_c_awards.csv,102,2024,112050254,"East Elmhurst Corona Civic Association, Inc.",20000,ein_absent,,,,
data/fy24/schedule_c/fy24_schedule_c_awards.csv,122,2024,260094193,"Gambian Youths Organization, The - Community Engagement",15000,unconfirmed,5000,10000,,
data/fy24/schedule_c/fy24_schedule_c_awards.csv,135,2024,473474258,"Grandma's Love, Inc.",7500,unconfirmed,5000,2500,,
data/fy24/schedule_c/fy24_schedule_c_awards.csv,156,2024,813080695,"JustFix, Inc.",10000,unconfirmed,5000,5000,,
data/fy24/schedule_c/fy24_schedule_c_awards.csv,191,2024,134082027,"Mt. Sinai Center for Community Enrichment, Inc.",5000,unconfirmed,15000,-10000,,
data/fy24/schedule_c/fy24_schedule_c_awards.csv,231,2024,320005633,"Notes in Motion, Inc.",4500,unconfirmed,20000,-15500,,
data/fy24/schedule_c/fy24_schedule_c_awards.csv,238,2024,853787288,Penn Perry and Polanco,5000,unconfirmed,10000,-5000,,
data/fy24/schedule_c/fy24_schedule_c_awards.csv,253,2024,821941353,"Seeking Asylum & Finding Empowerment, Inc.",5000,ein_absent,,,,
data/fy24/schedule_c/fy24_schedule_c_awards.csv,339,2024,851491905,"Brooklyn Emerge, Inc.",8250,unconfirmed,10000,-1750,,
data/fy24/schedule_c/fy24_schedule_c_awards.csv,439,2024,821941353,"Seeking Asylum & Finding Empowerment, Inc.",5000,ein_absent,,,,
data/fy24/schedule_c/fy24_schedule_c_awards.csv,441,2024,810728516,"South Shore District Management Association, Inc.",14000,unconfirmed,10000,4000,,
data/fy24/schedule_c/fy24_schedule_c_awards.csv,478,2024,133893536,City University of New York,70000,unconfirmed,75000,-5000,,
data/fy24/schedule_c/fy24_schedule_c_awards.csv,479,2024,133893536,City University of New York,80000,unconfirmed,75000,5000,,
data/fy24/schedule_c/fy24_schedule_c_awards.csv,557,2024,112838138,"Turning Point Brooklyn, Inc.",20000,ein_absent,,,,
data/fy24/schedule_c/fy24_schedule_c_awards.csv,599,2024,112705085,Allen Neighborhood Preservation & Development Corporation,30000,unconfirmed,7500,22500,,
data/fy24/schedule_c/fy24_schedule_c_awards.csv,730,2024,473824643,"Promoting Access to Specialized Schools in New York City, Inc.",20000,ein_absent,,,,
data/fy24/schedule_c/fy24_schedule_c_awards.csv,832,2024,371909885,"Art in the Park, Inc.",10000,unconfirmed,5000,5000,,
data/fy24/schedule_c/fy24_schedule_c_awards.csv,849,2024,112631746,"Brookdale Hospital Medical Center, The",15000,ein_absent,,,,
data/fy24/schedule_c/fy24_schedule_c_awards.csv,860,2024,112480339,"CAMBA, Inc.",70000,unconfirmed,50284,19716,,
data/fy24/schedule_c/fy24_schedule_c_awards.csv,868,2024,132668080,Center for Alternative Sentencing and Employment Services,25000,unconfirmed,20000,5000,,
data/fy24/schedule_c/fy24_schedule_c_awards.csv,869,2024,132668080,Center for Alternative Sentencing and Employment Services,25000,unconfirmed,20000,5000,,
data/fy24/schedule_c/fy24_schedule_c_awards.csv,880,2024,830440009,"Children of Promise, NYC",20000,unconfirmed,15000,5000,,
data/fy24/schedule_c/fy24_schedule_c_awards.csv,905,2024,133772614,East Harlem Neighborhood Based Alliance Corporation,45000,unconfirmed,30000,15000,,
data/fy24/schedule_c/fy24_schedule_c_awards.csv,923,2024,061711370,"Getting Out and Staying Out, Inc.",20000,unconfirmed,15000,5000,,
data/fy24/schedule_c/fy24_schedule_c_awards.csv,935,2024,112290832,"HANAC, Inc.",50000,unconfirmed,28000,22000,,
data/fy24/schedule_c/fy24_schedule_c_awards.csv,936,2024,112290832,"HANAC, Inc.",50000,unconfirmed,28000,22000,,
data/fy24/schedule_c/fy24_schedule_c_awards.csv,1065,2024,112719958,Shmira Volunteer Patrol Corporation,10000,unconfirmed,5000,5000,,
data/fy24/schedule_c/fy24_schedule_c_awards.csv,1067,2024,112719958,Shmira Volunteer Patrol Corporation,40000,unconfirmed,36000,4000,,
data/fy24/schedule_c/fy24_schedule_c_awards.csv,1595,2024,753139502,"Kids Creative 404, Inc.",20000,unconfirmed,10000,10000,,
data/fy24/schedule_c/fy24_schedule_c_awards.csv,1891,2024,112692485,"Sesame Flyers International, Inc.",20000,unconfirmed,10000,10000,,
data/fy24/schedule_c/fy24_schedule_c_awards.csv,1997,2024,112515828,"Afrikan Poetry Theatre, Inc.",15000,unconfirmed,10000,5000,,
data/fy24/schedule_c/fy24_schedule_c_awards.csv,2045,2024,813865472,"Bombazo Dance Company, Inc.",15000,ein_absent,,,,
data/fy24/schedule_c/fy24_schedule_c_awards.csv,2059,2024,136153378,Bronx County Historical Society,5000,unconfirmed,15000,-10000,,
data/fy24/schedule_c/fy24_schedule_c_awards.csv,2112,2024,132642091,"Dance Theatre of Harlem, Inc.",15000,unconfirmed,20000,-5000,,
data/fy24/schedule_c/fy24_schedule_c_awards.csv,2131,2024,843099941,"Far Beyond Success, Inc.",15000,unconfirmed,10000,5000,,
data/fy24/schedule_c/fy24_schedule_c_awards.csv,2133,2024,112507910,"Federation of Italian American Organizations of Brooklyn, Ltd.",50000,unconfirmed,45000,5000,,
data/fy24/schedule_c/fy24_schedule_c_awards.csv,2141,2024,471150332,"Go Africa Network, Inc.",25000,unconfirmed,20000,5000,,
data/fy24/schedule_c/fy24_schedule_c_awards.csv,2175,2024,113068515,"Kings Bay YM-YWHA, Inc.",30000,unconfirmed,20000,10000,,
data/fy24/schedule_c/fy24_schedule_c_awards.csv,2227,2024,132683678,"New Heritage Theatre Group, Inc., The",10000,unconfirmed,20000,-10000,,
data/fy24/schedule_c/fy24_schedule_c_awards.csv,2268,2024,383713884,Seven Stories Institute,15000,unconfirmed,10000,5000,,
data/fy24/schedule_c/fy24_schedule_c_awards.csv,2332,2024,823539502,Yemeni American Merchants Association,25000,unconfirmed,20000,5000,,
data/fy24/schedule_c/fy24_schedule_c_awards.csv,2420,2024,135562191,"Children's Aid Society, The",12444,unconfirmed,10000,2444,,
data/fy24/schedule_c/fy24_schedule_c_awards.csv,2423,2024,820993366,"Common Justice, Inc.",15000,ein_absent,,,,
data/fy24/schedule_c/fy24_schedule_c_awards.csv,2468,2024,132612524,"Fund for the City of New York, Inc.",45000,unconfirmed,40000,5000,,
data/fy24/schedule_c/fy24_schedule_c_awards.csv,2530,2024,161759590,LSNY Bronx Corporation,20000,unconfirmed,25000,-5000,,
data/fy24/schedule_c/fy24_schedule_c_awards.csv,2560,2024,133286250,"New York Asian Women's Center, Inc.",27000,unconfirmed,15000,12000,,
data/fy24/schedule_c/fy24_schedule_c_awards.csv,2616,2024,133593806,Sakhi for South Asian Women,12250,unconfirmed,13407,-1157,,
data/fy24/schedule_c/fy24_schedule_c_awards.csv,2658,2024,133540337,Violence Intervention Program,40000,unconfirmed,36556,3444,,
data/fy24/schedule_c/fy24_schedule_c_awards.csv,2660,2024,133540337,Violence Intervention Program,15000,unconfirmed,10000,5000,,
data/fy24/schedule_c/fy24_schedule_c_awards.csv,2672,2024,452455826,"We All Really Matter, Inc.",20000,unconfirmed,22000,-2000,,
data/fy24/schedule_c/fy24_schedule_c_awards.csv,2701,2024,135562308,New York University,499114,unconfirmed,352168,146946,,
data/fy24/schedule_c/fy24_schedule_c_awards.csv,2757,2024,460802042,"Alliance for Coney Island, Inc.",45000,unconfirmed,40000,5000,,
data/fy24/schedule_c/fy24_schedule_c_awards.csv,2772,2024,133846431,"Association of Community Employment Programs for the Homeless, Inc.",210000,unconfirmed,200000,10000,,
data/fy24/schedule_c/fy24_schedule_c_awards.csv,2933,2024,132725423,Wildcat Service Corporation,185000,ein_absent,,,,
data/fy24/schedule_c/fy24_schedule_c_awards.csv,2934,2024,132725423,Wildcat Service Corporation,39000,ein_absent,,,,
data/fy24/schedule_c/fy24_schedule_c_awards.csv,2935,2024,132725423,Wildcat Service Corporation,120000,ein_absent,,,,
data/fy24/schedule_c/fy24_schedule_c_awards.csv,2936,2024,132725423,Wildcat Service Corporation,145000,ein_absent,,,,
data/fy24/schedule_c/fy24_schedule_c_awards.csv,2937,2024,132725423,Wildcat Service Corporation,15000,ein_absent,,,,
data/fy24/schedule_c/fy24_schedule_c_awards.csv,2938,2024,132725423,Wildcat Service Corporation,100000,ein_absent,,,,
data/fy24/schedule_c/fy24_schedule_c_awards.csv,2939,2024,132725423,Wildcat Service Corporation,65000,ein_absent,,,,
data/fy24/schedule_c/fy24_schedule_c_awards.csv,2940,2024,132725423,Wildcat Service Corporation,130000,ein_absent,,,,
data/fy24/schedule_c/fy24_schedule_c_awards.csv,2941,2024,132725423,Wildcat Service Corporation,40000,ein_absent,,,,
data/fy24/schedule_c/fy24_schedule_c_awards.csv,2942,2024,132725423,Wildcat Service Corporation,30000,ein_absent,,,,
data/fy24/schedule_c/fy24_schedule_c_awards.csv,2943,2024,132725423,Wildcat Service Corporation,60000,ein_absent,,,,
data/fy24/schedule_c/fy24_schedule_c_awards.csv,2944,2024,132725423,Wildcat Service Corporation,86000,ein_absent,,,,
data/fy24/schedule_c/fy24_schedule_c_awards.csv,2945,2024,132725423,Wildcat Service Corporation,40000,ein_absent,,,,
data/fy24/schedule_c/fy24_schedule_c_awards.csv,2946,2024,132725423,Wildcat Service Corporation,100000,ein_absent,,,,
data/fy24/schedule_c/fy24_schedule_c_awards.csv,3008,2024,132765465,"Council on the Environment, Inc.",35000,unconfirmed,40000,-5000,,
data/fy24/schedule_c/fy24_schedule_c_awards.csv,3032,2024,136400434,Department of Youth and Community Development,535000,unconfirmed,505000,30000,,
data/fy24/schedule_c/fy24_schedule_c_awards.csv,3066,2024,132903183,"Green Guerillas, Inc.",35000,unconfirmed,40000,-5000,,
data/fy24/schedule_c/fy24_schedule_c_awards.csv,3268,2024,133584089,"Housing Works, Inc.",727305,unconfirmed,577305,150000,,
data/fy24/schedule_c/fy24_schedule_c_awards.csv,3350,2024,133706365,APICHA Community Health Center,66719,unconfirmed,81719,-15000,,
data/fy24/schedule_c/fy24_schedule_c_awards.csv,3367,2024,133724008,"St. Ann's Corner of Harm Reduction, Inc.",35059,unconfirmed,92107,-57048,,
data/fy24/schedule_c/fy24_schedule_c_awards.csv,3459,2024,200774906,"Hester Street Collaborative, Inc.",196500,unconfirmed,200000,-3500,,
data/fy24/schedule_c/fy24_schedule_c_awards.csv,3461,2024,133385032,"Mary Mitchell Family and Youth Center, Inc.",34833,unconfirmed,20000,14833,,
data/fy24/schedule_c/fy24_schedule_c_awards.csv,3468,2024,136400434,Housing Preservation and Development,195000,unconfirmed,193000,2000,,
data/fy24/schedule_c/fy24_schedule_c_awards.csv,3497,2024,113580935,Chhaya Community Development Corporation,175950,unconfirmed,160000,15950,,
data/fy24/schedule_c/fy24_schedule_c_awards.csv,3504,2024,132915659,"Good Old Lower East Side, Inc.",175950,unconfirmed,160000,15950,,
data/fy24/schedule_c/fy24_schedule_c_awards.csv,3510,2024,112451752,"Pratt Area Community Council, Inc.",175950,unconfirmed,160000,15950,,
data/fy24/schedule_c/fy24_schedule_c_awards.csv,3764,2024,134012789,"Dr. Theodore A. Atlas Foundation, Inc.",35000,unconfirmed,25000,10000,,
data/fy24/schedule_c/fy24_schedule_c_awards.csv,3765,2024,432115174,"Entertainers for Education Alliance, Inc.",30000,unconfirmed,25000,5000,,
data/fy24/schedule_c/fy24_schedule_c_awards.csv,3776,2024,473679850,Partners Uplifting our Daughters and Sons,30000,unconfirmed,40000,-10000,,
data/fy24/schedule_c/fy24_schedule_c_awards.csv,3965,2024,462148352,"CHAZAQ Organization USA, Inc.",70000,unconfirmed,17000,53000,,
data/fy24/schedule_c/fy24_schedule_c_awards.csv,3974,2024,461371336,City University of New York Community Colleges,10000,ein_absent,,,,
data/fy24/schedule_c/fy24_schedule_c_awards.csv,4003,2024,461763706,East New York Restoration Local Development Corporation,115000,unconfirmed,100000,15000,,
data/fy24/schedule_c/fy24_schedule_c_awards.csv,4123,2024,132759045,"North East Bronx Senior Citizens Center, Inc.",10000,unconfirmed,25000,-15000,,
data/fy24/schedule_c/fy24_schedule_c_awards.csv,4144,2024,136213586,"Regional Aid for Interim Needs, Inc.",35000,unconfirmed,40000,-5000,,
data/fy24/schedule_c/fy24_schedule_c_awards.csv,4231,2024,132725423,Wildcat Service Corporation,40000,ein_absent,,,,
data/fy24/schedule_c/fy24_schedule_c_awards.csv,4249,2024,753001587,"Bronx River Alliance, Inc.",50000,unconfirmed,20000,30000,,
data/fy24/schedule_c/fy24_schedule_c_awards.csv,4277,2024,133561657,City Parks Foundation,25000,unconfirmed,22000,3000,,
data/fy24/schedule_c/fy24_schedule_c_awards.csv,4397,2024,020534583,Macaulay Honors College Foundation,10000,ein_absent,,,,
data/fy24/schedule_c/fy24_schedule_c_awards.csv,4411,2024,132949483,"New York Road Runners, Inc.",10000,ein_absent,,,,
data/fy24/schedule_c/fy24_schedule_c_awards.csv,4449,2024,510135262,"Black Spectrum Theatre Company, Inc.",36000,unconfirmed,45000,-9000,,
data/fy24/schedule_c/fy24_schedule_c_awards.csv,4469,2024,133919147,"Groove With Me, Inc.",36000,unconfirmed,18800,17200,,
data/fy24/schedule_c/fy24_schedule_c_awards.csv,4479,2024,831205784,Community Capacity Development,40000,unconfirmed,30000,10000,,
data/fy24/schedule_c/fy24_schedule_c_awards.csv,4495,2024,237085239,"New York Center for Interpersonal Development, Inc.",40000,unconfirmed,10000,30000,,
data/fy24/schedule_c/fy24_schedule_c_awards.csv,4496,2024,237085239,"New York Center for Interpersonal Development, Inc.",40000,unconfirmed,10000,30000,,
data/fy24/schedule_c/fy24_schedule_c_awards.csv,4595,2024,112145956,"Brooklyn Alliance, Inc.",15000,unconfirmed,12500,2500,,
data/fy24/schedule_c/fy24_schedule_c_awards.csv,4661,2024,371443165,"New Bronx Chamber of Commerce, The",15000,unconfirmed,10000,5000,,
data/fy24/schedule_c/fy24_schedule_c_awards.csv,4699,2024,135564934,Beth Israel Medical Center,50000,unconfirmed,69000,-19000,,
data/fy24/schedule_c/fy24_schedule_c_awards.csv,4724,2024,202264584,"Working World, Inc.",492170,unconfirmed,402170,90000,,
data/fy24/schedule_c/fy24_schedule_c_awards.csv,4776,2024,112631746,"Brookdale Hospital Medical Center, The",50000,ein_absent,,,,
data/fy24/schedule_c/fy24_schedule_c_awards.csv,4863,2024,136400434,Department of Youth and Community Development,305520,unconfirmed,287000,18520,,
data/fy24/schedule_c/fy24_schedule_c_awards.csv,4864,2024,136400434,Department of Youth and Community Development,325000,unconfirmed,287000,38000,,
data/fy24/schedule_c/fy24_schedule_c_awards.csv,4885,2024,311731465,"Exodus Transitional Community, Inc.",35000,ein_absent,,,,
data/fy24/schedule_c/fy24_schedule_c_awards.csv,4975,2024,043262046,"Jumpstart for Young Children, Inc.",6000,unconfirmed,438114,-432114,,
data/fy24/schedule_c/fy24_schedule_c_awards.csv,5014,2024,363885457,"Muslim American Society of New York, Inc.",50000,unconfirmed,10000,40000,,
data/fy24/schedule_c/fy24_schedule_c_awards.csv,5036,2024,134165107,New York City Employment and Training Coalition,25000,ein_absent,,,,
data/fy24/schedule_c/fy24_schedule_c_awards.csv,5200,2024,132725423,Wildcat Service Corporation,50000,ein_absent,,,,
data/fy25/schedule_c/fy25_appendix_a_aging.csv,155,2025,853130678,"Fundacion de Ayuda a las Familias y Envejecientes, Inc.",10000,ein_absent,,,,
data/fy25/schedule_c/fy25_appendix_a_aging.csv,289,2025,133853627,"National Jazz Museum in Harlem, The",8500,unconfirmed,10000,-1500,,
data/fy25/schedule_c/fy25_appendix_b_local.csv,12,2025,133371153,122nd Precinct Community Council,5000,ein_absent,,,,
data/fy25/schedule_c/fy25_appendix_b_local.csv,28,2025,461689772,"African Communities Together, Inc.",5000,unconfirmed,25000,-20000,,
data/fy25/schedule_c/fy25_appendix_b_local.csv,46,2025,881042164,"Albanian-American Association of Ulqin, Inc.",28000,unconfirmed,25000,3000,,
data/fy25/schedule_c/fy25_appendix_b_local.csv,55,2025,820806280,Alliance Of Bukharian Americans,10000,ein_absent,,,,
data/fy25/schedule_c/fy25_appendix_b_local.csv,106,2025,871253908,"Anti Social Productions, Inc.",5000,ein_absent,,,,
data/fy25/schedule_c/fy25_appendix_b_local.csv,112,2025,133630066,"Apollo Theater Foundation, Inc.",7000,unconfirmed,5000,2000,,
data/fy25/schedule_c/fy25_appendix_b_local.csv,258,2025,510135262,"Black Spectrum Theatre Company, Inc.",5000,unconfirmed,11000,-6000,,
data/fy25/schedule_c/fy25_appendix_b_local.csv,289,2025,464340594,"Braven, Inc.",7000,unconfirmed,5000,2000,,
data/fy25/schedule_c/fy25_appendix_b_local.csv,333,2025,471006046,"Bronx Neighborhood Housing Services CDC, Inc., The",60000,unconfirmed,64716,-4716,,
data/fy25/schedule_c/fy25_appendix_b_local.csv,403,2025,320019367,Brooklyn Rescue Mission Urban Harvest Center,20000,unconfirmed,15000,5000,,
data/fy25/schedule_c/fy25_appendix_b_local.csv,431,2025,237091329,"Camelot of Staten Island, Inc.",5000,unconfirmed,10000,-5000,,
data/fy25/schedule_c/fy25_appendix_b_local.csv,436,2025,131740443,Cardinal McCloskey School and Home for Children,5871,ein_absent,,,,
data/fy25/schedule_c/fy25_appendix_b_local.csv,529,2025,133520970,"Children's Museum of the Arts, Inc.",5000,unconfirmed,3000,2000,,
data/fy25/schedule_c/fy25_appendix_b_local.csv,530,2025,133520970,"Children's Museum of the Arts, Inc.",5000,unconfirmed,3000,2000,,
data/fy25/schedule_c/fy25_appendix_b_local.csv,561,2025,133074369,City Island Community Center,30000,ein_absent,,,,
data/fy25/schedule_c/fy25_appendix_b_local.csv,582,2025,133893536,City University of New York,11000,unconfirmed,10750,250,,
data/fy25/schedule_c/fy25_appendix_b_local.csv,603,2025,136400434,City University of New York,8900,unconfirmed,9000,-100,,
data/fy25/schedule_c/fy25_appendix_b_local.csv,637,2025,452201993,"Commonwise Education, Inc.",5000,ein_absent,,,,
data/fy25/schedule_c/fy25_appendix_b_local.csv,640,2025,831205784,Community Capacity Development,40000,unconfirmed,50000,-10000,,
data/fy25/schedule_c/fy25_appendix_b_local.csv,675,2025,133447662,"Council For Living Music, Inc., The",5000,ein_absent,,,,
data/fy25/schedule_c/fy25_appendix_b_local.csv,701,2025,112683663,"Cypress Hills Local Development Corporation, Inc.",50000,unconfirmed,45000,5000,,
data/fy25/schedule_c/fy25_appendix_b_local.csv,881,2025,136400434,Department of Parks and Recreation,16500,unconfirmed,16250,250,,
data/fy25/schedule_c/fy25_appendix_b_local.csv,923,2025,136400434,Department of Youth and Community Development,30500,unconfirmed,30000,500,,
data/fy25/schedule_c/fy25_appendix_b_local.csv,924,2025,136400434,Department of Youth and Community Development,47000,unconfirmed,45250,1750,,
data/fy25/schedule_c/fy25_appendix_b_local.csv,943,2025,463738190,"Dominicanos USA, Inc.",33000,unconfirmed,28000,5000,,
data/fy25/schedule_c/fy25_appendix_b_local.csv,946,2025,113027069,Douglaston and Little Neck Historical Society,20000,unconfirmed,5000,15000,,
data/fy25/schedule_c/fy25_appendix_b_local.csv,992,2025,112614265,"El Puente de Williamsburg, Inc.",12000,unconfirmed,8750,3250,,
data/fy25/schedule_c/fy25_appendix_b_local.csv,1163,2025,814328316,"Grace Granting Resources and Community Enrichment, Inc.",5000,unconfirmed,10000,-5000,,
data/fy25/schedule_c/fy25_appendix_b_local.csv,1224,2025,200774906,"Hester Street Collaborative, Inc.",200000,ein_absent,,,,
data/fy25/schedule_c/fy25_appendix_b_local.csv,1256,2025,133647412,"Hour Children, Inc.",5000,unconfirmed,12000,-7000,,
data/fy25/schedule_c/fy25_appendix_b_local.csv,1288,2025,843965258,"Infusion Media Group, Inc.",10000,ein_absent,,,,
data/fy25/schedule_c/fy25_appendix_b_local.csv,1456,2025,812630457,"Majority Family Life Center, Inc.",10000,ein_absent,,,,
data/fy25/schedule_c/fy25_appendix_b_local.csv,1466,2025,030553092,"Man Up, Inc.",15000,unconfirmed,10000,5000,,
data/fy25/schedule_c/fy25_appendix_b_local.csv,1560,2025,237429900,"Morris Park Community Association, Inc.",20000,unconfirmed,21000,-1000,,
data/fy25/schedule_c/fy25_appendix_b_local.csv,1591,2025,822712941,"Muslims Giving Back, Inc.",10000,unconfirmed,25000,-15000,,
data/fy25/schedule_c/fy25_appendix_b_local.csv,1592,2025,922440697,"MVP Swimmers, Inc.",10000,ein_absent,,,,
data/fy25/schedule_c/fy25_appendix_b_local.csv,1622,2025,237398279,"Neighborhood Housing Services of Jamaica, Inc.",15000,unconfirmed,20000,-5000,,
data/fy25/schedule_c/fy25_appendix_b_local.csv,1887,2025,141845651,"New York Women's Chamber of Commerce, Inc.",100000,unconfirmed,30000,70000,,
data/fy25/schedule_c/fy25_appendix_b_local.csv,1888,2025,141845651,"New York Women's Chamber of Commerce, Inc.",10000,unconfirmed,30000,-20000,,
data/fy25/schedule_c/fy25_appendix_b_local.csv,1911,2025,113604970,"NY Writers Coalition, Inc.",5000,ein_absent,,,,
data/fy25/schedule_c/fy25_appendix_b_local.csv,2021,2025,133774499,"Praise, Peace and Pride, Inc.",5000,ein_absent,,,,
data/fy25/schedule_c/fy25_appendix_b_local.csv,2270,2025,131624178,"Selfhelp Community Services, Inc.",80000,unconfirmed,85000,-5000,,
data/fy25/schedule_c/fy25_appendix_b_local.csv,2292,2025,112719958,Shmira Volunteer Patrol Corporation,5000,unconfirmed,36000,-31000,,
data/fy25/schedule_c/fy25_appendix_b_local.csv,2339,2025,990393260,"Spring Forward Hope for Pink, Inc.",5000,unconfirmed,7500,-2500,,
data/fy25/schedule_c/fy25_appendix_b_local.csv,2351,2025,111631823,"St. Vincent's Services, Inc.",10000,unconfirmed,5000,5000,,
data/fy25/schedule_c/fy25_appendix_b_local.csv,2479,2025,133389470,"Upper Manhattan Mental Health Center, Inc.",9500,unconfirmed,125000,-115500,,
data/fy25/schedule_c/fy25_appendix_b_local.csv,2484,2025,274637480,"Urban Hope, Inc.",22500,ein_absent,,,,
data/fy25/schedule_c/fy25_appendix_b_local.csv,2513,2025,912036204,"Vietnam Veterans of America, Chapter 126",2500,ein_absent,,,,
data/fy25/schedule_c/fy25_appendix_b_local.csv,2601,2025,113618826,Yeshiva Ohr Yisrael,5000,ein_absent,,,,
data/fy25/schedule_c/fy25_appendix_c_youth.csv,13,2025,133624631,"A Place for Kids, Inc.",5000,unconfirmed,7000,-2000,,
data/fy25/schedule_c/fy25_appendix_c_youth.csv,250,2025,823196869,Crazy Science Corp,5000,ein_absent,,,,
data/fy25/schedule_c/fy25_appendix_c_youth.csv,252,2025,112506422,"Crown Heights Youth Collective, Inc.",7000,unconfirmed,5000,2000,,
data/fy25/schedule_c/fy25_appendix_c_youth.csv,488,2025,472123500,"Make: STEAM, Inc.",2500,unconfirmed,7500,-5000,,
data/fy25/schedule_c/fy25_appendix_c_youth.csv,489,2025,472123500,"Make: STEAM, Inc.",2500,unconfirmed,7500,-5000,,
data/fy25/schedule_c/fy25_appendix_c_youth.csv,490,2025,472123500,"Make: STEAM, Inc.",2500,unconfirmed,7500,-5000,,
data/fy25/schedule_c/fy25_appendix_c_youth.csv,532,2025,465695272,"Muslim Sisters of Staten Island, Inc.",5000,ein_absent,,,,
data/fy25/schedule_c/fy25_appendix_c_youth.csv,642,2025,450491693,"Quebradillas Baseball Organization, Inc.",7500,unconfirmed,10000,-2500,,
data/fy25/schedule_c/fy25_appendix_c_youth.csv,662,2025,873939856,"REM Center, Inc.",10000,ein_absent,,,,
data/fy25/schedule_c/fy25_appendix_c_youth.csv,765,2025,202104637,"Unity Games, Inc.",5000,ein_absent,,,,
data/fy25/schedule_c/fy25_schedule_c_awards.csv,11,2025,884406318,America Dan Yang Association Corp.,5000,ein_absent,,,,
data/fy25/schedule_c/fy25_schedule_c_awards.csv,29,2025,126186140,"Bible Church of Christ, Inc., The",10000,ein_absent,,,,
data/fy25/schedule_c/fy25_schedule_c_awards.csv,98,2025,112864728,"Council of Jewish Organizations of Flatbush, Inc.",11000,unconfirmed,10000,1000,,
data/fy25/schedule_c/fy25_schedule_c_awards.csv,192,2025,922051455,More Than a Meal Corporation,35000,unconfirmed,20000,15000,,
data/fy25/schedule_c/fy25_schedule_c_awards.csv,196,2025,237398279,"Neighborhood Housing Services of Jamaica, Inc.",15000,unconfirmed,20000,-5000,,
data/fy25/schedule_c/fy25_schedule_c_awards.csv,242,2025,133425071,Part of the Solution,15000,unconfirmed,20000,-5000,,
data/fy25/schedule_c/fy25_schedule_c_awards.csv,322,2025,133254484,"BronxWorks, Inc.",19777,unconfirmed,17500,2277,,
data/fy25/schedule_c/fy25_schedule_c_awards.csv,523,2025,900954778,"All Star Code, Inc.",10000,ein_absent,,,,
data/fy25/schedule_c/fy25_schedule_c_awards.csv,628,2025,141845651,"New York Women's Chamber of Commerce, Inc.",20000,unconfirmed,30000,-10000,,
data/fy25/schedule_c/fy25_schedule_c_awards.csv,629,2025,141845651,"New York Women's Chamber of Commerce, Inc.",25000,unconfirmed,30000,-5000,,
data/fy25/schedule_c/fy25_schedule_c_awards.csv,754,2025,463745556,69th Precinct Clergy Council,10000,ein_absent,,,,
data/fy25/schedule_c/fy25_schedule_c_awards.csv,821,2025,853728590,Chinatown Organization for Media Awakening -,5000,ein_absent,,,,
data/fy25/schedule_c/fy25_schedule_c_awards.csv,883,2025,131893908,Goddard Riverside Community Center,100000,unconfirmed,95000,5000,,
data/fy25/schedule_c/fy25_schedule_c_awards.csv,948,2025,061081232,"Morris Heights Health Center, Inc.",15000,unconfirmed,13000,2000,,
data/fy25/schedule_c/fy25_schedule_c_awards.csv,954,2025,464052556,"National Youth Organization of Pakistan, Inc.",5000,ein_absent,,,,
data/fy25/schedule_c/fy25_schedule_c_awards.csv,1017,2025,112719958,Shmira Volunteer Patrol Corporation,40000,unconfirmed,36000,4000,,
data/fy25/schedule_c/fy25_schedule_c_awards.csv,1343,2025,133857387,"Brotherhood Sister Sol, Inc., The",20000,unconfirmed,15000,5000,,
data/fy25/schedule_c/fy25_schedule_c_awards.csv,1540,2025,853943723,Kristina Bermudez Creative Developments LLC,20000,ein_absent,,,,
data/fy25/schedule_c/fy25_schedule_c_awards.csv,1739,2025,113604970,"NY Writers Coalition, Inc.",20000,ein_absent,,,,
data/fy25/schedule_c/fy25_schedule_c_awards.csv,1820,2025,113599459,"Roads to Success, Inc.",20000,unconfirmed,10000,10000,,
data/fy25/schedule_c/fy25_schedule_c_awards.csv,1948,2025,133035711,American-Italian Cancer Foundation,20000,unconfirmed,12000,8000,,
data/fy25/schedule_c/fy25_schedule_c_awards.csv,1962,2025,465013189,"Asian American Community Empowerment, Inc.",25000,ein_absent,,,,
data/fy25/schedule_c/fy25_schedule_c_awards.csv,2186,2025,237429900,"Morris Park Community Association, Inc.",20000,unconfirmed,21000,-1000,,
data/fy25/schedule_c/fy25_schedule_c_awards.csv,2192,2025,363885457,"Muslim American Society of New York, Inc.",20000,ein_absent,,,,
data/fy25/schedule_c/fy25_schedule_c_awards.csv,2241,2025,112692485,"Sesame Flyers International, Inc.",15000,unconfirmed,10000,5000,,
data/fy25/schedule_c/fy25_schedule_c_awards.csv,2275,2025,132590805,"Studio Museum in Harlem, The",10000,unconfirmed,5000,5000,,
data/fy25/schedule_c/fy25_schedule_c_awards.csv,2457,2025,510188251,Flatbush Development Corporation,37000,unconfirmed,30000,7000,,
data/fy25/schedule_c/fy25_schedule_c_awards.csv,2471,2025,112423857,"Haitian Americans United for Progress, Inc.",20000,unconfirmed,15000,5000,,
data/fy25/schedule_c/fy25_schedule_c_awards.csv,2601,2025,141845651,"New York Women's Chamber of Commerce, Inc.",25000,unconfirmed,30000,-5000,,
data/fy25/schedule_c/fy25_schedule_c_awards.csv,2609,2025,823809384,"Not On My Watch, Inc.",10000,unconfirmed,50000,-40000,,
data/fy25/schedule_c/fy25_schedule_c_awards.csv,2658,2025,113207504,"Shalom Task Force, Inc.",15000,unconfirmed,10000,5000,,
data/fy25/schedule_c/fy25_schedule_c_awards.csv,2660,2025,364792598,"Sonny Archer Law Enforcement Scholarship Foundation, Inc.",5000,ein_absent,,,,
data/fy25/schedule_c/fy25_schedule_c_awards.csv,2732,2025,135562308,New York University,499114,unconfirmed,352168,146946,,
data/fy25/schedule_c/fy25_schedule_c_awards.csv,2737,2025,202508411,"Sunset Park Health Council, Inc.",158447,unconfirmed,167284,-8837,,
data/fy25/schedule_c/fy25_schedule_c_awards.csv,2838,2025,923979406,Central and South East Brooklyn Community Development Corporation,15000,unconfirmed,10000,5000,,
data/fy25/schedule_c/fy25_schedule_c_awards.csv,3465,2025,135562202,Community Service Society of New York,164000,neighbour_bleed,170469,-6469,133824852,
data/fy25/schedule_c/fy25_schedule_c_awards.csv,3542,2025,200774906,"Hester Street Collaborative, Inc.",98250,ein_absent,,,,
data/fy25/schedule_c/fy25_schedule_c_awards.csv,3878,2025,131624211,Visiting Nurse Service of New York Home Care II,256020,unconfirmed,279264,-23244,,
data/fy25/schedule_c/fy25_schedule_c_awards.csv,4118,2025,510567466,"Community Health Center of Richmond, Inc.",20000,unconfirmed,93834,-73834,,
data/fy25/schedule_c/fy25_schedule_c_awards.csv,4158,2025,301325083,Gaton Foundation,10000,ein_absent,,,,
data/fy25/schedule_c/fy25_schedule_c_awards.csv,4182,2025,800783830,"Harlem Presents, Inc.",10000,unconfirmed,7500,2500,,
data/fy25/schedule_c/fy25_schedule_c_awards.csv,4466,2025,136400434,Department of Parks and Recreation,21500,unconfirmed,21250,250,,
data/fy25/schedule_c/fy25_schedule_c_awards.csv,4594,2025,010849087,"Open Space Alliance for North Brooklyn, Inc.",25000,unconfirmed,30000,-5000,,
data/fy25/schedule_c/fy25_schedule_c_awards.csv,4617,2025,200404386,"Where to Turn, Inc.",30000,unconfirmed,105000,-75000,,
data/fy25/schedule_c/fy25_schedule_c_awards.csv,4662,2025,132612524,Fund for the City of New York,40000,unconfirmed,37284,2716,,
data/fy25/schedule_c/fy25_schedule_c_awards.csv,4703,2025,383652741,DRUM,50000,ein_absent,,,,
data/fy25/schedule_c/fy25_schedule_c_awards.csv,4730,2025,141845651,"New York Women's Chamber of Commerce, Inc.",117618,unconfirmed,30000,87618,,
data/fy25/schedule_c/fy25_schedule_c_awards.csv,4743,2025,422787706,"Community Job Center, Inc.",125000,ein_absent,,,,
data/fy25/schedule_c/fy25_schedule_c_awards.csv,4767,2025,141845651,"New York Women's Chamber of Commerce, Inc.",100000,unconfirmed,30000,70000,,
data/fy25/schedule_c/fy25_schedule_c_awards.csv,4854,2025,141845651,"New York Women's Chamber of Commerce, Inc.",29950,unconfirmed,30000,-50,,
data/fy25/schedule_c/fy25_schedule_c_awards.csv,4855,2025,141845651,"New York Women's Chamber of Commerce, Inc.",10000,unconfirmed,30000,-20000,,
data/fy25/schedule_c/fy25_schedule_c_awards.csv,4856,2025,141845651,"New York Women's Chamber of Commerce, Inc.",10000,unconfirmed,30000,-20000,,
data/fy25/schedule_c/fy25_schedule_c_awards.csv,4879,2025,922412852,Industrial Alliance/Northshore Leadership Alliance Corp.,20000,unconfirmed,10000,10000,,
data/fy25/schedule_c/fy25_schedule_c_awards.csv,4882,2025,364615681,"United Auto Merchants Association, Inc.",10000,ein_absent,,,,
data/fy25/schedule_c/fy25_schedule_c_awards.csv,4916,2025,452201993,"Commonwise Education, Inc.",131548,ein_absent,,,,
data/fy25/schedule_c/fy25_schedule_c_awards.csv,5000,2025,472440990,"Brownsville Think Tank Matters, Inc.",75000,unconfirmed,65000,10000,,
data/fy25/schedule_c/fy25_schedule_c_awards.csv,5001,2025,472440990,"Brownsville Think Tank Matters, Inc.",150000,unconfirmed,130000,20000,,
data/fy25/schedule_c/fy25_schedule_c_awards.csv,5032,2025,133486829,"Children's Rescue Fund, The",500000,unconfirmed,250000,250000,,
data/fy25/schedule_c/fy25_schedule_c_awards.csv,5059,2025,452201993,"Commonwise Education, Inc.",175000,ein_absent,,,,
data/fy25/schedule_c/fy25_schedule_c_awards.csv,5095,2025,136400434,Department of Youth and Community Development,207500,unconfirmed,195000,12500,,
data/fy25/schedule_c/fy25_schedule_c_awards.csv,5178,2025,132655001,Health + Hospitals,150000,unconfirmed,149219,781,,
data/fy26/schedule_c/fy26_appendix_a_aging.csv,213,2026,132620896,Jewish Association for Services for the Aged (JASA),7500,unconfirmed,6000,1500,,
data/fy26/schedule_c/fy26_appendix_a_aging.csv,289,2026,134082027,"Mt. Sinai Center for Community Enrichment, Inc.",20000,unconfirmed,100000,-80000,,
data/fy26/schedule_c/fy26_appendix_a_aging.csv,298,2026,134151778,"New York City Verrazano 10-13 Association, Inc.",5000,ein_absent,,,,
data/fy26/schedule_c/fy26_appendix_a_aging.csv,377,2026,237444790,"Search and Care, Inc.",7500,unconfirmed,10000,-2500,,
data/fy26/schedule_c/fy26_appendix_b_local.csv,11,2026,463856711,121st Police Precinct Community Council,7000,ein_absent,,,,
data/fy26/schedule_c/fy26_appendix_b_local.csv,32,2026,134151020,"African American Women In Cinema Organization, Inc.",5000,ein_absent,,,,
data/fy26/schedule_c/fy26_appendix_b_local.csv,52,2026,881042164,"Carr, Hanks Albanian-American Association of Ulqin, Inc.",15000,ein_absent,,,,
data/fy26/schedule_c/fy26_appendix_b_local.csv,143,2026,832173068,"Arts Business Collaborative, Inc.",5000,ein_absent,,,,
data/fy26/schedule_c/fy26_appendix_b_local.csv,191,2026,273218865,"Ballroom Basix USA, Inc.",6000,unconfirmed,5000,1000,,
data/fy26/schedule_c/fy26_appendix_b_local.csv,206,2026,116049457,Bayside Historical Society,77000,unconfirmed,76000,1000,,
data/fy26/schedule_c/fy26_appendix_b_local.csv,318,2026,471006046,"Bronx Neighborhood Housing Services CDC, Inc., The",55000,unconfirmed,50000,5000,,
data/fy26/schedule_c/fy26_appendix_b_local.csv,398,2026,863176916,"Brothers Helping, Inc.",8000,unconfirmed,5000,3000,,
data/fy26/schedule_c/fy26_appendix_b_local.csv,526,2026,842066679,"Chimerica Women Association, Inc.",5000,ein_absent,,,,
data/fy26/schedule_c/fy26_appendix_b_local.csv,550,2026,510171818,"Citizens Committee for New York City, Inc.",15000,unconfirmed,20000,-5000,,
data/fy26/schedule_c/fy26_appendix_b_local.csv,580,2026,133893536,City University of New York,21000,unconfirmed,20000,1000,,
data/fy26/schedule_c/fy26_appendix_b_local.csv,608,2026,112508369,"Colonial Farmhouse Restoration Society of Bellerose, Inc.",12000,unconfirmed,10000,2000,,
data/fy26/schedule_c/fy26_appendix_b_local.csv,610,2026,133581914,"Committee for Environmentally Sound Development, Inc.",5000,ein_absent,,,,
data/fy26/schedule_c/fy26_appendix_b_local.csv,652,2026,133571610,Coro New York Leadership Center,10000,unconfirmed,5000,5000,,
data/fy26/schedule_c/fy26_appendix_b_local.csv,677,2026,112683663,"Cypress Hills Local Development Corporation, Inc.",25000,unconfirmed,29141,-4141,,
data/fy26/schedule_c/fy26_appendix_b_local.csv,689,2026,133875643,"Delta Sigma Theta Sorority, Inc. Staten Island Alumnae Chapter",5000,ein_absent,,,,
data/fy26/schedule_c/fy26_appendix_b_local.csv,890,2026,136400434,Department of Youth and Community Development,5500,unconfirmed,5600,-100,,
data/fy26/schedule_c/fy26_appendix_b_local.csv,891,2026,136400434,Department of Youth and Community Development,94000,unconfirmed,95000,-1000,,
data/fy26/schedule_c/fy26_appendix_b_local.csv,918,2026,134012789,"Dr. Theodore A. Atlas Foundation, Inc.",32500,unconfirmed,30000,2500,,
data/fy26/schedule_c/fy26_appendix_b_local.csv,936,2026,461763706,East New York Restoration Local Development Corporation,5000,unconfirmed,10413,-5413,,
data/fy26/schedule_c/fy26_appendix_b_local.csv,950,2026,113553172,"Ecuadorian Civic Committee of New York City, Inc.",47000,unconfirmed,34500,12500,,
data/fy26/schedule_c/fy26_appendix_b_local.csv,970,2026,142009368,"Empowerment Zone, Inc.",5000,ein_absent,,,,
data/fy26/schedule_c/fy26_appendix_b_local.csv,976,2026,814476447,"ENY REIGN, Inc.",5000,ein_absent,,,,
data/fy26/schedule_c/fy26_appendix_b_local.csv,997,2026,112507910,"Federation of Italian American Organizations of Brooklyn, Ltd.",25000,unconfirmed,20413,4587,,
data/fy26/schedule_c/fy26_appendix_b_local.csv,1005,2026,112475743,"Fifth Avenue Committee, Inc.",20000,unconfirmed,19000,1000,,
data/fy26/schedule_c/fy26_appendix_b_local.csv,1010,2026,136400434,Fire Department of New York,25500,unconfirmed,26000,-500,,
data/fy26/schedule_c/fy26_appendix_b_local.csv,1064,2026,133176456,"Irish Friends of Abandoned Cemeteries, Inc.",25000,unconfirmed,30000,-5000,,
data/fy26/schedule_c/fy26_appendix_b_local.csv,1104,2026,061725844,Garibaldi-Meucci Museum,15000,unconfirmed,10000,5000,,
data/fy26/schedule_c/fy26_appendix_b_local.csv,1155,2026,237021273,Greater Jamaica Development Corporation,27500,unconfirmed,25000,2500,,
data/fy26/schedule_c/fy26_appendix_b_local.csv,1191,2026,881341214,"Harlem Festival of Culture Foundation, Inc.",5000,ein_absent,,,,
data/fy26/schedule_c/fy26_appendix_b_local.csv,1192,2026,800965297,Harlem Historical Society,10000,ein_absent,,,,
data/fy26/schedule_c/fy26_appendix_b_local.csv,1224,2026,131562242,Henry Street Settlement,13000,unconfirmed,15000,-2000,,
data/fy26/schedule_c/fy26_appendix_b_local.csv,1263,2026,112412584,"Housing and Family Services of Greater New York, Inc.",15000,unconfirmed,10000,5000,,
data/fy26/schedule_c/fy26_appendix_b_local.csv,1310,2026,462418234,"Jake Foundation, Inc.",5000,ein_absent,,,,
data/fy26/schedule_c/fy26_appendix_b_local.csv,1402,2026,843309358,"Knickerbocker Avenue Merchants Partnership, Inc.",10000,ein_absent,,,,
data/fy26/schedule_c/fy26_appendix_b_local.csv,1414,2026,270536321,"Korean Traditional Marching Band, Inc.",5000,unconfirmed,15000,-10000,,
data/fy26/schedule_c/fy26_appendix_b_local.csv,1441,2026,200814999,"Life Camp, Inc.",5000,unconfirmed,15000,-10000,,
data/fy26/schedule_c/fy26_appendix_b_local.csv,1590,2026,133109387,Mosholu Preservation Corporation,35000,unconfirmed,20000,15000,,
data/fy26/schedule_c/fy26_appendix_b_local.csv,1650,2026,205689079,"Neighborhood Housing Services of Staten Island, Inc.",10000,ein_absent,,,,
data/fy26/schedule_c/fy26_appendix_b_local.csv,1670,2026,133762440,New Testament Temple Church of God,20000,unconfirmed,15000,5000,,
data/fy26/schedule_c/fy26_appendix_b_local.csv,1922,2026,851202832,"Nexgen Women In Accounting, Inc.",5000,ein_absent,,,,
data/fy26/schedule_c/fy26_appendix_b_local.csv,1983,2026,800209989,"Palante Harlem, Inc.",6000,unconfirmed,5000,1000,,
data/fy26/schedule_c/fy26_appendix_b_local.csv,2037,2026,133774499,"Praise, Peace and Pride, Inc.",5000,ein_absent,,,,
data/fy26/schedule_c/fy26_appendix_b_local.csv,2074,2026,132663328,"Puerto Rican Organization To Motivate Enlighten & Serve Addicts, Inc.",50000,unconfirmed,25000,25000,,
data/fy26/schedule_c/fy26_appendix_b_local.csv,2079,2026,113201956,"Q Kingdom Ministries, Inc.",5000,ein_absent,,,,
data/fy26/schedule_c/fy26_appendix_b_local.csv,2135,2026,237016007,Queens Historical Society,17500,unconfirmed,20000,-2500,,
data/fy26/schedule_c/fy26_appendix_b_local.csv,2266,2026,352575478,S'Cool Sounds,5000,unconfirmed,20000,-15000,,
data/fy26/schedule_c/fy26_appendix_b_local.csv,2306,2026,953964928,"Simon Wiesenthal Center, Inc.",7500,unconfirmed,5000,2500,,
data/fy26/schedule_c/fy26_appendix_b_local.csv,2331,2026,112730462,Spanish Speaking Elderly Council,5000,unconfirmed,13000,-8000,,
data/fy26/schedule_c/fy26_appendix_b_local.csv,2335,2026,132865903,"Special Citizens Futures Unlimited, Inc.",5000,unconfirmed,10000,-5000,,
data/fy26/schedule_c/fy26_appendix_b_local.csv,2350,2026,300327182,"St. Paul Pentecostal Church of God, Inc.",15000,unconfirmed,16000,-1000,,
data/fy26/schedule_c/fy26_appendix_b_local.csv,2356,2026,134069282,"Staten Island Chamber of Commerce Foundation, Inc.",33000,unconfirmed,50000,-17000,,
data/fy26/schedule_c/fy26_appendix_b_local.csv,2357,2026,134069282,"Staten Island Chamber of Commerce Foundation, Inc.",5000,unconfirmed,10000,-5000,,
data/fy26/schedule_c/fy26_appendix_b_local.csv,2416,2026,521287397,"Throgs Neck Little League, Inc.",30000,unconfirmed,15000,15000,,
data/fy26/schedule_c/fy26_appendix_b_local.csv,2442,2026,131632530,"Union Settlement Association, Inc.",21000,unconfirmed,20000,1000,,
data/fy26/schedule_c/fy26_appendix_c_youth.csv,2,2026,462971279,"100 Suits for 100 Men, Inc.",5000,unconfirmed,7000,-2000,,
data/fy26/schedule_c/fy26_appendix_c_youth.csv,4,2026,832487282,"4ward Inclusion Consulting, Inc.",7500,ein_absent,,,,
data/fy26/schedule_c/fy26_appendix_c_youth.csv,83,2026,262885471,Blessed Trinity Roman Catholic Church,25000,ein_absent,,,,
data/fy26/schedule_c/fy26_appendix_c_youth.csv,250,2026,133447662,"Council For Living Music, Inc., The",5000,ein_absent,,,,
data/fy26/schedule_c/fy26_appendix_c_youth.csv,294,2026,463216286,Emma's Place,5000,ein_absent,,,,
data/fy26/schedule_c/fy26_appendix_c_youth.csv,329,2026,844257877,"G.E.M.S., Inc.",10000,ein_absent,,,,
data/fy26/schedule_c/fy26_appendix_c_youth.csv,485,2026,272264157,"Liga Caribe Baseball League AA, Inc.",10000,ein_absent,,,,
data/fy26/schedule_c/fy26_appendix_c_youth.csv,498,2026,030553092,"Man Up, Inc.",5000,unconfirmed,10000,-5000,,
data/fy26/schedule_c/fy26_appendix_c_youth.csv,716,2026,136162802,"Staten Island Little League, Inc.",15500,unconfirmed,10500,5000,,
data/fy26/schedule_c/fy26_appendix_c_youth.csv,817,2026,472686128,Young Minds In Motion,10000,ein_absent,,,,
data/fy26/schedule_c/fy26_schedule_c_awards.csv,115,2026,270974276,"Flanbwayan Haitian Literacy Project, Inc.",5000,unconfirmed,100000,-95000,,
data/fy26/schedule_c/fy26_schedule_c_awards.csv,132,2026,061800512,"Harvest Home Farmer's Market, Inc.",35000,unconfirmed,40000,-5000,,
data/fy26/schedule_c/fy26_schedule_c_awards.csv,182,2026,061540438,National Mobilization Against SweatShops,10000,unconfirmed,9000,1000,,
data/fy26/schedule_c/fy26_schedule_c_awards.csv,309,2026,934263895,BK Rams,10000,ein_absent,,,,
data/fy26/schedule_c/fy26_schedule_c_awards.csv,373,2026,135598710,Good Shepherd Services,30000,unconfirmed,25000,5000,,
data/fy26/schedule_c/fy26_schedule_c_awards.csv,612,2026,262092282,"BioBus, Inc.",40000,unconfirmed,30000,10000,,
data/fy26/schedule_c/fy26_schedule_c_awards.csv,646,2026,113553172,"Ecuadorian Civic Committee of New York City, Inc.",25000,unconfirmed,34500,-9500,,
data/fy26/schedule_c/fy26_schedule_c_awards.csv,811,2026,131923959,Ackerman Institute for the Family,305000,unconfirmed,355000,-50000,,
data/fy26/schedule_c/fy26_schedule_c_awards.csv,948,2026,932689624,H.E.A.L. Center Community Development Corporation,10000,unconfirmed,5000,5000,,
data/fy26/schedule_c/fy26_schedule_c_awards.csv,1105,2026,132969182,"Urban Youth Alliance International, Inc.",10000,ein_absent,,,,
data/fy26/schedule_c/fy26_schedule_c_awards.csv,1543,2026,991869451,"Emmys Dream Builders, Inc.",20000,ein_absent,,,,
data/fy26/schedule_c/fy26_schedule_c_awards.csv,1588,2026,201982947,Harlem Link Charter School,20000,ein_absent,,,,
data/fy26/schedule_c/fy26_schedule_c_awards.csv,1798,2026,261407568,"Moving Mountains, Inc.",20000,unconfirmed,10000,10000,,
data/fy26/schedule_c/fy26_schedule_c_awards.csv,1949,2026,113599459,"Roads to Success, Inc.",20000,unconfirmed,15000,5000,,
data/fy26/schedule_c/fy26_schedule_c_awards.csv,2107,2026,873763772,AYAB-Alliance of Yemeni American Businesses Corp,30000,unconfirmed,25000,5000,,
data/fy26/schedule_c/fy26_schedule_c_awards.csv,2174,2026,132668080,Center for Alternative Sentencing and Employment Services,10000,unconfirmed,7500,2500,,
data/fy26/schedule_c/fy26_schedule_c_awards.csv,2216,2026,800612019,"East Flatbush Village, Inc.",10000,unconfirmed,9000,1000,,
data/fy26/schedule_c/fy26_schedule_c_awards.csv,2233,2026,133308542,"Forum of Italian American Educators 1, Inc.",10000,ein_absent,,,,
data/fy26/schedule_c/fy26_schedule_c_awards.csv,2353,2026,132663328,"Puerto Rican Organization To Motivate Enlighten & Serve Addicts, Inc.",86000,unconfirmed,76000,10000,,
data/fy26/schedule_c/fy26_schedule_c_awards.csv,2478,2026,133149200,Inc.,60000,no_key,,,,
data/fy26/schedule_c/fy26_schedule_c_awards.csv,2600,2026,510188251,Flatbush Development Corporation,37500,unconfirmed,32500,5000,,
data/fy26/schedule_c/fy26_schedule_c_awards.csv,2618,2026,112648501,"Haitian Centers Council, Inc.",67500,unconfirmed,60000,7500,,
data/fy26/schedule_c/fy26_schedule_c_awards.csv,2724,2026,133778489,New Destiny Housing Corporation,75000,unconfirmed,70000,5000,,
data/fy26/schedule_c/fy26_schedule_c_awards.csv,2747,2026,133505428,"New York Legal Assistance Group, Inc.",75000,unconfirmed,65000,10000,,
data/fy26/schedule_c/fy26_schedule_c_awards.csv,2753,2026,133255591,Northern Manhattan Coalition for Immigrant Rights,50000,unconfirmed,25000,25000,,
data/fy26/schedule_c/fy26_schedule_c_awards.csv,2790,2026,132946970,"Safe Horizon, Inc.",25000,unconfirmed,20000,5000,,
data/fy26/schedule_c/fy26_schedule_c_awards.csv,2792,2026,132946970,"Safe Horizon, Inc.",25000,unconfirmed,20000,5000,,
data/fy26/schedule_c/fy26_schedule_c_awards.csv,2814,2026,113207504,"Shalom Task Force, Inc.",15000,unconfirmed,6000,9000,,
data/fy26/schedule_c/fy26_schedule_c_awards.csv,2815,2026,113838770,"Silent Voices United, Inc.",10000,ein_absent,,,,
data/fy26/schedule_c/fy26_schedule_c_awards.csv,2829,2026,133442022,Urban Justice Center,75000,unconfirmed,70000,5000,,
data/fy26/schedule_c/fy26_schedule_c_awards.csv,2940,2026,262810489,WNET,100000,unconfirmed,75000,25000,,
data/fy26/schedule_c/fy26_schedule_c_awards.csv,3000,2026,200934854,"Campaign Against Hunger, Inc., The",25000,unconfirmed,20000,5000,,
data/fy26/schedule_c/fy26_schedule_c_awards.csv,3030,2026,132765465,"Council on the Environment, Inc.",35000,unconfirmed,39000,-4000,,
data/fy26/schedule_c/fy26_schedule_c_awards.csv,3237,2026,133846431,"Association of Community Employment Programs for the Homeless, Inc.",25000,unconfirmed,28000,-3000,,
data/fy26/schedule_c/fy26_schedule_c_awards.csv,3258,2026,454949226,"Atlantic Avenue District Management Association, Inc.",10000,unconfirmed,5000,5000,,
data/fy26/schedule_c/fy26_schedule_c_awards.csv,3298,2026,136400434,Department of Sanitation,260000,unconfirmed,250000,10000,,
data/fy26/schedule_c/fy26_schedule_c_awards.csv,3380,2026,853305696,"OneBlock, Inc.",50000,ein_absent,,,,
data/fy26/schedule_c/fy26_schedule_c_awards.csv,3390,2026,010890508,"Recycle For Education, Inc.",10000,ein_absent,,,,
data/fy26/schedule_c/fy26_schedule_c_awards.csv,3393,2026,931642774,"Sharing Hearts Organization, Inc.",80800,unconfirmed,30800,50000,,
data/fy26/schedule_c/fy26_schedule_c_awards.csv,3394,2026,882833328,"Silver Mount Cemetery Conservancy, Incorporated",10000,ein_absent,,,,
data/fy26/schedule_c/fy26_schedule_c_awards.csv,3506,2026,133954568,"AID for AIDS International, Inc.",132675,unconfirmed,92969,39706,,
data/fy26/schedule_c/fy26_schedule_c_awards.csv,3507,2026,112837894,"AIDS Center of Queens County, Inc.",352640,unconfirmed,302344,50296,,
data/fy26/schedule_c/fy26_schedule_c_awards.csv,3514,2026,133599121,BOOM!Health,284518,unconfirmed,200954,83564,,
data/fy26/schedule_c/fy26_schedule_c_awards.csv,3515,2026,113031208,Bridging Access to Care,215812,unconfirmed,166389,49423,,
data/fy26/schedule_c/fy26_schedule_c_awards.csv,3518,2026,133666994,Care for the Homeless,223136,unconfirmed,179754,43382,,
data/fy26/schedule_c/fy26_schedule_c_awards.csv,3519,2026,133323168,"Caribbean Women's Health Association, Inc.",201501,unconfirmed,173969,27532,,
data/fy26/schedule_c/fy26_schedule_c_awards.csv,3521,2026,136400434,City University of New York,83242,unconfirmed,83000,242,,
data/fy26/schedule_c/fy26_schedule_c_awards.csv,3523,2026,133556132,"Community Health Action of Staten Island, Inc.",274533,unconfirmed,205469,69064,,
data/fy26/schedule_c/fy26_schedule_c_awards.csv,3524,2026,133409680,"Community Health Project, Inc.",284668,unconfirmed,258594,26074,,
data/fy26/schedule_c/fy26_schedule_c_awards.csv,3525,2026,133083068,"Community Healthcare Network, Inc.",91813,unconfirmed,82584,9229,,
data/fy26/schedule_c/fy26_schedule_c_awards.csv,3530,2026,133130146,"Gay Men's Health Crisis, Inc.",523851,unconfirmed,555000,-31149,,
data/fy26/schedule_c/fy26_schedule_c_awards.csv,3534,2026,133584089,"Housing Works, Inc.",770687,unconfirmed,577305,193382,,
data/fy26/schedule_c/fy26_schedule_c_awards.csv,3535,2026,133699201,"Iris House: A Center for Women Living with HIV, Inc.",261021,unconfirmed,165608,95413,,
data/fy26/schedule_c/fy26_schedule_c_awards.csv,3537,2026,020693325,"La Casa de Salud, Inc.",84961,unconfirmed,61719,23242,,
data/fy26/schedule_c/fy26_schedule_c_awards.csv,3541,2026,474913191,"Mehala Isadora Miller (MIM) Foundation, Inc.",83204,unconfirmed,46485,36719,,
data/fy26/schedule_c/fy26_schedule_c_awards.csv,3546,2026,412090291,National Center for Transgender Equality,84961,unconfirmed,61719,23242,,
data/fy26/schedule_c/fy26_schedule_c_awards.csv,3550,2026,208672015,"On Point NYC, Inc.",170704,unconfirmed,125000,45704,,
data/fy26/schedule_c/fy26_schedule_c_awards.csv,3551,2026,135563028,"Osborne Association, Inc., The",83461,unconfirmed,60219,23242,,
data/fy26/schedule_c/fy26_schedule_c_awards.csv,3552,2026,132621497,"Planned Parenthood of Greater New York, Inc.",423431,unconfirmed,374219,49212,,
data/fy26/schedule_c/fy26_schedule_c_awards.csv,3554,2026,135669201,Public Health Solutions,508320,unconfirmed,446094,62226,,
data/fy26/schedule_c/fy26_schedule_c_awards.csv,3560,2026,132884976,William F. Ryan Community Health Center,193359,unconfirmed,153903,39456,,
data/fy26/schedule_c/fy26_schedule_c_awards.csv,3598,2026,208672015,"On Point NYC, Inc.",96745,unconfirmed,87500,9245,,
data/fy26/schedule_c/fy26_schedule_c_awards.csv,3712,2026,320028598,"Ariva, Inc.",255000,unconfirmed,230000,25000,,
data/fy26/schedule_c/fy26_schedule_c_awards.csv,3814,2026,133505428,"New York Legal Assistance Group, Inc.",291782,unconfirmed,296050,-4268,,
data/fy26/schedule_c/fy26_schedule_c_awards.csv,3815,2026,412278265,"UnLocal, Inc.",250004,unconfirmed,125002,125002,,
data/fy26/schedule_c/fy26_schedule_c_awards.csv,3991,2026,134012789,"Dr. Theodore A. Atlas Foundation, Inc.",35000,unconfirmed,30000,5000,,
data/fy26/schedule_c/fy26_schedule_c_awards.csv,3993,2026,432115174,"Entertainers for Education Alliance, Inc.",30000,unconfirmed,25000,5000,,
data/fy26/schedule_c/fy26_schedule_c_awards.csv,4006,2026,473679850,Partners Uplifting our Daughters and Sons,30000,unconfirmed,20000,10000,,
data/fy26/schedule_c/fy26_schedule_c_awards.csv,4204,2026,112326244,"Allen Community Senior Citizens Center, Inc.",50000,unconfirmed,43211,6789,,
data/fy26/schedule_c/fy26_schedule_c_awards.csv,4288,2026,113071518,"Commonpoint NY, Inc.",45000,unconfirmed,40000,5000,,
data/fy26/schedule_c/fy26_schedule_c_awards.csv,4358,2026,061800512,"Harvest Home Farmer's Market, Inc.",12500,unconfirmed,10000,2500,,
data/fy26/schedule_c/fy26_schedule_c_awards.csv,4490,2026,133355074,"Riverstone Senior Life Services, Inc.",25000,unconfirmed,20000,5000,,
data/fy26/schedule_c/fy26_schedule_c_awards.csv,4722,2026,463167209,"Friends of Graniteville Quarry, Inc.",10000,ein_absent,,,,
data/fy26/schedule_c/fy26_schedule_c_awards.csv,4784,2026,463689061,Riverside-Inwood Neighborhood Gardens,10000,ein_absent,,,,
data/fy26/schedule_c/fy26_schedule_c_awards.csv,4801,2026,133993092,"West Side Community Garden, Inc.",10000,ein_absent,,,,
data/fy26/schedule_c/fy26_schedule_c_awards.csv,4806,2026,116083182,Bedford Stuyvesant Restoration Corporation,111295,unconfirmed,100000,11295,,
data/fy26/schedule_c/fy26_schedule_c_awards.csv,4819,2026,133187792,"Asian Americans for Equality, Inc.",1000000,unconfirmed,350800,649200,,
data/fy26/schedule_c/fy26_schedule_c_awards.csv,5076,2026,112557794,"Funding to support Bridge Street Development's Tenant and Homeowner resources programming. Broad Channel Volunteers, Inc.",600000,unconfirmed,370000,230000,,
data/fy26/schedule_c/fy26_schedule_c_awards.csv,5143,2026,133486829,"Children's Rescue Fund, The",200000,unconfirmed,150000,50000,,
data/fy26/schedule_c/fy26_schedule_c_awards.csv,5224,2026,136400434,Department of Health and Mental Hygiene,217000,unconfirmed,225000,-8000,,
data/fy26/schedule_c/fy26_schedule_c_awards.csv,5229,2026,136400434,Department of Youth and Community Development,175000,unconfirmed,173000,2000,,
data/fy26/schedule_c/fy26_schedule_c_awards.csv,5230,2026,136400434,Department of Youth and Community Development,1980000,unconfirmed,2000000,-20000,,
data/fy26/schedule_c/fy26_schedule_c_awards.csv,5451,2026,135562308,New York University,150000,unconfirmed,144000,6000,,
data/fy26/schedule_c/fy26_schedule_c_awards.csv,5590,2026,133706442,Economic Development Corporation,75000,unconfirmed,40000,35000,,
data/fy26/schedule_c/fy26_schedule_c_awards.csv,5710,2026,133957095,New York and Presbyterian Hospital,65000,unconfirmed,60505,4495,,
data/fy27/schedule_c/fy27_schedule_c_awards.csv,4682,2027,135563028,"Osborne Association, Inc., The",14999,rounding,15000,-1,,
data/fy27/schedule_c/fy27_schedule_c_awards.csv,4724,2027,131624178,"Selfhelp Community Services, Inc.",44999,rounding,45000,-1,,
